run,symbol,entry_time,exit_time,pnl,cum,drawdown,exit_reason
dd_reduced_btc_gold_hybrid,BTCUSD,2025-11-18T12:10:00+00:00,2025-11-18T12:15:00+00:00,-50.0,-50.0,-50.0,stop_loss
dd_reduced_btc_gold_hybrid,BTCUSD,2025-11-18T12:40:00+00:00,2025-11-18T12:50:00+00:00,-49.75,-99.75,-99.75,stop_loss
dd_reduced_btc_gold_hybrid,GOLD,2025-11-18T13:35:00+00:00,2025-11-18T14:15:00+00:00,-50.0,-149.75,-149.75,stop_loss
dd_reduced_btc_gold_hybrid,GOLD,2025-11-18T14:15:00+00:00,2025-11-18T14:30:00+00:00,39.8,-109.95,-109.95,take_profit
dd_reduced_btc_gold_hybrid,GOLD,2025-11-18T14:30:00+00:00,2025-11-18T14:50:00+00:00,39.9592,-69.9908,-69.9908,take_profit
dd_reduced_btc_gold_hybrid,BTCUSD,2025-11-19T14:05:00+00:00,2025-11-19T14:10:00+00:00,-49.50125,-119.49205,-119.49205,stop_loss
dd_reduced_btc_gold_hybrid,BTCUSD,2025-11-19T14:25:00+00:00,2025-11-19T14:30:00+00:00,-49.253744,-168.745794,-168.745794,stop_loss
dd_reduced_btc_gold_hybrid,GOLD,2025-11-19T16:25:00+00:00,2025-11-19T17:00:00+00:00,-50.148796,-218.89459,-218.89459,stop_loss
dd_reduced_btc_gold_hybrid,GOLD,2025-11-19T17:00:00+00:00,2025-11-19T17:25:00+00:00,39.918442,-178.976148,-178.976148,take_profit
dd_reduced_btc_gold_hybrid,GOLD,2025-11-20T13:00:00+00:00,2025-11-20T13:30:00+00:00,40.078115,-138.898033,-138.898033,take_profit
dd_reduced_btc_gold_hybrid,BTCUSD,2025-11-20T14:00:00+00:00,2025-11-20T14:20:00+00:00,-49.007475,-187.905508,-187.905508,stop_loss
dd_reduced_btc_gold_hybrid,BTCUSD,2025-11-20T15:10:00+00:00,2025-11-20T15:20:00+00:00,-48.762438,-236.667945,-236.667945,stop_loss
dd_reduced_btc_gold_hybrid,GOLD,2025-11-20T16:55:00+00:00,2025-11-20T17:20:00+00:00,40.238428,-196.429518,-196.429518,take_profit
dd_reduced_btc_gold_hybrid,GOLD,2025-11-20T19:25:00+00:00,2025-11-20T20:10:00+00:00,40.399382,-156.030136,-156.030136,take_profit
dd_reduced_btc_gold_hybrid,BTCUSD,2025-11-21T07:15:00+00:00,2025-11-21T07:30:00+00:00,145.555876,-10.47426,-10.47426,take_profit
dd_reduced_btc_gold_hybrid,BTCUSD,2025-11-21T07:30:00+00:00,2025-11-21T07:35:00+00:00,-49.246405,-59.720664,-59.720664,stop_loss
dd_reduced_btc_gold_hybrid,GOLD,2025-11-21T14:00:00+00:00,2025-11-21T14:15:00+00:00,40.560979,-19.159685,-19.159685,take_profit
dd_reduced_btc_gold_hybrid,GOLD,2025-11-21T16:45:00+00:00,2025-11-21T16:50:00+00:00,-50.904029,-70.063714,-70.063714,stop_loss
dd_reduced_btc_gold_hybrid,GOLD,2025-11-21T16:50:00+00:00,2025-11-21T17:10:00+00:00,40.519607,-29.544107,-29.544107,take_profit
dd_reduced_btc_gold_hybrid,BTCUSD,2025-11-22T10:20:00+00:00,2025-11-22T11:05:00+00:00,-49.000173,-78.54428,-78.54428,stop_loss
dd_reduced_btc_gold_hybrid,BTCUSD,2025-11-22T14:10:00+00:00,2025-11-22T14:45:00+00:00,-48.755172,-127.299452,-127.299452,stop_loss
dd_reduced_btc_gold_hybrid,BTCUSD,2025-11-23T08:55:00+00:00,2025-11-23T11:00:00+00:00,-48.511396,-175.810848,-175.810848,stop_loss
dd_reduced_btc_gold_hybrid,BTCUSD,2025-11-23T12:10:00+00:00,2025-11-23T13:10:00+00:00,-48.268839,-224.079687,-224.079687,stop_loss
dd_reduced_btc_gold_hybrid,BTCUSD,2025-11-24T09:05:00+00:00,2025-11-24T09:20:00+00:00,144.082485,-79.997203,-79.997203,take_profit
dd_reduced_btc_gold_hybrid,BTCUSD,2025-11-24T09:20:00+00:00,2025-11-24T11:35:00+00:00,-48.747907,-128.74511,-128.74511,stop_loss
dd_reduced_btc_gold_hybrid,GOLD,2025-11-24T13:15:00+00:00,2025-11-24T13:40:00+00:00,40.681685,-88.063425,-88.063425,take_profit
dd_reduced_btc_gold_hybrid,GOLD,2025-11-24T15:10:00+00:00,2025-11-24T18:35:00+00:00,-51.055515,-139.11894,-139.11894,stop_loss
dd_reduced_btc_gold_hybrid,GOLD,2025-11-24T18:35:00+00:00,2025-11-24T18:50:00+00:00,-50.800237,-189.919177,-189.919177,stop_loss
dd_reduced_btc_gold_hybrid,BTCUSD,2025-11-25T07:50:00+00:00,2025-11-25T08:20:00+00:00,-48.504168,-238.423345,-238.423345,stop_loss
dd_reduced_btc_gold_hybrid,BTCUSD,2025-11-25T08:45:00+00:00,2025-11-25T09:10:00+00:00,144.784941,-93.638404,-93.638404,take_profit
dd_reduced_btc_gold_hybrid,GOLD,2025-11-25T14:45:00+00:00,2025-11-25T14:55:00+00:00,40.436989,-53.201415,-53.201415,take_profit
dd_reduced_btc_gold_hybrid,GOLD,2025-11-25T17:05:00+00:00,2025-11-25T17:30:00+00:00,-50.748421,-103.949836,-103.949836,stop_loss
dd_reduced_btc_gold_hybrid,GOLD,2025-11-25T17:30:00+00:00,2025-11-25T17:35:00+00:00,40.395743,-63.554093,-63.554093,take_profit
dd_reduced_btc_gold_hybrid,BTCUSD,2025-11-26T07:55:00+00:00,2025-11-26T08:00:00+00:00,-48.985572,-112.539665,-112.539665,stop_loss
dd_reduced_btc_gold_hybrid,BTCUSD,2025-11-26T09:05:00+00:00,2025-11-26T09:10:00+00:00,-48.740644,-161.280308,-161.280308,stop_loss
dd_reduced_btc_gold_hybrid,GOLD,2025-11-26T14:25:00+00:00,2025-11-26T14:30:00+00:00,40.557326,-120.722982,-120.722982,take_profit
dd_reduced_btc_gold_hybrid,GOLD,2025-11-26T16:40:00+00:00,2025-11-26T18:30:00+00:00,40.719556,-80.003427,-80.003427,take_profit
dd_reduced_btc_gold_hybrid,BTCUSD,2025-11-27T08:50:00+00:00,2025-11-27T09:15:00+00:00,145.490822,65.487395,0.0,take_profit
dd_reduced_btc_gold_hybrid,BTCUSD,2025-11-27T09:15:00+00:00,2025-11-27T09:20:00+00:00,-49.224395,16.263001,-49.224395,stop_loss
dd_reduced_btc_gold_hybrid,BTCUSD,2025-11-28T07:35:00+00:00,2025-11-28T07:55:00+00:00,146.934818,163.197819,0.0,take_profit
dd_reduced_btc_gold_hybrid,BTCUSD,2025-11-28T10:50:00+00:00,2025-11-28T11:00:00+00:00,-49.712947,113.484872,-49.712947,stop_loss
dd_reduced_btc_gold_hybrid,GOLD,2025-11-28T14:15:00+00:00,2025-11-28T14:35:00+00:00,-51.103042,62.38183,-100.815989,stop_loss
dd_reduced_btc_gold_hybrid,GOLD,2025-11-28T14:35:00+00:00,2025-11-28T14:40:00+00:00,40.678022,103.059851,-60.137967,take_profit
dd_reduced_btc_gold_hybrid,GOLD,2025-11-28T14:40:00+00:00,2025-11-28T15:00:00+00:00,40.840734,143.900585,-19.297234,take_profit
dd_reduced_btc_gold_hybrid,BTCUSD,2025-11-29T08:00:00+00:00,2025-11-29T08:05:00+00:00,-49.464382,94.436203,-68.761616,stop_loss
dd_reduced_btc_gold_hybrid,BTCUSD,2025-11-29T10:15:00+00:00,2025-11-29T10:20:00+00:00,-49.21706,45.219143,-117.978676,stop_loss
dd_reduced_btc_gold_hybrid,BTCUSD,2025-11-30T07:10:00+00:00,2025-11-30T08:20:00+00:00,146.912925,192.132067,0.0,take_profit
dd_reduced_btc_gold_hybrid,BTCUSD,2025-11-30T08:20:00+00:00,2025-11-30T08:25:00+00:00,-49.70554,142.426528,-49.70554,stop_loss
dd_reduced_btc_gold_hybrid,BTCUSD,2025-12-01T11:05:00+00:00,2025-12-01T11:40:00+00:00,148.371035,290.797563,0.0,take_profit
dd_reduced_btc_gold_hybrid,BTCUSD,2025-12-01T11:40:00+00:00,2025-12-01T12:05:00+00:00,150.596601,441.394164,0.0,take_profit
dd_reduced_btc_gold_hybrid,GOLD,2025-12-01T14:40:00+00:00,2025-12-01T14:45:00+00:00,41.004097,482.398261,0.0,take_profit
dd_reduced_btc_gold_hybrid,BTCUSD,2025-12-02T10:40:00+00:00,2025-12-02T10:50:00+00:00,152.85555,635.253811,0.0,take_profit
dd_reduced_btc_gold_hybrid,BTCUSD,2025-12-02T13:50:00+00:00,2025-12-02T14:05:00+00:00,155.148383,790.402194,0.0,take_profit
dd_reduced_btc_gold_hybrid,GOLD,2025-12-02T14:15:00+00:00,2025-12-02T14:40:00+00:00,41.168113,831.570307,0.0,take_profit
dd_reduced_btc_gold_hybrid,GOLD,2025-12-02T15:25:00+00:00,2025-12-02T15:50:00+00:00,-51.665982,779.904325,-51.665982,stop_loss
dd_reduced_btc_gold_hybrid,GOLD,2025-12-02T15:50:00+00:00,2025-12-02T16:30:00+00:00,41.126122,821.030447,-10.53986,take_profit
dd_reduced_btc_gold_hybrid,BTCUSD,2025-12-03T09:55:00+00:00,2025-12-03T10:00:00+00:00,-52.49187,768.538577,-63.03173,stop_loss
dd_reduced_btc_gold_hybrid,BTCUSD,2025-12-03T10:20:00+00:00,2025-12-03T10:25:00+00:00,-52.22941,716.309167,-115.26114,stop_loss
dd_reduced_btc_gold_hybrid,GOLD,2025-12-03T13:15:00+00:00,2025-12-03T13:45:00+00:00,-51.613283,664.695884,-166.874423,stop_loss
dd_reduced_btc_gold_hybrid,GOLD,2025-12-03T13:45:00+00:00,2025-12-03T13:50:00+00:00,-51.355216,613.340668,-218.229639,stop_loss
dd_reduced_btc_gold_hybrid,GOLD,2025-12-03T13:50:00+00:00,2025-12-03T14:05:00+00:00,40.878752,654.21942,-177.350887,take_profit
dd_reduced_btc_gold_hybrid,BTCUSD,2025-12-04T07:55:00+00:00,2025-12-04T08:05:00+00:00,-51.968263,602.251157,-229.31915,stop_loss
dd_reduced_btc_gold_hybrid,BTCUSD,2025-12-04T11:25:00+00:00,2025-12-04T12:40:00+00:00,-51.708422,550.542735,-281.027572,stop_loss
dd_reduced_btc_gold_hybrid,GOLD,2025-12-04T16:15:00+00:00,2025-12-04T16:35:00+00:00,41.042267,591.585002,-239.985305,take_profit
dd_reduced_btc_gold_hybrid,BTCUSD,2025-12-05T07:25:00+00:00,2025-12-05T07:40:00+00:00,-51.44988,540.135122,-291.435185,stop_loss
dd_reduced_btc_gold_hybrid,BTCUSD,2025-12-05T09:10:00+00:00,2025-12-05T09:15:00+00:00,153.577891,693.713014,-137.857294,take_profit
dd_reduced_btc_gold_hybrid,GOLD,2025-12-05T13:35:00+00:00,2025-12-05T13:40:00+00:00,41.206436,734.91945,-96.650857,take_profit
dd_reduced_btc_gold_hybrid,GOLD,2025-12-05T15:30:00+00:00,2025-12-05T15:50:00+00:00,41.371262,776.290712,-55.279596,take_profit
dd_reduced_btc_gold_hybrid,GOLD,2025-12-05T16:10:00+00:00,2025-12-05T16:25:00+00:00,41.536747,817.827459,-13.742849,take_profit
dd_reduced_btc_gold_hybrid,BTCUSD,2025-12-06T08:20:00+00:00,2025-12-06T09:10:00+00:00,-51.96052,765.866939,-65.703369,stop_loss
dd_reduced_btc_gold_hybrid,BTCUSD,2025-12-06T13:40:00+00:00,2025-12-06T13:45:00+00:00,-51.700717,714.166221,-117.404086,stop_loss
dd_reduced_btc_gold_hybrid,BTCUSD,2025-12-07T07:15:00+00:00,2025-12-07T08:10:00+00:00,154.326641,868.492863,0.0,take_profit
dd_reduced_btc_gold_hybrid,BTCUSD,2025-12-07T09:20:00+00:00,2025-12-07T09:25:00+00:00,-52.213847,816.279016,-52.213847,stop_loss
dd_reduced_btc_gold_hybrid,BTCUSD,2025-12-08T07:25:00+00:00,2025-12-08T07:45:00+00:00,-51.952778,764.326238,-104.166625,stop_loss
dd_reduced_btc_gold_hybrid,BTCUSD,2025-12-08T09:00:00+00:00,2025-12-08T10:05:00+00:00,-51.693014,712.633224,-155.859638,stop_loss
dd_reduced_btc_gold_hybrid,GOLD,2025-12-08T15:05:00+00:00,2025-12-08T15:20:00+00:00,41.702894,754.336118,-114.156744,take_profit
dd_reduced_btc_gold_hybrid,GOLD,2025-12-08T16:00:00+00:00,2025-12-08T16:15:00+00:00,41.869706,796.205824,-72.287039,take_profit
dd_reduced_btc_gold_hybrid,GOLD,2025-12-08T19:00:00+00:00,2025-12-08T20:05:00+00:00,42.037184,838.243008,-30.249855,take_profit
dd_reduced_btc_gold_hybrid,BTCUSD,2025-12-09T09:25:00+00:00,2025-12-09T10:35:00+00:00,154.303646,992.546654,0.0,take_profit
dd_reduced_btc_gold_hybrid,BTCUSD,2025-12-09T10:35:00+00:00,2025-12-09T10:40:00+00:00,-52.206067,940.340587,-52.206067,stop_loss
dd_reduced_btc_gold_hybrid,GOLD,2025-12-09T16:10:00+00:00,2025-12-09T16:20:00+00:00,42.205333,982.54592,-10.000734,take_profit
dd_reduced_btc_gold_hybrid,GOLD,2025-12-09T16:40:00+00:00,2025-12-09T16:55:00+00:00,42.374154,1024.920075,0.0,take_profit
dd_reduced_btc_gold_hybrid,GOLD,2025-12-09T19:05:00+00:00,2025-12-09T19:20:00+00:00,42.543651,1067.463726,0.0,take_profit
dd_reduced_btc_gold_hybrid,BTCUSD,2025-12-10T07:55:00+00:00,2025-12-10T08:00:00+00:00,-51.945037,1015.518689,-51.945037,stop_loss
dd_reduced_btc_gold_hybrid,BTCUSD,2025-12-10T09:45:00+00:00,2025-12-10T10:00:00+00:00,155.055934,1170.574623,0.0,take_profit
dd_reduced_btc_gold_hybrid,GOLD,2025-12-10T18:35:00+00:00,2025-12-10T18:50:00+00:00,42.713826,1213.288449,0.0,take_profit
dd_reduced_btc_gold_hybrid,GOLD,2025-12-10T19:05:00+00:00,2025-12-10T19:10:00+00:00,42.884681,1256.17313,0.0,take_profit
dd_reduced_btc_gold_hybrid,BTCUSD,2025-12-11T12:05:00+00:00,2025-12-11T12:20:00+00:00,-52.460591,1203.712539,-52.460591,stop_loss
dd_reduced_btc_gold_hybrid,BTCUSD,2025-12-11T12:55:00+00:00,2025-12-11T13:00:00+00:00,-52.198288,1151.514251,-104.658879,stop_loss
dd_reduced_btc_gold_hybrid,GOLD,2025-12-11T14:20:00+00:00,2025-12-11T14:35:00+00:00,-53.820275,1097.693976,-158.479154,stop_loss
dd_reduced_btc_gold_hybrid,GOLD,2025-12-11T14:35:00+00:00,2025-12-11T14:45:00+00:00,42.840939,1140.534915,-115.638215,take_profit
dd_reduced_btc_gold_hybrid,GOLD,2025-12-11T15:55:00+00:00,2025-12-11T16:45:00+00:00,-53.765378,1086.769537,-169.403593,stop_loss
dd_reduced_btc_gold_hybrid,BTCUSD,2025-12-12T09:55:00+00:00,2025-12-12T10:45:00+00:00,-51.937297,1034.83224,-221.34089,stop_loss
dd_reduced_btc_gold_hybrid,BTCUSD,2025-12-12T13:15:00+00:00,2025-12-12T13:20:00+00:00,-51.67761,983.15463,-273.0185,stop_loss
dd_reduced_btc_gold_hybrid,GOLD,2025-12-12T13:55:00+00:00,2025-12-12T14:30:00+00:00,42.797241,1025.951871,-230.221259,take_profit
dd_reduced_btc_gold_hybrid,GOLD,2025-12-12T16:00:00+00:00,2025-12-12T17:40:00+00:00,42.96843,1068.9203,-187.25283,take_profit
dd_reduced_btc_gold_hybrid,BTCUSD,2025-12-13T11:40:00+00:00,2025-12-13T11:45:00+00:00,-51.419222,1017.501078,-238.672052,stop_loss
dd_reduced_btc_gold_hybrid,BTCUSD,2025-12-13T12:45:00+00:00,2025-12-13T13:00:00+00:00,-51.162126,966.338952,-289.834178,stop_loss
dd_reduced_btc_gold_hybrid,BTCUSD,2025-12-14T09:30:00+00:00,2025-12-14T10:10:00+00:00,152.718946,1119.057898,-137.115231,take_profit
dd_reduced_btc_gold_hybrid,BTCUSD,2025-12-14T10:10:00+00:00,2025-12-14T10:15:00+00:00,-51.66991,1067.387988,-188.785142,stop_loss
dd_reduced_btc_gold_hybrid,BTCUSD,2025-12-15T09:00:00+00:00,2025-12-15T09:10:00+00:00,-51.411561,1015.976428,-240.196702,stop_loss
dd_reduced_btc_gold_hybrid,BTCUSD,2025-12-15T14:30:00+00:00,2025-12-15T14:35:00+00:00,-51.154503,964.821925,-291.351205,stop_loss
dd_reduced_btc_gold_hybrid,GOLD,2025-12-15T16:20:00+00:00,2025-12-15T17:45:00+00:00,43.140303,1007.962228,-248.210902,take_profit
dd_reduced_btc_gold_hybrid,BTCUSD,2025-12-16T07:40:00+00:00,2025-12-16T07:45:00+00:00,-50.89873,957.063498,-299.109632,stop_loss
dd_reduced_btc_gold_hybrid,BTCUSD,2025-12-16T10:35:00+00:00,2025-12-16T10:40:00+00:00,151.93271,1108.996208,-147.176922,take_profit
dd_reduced_btc_gold_hybrid,GOLD,2025-12-16T13:05:00+00:00,2025-12-16T13:20:00+00:00,-54.141081,1054.855127,-201.318003,stop_loss
dd_reduced_btc_gold_hybrid,GOLD,2025-12-16T13:20:00+00:00,2025-12-16T13:30:00+00:00,-53.870375,1000.984752,-255.188378,stop_loss
dd_reduced_btc_gold_hybrid,GOLD,2025-12-16T13:30:00+00:00,2025-12-16T13:40:00+00:00,42.880819,1043.86557,-212.307559,take_profit
dd_reduced_btc_gold_hybrid,BTCUSD,2025-12-17T08:25:00+00:00,2025-12-17T10:10:00+00:00,-51.4039,992.46167,-263.71146,stop_loss
dd_reduced_btc_gold_hybrid,BTCUSD,2025-12-17T12:00:00+00:00,2025-12-17T12:10:00+00:00,-51.146881,941.31479,-314.85834,stop_loss
dd_reduced_btc_gold_hybrid,GOLD,2025-12-17T13:15:00+00:00,2025-12-17T13:30:00+00:00,-53.815428,887.499362,-368.673768,stop_loss
dd_reduced_btc_gold_hybrid,GOLD,2025-12-17T13:30:00+00:00,2025-12-17T13:40:00+00:00,-53.546351,833.953011,-422.220118,stop_loss
dd_reduced_btc_gold_hybrid,GOLD,2025-12-17T13:40:00+00:00,2025-12-17T13:45:00+00:00,42.622895,876.575906,-379.597223,take_profit
dd_reduced_btc_gold_hybrid,BTCUSD,2025-12-18T07:10:00+00:00,2025-12-18T08:00:00+00:00,-50.891146,825.68476,-430.48837,stop_loss
dd_reduced_btc_gold_hybrid,BTCUSD,2025-12-18T08:20:00+00:00,2025-12-18T09:00:00+00:00,-50.636691,775.04807,-481.12506,stop_loss
dd_reduced_btc_gold_hybrid,GOLD,2025-12-18T13:05:00+00:00,2025-12-18T13:15:00+00:00,42.793387,817.841456,-438.331674,take_profit
dd_reduced_btc_gold_hybrid,GOLD,2025-12-18T13:45:00+00:00,2025-12-18T14:00:00+00:00,42.96456,860.806016,-395.367114,take_profit
dd_reduced_btc_gold_hybrid,GOLD,2025-12-18T16:05:00+00:00,2025-12-18T16:10:00+00:00,-53.920523,806.885493,-449.287636,stop_loss
dd_reduced_btc_gold_hybrid,BTCUSD,2025-12-19T07:00:00+00:00,2025-12-19T07:10:00+00:00,151.150521,958.036015,-298.137115,take_profit
dd_reduced_btc_gold_hybrid,BTCUSD,2025-12-19T07:10:00+00:00,2025-12-19T07:15:00+00:00,-51.13926,906.896755,-349.276375,stop_loss
dd_reduced_btc_gold_hybrid,GOLD,2025-12-19T15:55:00+00:00,2025-12-19T17:55:00+00:00,-53.65092,853.245835,-402.927295,stop_loss
dd_reduced_btc_gold_hybrid,GOLD,2025-12-19T18:20:00+00:00,2025-12-19T18:30:00+00:00,42.706133,895.951967,-360.221163,take_profit
dd_reduced_btc_gold_hybrid,BTCUSD,2025-12-20T12:05:00+00:00,2025-12-20T12:10:00+00:00,-50.883563,845.068404,-411.104726,stop_loss
dd_reduced_btc_gold_hybrid,BTCUSD,2025-12-20T13:15:00+00:00,2025-12-20T13:20:00+00:00,-50.629146,794.439258,-461.733872,stop_loss
dd_reduced_btc_gold_hybrid,BTCUSD,2025-12-21T07:40:00+00:00,2025-12-21T07:45:00+00:00,-50.376,744.063258,-512.109872,stop_loss
dd_reduced_btc_gold_hybrid,BTCUSD,2025-12-21T08:20:00+00:00,2025-12-21T08:30:00+00:00,150.37236,894.435618,-361.737512,take_profit
dd_reduced_btc_gold_hybrid,BTCUSD,2025-12-22T07:00:00+00:00,2025-12-22T08:15:00+00:00,152.627945,1047.063563,-209.109567,take_profit
dd_reduced_btc_gold_hybrid,BTCUSD,2025-12-22T08:15:00+00:00,2025-12-22T08:20:00+00:00,154.917364,1201.980927,-54.192203,take_profit
dd_reduced_btc_gold_hybrid,GOLD,2025-12-22T13:00:00+00:00,2025-12-22T13:10:00+00:00,-53.596196,1148.384731,-107.788399,stop_loss
dd_reduced_btc_gold_hybrid,GOLD,2025-12-22T13:10:00+00:00,2025-12-22T13:20:00+00:00,42.662572,1191.047303,-65.125827,take_profit
dd_reduced_btc_gold_hybrid,GOLD,2025-12-22T16:05:00+00:00,2025-12-22T20:05:00+00:00,-21.668299,1169.379004,-86.794126,max_hold
dd_reduced_btc_gold_hybrid,BTCUSD,2025-12-23T09:20:00+00:00,2025-12-23T09:40:00+00:00,-52.413708,1116.965296,-139.207834,stop_loss
dd_reduced_btc_gold_hybrid,BTCUSD,2025-12-23T13:35:00+00:00,2025-12-23T13:40:00+00:00,-52.15164,1064.813656,-191.359474,stop_loss
dd_reduced_btc_gold_hybrid,GOLD,2025-12-23T14:30:00+00:00,2025-12-23T14:55:00+00:00,-53.433187,1011.380469,-244.792661,stop_loss
dd_reduced_btc_gold_hybrid,GOLD,2025-12-23T14:55:00+00:00,2025-12-23T15:00:00+00:00,-53.166021,958.214448,-297.958682,stop_loss
dd_reduced_btc_gold_hybrid,GOLD,2025-12-23T15:00:00+00:00,2025-12-23T15:10:00+00:00,42.320153,1000.534601,-255.638529,take_profit
dd_reduced_btc_gold_hybrid,BTCUSD,2025-12-24T08:20:00+00:00,2025-12-24T08:25:00+00:00,-51.890881,948.643719,-307.52941,stop_loss
dd_reduced_btc_gold_hybrid,BTCUSD,2025-12-24T08:55:00+00:00,2025-12-24T10:05:00+00:00,-51.631427,897.012292,-359.160838,stop_loss
dd_reduced_btc_gold_hybrid,GOLD,2025-12-24T13:15:00+00:00,2025-12-24T13:35:00+00:00,42.489433,939.501726,-316.671404,take_profit
dd_reduced_btc_gold_hybrid,GOLD,2025-12-24T15:40:00+00:00,2025-12-24T16:00:00+00:00,42.659391,982.161116,-274.012013,take_profit
dd_reduced_btc_gold_hybrid,BTCUSD,2025-12-25T08:20:00+00:00,2025-12-25T08:25:00+00:00,-51.37327,930.787847,-325.385283,stop_loss
dd_reduced_btc_gold_hybrid,BTCUSD,2025-12-25T10:35:00+00:00,2025-12-25T10:40:00+00:00,-51.116404,879.671443,-376.501687,stop_loss
dd_reduced_btc_gold_hybrid,BTCUSD,2025-12-26T07:10:00+00:00,2025-12-26T07:30:00+00:00,-50.860822,828.810621,-427.362508,stop_loss
dd_reduced_btc_gold_hybrid,BTCUSD,2025-12-26T09:45:00+00:00,2025-12-26T09:55:00+00:00,-50.606517,778.204104,-477.969026,stop_loss
dd_reduced_btc_gold_hybrid,GOLD,2025-12-26T13:35:00+00:00,2025-12-26T13:45:00+00:00,42.830029,821.034132,-435.138997,take_profit
dd_reduced_btc_gold_hybrid,GOLD,2025-12-26T14:00:00+00:00,2025-12-26T14:40:00+00:00,43.001349,864.035481,-392.137649,take_profit
dd_reduced_btc_gold_hybrid,GOLD,2025-12-26T15:45:00+00:00,2025-12-26T16:10:00+00:00,43.173354,907.208835,-348.964295,take_profit
dd_reduced_btc_gold_hybrid,BTCUSD,2025-12-27T10:30:00+00:00,2025-12-27T11:15:00+00:00,-50.353485,856.85535,-399.317779,stop_loss
dd_reduced_btc_gold_hybrid,BTCUSD,2025-12-27T13:20:00+00:00,2025-12-27T13:35:00+00:00,-50.101717,806.753633,-449.419497,stop_loss
dd_reduced_btc_gold_hybrid,BTCUSD,2025-12-28T08:05:00+00:00,2025-12-28T08:30:00+00:00,-49.851209,756.902424,-499.270706,stop_loss
dd_reduced_btc_gold_hybrid,BTCUSD,2025-12-28T08:35:00+00:00,2025-12-28T08:40:00+00:00,148.805858,905.708282,-350.464847,take_profit
dd_reduced_btc_gold_hybrid,BTCUSD,2025-12-29T09:35:00+00:00,2025-12-29T09:45:00+00:00,151.037946,1056.746229,-199.426901,take_profit
dd_reduced_btc_gold_hybrid,BTCUSD,2025-12-29T09:45:00+00:00,2025-12-29T12:05:00+00:00,153.303515,1210.049744,-46.123386,take_profit
dd_reduced_btc_gold_hybrid,GOLD,2025-12-29T13:40:00+00:00,2025-12-29T13:45:00+00:00,-54.182559,1155.867185,-100.305945,stop_loss
dd_reduced_btc_gold_hybrid,GOLD,2025-12-29T13:45:00+00:00,2025-12-29T14:00:00+00:00,-53.911647,1101.955538,-154.217591,stop_loss
dd_reduced_btc_gold_hybrid,GOLD,2025-12-29T14:00:00+00:00,2025-12-29T14:30:00+00:00,-53.642088,1048.31345,-207.85968,stop_loss
dd_reduced_btc_gold_hybrid,BTCUSD,2025-12-30T08:00:00+00:00,2025-12-30T08:10:00+00:00,155.603068,1203.916518,-52.256611,take_profit
dd_reduced_btc_gold_hybrid,BTCUSD,2025-12-30T08:10:00+00:00,2025-12-30T08:15:00+00:00,157.937114,1361.853633,0.0,take_profit
dd_reduced_btc_gold_hybrid,GOLD,2025-12-30T13:00:00+00:00,2025-12-30T13:10:00+00:00,42.699102,1404.552735,0.0,take_profit
dd_reduced_btc_gold_hybrid,GOLD,2025-12-30T19:30:00+00:00,2025-12-30T19:45:00+00:00,-53.587373,1350.965361,-53.587373,stop_loss
dd_reduced_btc_gold_hybrid,GOLD,2025-12-30T19:45:00+00:00,2025-12-30T19:50:00+00:00,-53.319436,1297.645925,-106.90681,stop_loss
dd_reduced_btc_gold_hybrid,BTCUSD,2025-12-31T07:35:00+00:00,2025-12-31T08:35:00+00:00,-53.43539,1244.210535,-160.3422,stop_loss
dd_reduced_btc_gold_hybrid,BTCUSD,2025-12-31T10:10:00+00:00,2025-12-31T10:20:00+00:00,-53.168213,1191.042321,-213.510414,stop_loss
dd_reduced_btc_gold_hybrid,GOLD,2025-12-31T13:45:00+00:00,2025-12-31T13:55:00+00:00,-53.052839,1137.989482,-266.563253,stop_loss
dd_reduced_btc_gold_hybrid,GOLD,2025-12-31T13:55:00+00:00,2025-12-31T14:00:00+00:00,42.23006,1180.219542,-224.333193,take_profit
dd_reduced_btc_gold_hybrid,GOLD,2025-12-31T14:00:00+00:00,2025-12-31T14:25:00+00:00,42.39898,1222.618522,-181.934212,take_profit
dd_reduced_btc_gold_hybrid,BTCUSD,2026-01-01T11:50:00+00:00,2026-01-01T12:30:00+00:00,-52.902372,1169.71615,-234.836585,stop_loss
dd_reduced_btc_gold_hybrid,BTCUSD,2026-01-01T15:15:00+00:00,2026-01-01T15:25:00+00:00,-52.63786,1117.07829,-287.474445,stop_loss
dd_reduced_btc_gold_hybrid,BTCUSD,2026-01-02T08:20:00+00:00,2026-01-02T09:45:00+00:00,157.124013,1274.202303,-130.350432,take_profit
dd_reduced_btc_gold_hybrid,BTCUSD,2026-01-02T09:45:00+00:00,2026-01-02T09:50:00+00:00,-53.160291,1221.042012,-183.510723,stop_loss
dd_reduced_btc_gold_hybrid,GOLD,2026-01-02T14:30:00+00:00,2026-01-02T15:00:00+00:00,-53.21072,1167.831292,-236.721443,stop_loss
dd_reduced_btc_gold_hybrid,GOLD,2026-01-02T15:00:00+00:00,2026-01-02T15:20:00+00:00,-52.944667,1114.886625,-289.66611,stop_loss
dd_reduced_btc_gold_hybrid,GOLD,2026-01-02T15:20:00+00:00,2026-01-02T15:40:00+00:00,42.143955,1157.03058,-247.522155,take_profit
dd_reduced_btc_gold_hybrid,BTCUSD,2026-01-03T08:00:00+00:00,2026-01-03T08:25:00+00:00,-52.89449,1104.13609,-300.416645,stop_loss
dd_reduced_btc_gold_hybrid,BTCUSD,2026-01-03T12:05:00+00:00,2026-01-03T12:20:00+00:00,-52.630017,1051.506073,-353.046662,stop_loss
dd_reduced_btc_gold_hybrid,BTCUSD,2026-01-04T10:10:00+00:00,2026-01-04T10:15:00+00:00,-52.366867,999.139205,-405.41353,stop_loss
dd_reduced_btc_gold_hybrid,BTCUSD,2026-01-04T14:10:00+00:00,2026-01-04T14:15:00+00:00,-52.105033,947.034172,-457.518562,stop_loss
dd_reduced_btc_gold_hybrid,BTCUSD,2026-01-05T08:05:00+00:00,2026-01-05T08:35:00+00:00,-51.844508,895.189665,-509.36307,stop_loss
dd_reduced_btc_gold_hybrid,BTCUSD,2026-01-05T09:45:00+00:00,2026-01-05T10:00:00+00:00,-51.585285,843.60438,-560.948355,stop_loss
dd_reduced_btc_gold_hybrid,GOLD,2026-01-05T13:25:00+00:00,2026-01-05T13:30:00+00:00,42.312531,885.91691,-518.635825,take_profit
dd_reduced_btc_gold_hybrid,GOLD,2026-01-05T14:45:00+00:00,2026-01-05T15:00:00+00:00,-53.102226,832.814684,-571.738051,stop_loss
dd_reduced_btc_gold_hybrid,GOLD,2026-01-05T15:00:00+00:00,2026-01-05T15:25:00+00:00,42.269372,875.084056,-529.468679,take_profit
dd_reduced_btc_gold_hybrid,BTCUSD,2026-01-06T07:10:00+00:00,2026-01-06T07:35:00+00:00,153.982076,1029.066132,-375.486603,take_profit
dd_reduced_btc_gold_hybrid,BTCUSD,2026-01-06T07:35:00+00:00,2026-01-06T08:05:00+00:00,-52.097269,976.968863,-427.583872,stop_loss
dd_reduced_btc_gold_hybrid,GOLD,2026-01-06T14:30:00+00:00,2026-01-06T14:50:00+00:00,-53.048062,923.920802,-480.631933,stop_loss
dd_reduced_btc_gold_hybrid,GOLD,2026-01-06T14:50:00+00:00,2026-01-06T15:10:00+00:00,42.226257,966.147059,-438.405676,take_profit
dd_reduced_btc_gold_hybrid,GOLD,2026-01-06T16:40:00+00:00,2026-01-06T17:40:00+00:00,42.395162,1008.542221,-396.010514,take_profit
dd_reduced_btc_gold_hybrid,BTCUSD,2026-01-07T09:05:00+00:00,2026-01-07T09:10:00+00:00,155.510348,1164.052569,-240.500166,take_profit
dd_reduced_btc_gold_hybrid,BTCUSD,2026-01-07T09:10:00+00:00,2026-01-07T09:20:00+00:00,157.843004,1321.895573,-82.657162,take_profit
dd_reduced_btc_gold_hybrid,GOLD,2026-01-07T15:10:00+00:00,2026-01-07T15:25:00+00:00,42.564743,1364.460315,-40.09242,take_profit
dd_reduced_btc_gold_hybrid,GOLD,2026-01-07T16:40:00+00:00,2026-01-07T17:00:00+00:00,42.735002,1407.195317,0.0,take_profit
dd_reduced_btc_gold_hybrid,BTCUSD,2026-01-08T07:00:00+00:00,2026-01-08T07:10:00+00:00,-53.40355,1353.791767,-53.40355,stop_loss
dd_reduced_btc_gold_hybrid,BTCUSD,2026-01-08T09:25:00+00:00,2026-01-08T10:20:00+00:00,-53.136532,1300.655235,-106.540081,stop_loss
dd_reduced_btc_gold_hybrid,GOLD,2026-01-08T15:30:00+00:00,2026-01-08T16:35:00+00:00,-53.632427,1247.022808,-160.172508,stop_loss
dd_reduced_btc_gold_hybrid,GOLD,2026-01-08T17:20:00+00:00,2026-01-08T18:05:00+00:00,42.691412,1289.71422,-117.481096,take_profit
dd_reduced_btc_gold_hybrid,BTCUSD,2026-01-09T07:55:00+00:00,2026-01-09T08:00:00+00:00,-52.870849,1236.843371,-170.351946,stop_loss
dd_reduced_btc_gold_hybrid,BTCUSD,2026-01-09T08:00:00+00:00,2026-01-09T08:05:00+00:00,-52.606495,1184.236876,-222.95844,stop_loss
dd_reduced_btc_gold_hybrid,GOLD,2026-01-09T15:50:00+00:00,2026-01-09T16:10:00+00:00,42.862178,1227.099054,-180.096263,take_profit
dd_reduced_btc_gold_hybrid,BTCUSD,2026-01-10T08:00:00+00:00,2026-01-10T08:05:00+00:00,-52.343462,1174.755591,-232.439725,stop_loss
dd_reduced_btc_gold_hybrid,BTCUSD,2026-01-10T09:55:00+00:00,2026-01-10T12:00:00+00:00,-52.081745,1122.673846,-284.52147,stop_loss
dd_reduced_btc_gold_hybrid,BTCUSD,2026-01-11T08:30:00+00:00,2026-01-11T08:35:00+00:00,-51.821336,1070.85251,-336.342807,stop_loss
dd_reduced_btc_gold_hybrid,BTCUSD,2026-01-11T08:55:00+00:00,2026-01-11T09:25:00+00:00,-51.56223,1019.29028,-387.905037,stop_loss
dd_reduced_btc_gold_hybrid,BTCUSD,2026-01-12T08:30:00+00:00,2026-01-12T08:35:00+00:00,153.913256,1173.203536,-233.991781,take_profit
dd_reduced_btc_gold_hybrid,BTCUSD,2026-01-12T08:35:00+00:00,2026-01-12T12:35:00+00:00,24.133902,1197.337438,-209.857879,max_hold
dd_reduced_btc_gold_hybrid,GOLD,2026-01-12T13:00:00+00:00,2026-01-12T13:05:00+00:00,-53.792033,1143.545405,-263.649911,stop_loss
dd_reduced_btc_gold_hybrid,GOLD,2026-01-12T13:05:00+00:00,2026-01-12T13:10:00+00:00,-53.523073,1090.022333,-317.172984,stop_loss
dd_reduced_btc_gold_hybrid,GOLD,2026-01-12T13:10:00+00:00,2026-01-12T13:40:00+00:00,-53.255457,1036.766875,-370.428441,stop_loss
dd_reduced_btc_gold_hybrid,BTCUSD,2026-01-13T09:00:00+00:00,2026-01-13T09:20:00+00:00,156.583963,1193.350838,-213.844478,take_profit
dd_reduced_btc_gold_hybrid,BTCUSD,2026-01-13T09:20:00+00:00,2026-01-13T09:35:00+00:00,-52.977574,1140.373264,-266.822053,stop_loss
dd_reduced_btc_gold_hybrid,GOLD,2026-01-13T13:10:00+00:00,2026-01-13T13:30:00+00:00,-52.98918,1087.384084,-319.811233,stop_loss
dd_reduced_btc_gold_hybrid,GOLD,2026-01-13T13:30:00+00:00,2026-01-13T14:20:00+00:00,-52.724234,1034.65985,-372.535467,stop_loss
dd_reduced_btc_gold_hybrid,GOLD,2026-01-13T17:55:00+00:00,2026-01-13T18:20:00+00:00,-52.460613,982.199237,-424.99608,stop_loss
dd_reduced_btc_gold_hybrid,BTCUSD,2026-01-14T07:45:00+00:00,2026-01-14T08:35:00+00:00,-52.712686,929.486551,-477.708766,stop_loss
dd_reduced_btc_gold_hybrid,BTCUSD,2026-01-14T13:20:00+00:00,2026-01-14T13:30:00+00:00,-52.449123,877.037428,-530.157889,stop_loss
dd_reduced_btc_gold_hybrid,GOLD,2026-01-14T14:45:00+00:00,2026-01-14T14:50:00+00:00,41.758648,918.796076,-488.399241,take_profit
dd_reduced_btc_gold_hybrid,GOLD,2026-01-14T15:00:00+00:00,2026-01-14T15:10:00+00:00,41.925683,960.721758,-446.473558,take_profit
dd_reduced_btc_gold_hybrid,GOLD,2026-01-14T18:50:00+00:00,2026-01-14T19:00:00+00:00,-52.616732,908.105027,-499.09029,stop_loss
dd_reduced_btc_gold_hybrid,BTCUSD,2026-01-15T07:40:00+00:00,2026-01-15T08:00:00+00:00,-52.186877,855.91815,-551.277167,stop_loss
dd_reduced_btc_gold_hybrid,BTCUSD,2026-01-15T09:25:00+00:00,2026-01-15T09:40:00+00:00,155.777829,1011.695978,-395.499339,take_profit
dd_reduced_btc_gold_hybrid,GOLD,2026-01-15T13:30:00+00:00,2026-01-15T13:45:00+00:00,-52.353648,959.34233,-447.852987,stop_loss
dd_reduced_btc_gold_hybrid,GOLD,2026-01-15T13:45:00+00:00,2026-01-15T14:05:00+00:00,41.673504,1001.015834,-406.179483,take_profit
dd_reduced_btc_gold_hybrid,GOLD,2026-01-15T18:00:00+00:00,2026-01-15T18:30:00+00:00,41.840198,1042.856032,-364.339285,take_profit
dd_reduced_btc_gold_hybrid,BTCUSD,2026-01-16T10:00:00+00:00,2026-01-16T10:30:00+00:00,158.114496,1200.970528,-206.224789,take_profit
dd_reduced_btc_gold_hybrid,BTCUSD,2026-01-16T10:30:00+00:00,2026-01-16T11:50:00+00:00,-53.495404,1147.475123,-259.720194,stop_loss
dd_reduced_btc_gold_hybrid,GOLD,2026-01-16T13:15:00+00:00,2026-01-16T13:30:00+00:00,42.007559,1189.482682,-217.712635,take_profit
dd_reduced_btc_gold_hybrid,GOLD,2026-01-16T15:25:00+00:00,2026-01-16T15:30:00+00:00,-52.719486,1136.763196,-270.432121,stop_loss
dd_reduced_btc_gold_hybrid,GOLD,2026-01-16T15:30:00+00:00,2026-01-16T15:45:00+00:00,41.964711,1178.727907,-228.46741,take_profit
dd_reduced_btc_gold_hybrid,BTCUSD,2026-01-17T08:00:00+00:00,2026-01-17T08:15:00+00:00,-53.227927,1125.499979,-281.695338,stop_loss
dd_reduced_btc_gold_hybrid,BTCUSD,2026-01-17T10:40:00+00:00,2026-01-17T11:20:00+00:00,-52.961788,1072.538191,-334.657125,stop_loss
dd_reduced_btc_gold_hybrid,BTCUSD,2026-01-18T07:30:00+00:00,2026-01-18T07:45:00+00:00,-52.696979,1019.841212,-387.354104,stop_loss
dd_reduced_btc_gold_hybrid,BTCUSD,2026-01-18T09:30:00+00:00,2026-01-18T10:00:00+00:00,-52.433494,967.407718,-439.787598,stop_loss
dd_reduced_btc_gold_hybrid,BTCUSD,2026-01-19T13:15:00+00:00,2026-01-19T13:35:00+00:00,-52.171327,915.236392,-491.958925,stop_loss
dd_reduced_btc_gold_hybrid,BTCUSD,2026-01-19T14:35:00+00:00,2026-01-19T14:45:00+00:00,-51.91047,863.325922,-543.869395,stop_loss
dd_reduced_btc_gold_hybrid,GOLD,2026-01-19T17:40:00+00:00,2026-01-19T18:00:00+00:00,42.13257,905.458492,-501.736825,take_profit
dd_reduced_btc_gold_hybrid,GOLD,2026-01-19T18:20:00+00:00,2026-01-19T18:30:00+00:00,42.3011,947.759592,-459.435725,take_profit
dd_reduced_btc_gold_hybrid,BTCUSD,2026-01-20T08:35:00+00:00,2026-01-20T08:45:00+00:00,-51.650918,896.108674,-511.086643,stop_loss
dd_reduced_btc_gold_hybrid,BTCUSD,2026-01-20T12:15:00+00:00,2026-01-20T12:25:00+00:00,-51.392663,844.716011,-562.479306,stop_loss
dd_reduced_btc_gold_hybrid,GOLD,2026-01-20T14:15:00+00:00,2026-01-20T14:30:00+00:00,42.470304,887.186316,-520.009001,take_profit
dd_reduced_btc_gold_hybrid,GOLD,2026-01-20T16:45:00+00:00,2026-01-20T16:55:00+00:00,-53.300232,833.886084,-573.309233,stop_loss
dd_reduced_btc_gold_hybrid,GOLD,2026-01-20T16:55:00+00:00,2026-01-20T17:00:00+00:00,42.426985,876.313068,-530.882249,take_profit
dd_reduced_btc_gold_hybrid,BTCUSD,2026-01-21T07:30:00+00:00,2026-01-21T07:55:00+00:00,153.407099,1029.720167,-377.47515,take_profit
dd_reduced_btc_gold_hybrid,BTCUSD,2026-01-21T08:35:00+00:00,2026-01-21T08:55:00+00:00,-51.902735,977.817432,-429.377885,stop_loss
dd_reduced_btc_gold_hybrid,GOLD,2026-01-21T13:55:00+00:00,2026-01-21T14:00:00+00:00,42.596693,1020.414125,-386.781192,take_profit
dd_reduced_btc_gold_hybrid,GOLD,2026-01-21T17:40:00+00:00,2026-01-21T17:50:00+00:00,42.767079,1063.181204,-344.014113,take_profit
dd_reduced_btc_gold_hybrid,GOLD,2026-01-21T19:35:00+00:00,2026-01-21T19:50:00+00:00,-53.672685,1009.508519,-397.686797,stop_loss
dd_reduced_btc_gold_hybrid,BTCUSD,2026-01-22T09:35:00+00:00,2026-01-22T10:00:00+00:00,-51.643221,957.865298,-449.330019,stop_loss
dd_reduced_btc_gold_hybrid,BTCUSD,2026-01-22T13:20:00+00:00,2026-01-22T13:30:00+00:00,-51.385005,906.480293,-500.715024,stop_loss
dd_reduced_btc_gold_hybrid,GOLD,2026-01-22T14:40:00+00:00,2026-01-22T14:45:00+00:00,42.723457,949.203749,-457.991567,take_profit
dd_reduced_btc_gold_hybrid,GOLD,2026-01-22T14:50:00+00:00,2026-01-22T14:55:00+00:00,42.894351,992.0981,-415.097217,take_profit
dd_reduced_btc_gold_hybrid,GOLD,2026-01-22T15:25:00+00:00,2026-01-22T15:50:00+00:00,-53.83241,938.26569,-468.929627,stop_loss
dd_reduced_btc_gold_hybrid,BTCUSD,2026-01-23T08:25:00+00:00,2026-01-23T09:15:00+00:00,153.384241,1091.649931,-315.545386,take_profit
dd_reduced_btc_gold_hybrid,BTCUSD,2026-01-23T09:15:00+00:00,2026-01-23T11:05:00+00:00,-51.895002,1039.754929,-367.440387,stop_loss
dd_reduced_btc_gold_hybrid,GOLD,2026-01-23T14:45:00+00:00,2026-01-23T14:55:00+00:00,42.850599,1082.605528,-324.589789,take_profit
dd_reduced_btc_gold_hybrid,GOLD,2026-01-23T16:05:00+00:00,2026-01-23T16:25:00+00:00,-53.777501,1028.828027,-378.36729,stop_loss
dd_reduced_btc_gold_hybrid,GOLD,2026-01-23T16:25:00+00:00,2026-01-23T16:45:00+00:00,42.806891,1071.634918,-335.560399,take_profit
dd_reduced_btc_gold_hybrid,BTCUSD,2026-01-24T08:00:00+00:00,2026-01-24T08:50:00+00:00,-51.635527,1019.999391,-387.195926,stop_loss
dd_reduced_btc_gold_hybrid,BTCUSD,2026-01-24T12:05:00+00:00,2026-01-24T12:30:00+00:00,-51.377349,968.622042,-438.573274,stop_loss
dd_reduced_btc_gold_hybrid,BTCUSD,2026-01-25T08:35:00+00:00,2026-01-25T08:40:00+00:00,153.361386,1121.983429,-285.211888,take_profit
dd_reduced_btc_gold_hybrid,BTCUSD,2026-01-25T08:40:00+00:00,2026-01-25T09:20:00+00:00,-51.887269,1070.09616,-337.099157,stop_loss
dd_reduced_btc_gold_hybrid,BTCUSD,2026-01-26T08:00:00+00:00,2026-01-26T08:10:00+00:00,-51.627833,1018.468327,-388.72699,stop_loss
dd_reduced_btc_gold_hybrid,BTCUSD,2026-01-26T08:20:00+00:00,2026-01-26T08:45:00+00:00,-51.369694,967.098633,-440.096683,stop_loss
dd_reduced_btc_gold_hybrid,GOLD,2026-01-26T19:00:00+00:00,2026-01-26T19:05:00+00:00,42.978118,1010.076752,-397.118565,take_profit
dd_reduced_btc_gold_hybrid,GOLD,2026-01-26T19:20:00+00:00,2026-01-26T19:30:00+00:00,43.150031,1053.226783,-353.968534,take_profit
dd_reduced_btc_gold_hybrid,BTCUSD,2026-01-27T08:45:00+00:00,2026-01-27T08:50:00+00:00,-51.112845,1002.113938,-405.081379,stop_loss
dd_reduced_btc_gold_hybrid,BTCUSD,2026-01-27T09:00:00+00:00,2026-01-27T09:55:00+00:00,152.571843,1154.68578,-252.509536,take_profit
dd_reduced_btc_gold_hybrid,GOLD,2026-01-27T14:15:00+00:00,2026-01-27T14:30:00+00:00,43.322631,1198.008411,-209.186905,take_profit
dd_reduced_btc_gold_hybrid,BTCUSD,2026-01-28T09:35:00+00:00,2026-01-28T10:15:00+00:00,154.86042,1352.868832,-54.326485,take_profit
dd_reduced_btc_gold_hybrid,BTCUSD,2026-01-28T11:45:00+00:00,2026-01-28T11:55:00+00:00,157.183327,1510.052158,0.0,take_profit
dd_reduced_btc_gold_hybrid,GOLD,2026-01-28T13:00:00+00:00,2026-01-28T13:10:00+00:00,43.495922,1553.54808,0.0,take_profit
dd_reduced_btc_gold_hybrid,GOLD,2026-01-28T16:55:00+00:00,2026-01-28T17:35:00+00:00,43.669905,1597.217985,0.0,take_profit
dd_reduced_btc_gold_hybrid,GOLD,2026-01-28T19:45:00+00:00,2026-01-28T20:00:00+00:00,-54.805731,1542.412254,-54.805731,stop_loss
dd_reduced_btc_gold_hybrid,BTCUSD,2026-01-29T08:05:00+00:00,2026-01-29T08:25:00+00:00,-53.180359,1489.231895,-107.98609,stop_loss
dd_reduced_btc_gold_hybrid,BTCUSD,2026-01-29T09:50:00+00:00,2026-01-29T11:05:00+00:00,-52.914457,1436.317438,-160.900547,stop_loss
dd_reduced_btc_gold_hybrid,GOLD,2026-01-29T15:05:00+00:00,2026-01-29T15:10:00+00:00,-54.531702,1381.785736,-215.432249,stop_loss
dd_reduced_btc_gold_hybrid,GOLD,2026-01-29T15:10:00+00:00,2026-01-29T15:15:00+00:00,-54.259044,1327.526692,-269.691293,stop_loss
dd_reduced_btc_gold_hybrid,GOLD,2026-01-29T15:15:00+00:00,2026-01-29T15:25:00+00:00,-53.987749,1273.538943,-323.679042,stop_loss
dd_reduced_btc_gold_hybrid,BTCUSD,2026-01-30T09:25:00+00:00,2026-01-30T09:35:00+00:00,-52.649885,1220.889058,-376.328927,stop_loss
dd_reduced_btc_gold_hybrid,GOLD,2026-01-30T13:20:00+00:00,2026-01-30T14:00:00+00:00,42.974248,1263.863306,-333.354679,take_profit
dd_reduced_btc_gold_hybrid,BTCUSD,2026-01-30T14:35:00+00:00,2026-01-30T14:50:00+00:00,-52.386635,1211.476671,-385.741314,stop_loss
dd_reduced_btc_gold_hybrid,GOLD,2026-01-30T16:35:00+00:00,2026-01-30T16:40:00+00:00,43.146145,1254.622816,-342.595169,take_profit
dd_reduced_btc_gold_hybrid,GOLD,2026-01-30T17:05:00+00:00,2026-01-30T17:40:00+00:00,-54.148412,1200.474404,-396.743581,stop_loss
dd_reduced_btc_gold_hybrid,BTCUSD,2026-01-31T08:00:00+00:00,2026-01-31T08:10:00+00:00,156.374106,1356.84851,-240.369475,take_profit
dd_reduced_btc_gold_hybrid,BTCUSD,2026-01-31T08:10:00+00:00,2026-01-31T08:30:00+00:00,158.719718,1515.568228,-81.649757,take_profit
dd_reduced_btc_gold_hybrid,BTCUSD,2026-02-01T07:00:00+00:00,2026-02-01T07:10:00+00:00,-53.700171,1461.868057,-135.349928,stop_loss
dd_reduced_btc_gold_hybrid,BTCUSD,2026-02-01T10:40:00+00:00,2026-02-01T11:30:00+00:00,-53.43167,1408.436387,-188.781598,stop_loss
dd_reduced_btc_gold_hybrid,BTCUSD,2026-02-02T09:25:00+00:00,2026-02-02T12:20:00+00:00,159.493536,1567.929923,-29.288062,take_profit
dd_reduced_btc_gold_hybrid,BTCUSD,2026-02-02T12:20:00+00:00,2026-02-02T12:30:00+00:00,-53.96198,1513.967943,-83.250042,stop_loss
dd_reduced_btc_gold_hybrid,GOLD,2026-02-02T15:55:00+00:00,2026-02-02T16:05:00+00:00,43.102136,1557.070079,-40.147906,take_profit
dd_reduced_btc_gold_hybrid,GOLD,2026-02-02T18:15:00+00:00,2026-02-02T18:30:00+00:00,43.274544,1600.344623,0.0,take_profit
dd_reduced_btc_gold_hybrid,BTCUSD,2026-02-03T08:35:00+00:00,2026-02-03T08:50:00+00:00,-53.69217,1546.652454,-53.69217,stop_loss
dd_reduced_btc_gold_hybrid,BTCUSD,2026-02-03T09:10:00+00:00,2026-02-03T09:20:00+00:00,-53.423709,1493.228745,-107.115879,stop_loss
dd_reduced_btc_gold_hybrid,GOLD,2026-02-03T13:30:00+00:00,2026-02-03T13:55:00+00:00,43.447643,1536.676387,-63.668236,take_profit
dd_reduced_btc_gold_hybrid,GOLD,2026-02-03T16:25:00+00:00,2026-02-03T16:35:00+00:00,-54.526792,1482.149596,-118.195028,stop_loss
dd_reduced_btc_gold_hybrid,GOLD,2026-02-03T16:35:00+00:00,2026-02-03T16:45:00+00:00,43.403326,1525.552922,-74.791702,take_profit
dd_reduced_btc_gold_hybrid,BTCUSD,2026-02-04T08:00:00+00:00,2026-02-04T08:10:00+00:00,-53.15659,1472.396331,-127.948292,stop_loss
dd_reduced_btc_gold_hybrid,BTCUSD,2026-02-04T08:25:00+00:00,2026-02-04T08:35:00+00:00,-52.890807,1419.505524,-180.8391,stop_loss
dd_reduced_btc_gold_hybrid,GOLD,2026-02-04T14:35:00+00:00,2026-02-04T14:50:00+00:00,43.576939,1463.082463,-137.26216,take_profit
dd_reduced_btc_gold_hybrid,GOLD,2026-02-04T15:20:00+00:00,2026-02-04T15:30:00+00:00,-54.689059,1408.393404,-191.951219,stop_loss
dd_reduced_btc_gold_hybrid,GOLD,2026-02-04T15:30:00+00:00,2026-02-04T16:45:00+00:00,-54.415614,1353.977791,-246.366833,stop_loss
dd_reduced_btc_gold_hybrid,BTCUSD,2026-02-05T10:50:00+00:00,2026-02-05T11:05:00+00:00,-52.626353,1301.351437,-298.993186,stop_loss
dd_reduced_btc_gold_hybrid,BTCUSD,2026-02-05T11:20:00+00:00,2026-02-05T11:25:00+00:00,-52.363222,1248.988216,-351.356408,stop_loss
dd_reduced_btc_gold_hybrid,GOLD,2026-02-05T16:50:00+00:00,2026-02-05T17:00:00+00:00,43.314828,1292.303044,-308.041579,take_profit
dd_reduced_btc_gold_hybrid,BTCUSD,2026-02-06T11:50:00+00:00,2026-02-06T12:05:00+00:00,-52.101406,1240.201638,-360.142985,stop_loss
dd_reduced_btc_gold_hybrid,BTCUSD,2026-02-06T13:00:00+00:00,2026-02-06T13:05:00+00:00,-51.840899,1188.36074,-411.983883,stop_loss
dd_reduced_btc_gold_hybrid,GOLD,2026-02-06T13:00:00+00:00,2026-02-06T13:05:00+00:00,43.488088,1231.848828,-368.495796,take_profit
dd_reduced_btc_gold_hybrid,GOLD,2026-02-06T13:35:00+00:00,2026-02-06T14:05:00+00:00,43.66204,1275.510868,-324.833756,take_profit
dd_reduced_btc_gold_hybrid,GOLD,2026-02-06T15:30:00+00:00,2026-02-06T15:45:00+00:00,43.836688,1319.347556,-280.997067,take_profit
dd_reduced_btc_gold_hybrid,BTCUSD,2026-02-07T08:00:00+00:00,2026-02-07T08:20:00+00:00,-51.581694,1267.765862,-332.578761,stop_loss
dd_reduced_btc_gold_hybrid,BTCUSD,2026-02-07T10:30:00+00:00,2026-02-07T11:00:00+00:00,-51.323786,1216.442076,-383.902547,stop_loss
dd_reduced_btc_gold_hybrid,BTCUSD,2026-02-08T07:15:00+00:00,2026-02-08T08:00:00+00:00,153.2015,1369.643576,-230.701047,take_profit
dd_reduced_btc_gold_hybrid,BTCUSD,2026-02-08T08:00:00+00:00,2026-02-08T08:05:00+00:00,-51.833174,1317.810402,-282.534221,stop_loss
dd_reduced_btc_gold_hybrid,BTCUSD,2026-02-09T08:20:00+00:00,2026-02-09T08:30:00+00:00,154.722025,1472.532427,-127.812196,take_profit
dd_reduced_btc_gold_hybrid,BTCUSD,2026-02-09T08:30:00+00:00,2026-02-09T08:35:00+00:00,-52.347618,1420.184809,-180.159815,stop_loss
dd_reduced_btc_gold_hybrid,GOLD,2026-02-09T14:50:00+00:00,2026-02-09T15:15:00+00:00,44.012035,1464.196844,-136.14778,take_profit
dd_reduced_btc_gold_hybrid,GOLD,2026-02-09T15:30:00+00:00,2026-02-09T16:15:00+00:00,-55.235104,1408.96174,-191.382884,stop_loss
dd_reduced_btc_gold_hybrid,GOLD,2026-02-09T16:15:00+00:00,2026-02-09T16:25:00+00:00,-54.958928,1354.002811,-246.341812,stop_loss
dd_reduced_btc_gold_hybrid,BTCUSD,2026-02-10T10:55:00+00:00,2026-02-10T11:30:00+00:00,-52.08588,1301.916931,-298.427692,stop_loss
dd_reduced_btc_gold_hybrid,BTCUSD,2026-02-10T11:40:00+00:00,2026-02-10T12:05:00+00:00,-51.825451,1250.09148,-350.253143,stop_loss
dd_reduced_btc_gold_hybrid,GOLD,2026-02-10T14:15:00+00:00,2026-02-10T14:35:00+00:00,43.747307,1293.838787,-306.505836,take_profit
dd_reduced_btc_gold_hybrid,GOLD,2026-02-10T15:35:00+00:00,2026-02-10T15:45:00+00:00,43.922296,1337.761083,-262.58354,take_profit
dd_reduced_btc_gold_hybrid,GOLD,2026-02-10T18:25:00+00:00,2026-02-10T18:40:00+00:00,44.097985,1381.859069,-218.485555,take_profit
dd_reduced_btc_gold_hybrid,BTCUSD,2026-02-11T09:45:00+00:00,2026-02-11T09:50:00+00:00,-51.566324,1330.292745,-270.051878,stop_loss
dd_reduced_btc_gold_hybrid,BTCUSD,2026-02-11T10:00:00+00:00,2026-02-11T10:10:00+00:00,-51.308492,1278.984253,-321.36037,stop_loss
dd_reduced_btc_gold_hybrid,GOLD,2026-02-11T17:40:00+00:00,2026-02-11T18:00:00+00:00,44.274377,1323.25863,-277.085993,take_profit
dd_reduced_btc_gold_hybrid,GOLD,2026-02-11T19:20:00+00:00,2026-02-11T19:35:00+00:00,44.451475,1367.710105,-232.634518,take_profit
dd_reduced_btc_gold_hybrid,BTCUSD,2026-02-12T08:25:00+00:00,2026-02-12T08:40:00+00:00,-51.05195,1316.658156,-283.686468,stop_loss
dd_reduced_btc_gold_hybrid,BTCUSD,2026-02-12T09:30:00+00:00,2026-02-12T10:30:00+00:00,152.390069,1469.048225,-131.296398,take_profit
dd_reduced_btc_gold_hybrid,GOLD,2026-02-12T16:10:00+00:00,2026-02-12T16:15:00+00:00,-55.786601,1413.261624,-187.082999,stop_loss
dd_reduced_btc_gold_hybrid,GOLD,2026-02-12T16:15:00+00:00,2026-02-12T16:20:00+00:00,-55.507668,1357.753956,-242.590667,stop_loss
dd_reduced_btc_gold_hybrid,GOLD,2026-02-12T16:20:00+00:00,2026-02-12T16:25:00+00:00,-55.23013,1302.523827,-297.820797,stop_loss
dd_reduced_btc_gold_hybrid,BTCUSD,2026-02-13T08:45:00+00:00,2026-02-13T10:40:00+00:00,154.675921,1457.199747,-143.144876,take_profit
dd_reduced_btc_gold_hybrid,BTCUSD,2026-02-13T11:55:00+00:00,2026-02-13T12:00:00+00:00,-52.33202,1404.867727,-195.476896,stop_loss
dd_reduced_btc_gold_hybrid,GOLD,2026-02-13T14:15:00+00:00,2026-02-13T14:35:00+00:00,43.963183,1448.83091,-151.513713,take_profit
dd_reduced_btc_gold_hybrid,GOLD,2026-02-13T17:05:00+00:00,2026-02-13T18:10:00+00:00,-55.173795,1393.657116,-206.687508,stop_loss
dd_reduced_btc_gold_hybrid,GOLD,2026-02-13T19:05:00+00:00,2026-02-13T19:10:00+00:00,43.918341,1437.575456,-162.769167,take_profit
dd_reduced_btc_gold_hybrid,BTCUSD,2026-02-14T08:00:00+00:00,2026-02-14T08:05:00+00:00,156.211079,1593.786535,-6.558088,take_profit
dd_reduced_btc_gold_hybrid,BTCUSD,2026-02-14T08:05:00+00:00,2026-02-14T09:00:00+00:00,158.554245,1752.340781,0.0,take_profit
dd_reduced_btc_gold_hybrid,BTCUSD,2026-02-15T07:15:00+00:00,2026-02-15T07:20:00+00:00,-53.644186,1698.696594,-53.644186,stop_loss
dd_reduced_btc_gold_hybrid,BTCUSD,2026-02-15T12:45:00+00:00,2026-02-15T12:50:00+00:00,160.127896,1858.82449,0.0,take_profit
dd_reduced_btc_gold_hybrid,BTCUSD,2026-02-16T09:00:00+00:00,2026-02-16T09:05:00+00:00,-54.176605,1804.647886,-54.176605,stop_loss
dd_reduced_btc_gold_hybrid,BTCUSD,2026-02-16T09:25:00+00:00,2026-02-16T10:20:00+00:00,-53.905722,1750.742164,-108.082327,stop_loss
dd_reduced_btc_gold_hybrid,GOLD,2026-02-16T14:50:00+00:00,2026-02-16T15:00:00+00:00,-55.117518,1695.624646,-163.199844,stop_loss
dd_reduced_btc_gold_hybrid,GOLD,2026-02-16T15:00:00+00:00,2026-02-16T15:20:00+00:00,43.873544,1739.49819,-119.3263,take_profit
dd_reduced_btc_gold_hybrid,GOLD,2026-02-16T15:20:00+00:00,2026-02-16T16:25:00+00:00,44.049038,1783.547228,-75.277262,take_profit
dd_reduced_btc_gold_hybrid,BTCUSD,2026-02-17T09:10:00+00:00,2026-02-17T10:15:00+00:00,160.90858,1944.455808,0.0,take_profit
dd_reduced_btc_gold_hybrid,BTCUSD,2026-02-17T10:15:00+00:00,2026-02-17T10:20:00+00:00,-54.440736,1890.015072,-54.440736,stop_loss
dd_reduced_btc_gold_hybrid,GOLD,2026-02-17T13:15:00+00:00,2026-02-17T13:20:00+00:00,44.225234,1934.240306,-10.215502,take_profit
dd_reduced_btc_gold_hybrid,GOLD,2026-02-17T13:55:00+00:00,2026-02-17T14:00:00+00:00,-55.502669,1878.737637,-65.718171,stop_loss
dd_reduced_btc_gold_hybrid,GOLD,2026-02-17T14:00:00+00:00,2026-02-17T14:05:00+00:00,44.180125,1922.917762,-21.538046,take_profit
dd_reduced_btc_gold_hybrid,BTCUSD,2026-02-18T07:40:00+00:00,2026-02-18T08:15:00+00:00,162.505597,2085.423359,0.0,take_profit
dd_reduced_btc_gold_hybrid,BTCUSD,2026-02-18T08:15:00+00:00,2026-02-18T08:30:00+00:00,-54.98106,2030.442299,-54.98106,stop_loss
dd_reduced_btc_gold_hybrid,GOLD,2026-02-18T13:00:00+00:00,2026-02-18T13:05:00+00:00,-55.446056,1974.996242,-110.427117,stop_loss
dd_reduced_btc_gold_hybrid,GOLD,2026-02-18T13:05:00+00:00,2026-02-18T13:35:00+00:00,-55.168826,1919.827416,-165.595943,stop_loss
dd_reduced_btc_gold_hybrid,GOLD,2026-02-18T13:35:00+00:00,2026-02-18T13:40:00+00:00,43.914386,1963.741802,-121.681557,take_profit
dd_reduced_btc_gold_hybrid,BTCUSD,2026-02-19T08:20:00+00:00,2026-02-19T09:20:00+00:00,-54.706155,1909.035647,-176.387712,stop_loss
dd_reduced_btc_gold_hybrid,BTCUSD,2026-02-19T09:45:00+00:00,2026-02-19T10:10:00+00:00,-54.432624,1854.603022,-230.820337,stop_loss
dd_reduced_btc_gold_hybrid,GOLD,2026-02-19T15:30:00+00:00,2026-02-19T15:50:00+00:00,44.090043,1898.693065,-186.730294,take_profit
dd_reduced_btc_gold_hybrid,GOLD,2026-02-19T18:25:00+00:00,2026-02-19T19:05:00+00:00,44.266403,1942.959469,-142.46389,take_profit
fresh_fx_pullback_core3,GBPJPY,2026-02-20T07:55:00+00:00,2026-02-20T08:48:00+00:00,50.0,1992.959469,-92.46389,take_profit
dd_reduced_btc_gold_hybrid,BTCUSD,2026-02-20T09:00:00+00:00,2026-02-20T10:45:00+00:00,-54.160461,1938.799007,-146.624352,stop_loss
dd_reduced_btc_gold_hybrid,BTCUSD,2026-02-20T13:00:00+00:00,2026-02-20T13:35:00+00:00,161.668977,2100.467984,0.0,take_profit
dd_reduced_btc_gold_hybrid,GOLD,2026-02-20T13:45:00+00:00,2026-02-20T14:30:00+00:00,-55.554336,2044.913648,-55.554336,stop_loss
dd_reduced_btc_gold_hybrid,GOLD,2026-02-20T14:40:00+00:00,2026-02-20T15:00:00+00:00,44.221252,2089.1349,-11.333085,take_profit
dd_reduced_btc_gold_hybrid,GOLD,2026-02-20T16:30:00+00:00,2026-02-20T20:20:00+00:00,-55.497671,2033.637229,-66.830755,stop_loss
dd_reduced_btc_gold_hybrid,BTCUSD,2026-02-21T08:10:00+00:00,2026-02-21T08:50:00+00:00,164.094011,2197.73124,0.0,take_profit
dd_reduced_btc_gold_hybrid,BTCUSD,2026-02-21T08:50:00+00:00,2026-02-21T08:55:00+00:00,-55.518474,2142.212766,-55.518474,stop_loss
dd_reduced_btc_gold_hybrid,BTCUSD,2026-02-22T08:20:00+00:00,2026-02-22T08:35:00+00:00,-55.240881,2086.971885,-110.759355,stop_loss
dd_reduced_btc_gold_hybrid,BTCUSD,2026-02-22T11:00:00+00:00,2026-02-22T12:00:00+00:00,-54.964677,2032.007208,-165.724032,stop_loss
fresh_fx_pullback_core3,EURJPY,2026-02-23T07:00:00+00:00,2026-02-23T07:31:00+00:00,12.218045,2044.225253,-153.505987,trailing_stop
dd_reduced_btc_gold_hybrid,BTCUSD,2026-02-23T11:40:00+00:00,2026-02-23T12:05:00+00:00,-54.689854,1989.535399,-208.195841,stop_loss
dd_reduced_btc_gold_hybrid,BTCUSD,2026-02-23T12:30:00+00:00,2026-02-23T12:35:00+00:00,-54.416404,1935.118995,-262.612245,stop_loss
dd_reduced_btc_gold_hybrid,GOLD,2026-02-23T14:30:00+00:00,2026-02-23T14:35:00+00:00,-55.220182,1879.898812,-317.832428,stop_loss
dd_reduced_btc_gold_hybrid,GOLD,2026-02-23T14:35:00+00:00,2026-02-23T14:45:00+00:00,-54.944081,1824.954731,-372.776509,stop_loss
dd_reduced_btc_gold_hybrid,GOLD,2026-02-23T14:45:00+00:00,2026-02-23T15:00:00+00:00,43.735489,1868.69022,-329.04102,take_profit
fresh_fx_pullback_core3,GBPJPY,2026-02-24T07:24:00+00:00,2026-02-24T07:33:00+00:00,9.019231,1877.709451,-320.02179,trailing_stop
fresh_fx_pullback_core3,EURJPY,2026-02-24T07:24:00+00:00,2026-02-24T07:35:00+00:00,4.829044,1882.538495,-315.192746,trailing_stop
fresh_fx_pullback_core3,EURJPY,2026-02-24T07:30:00+00:00,2026-02-24T07:50:00+00:00,9.531204,1892.069699,-305.661542,trailing_stop
fresh_fx_pullback_core3,GBPJPY,2026-02-24T07:28:00+00:00,2026-02-24T07:58:00+00:00,50.25,1942.319699,-255.411542,take_profit
fresh_fx_pullback_core3,EURJPY,2026-02-24T07:17:00+00:00,2026-02-24T08:21:00+00:00,50.06109,1992.380789,-205.350451,take_profit
fresh_fx_pullback_core3,GBPJPY,2026-02-24T07:17:00+00:00,2026-02-24T08:22:00+00:00,50.25,2042.630789,-155.100451,take_profit
dd_reduced_btc_gold_hybrid,BTCUSD,2026-02-24T12:45:00+00:00,2026-02-24T12:50:00+00:00,-54.144322,1988.486467,-209.244774,stop_loss
dd_reduced_btc_gold_hybrid,BTCUSD,2026-02-24T12:55:00+00:00,2026-02-24T13:10:00+00:00,-53.873601,1934.612866,-263.118374,stop_loss
dd_reduced_btc_gold_hybrid,GOLD,2026-02-24T13:55:00+00:00,2026-02-24T14:10:00+00:00,-54.888038,1879.724827,-318.006413,stop_loss
dd_reduced_btc_gold_hybrid,GOLD,2026-02-24T14:10:00+00:00,2026-02-24T14:30:00+00:00,43.690879,1923.415706,-274.315534,take_profit
dd_reduced_btc_gold_hybrid,GOLD,2026-02-24T18:00:00+00:00,2026-02-24T18:15:00+00:00,43.865642,1967.281348,-230.449892,take_profit
dd_reduced_btc_gold_hybrid,BTCUSD,2026-02-25T08:20:00+00:00,2026-02-25T08:50:00+00:00,160.812698,2128.094046,-69.637194,take_profit
dd_reduced_btc_gold_hybrid,BTCUSD,2026-02-25T08:50:00+00:00,2026-02-25T09:05:00+00:00,-54.408296,2073.68575,-124.04549,stop_loss
dd_reduced_btc_gold_hybrid,GOLD,2026-02-25T14:35:00+00:00,2026-02-25T14:40:00+00:00,44.041105,2117.726855,-80.004385,take_profit
dd_reduced_btc_gold_hybrid,GOLD,2026-02-25T16:30:00+00:00,2026-02-25T19:05:00+00:00,44.217269,2161.944124,-35.787116,take_profit
dd_reduced_btc_gold_hybrid,BTCUSD,2026-02-26T09:10:00+00:00,2026-02-26T09:15:00+00:00,-54.136255,2107.807869,-89.923371,stop_loss
dd_reduced_btc_gold_hybrid,BTCUSD,2026-02-26T09:35:00+00:00,2026-02-26T10:30:00+00:00,-53.865574,2053.942296,-143.788945,stop_loss
dd_reduced_btc_gold_hybrid,GOLD,2026-02-26T15:25:00+00:00,2026-02-26T15:35:00+00:00,44.394138,2098.336434,-99.394806,take_profit
dd_reduced_btc_gold_hybrid,GOLD,2026-02-26T19:45:00+00:00,2026-02-26T19:55:00+00:00,44.571715,2142.908149,-54.823092,take_profit
dd_reduced_btc_gold_hybrid,BTCUSD,2026-02-27T07:25:00+00:00,2026-02-27T07:30:00+00:00,-53.596246,2089.311903,-108.419337,stop_loss
fresh_fx_pullback_core3,EURJPY,2026-02-27T07:27:00+00:00,2026-02-27T07:45:00+00:00,42.973903,2132.285806,-65.445434,trailing_stop
dd_reduced_btc_gold_hybrid,BTCUSD,2026-02-27T08:05:00+00:00,2026-02-27T08:15:00+00:00,-53.328264,2078.957542,-118.773698,stop_loss
dd_reduced_btc_gold_hybrid,GOLD,2026-02-27T13:00:00+00:00,2026-02-27T13:05:00+00:00,-55.937502,2023.02004,-174.7112,stop_loss
dd_reduced_btc_gold_hybrid,GOLD,2026-02-27T13:05:00+00:00,2026-02-27T13:15:00+00:00,-55.657815,1967.362225,-230.369015,stop_loss
dd_reduced_btc_gold_hybrid,GOLD,2026-02-27T13:15:00+00:00,2026-02-27T13:20:00+00:00,-55.379525,1911.9827,-285.74854,stop_loss
dd_reduced_btc_gold_hybrid,BTCUSD,2026-02-28T08:00:00+00:00,2026-02-28T10:30:00+00:00,-53.061623,1858.921077,-338.810164,stop_loss
dd_reduced_btc_gold_hybrid,BTCUSD,2026-02-28T16:40:00+00:00,2026-02-28T16:50:00+00:00,-52.796315,1806.124762,-391.606479,stop_loss
dd_reduced_btc_gold_hybrid,BTCUSD,2026-03-01T08:10:00+00:00,2026-03-01T08:20:00+00:00,-52.532333,1753.592428,-444.138812,stop_loss
dd_reduced_btc_gold_hybrid,BTCUSD,2026-03-01T12:30:00+00:00,2026-03-01T12:40:00+00:00,-52.269672,1701.322757,-496.408484,stop_loss
fresh_fx_pullback_core3,GBPJPY,2026-03-02T07:48:00+00:00,2026-03-02T07:51:00+00:00,20.442935,1721.765692,-475.965549,trailing_stop
fresh_fx_pullback_core3,EURJPY,2026-03-02T07:42:00+00:00,2026-03-02T07:55:00+00:00,3.114568,1724.880259,-472.850981,trailing_stop
fresh_fx_pullback_core3,EURUSD,2026-03-02T07:49:00+00:00,2026-03-02T08:00:00+00:00,-50.0,1674.880259,-522.850981,trailing_stop
fresh_fx_pullback_core3,EURJPY,2026-03-02T07:48:00+00:00,2026-03-02T08:01:00+00:00,-50.598066,1624.282193,-573.449047,trailing_stop
fresh_fx_pullback_core3,EURJPY,2026-03-02T07:43:00+00:00,2026-03-02T08:10:00+00:00,-50.598066,1573.684127,-624.047114,trailing_stop
fresh_fx_pullback_core3,EURUSD,2026-03-02T07:45:00+00:00,2026-03-02T08:41:00+00:00,9.357542,1583.041668,-614.689572,trailing_stop
fresh_fx_pullback_core3,EURUSD,2026-03-02T07:46:00+00:00,2026-03-02T08:41:00+00:00,7.53012,1590.571789,-607.159451,trailing_stop
fresh_fx_pullback_core3,GBPJPY,2026-03-02T07:18:00+00:00,2026-03-02T08:41:00+00:00,21.781881,1612.35367,-585.377571,trailing_stop
fresh_fx_pullback_core3,GBPJPY,2026-03-02T07:20:00+00:00,2026-03-02T08:41:00+00:00,18.9223,1631.275969,-566.455271,trailing_stop
dd_reduced_btc_gold_hybrid,BTCUSD,2026-03-02T07:00:00+00:00,2026-03-02T08:50:00+00:00,-52.008323,1579.267646,-618.463594,stop_loss
dd_reduced_btc_gold_hybrid,BTCUSD,2026-03-02T09:10:00+00:00,2026-03-02T09:55:00+00:00,-51.748282,1527.519364,-670.211876,stop_loss
dd_reduced_btc_gold_hybrid,GOLD,2026-03-02T13:00:00+00:00,2026-03-02T13:10:00+00:00,44.082102,1571.601466,-626.129774,take_profit
dd_reduced_btc_gold_hybrid,GOLD,2026-03-02T14:25:00+00:00,2026-03-02T14:30:00+00:00,-55.323038,1516.278428,-681.452812,stop_loss
dd_reduced_btc_gold_hybrid,GOLD,2026-03-02T14:30:00+00:00,2026-03-02T14:35:00+00:00,44.037139,1560.315566,-637.415674,take_profit
fresh_fx_pullback_core3,EURUSD,2026-03-03T07:35:00+00:00,2026-03-03T07:41:00+00:00,-0.0,1560.315566,-637.415674,trailing_stop
fresh_fx_pullback_core3,EURJPY,2026-03-03T07:07:00+00:00,2026-03-03T07:59:00+00:00,7.883317,1568.198883,-629.532357,trailing_stop
fresh_fx_pullback_core3,EURJPY,2026-03-03T07:35:00+00:00,2026-03-03T07:59:00+00:00,8.97124,1577.170124,-620.561117,trailing_stop
fresh_fx_pullback_core3,GBPJPY,2026-03-03T07:07:00+00:00,2026-03-03T07:59:00+00:00,11.752597,1588.922721,-608.80852,trailing_stop
fresh_fx_pullback_core3,EURUSD,2026-03-03T07:57:00+00:00,2026-03-03T08:09:00+00:00,-0.0,1588.922721,-608.80852,trailing_stop
fresh_fx_pullback_core3,GBPJPY,2026-03-03T07:08:00+00:00,2026-03-03T08:10:00+00:00,9.622159,1598.544879,-599.186361,trailing_stop
fresh_fx_pullback_core3,EURJPY,2026-03-03T07:08:00+00:00,2026-03-03T08:20:00+00:00,2.403538,1600.948417,-596.782823,trailing_stop
dd_reduced_btc_gold_hybrid,BTCUSD,2026-03-03T08:25:00+00:00,2026-03-03T08:40:00+00:00,154.468621,1755.417039,-442.314202,take_profit
dd_reduced_btc_gold_hybrid,BTCUSD,2026-03-03T08:40:00+00:00,2026-03-03T09:05:00+00:00,156.78565,1912.202689,-285.528551,take_profit
dd_reduced_btc_gold_hybrid,GOLD,2026-03-03T14:40:00+00:00,2026-03-03T14:50:00+00:00,-55.266609,1856.93608,-340.79516,stop_loss
dd_reduced_btc_gold_hybrid,GOLD,2026-03-03T14:50:00+00:00,2026-03-03T15:15:00+00:00,-54.990276,1801.945804,-395.785436,stop_loss
dd_reduced_btc_gold_hybrid,GOLD,2026-03-03T15:15:00+00:00,2026-03-03T15:35:00+00:00,43.77226,1845.718064,-352.013176,take_profit
fresh_fx_pullback_core3,EURUSD,2026-03-04T07:26:00+00:00,2026-03-04T07:31:00+00:00,15.504047,1861.222111,-336.509129,trailing_stop
dd_reduced_btc_gold_hybrid,BTCUSD,2026-03-04T07:25:00+00:00,2026-03-04T07:45:00+00:00,159.137435,2020.359547,-177.371694,take_profit
fresh_fx_pullback_core3,GBPJPY,2026-03-04T07:30:00+00:00,2026-03-04T07:51:00+00:00,10.369668,2030.729214,-167.002026,trailing_stop
fresh_fx_pullback_core3,EURUSD,2026-03-04T07:31:00+00:00,2026-03-04T08:02:00+00:00,-49.911959,1980.817256,-216.913985,trailing_stop
dd_reduced_btc_gold_hybrid,BTCUSD,2026-03-04T07:45:00+00:00,2026-03-04T08:20:00+00:00,-53.841499,1926.975757,-270.755483,stop_loss
fresh_fx_pullback_core3,GBPJPY,2026-03-04T07:31:00+00:00,2026-03-04T09:01:00+00:00,-51.210206,1875.765551,-321.965689,trailing_stop
dd_reduced_btc_gold_hybrid,GOLD,2026-03-04T18:10:00+00:00,2026-03-04T18:40:00+00:00,-54.934186,1820.831366,-376.899875,stop_loss
dd_reduced_btc_gold_hybrid,BTCUSD,2026-03-05T07:50:00+00:00,2026-03-05T07:55:00+00:00,-53.572291,1767.259074,-430.472166,stop_loss
dd_reduced_btc_gold_hybrid,BTCUSD,2026-03-05T10:20:00+00:00,2026-03-05T10:30:00+00:00,159.91329,1927.172364,-270.558876,take_profit
dd_reduced_btc_gold_hybrid,GOLD,2026-03-05T13:15:00+00:00,2026-03-05T13:20:00+00:00,-54.659515,1872.512849,-325.218391,stop_loss
dd_reduced_btc_gold_hybrid,GOLD,2026-03-05T13:20:00+00:00,2026-03-05T13:25:00+00:00,43.508974,1916.021823,-281.709417,take_profit
dd_reduced_btc_gold_hybrid,GOLD,2026-03-05T13:25:00+00:00,2026-03-05T14:35:00+00:00,-54.603762,1861.418061,-336.313179,stop_loss
dd_reduced_btc_gold_hybrid,BTCUSD,2026-03-06T09:30:00+00:00,2026-03-06T09:40:00+00:00,-54.103996,1807.314065,-390.417176,stop_loss
dd_reduced_btc_gold_hybrid,BTCUSD,2026-03-06T11:45:00+00:00,2026-03-06T12:05:00+00:00,161.500429,1968.814494,-228.916746,take_profit
dd_reduced_btc_gold_hybrid,GOLD,2026-03-06T15:05:00+00:00,2026-03-06T16:35:00+00:00,43.464595,2012.279088,-185.452152,take_profit
dd_reduced_btc_gold_hybrid,GOLD,2026-03-06T18:50:00+00:00,2026-03-06T19:05:00+00:00,-54.548066,1957.731022,-240.000218,stop_loss
dd_reduced_btc_gold_hybrid,GOLD,2026-03-06T19:05:00+00:00,2026-03-06T19:35:00+00:00,43.420261,2001.151283,-196.579957,take_profit
dd_reduced_btc_gold_hybrid,BTCUSD,2026-03-07T08:00:00+00:00,2026-03-07T08:15:00+00:00,-54.640979,1946.510304,-251.220936,stop_loss
dd_reduced_btc_gold_hybrid,BTCUSD,2026-03-07T13:35:00+00:00,2026-03-07T14:10:00+00:00,163.103321,2109.613625,-88.117615,take_profit
dd_reduced_btc_gold_hybrid,BTCUSD,2026-03-08T08:40:00+00:00,2026-03-08T09:10:00+00:00,165.549871,2275.163496,0.0,take_profit
dd_reduced_btc_gold_hybrid,BTCUSD,2026-03-08T09:10:00+00:00,2026-03-08T10:20:00+00:00,168.033119,2443.196615,0.0,take_profit
dd_reduced_btc_gold_hybrid,BTCUSD,2026-03-09T07:15:00+00:00,2026-03-09T07:20:00+00:00,-56.851205,2386.34541,-56.851205,stop_loss
dd_reduced_btc_gold_hybrid,BTCUSD,2026-03-09T08:20:00+00:00,2026-03-09T09:30:00+00:00,169.700848,2556.046257,0.0,take_profit
dd_reduced_btc_gold_hybrid,GOLD,2026-03-09T18:35:00+00:00,2026-03-09T18:50:00+00:00,-54.492427,2501.55383,-54.492427,stop_loss
dd_reduced_btc_gold_hybrid,GOLD,2026-03-09T18:50:00+00:00,2026-03-09T19:15:00+00:00,-54.219965,2447.333865,-108.712392,stop_loss
dd_reduced_btc_gold_hybrid,GOLD,2026-03-09T19:15:00+00:00,2026-03-09T19:35:00+00:00,43.159092,2490.492957,-65.5533,take_profit
fresh_fx_pullback_core3,EURUSD,2026-03-10T07:23:00+00:00,2026-03-10T07:45:00+00:00,49.662399,2540.155356,-15.890901,take_profit
fresh_fx_pullback_core3,EURUSD,2026-03-10T07:24:00+00:00,2026-03-10T07:45:00+00:00,49.662399,2589.817755,0.0,take_profit
fresh_fx_pullback_core3,EURUSD,2026-03-10T07:25:00+00:00,2026-03-10T07:49:00+00:00,49.662399,2639.480154,0.0,take_profit
fresh_fx_pullback_core3,EURJPY,2026-03-10T07:50:00+00:00,2026-03-10T08:20:00+00:00,9.94299,2649.423144,0.0,trailing_stop
fresh_fx_pullback_core3,EURJPY,2026-03-10T07:51:00+00:00,2026-03-10T08:42:00+00:00,50.203949,2699.627093,0.0,take_profit
dd_reduced_btc_gold_hybrid,BTCUSD,2026-03-10T08:05:00+00:00,2026-03-10T08:50:00+00:00,-57.415453,2642.211639,-57.415453,stop_loss
dd_reduced_btc_gold_hybrid,BTCUSD,2026-03-10T09:20:00+00:00,2026-03-10T09:45:00+00:00,-57.128376,2585.083263,-114.54383,stop_loss
dd_reduced_btc_gold_hybrid,GOLD,2026-03-10T13:05:00+00:00,2026-03-10T13:15:00+00:00,-54.164661,2530.918602,-168.70849,stop_loss
dd_reduced_btc_gold_hybrid,GOLD,2026-03-10T13:15:00+00:00,2026-03-10T13:25:00+00:00,-53.893837,2477.024765,-222.602328,stop_loss
dd_reduced_btc_gold_hybrid,GOLD,2026-03-10T13:25:00+00:00,2026-03-10T13:30:00+00:00,42.899495,2519.924259,-179.702833,take_profit
dd_reduced_btc_gold_hybrid,BTCUSD,2026-03-11T08:25:00+00:00,2026-03-11T08:30:00+00:00,-56.842734,2463.081525,-236.545567,stop_loss
fresh_fx_pullback_core3,EURUSD,2026-03-11T07:57:00+00:00,2026-03-11T08:42:00+00:00,12.869958,2475.951483,-223.67561,trailing_stop
dd_reduced_btc_gold_hybrid,BTCUSD,2026-03-11T11:50:00+00:00,2026-03-11T12:05:00+00:00,169.675562,2645.627045,-54.000048,take_profit
dd_reduced_btc_gold_hybrid,GOLD,2026-03-11T16:05:00+00:00,2026-03-11T16:35:00+00:00,43.071093,2688.698137,-10.928955,take_profit
dd_reduced_btc_gold_hybrid,BTCUSD,2026-03-12T08:15:00+00:00,2026-03-12T08:25:00+00:00,-57.406898,2631.291239,-68.335854,stop_loss
dd_reduced_btc_gold_hybrid,BTCUSD,2026-03-12T09:40:00+00:00,2026-03-12T09:45:00+00:00,-57.119864,2574.171375,-125.455718,stop_loss
dd_reduced_btc_gold_hybrid,GOLD,2026-03-12T13:50:00+00:00,2026-03-12T14:00:00+00:00,43.243377,2617.414752,-82.212341,take_profit
dd_reduced_btc_gold_hybrid,GOLD,2026-03-12T14:30:00+00:00,2026-03-12T15:00:00+00:00,-54.270438,2563.144314,-136.482779,stop_loss
dd_reduced_btc_gold_hybrid,GOLD,2026-03-12T15:10:00+00:00,2026-03-12T16:20:00+00:00,43.199269,2606.343583,-93.28351,take_profit
fresh_fx_pullback_core3,EURJPY,2026-03-13T07:00:00+00:00,2026-03-13T07:18:00+00:00,10.583702,2616.927285,-82.699808,trailing_stop
fresh_fx_pullback_core3,EURUSD,2026-03-13T07:00:00+00:00,2026-03-13T07:35:00+00:00,14.519252,2631.446536,-68.180556,trailing_stop
fresh_fx_pullback_core3,EURUSD,2026-03-13T07:06:00+00:00,2026-03-13T07:35:00+00:00,6.605355,2638.051891,-61.575201,trailing_stop
fresh_fx_pullback_core3,EURJPY,2026-03-13T07:02:00+00:00,2026-03-13T07:42:00+00:00,50.504684,2688.556575,-11.070518,take_profit
fresh_fx_pullback_core3,EURJPY,2026-03-13T07:06:00+00:00,2026-03-13T07:44:00+00:00,50.504684,2739.061259,0.0,take_profit
fresh_fx_pullback_core3,EURUSD,2026-03-13T07:21:00+00:00,2026-03-13T07:47:00+00:00,27.784917,2766.846176,0.0,trailing_stop
fresh_fx_pullback_core3,GBPJPY,2026-03-13T07:50:00+00:00,2026-03-13T08:00:00+00:00,3.02578,2769.871956,0.0,trailing_stop
fresh_fx_pullback_core3,GBPJPY,2026-03-13T07:06:00+00:00,2026-03-13T08:03:00+00:00,51.006003,2820.877959,0.0,take_profit
fresh_fx_pullback_core3,GBPJPY,2026-03-13T07:44:00+00:00,2026-03-13T08:03:00+00:00,51.006003,2871.883961,0.0,take_profit
dd_reduced_btc_gold_hybrid,BTCUSD,2026-03-13T08:30:00+00:00,2026-03-13T08:35:00+00:00,170.502794,3042.386755,0.0,take_profit
dd_reduced_btc_gold_hybrid,BTCUSD,2026-03-13T08:35:00+00:00,2026-03-13T08:45:00+00:00,-57.686779,2984.699977,-57.686779,stop_loss
dd_reduced_btc_gold_hybrid,GOLD,2026-03-13T13:00:00+00:00,2026-03-13T13:10:00+00:00,43.372066,3028.072042,-14.314713,take_profit
dd_reduced_btc_gold_hybrid,GOLD,2026-03-13T14:45:00+00:00,2026-03-13T14:50:00+00:00,-54.431943,2973.6401,-68.746655,stop_loss
dd_reduced_btc_gold_hybrid,GOLD,2026-03-13T14:50:00+00:00,2026-03-13T14:55:00+00:00,-54.159783,2919.480317,-122.906438,stop_loss
dd_reduced_btc_gold_hybrid,BTCUSD,2026-03-14T07:00:00+00:00,2026-03-14T11:00:00+00:00,12.325051,2931.805368,-110.581387,max_hold
dd_reduced_btc_gold_hybrid,BTCUSD,2026-03-14T14:40:00+00:00,2026-03-14T15:00:00+00:00,-57.45997,2874.345398,-168.041357,stop_loss
dd_reduced_btc_gold_hybrid,BTCUSD,2026-03-15T08:55:00+00:00,2026-03-15T09:20:00+00:00,171.51801,3045.863408,0.0,take_profit
dd_reduced_btc_gold_hybrid,BTCUSD,2026-03-15T09:20:00+00:00,2026-03-15T09:25:00+00:00,-58.03026,2987.833148,-58.03026,stop_loss
fresh_fx_pullback_core3,GBPJPY,2026-03-16T07:14:00+00:00,2026-03-16T07:41:00+00:00,6.017115,2993.850264,-52.013145,trailing_stop
dd_reduced_btc_gold_hybrid,BTCUSD,2026-03-16T10:50:00+00:00,2026-03-16T12:30:00+00:00,173.220327,3167.07059,0.0,take_profit
dd_reduced_btc_gold_hybrid,BTCUSD,2026-03-16T12:30:00+00:00,2026-03-16T12:40:00+00:00,-58.60621,3108.46438,-58.60621,stop_loss
dd_reduced_btc_gold_hybrid,GOLD,2026-03-16T13:15:00+00:00,2026-03-16T13:30:00+00:00,43.111187,3151.575567,-15.495023,take_profit
dd_reduced_btc_gold_hybrid,GOLD,2026-03-16T16:25:00+00:00,2026-03-16T16:40:00+00:00,43.283632,3194.859199,0.0,take_profit
dd_reduced_btc_gold_hybrid,GOLD,2026-03-16T18:40:00+00:00,2026-03-16T19:30:00+00:00,43.456766,3238.315965,0.0,take_profit
dd_reduced_btc_gold_hybrid,BTCUSD,2026-03-17T09:50:00+00:00,2026-03-17T10:05:00+00:00,174.939538,3413.255503,0.0,take_profit
dd_reduced_btc_gold_hybrid,BTCUSD,2026-03-17T10:05:00+00:00,2026-03-17T10:25:00+00:00,-59.187877,3354.067626,-59.187877,stop_loss
dd_reduced_btc_gold_hybrid,BTCUSD,2026-03-18T07:30:00+00:00,2026-03-18T07:50:00+00:00,-58.891938,3295.175688,-118.079815,stop_loss
fresh_fx_pullback_core3,EURJPY,2026-03-18T07:46:00+00:00,2026-03-18T08:34:00+00:00,-51.062649,3244.113039,-169.142464,trailing_stop
fresh_fx_pullback_core3,EURJPY,2026-03-18T07:44:00+00:00,2026-03-18T08:44:00+00:00,-51.062649,3193.05039,-220.205113,trailing_stop
dd_reduced_btc_gold_hybrid,BTCUSD,2026-03-18T09:10:00+00:00,2026-03-18T10:30:00+00:00,-58.597478,3134.452912,-278.802591,stop_loss
dd_reduced_btc_gold_hybrid,GOLD,2026-03-18T13:00:00+00:00,2026-03-18T13:15:00+00:00,-54.538242,3079.91467,-333.340833,stop_loss
dd_reduced_btc_gold_hybrid,GOLD,2026-03-18T13:15:00+00:00,2026-03-18T13:35:00+00:00,43.41244,3123.327111,-289.928392,take_profit
dd_reduced_btc_gold_hybrid,GOLD,2026-03-18T18:45:00+00:00,2026-03-18T18:55:00+00:00,-54.482613,3068.844498,-344.411005,stop_loss
fresh_fx_pullback_core3,GBPJPY,2026-03-19T07:07:00+00:00,2026-03-19T07:08:00+00:00,1.680727,3070.525225,-342.730279,trailing_stop
dd_reduced_btc_gold_hybrid,BTCUSD,2026-03-19T07:00:00+00:00,2026-03-19T07:10:00+00:00,174.913472,3245.438697,-167.816807,take_profit
dd_reduced_btc_gold_hybrid,BTCUSD,2026-03-19T07:10:00+00:00,2026-03-19T07:20:00+00:00,177.537174,3422.975871,0.0,take_profit
fresh_fx_pullback_core3,EURJPY,2026-03-19T07:31:00+00:00,2026-03-19T07:57:00+00:00,50.552023,3473.527893,0.0,take_profit
fresh_fx_pullback_core3,GBPJPY,2026-03-19T07:56:00+00:00,2026-03-19T08:04:00+00:00,51.569681,3525.097574,0.0,take_profit
fresh_fx_pullback_core3,GBPJPY,2026-03-19T07:57:00+00:00,2026-03-19T08:10:00+00:00,51.569681,3576.667255,0.0,take_profit
fresh_fx_pullback_core3,EURJPY,2026-03-19T07:57:00+00:00,2026-03-19T08:13:00+00:00,50.804783,3627.472038,0.0,take_profit
fresh_fx_pullback_core3,EURUSD,2026-03-19T07:57:00+00:00,2026-03-19T08:15:00+00:00,0.667319,3628.139357,0.0,trailing_stop
dd_reduced_btc_gold_hybrid,GOLD,2026-03-19T13:00:00+00:00,2026-03-19T13:25:00+00:00,43.36816,3671.507517,0.0,take_profit
dd_reduced_btc_gold_hybrid,GOLD,2026-03-19T17:10:00+00:00,2026-03-19T17:15:00+00:00,43.541632,3715.049149,0.0,take_profit
fresh_fx_pullback_core3,EURJPY,2026-03-20T07:06:00+00:00,2026-03-20T07:32:00+00:00,8.583161,3723.63231,0.0,trailing_stop
fresh_fx_pullback_core3,EURJPY,2026-03-20T07:07:00+00:00,2026-03-20T07:48:00+00:00,5.393536,3729.025846,0.0,trailing_stop
dd_reduced_btc_gold_hybrid,BTCUSD,2026-03-20T07:35:00+00:00,2026-03-20T08:05:00+00:00,180.200232,3909.226078,0.0,take_profit
fresh_fx_pullback_core3,EURJPY,2026-03-20T07:08:00+00:00,2026-03-20T08:59:00+00:00,22.134912,3931.36099,0.0,trailing_stop
dd_reduced_btc_gold_hybrid,BTCUSD,2026-03-20T08:05:00+00:00,2026-03-20T09:00:00+00:00,-60.967745,3870.393245,-60.967745,stop_loss
fresh_fx_pullback_core3,GBPJPY,2026-03-20T07:46:00+00:00,2026-03-20T10:00:00+00:00,-52.085378,3818.307867,-113.053123,trailing_stop
dd_reduced_btc_gold_hybrid,GOLD,2026-03-20T13:30:00+00:00,2026-03-20T13:35:00+00:00,43.715799,3862.023666,-69.337324,take_profit
dd_reduced_btc_gold_hybrid,GOLD,2026-03-20T13:50:00+00:00,2026-03-20T14:10:00+00:00,-54.863328,3807.160338,-124.200652,stop_loss
dd_reduced_btc_gold_hybrid,GOLD,2026-03-20T14:10:00+00:00,2026-03-20T14:20:00+00:00,-54.589011,3752.571327,-178.789663,stop_loss
dd_reduced_btc_gold_hybrid,BTCUSD,2026-03-21T07:25:00+00:00,2026-03-21T07:30:00+00:00,-60.662906,3691.908421,-239.452569,stop_loss
dd_reduced_btc_gold_hybrid,BTCUSD,2026-03-21T12:00:00+00:00,2026-03-21T12:05:00+00:00,-60.359592,3631.548829,-299.812161,stop_loss
dd_reduced_btc_gold_hybrid,BTCUSD,2026-03-22T07:35:00+00:00,2026-03-22T07:50:00+00:00,-60.057794,3571.491036,-359.869954,stop_loss
dd_reduced_btc_gold_hybrid,BTCUSD,2026-03-22T07:55:00+00:00,2026-03-22T08:25:00+00:00,179.272515,3750.76355,-180.59744,take_profit
dd_reduced_btc_gold_hybrid,BTCUSD,2026-03-23T07:00:00+00:00,2026-03-23T07:05:00+00:00,-60.653867,3690.109683,-241.251307,stop_loss
dd_reduced_btc_gold_hybrid,BTCUSD,2026-03-23T11:05:00+00:00,2026-03-23T11:10:00+00:00,-60.350598,3629.759085,-301.601905,stop_loss
dd_reduced_btc_gold_hybrid,GOLD,2026-03-23T13:10:00+00:00,2026-03-23T13:25:00+00:00,43.452853,3673.211937,-258.149053,take_profit
dd_reduced_btc_gold_hybrid,GOLD,2026-03-23T14:25:00+00:00,2026-03-23T14:50:00+00:00,43.626664,3716.838602,-214.522388,take_profit
dd_reduced_btc_gold_hybrid,BTCUSD,2026-03-24T07:00:00+00:00,2026-03-24T07:05:00+00:00,180.146535,3896.985137,-34.375853,take_profit
fresh_fx_pullback_core3,EURJPY,2026-03-24T07:04:00+00:00,2026-03-24T07:10:00+00:00,6.48465,3903.469787,-27.891203,trailing_stop
fresh_fx_pullback_core3,EURUSD,2026-03-24T07:09:00+00:00,2026-03-24T07:10:00+00:00,2.519184,3905.988971,-25.372019,trailing_stop
dd_reduced_btc_gold_hybrid,BTCUSD,2026-03-24T07:05:00+00:00,2026-03-24T07:55:00+00:00,182.848733,4088.837704,0.0,take_profit
fresh_fx_pullback_core3,GBPJPY,2026-03-24T07:09:00+00:00,2026-03-24T08:04:00+00:00,-51.824951,4037.012753,-51.824951,trailing_stop
fresh_fx_pullback_core3,GBPJPY,2026-03-24T07:10:00+00:00,2026-03-24T08:04:00+00:00,-51.824951,3985.187802,-103.649902,trailing_stop
fresh_fx_pullback_core3,EURUSD,2026-03-24T07:10:00+00:00,2026-03-24T08:50:00+00:00,-50.732165,3934.455638,-154.382066,trailing_stop
fresh_fx_pullback_core3,EURUSD,2026-03-24T07:12:00+00:00,2026-03-24T08:50:00+00:00,-50.732165,3883.723473,-205.114231,trailing_stop
fresh_fx_pullback_core3,GBPJPY,2026-03-25T07:52:00+00:00,2026-03-25T08:04:00+00:00,51.306701,3935.030174,-153.80753,take_profit
fresh_fx_pullback_core3,GBPJPY,2026-03-25T07:55:00+00:00,2026-03-25T08:06:00+00:00,13.758222,3948.788396,-140.049308,trailing_stop
fresh_fx_pullback_core3,EURJPY,2026-03-25T07:52:00+00:00,2026-03-25T08:16:00+00:00,-51.271788,3897.516608,-191.321096,trailing_stop
fresh_fx_pullback_core3,GBPJPY,2026-03-25T07:56:00+00:00,2026-03-25T08:23:00+00:00,0.185446,3897.702054,-191.13565,trailing_stop
dd_reduced_btc_gold_hybrid,BTCUSD,2026-03-25T08:30:00+00:00,2026-03-25T08:35:00+00:00,-61.863821,3835.838232,-252.999472,stop_loss
dd_reduced_btc_gold_hybrid,BTCUSD,2026-03-25T10:45:00+00:00,2026-03-25T11:25:00+00:00,184.663507,4020.501739,-68.335965,take_profit
dd_reduced_btc_gold_hybrid,GOLD,2026-03-25T19:05:00+00:00,2026-03-25T19:10:00+00:00,-54.751464,3965.750276,-123.087428,stop_loss
dd_reduced_btc_gold_hybrid,GOLD,2026-03-25T19:10:00+00:00,2026-03-25T19:40:00+00:00,43.582165,4009.332441,-79.505263,take_profit
dd_reduced_btc_gold_hybrid,GOLD,2026-03-25T19:45:00+00:00,2026-03-25T19:55:00+00:00,43.756494,4053.088934,-35.74877,take_profit
fresh_fx_pullback_core3,GBPJPY,2026-03-26T07:11:00+00:00,2026-03-26T07:20:00+00:00,1.552871,4054.641805,-34.195899,trailing_stop
dd_reduced_btc_gold_hybrid,BTCUSD,2026-03-26T09:30:00+00:00,2026-03-26T09:55:00+00:00,-62.47782,3992.163985,-96.673719,stop_loss
dd_reduced_btc_gold_hybrid,BTCUSD,2026-03-26T11:20:00+00:00,2026-03-26T11:40:00+00:00,-62.165431,3929.998555,-158.839149,stop_loss
dd_reduced_btc_gold_hybrid,GOLD,2026-03-26T16:20:00+00:00,2026-03-26T16:30:00+00:00,-54.9144,3875.084155,-213.753549,stop_loss
dd_reduced_btc_gold_hybrid,GOLD,2026-03-26T16:30:00+00:00,2026-03-26T16:35:00+00:00,-54.639828,3820.444327,-268.393376,stop_loss
dd_reduced_btc_gold_hybrid,GOLD,2026-03-26T16:35:00+00:00,2026-03-26T17:00:00+00:00,43.493303,3863.93763,-224.900074,take_profit
fresh_fx_pullback_core3,EURUSD,2026-03-27T07:21:00+00:00,2026-03-27T07:47:00+00:00,14.220287,3878.157917,-210.679787,trailing_stop
dd_reduced_btc_gold_hybrid,BTCUSD,2026-03-27T07:55:00+00:00,2026-03-27T08:30:00+00:00,185.563811,4063.721728,-25.115976,take_profit
dd_reduced_btc_gold_hybrid,BTCUSD,2026-03-27T08:30:00+00:00,2026-03-27T08:35:00+00:00,188.347268,4252.068996,0.0,take_profit
dd_reduced_btc_gold_hybrid,GOLD,2026-03-27T14:45:00+00:00,2026-03-27T14:50:00+00:00,-54.584095,4197.484901,-54.584095,stop_loss
dd_reduced_btc_gold_hybrid,GOLD,2026-03-27T14:50:00+00:00,2026-03-27T14:55:00+00:00,-54.311174,4143.173727,-108.895269,stop_loss
dd_reduced_btc_gold_hybrid,GOLD,2026-03-27T14:55:00+00:00,2026-03-27T15:10:00+00:00,-54.039619,4089.134108,-162.934888,stop_loss
dd_reduced_btc_gold_hybrid,BTCUSD,2026-03-28T07:55:00+00:00,2026-03-28T08:00:00+00:00,-63.724159,4025.409949,-226.659047,stop_loss
dd_reduced_btc_gold_hybrid,BTCUSD,2026-03-28T09:00:00+00:00,2026-03-28T10:20:00+00:00,190.216615,4215.626564,-36.442432,take_profit
dd_reduced_btc_gold_hybrid,BTCUSD,2026-03-29T09:30:00+00:00,2026-03-29T09:40:00+00:00,-64.356621,4151.269942,-100.799054,stop_loss
dd_reduced_btc_gold_hybrid,BTCUSD,2026-03-29T10:05:00+00:00,2026-03-29T11:00:00+00:00,-64.034838,4087.235104,-164.833892,stop_loss
fresh_fx_pullback_core3,GBPJPY,2026-03-30T07:17:00+00:00,2026-03-30T07:24:00+00:00,51.640718,4138.875822,-113.193174,take_profit
fresh_fx_pullback_core3,EURJPY,2026-03-30T07:17:00+00:00,2026-03-30T07:25:00+00:00,51.015429,4189.891251,-62.177745,take_profit
fresh_fx_pullback_core3,GBPJPY,2026-03-30T07:12:00+00:00,2026-03-30T07:25:00+00:00,51.640718,4241.531968,-10.537028,take_profit
fresh_fx_pullback_core3,GBPJPY,2026-03-30T07:14:00+00:00,2026-03-30T07:55:00+00:00,19.947858,4261.479827,0.0,trailing_stop
fresh_fx_pullback_core3,EURJPY,2026-03-30T07:19:00+00:00,2026-03-30T07:56:00+00:00,9.373659,4270.853486,0.0,trailing_stop
fresh_fx_pullback_core3,EURJPY,2026-03-30T07:20:00+00:00,2026-03-30T07:57:00+00:00,1.39133,4272.244816,0.0,trailing_stop
fresh_fx_pullback_core3,EURUSD,2026-03-30T07:39:00+00:00,2026-03-30T08:29:00+00:00,2.173282,4274.418097,0.0,trailing_stop
dd_reduced_btc_gold_hybrid,BTCUSD,2026-03-30T07:55:00+00:00,2026-03-30T08:35:00+00:00,191.143992,4465.562089,0.0,take_profit
dd_reduced_btc_gold_hybrid,BTCUSD,2026-03-30T11:25:00+00:00,2026-03-30T11:30:00+00:00,-64.670384,4400.891705,-64.670384,stop_loss
dd_reduced_btc_gold_hybrid,GOLD,2026-03-30T17:55:00+00:00,2026-03-30T18:55:00+00:00,-53.76942,4347.122285,-118.439804,stop_loss
dd_reduced_btc_gold_hybrid,GOLD,2026-03-30T18:55:00+00:00,2026-03-30T19:30:00+00:00,42.800459,4389.922743,-75.639346,take_profit
dd_reduced_btc_gold_hybrid,BTCUSD,2026-03-31T07:10:00+00:00,2026-03-31T07:45:00+00:00,-64.347032,4325.575711,-139.986378,stop_loss
dd_reduced_btc_gold_hybrid,BTCUSD,2026-03-31T08:35:00+00:00,2026-03-31T08:45:00+00:00,192.075891,4517.651602,0.0,take_profit
dd_reduced_btc_gold_hybrid,GOLD,2026-03-31T13:55:00+00:00,2026-03-31T14:00:00+00:00,-53.714576,4463.937026,-53.714576,stop_loss
dd_reduced_btc_gold_hybrid,GOLD,2026-03-31T14:00:00+00:00,2026-03-31T14:55:00+00:00,42.756802,4506.693828,-10.957773,take_profit
dd_reduced_btc_gold_hybrid,GOLD,2026-03-31T17:00:00+00:00,2026-03-31T17:45:00+00:00,-53.659787,4453.034042,-64.61756,stop_loss
fresh_fx_pullback_core3,EURJPY,2026-04-01T07:58:00+00:00,2026-04-01T10:55:00+00:00,1.11899,4454.153031,-63.49857,trailing_stop
dd_reduced_btc_gold_hybrid,BTCUSD,2026-04-01T11:50:00+00:00,2026-04-01T12:00:00+00:00,-64.985676,4389.167355,-128.484247,stop_loss
dd_reduced_btc_gold_hybrid,BTCUSD,2026-04-01T13:40:00+00:00,2026-04-01T14:15:00+00:00,-64.660748,4324.506607,-193.144995,stop_loss
dd_reduced_btc_gold_hybrid,GOLD,2026-04-01T14:50:00+00:00,2026-04-01T15:40:00+00:00,-53.391488,4271.115119,-246.536483,stop_loss
dd_reduced_btc_gold_hybrid,GOLD,2026-04-01T15:40:00+00:00,2026-04-01T17:55:00+00:00,42.499624,4313.614744,-204.036858,take_profit
dd_reduced_btc_gold_hybrid,BTCUSD,2026-04-02T08:40:00+00:00,2026-04-02T10:10:00+00:00,193.012333,4506.627076,-11.024526,take_profit
dd_reduced_btc_gold_hybrid,BTCUSD,2026-04-02T10:10:00+00:00,2026-04-02T10:20:00+00:00,-65.302506,4441.32457,-76.327032,stop_loss
dd_reduced_btc_gold_hybrid,GOLD,2026-04-02T14:20:00+00:00,2026-04-02T15:50:00+00:00,42.669623,4483.994193,-33.657409,take_profit
dd_reduced_btc_gold_hybrid,GOLD,2026-04-02T18:55:00+00:00,2026-04-02T19:05:00+00:00,-53.550377,4430.443817,-87.207785,stop_loss
dd_reduced_btc_gold_hybrid,GOLD,2026-04-02T19:05:00+00:00,2026-04-02T19:15:00+00:00,42.6261,4473.069916,-44.581686,take_profit
dd_reduced_btc_gold_hybrid,BTCUSD,2026-04-03T07:05:00+00:00,2026-04-03T07:10:00+00:00,-64.975993,4408.093923,-109.557679,stop_loss
dd_reduced_btc_gold_hybrid,BTCUSD,2026-04-03T07:25:00+00:00,2026-04-03T07:35:00+00:00,193.95334,4602.047263,0.0,take_profit
dd_reduced_btc_gold_hybrid,BTCUSD,2026-04-04T07:00:00+00:00,2026-04-04T07:20:00+00:00,-65.62088,4536.426383,-65.62088,stop_loss
dd_reduced_btc_gold_hybrid,BTCUSD,2026-04-04T10:35:00+00:00,2026-04-04T10:45:00+00:00,195.878327,4732.30471,0.0,take_profit
dd_reduced_btc_gold_hybrid,BTCUSD,2026-04-05T12:00:00+00:00,2026-04-05T12:30:00+00:00,198.816502,4931.121212,0.0,take_profit
dd_reduced_btc_gold_hybrid,BTCUSD,2026-04-05T12:30:00+00:00,2026-04-05T13:00:00+00:00,-67.26625,4863.854962,-67.26625,stop_loss
fresh_fx_pullback_core3,GBPJPY,2026-04-06T07:20:00+00:00,2026-04-06T07:36:00+00:00,52.256864,4916.111826,-15.009386,take_profit
fresh_fx_pullback_core3,EURUSD,2026-04-06T07:42:00+00:00,2026-04-06T07:52:00+00:00,50.306811,4966.418637,0.0,take_profit
fresh_fx_pullback_core3,GBPJPY,2026-04-06T07:36:00+00:00,2026-04-06T07:55:00+00:00,21.125721,4987.544358,0.0,trailing_stop
fresh_fx_pullback_core3,EURJPY,2026-04-06T07:36:00+00:00,2026-04-06T07:56:00+00:00,17.31612,5004.860478,0.0,trailing_stop
fresh_fx_pullback_core3,EURUSD,2026-04-06T07:46:00+00:00,2026-04-06T08:06:00+00:00,12.208963,5017.069441,0.0,trailing_stop
fresh_fx_pullback_core3,EURJPY,2026-04-06T07:53:00+00:00,2026-04-06T08:07:00+00:00,-51.329926,4965.739515,-51.329926,trailing_stop
fresh_fx_pullback_core3,EURUSD,2026-04-06T07:47:00+00:00,2026-04-06T08:07:00+00:00,2.9125,4968.652014,-48.417426,trailing_stop
dd_reduced_btc_gold_hybrid,BTCUSD,2026-04-06T08:30:00+00:00,2026-04-06T09:10:00+00:00,200.789756,5169.44177,0.0,take_profit
dd_reduced_btc_gold_hybrid,BTCUSD,2026-04-06T09:10:00+00:00,2026-04-06T09:15:00+00:00,203.801602,5373.243372,0.0,take_profit
fresh_fx_pullback_core3,GBPJPY,2026-04-06T07:52:00+00:00,2026-04-06T11:20:00+00:00,-52.518148,5320.725224,-52.518148,trailing_stop
dd_reduced_btc_gold_hybrid,GOLD,2026-04-06T17:25:00+00:00,2026-04-06T18:10:00+00:00,42.796604,5363.521828,-9.721544,take_profit
dd_reduced_btc_gold_hybrid,BTCUSD,2026-04-07T09:05:00+00:00,2026-04-07T09:10:00+00:00,-68.952875,5294.568953,-78.674419,stop_loss
dd_reduced_btc_gold_hybrid,BTCUSD,2026-04-07T10:25:00+00:00,2026-04-07T10:45:00+00:00,205.824333,5500.393286,0.0,take_profit
dd_reduced_btc_gold_hybrid,GOLD,2026-04-07T14:05:00+00:00,2026-04-07T14:20:00+00:00,42.967791,5543.361076,0.0,take_profit
dd_reduced_btc_gold_hybrid,GOLD,2026-04-07T18:25:00+00:00,2026-04-07T18:45:00+00:00,43.139662,5586.500738,0.0,take_profit
dd_reduced_btc_gold_hybrid,BTCUSD,2026-04-08T12:10:00+00:00,2026-04-08T12:20:00+00:00,-69.637233,5516.863505,-69.637233,stop_loss
dd_reduced_btc_gold_hybrid,BTCUSD,2026-04-08T12:35:00+00:00,2026-04-08T13:05:00+00:00,207.867139,5724.730645,0.0,take_profit
dd_reduced_btc_gold_hybrid,GOLD,2026-04-08T14:30:00+00:00,2026-04-08T14:40:00+00:00,43.31222,5768.042865,0.0,take_profit
dd_reduced_btc_gold_hybrid,GOLD,2026-04-08T14:55:00+00:00,2026-04-08T15:15:00+00:00,43.485469,5811.528335,0.0,take_profit
dd_reduced_btc_gold_hybrid,GOLD,2026-04-08T17:45:00+00:00,2026-04-08T18:00:00+00:00,-54.574264,5756.954071,-54.574264,stop_loss
fresh_fx_pullback_core3,EURJPY,2026-04-09T07:57:00+00:00,2026-04-09T08:16:00+00:00,51.159857,5808.113928,-3.414407,take_profit
fresh_fx_pullback_core3,EURJPY,2026-04-09T07:59:00+00:00,2026-04-09T08:29:00+00:00,51.159857,5859.273785,0.0,take_profit
dd_reduced_btc_gold_hybrid,BTCUSD,2026-04-09T08:40:00+00:00,2026-04-09T08:45:00+00:00,-70.328382,5788.945403,-70.328382,stop_loss
dd_reduced_btc_gold_hybrid,BTCUSD,2026-04-09T09:15:00+00:00,2026-04-09T09:25:00+00:00,-69.97674,5718.968662,-140.305122,stop_loss
dd_reduced_btc_gold_hybrid,GOLD,2026-04-09T13:30:00+00:00,2026-04-09T13:35:00+00:00,-54.301393,5664.66727,-194.606515,stop_loss
dd_reduced_btc_gold_hybrid,GOLD,2026-04-09T13:35:00+00:00,2026-04-09T13:50:00+00:00,43.223909,5707.891178,-151.382607,take_profit
dd_reduced_btc_gold_hybrid,GOLD,2026-04-09T14:00:00+00:00,2026-04-09T14:15:00+00:00,43.396804,5751.287982,-107.985802,take_profit
dd_reduced_btc_gold_hybrid,BTCUSD,2026-04-10T07:00:00+00:00,2026-04-10T07:50:00+00:00,208.88057,5960.168552,0.0,take_profit
dd_reduced_btc_gold_hybrid,BTCUSD,2026-04-10T07:50:00+00:00,2026-04-10T08:05:00+00:00,-70.671259,5889.497293,-70.671259,stop_loss
fresh_fx_pullback_core3,GBPJPY,2026-04-10T07:10:00+00:00,2026-04-10T09:19:00+00:00,0.720567,5890.217859,-69.950693,trailing_stop
dd_reduced_btc_gold_hybrid,BTCUSD,2026-04-11T12:00:00+00:00,2026-04-11T12:10:00+00:00,-70.317903,5819.899956,-140.268596,stop_loss
dd_reduced_btc_gold_hybrid,BTCUSD,2026-04-11T12:40:00+00:00,2026-04-11T13:00:00+00:00,-69.966314,5749.933643,-210.234909,stop_loss
dd_reduced_btc_gold_hybrid,BTCUSD,2026-04-12T09:00:00+00:00,2026-04-12T09:20:00+00:00,-69.616482,5680.317161,-279.851391,stop_loss
dd_reduced_btc_gold_hybrid,BTCUSD,2026-04-12T09:45:00+00:00,2026-04-12T10:05:00+00:00,-69.2684,5611.048761,-349.119791,stop_loss
dd_reduced_btc_gold_hybrid,BTCUSD,2026-04-13T08:15:00+00:00,2026-04-13T08:25:00+00:00,-68.922058,5542.126703,-418.041849,stop_loss
dd_reduced_btc_gold_hybrid,BTCUSD,2026-04-13T08:40:00+00:00,2026-04-13T08:55:00+00:00,-68.577447,5473.549256,-486.619296,stop_loss
dd_reduced_btc_gold_hybrid,GOLD,2026-04-13T13:45:00+00:00,2026-04-13T13:50:00+00:00,43.570391,5517.119648,-443.048904,take_profit
dd_reduced_btc_gold_hybrid,GOLD,2026-04-13T16:40:00+00:00,2026-04-13T17:05:00+00:00,43.744673,5560.864321,-399.304231,take_profit
dd_reduced_btc_gold_hybrid,GOLD,2026-04-13T17:15:00+00:00,2026-04-13T17:50:00+00:00,43.919652,5604.783972,-355.38458,take_profit
fresh_fx_pullback_core3,EURUSD,2026-04-14T07:00:00+00:00,2026-04-14T07:02:00+00:00,29.385776,5634.169748,-325.998804,trailing_stop
fresh_fx_pullback_core3,EURUSD,2026-04-14T07:01:00+00:00,2026-04-14T07:02:00+00:00,13.754893,5647.924641,-312.243911,trailing_stop
dd_reduced_btc_gold_hybrid,BTCUSD,2026-04-14T07:00:00+00:00,2026-04-14T07:05:00+00:00,204.70368,5852.628321,-107.540231,take_profit
dd_reduced_btc_gold_hybrid,BTCUSD,2026-04-14T07:05:00+00:00,2026-04-14T07:10:00+00:00,-69.258078,5783.370242,-176.79831,stop_loss
fresh_fx_pullback_core3,EURUSD,2026-04-14T07:05:00+00:00,2026-04-14T12:01:00+00:00,3.732085,5787.102327,-173.066225,trailing_stop
dd_reduced_btc_gold_hybrid,GOLD,2026-04-14T14:05:00+00:00,2026-04-14T14:30:00+00:00,-55.119163,5731.983164,-228.185388,stop_loss
dd_reduced_btc_gold_hybrid,GOLD,2026-04-14T16:15:00+00:00,2026-04-14T17:05:00+00:00,-54.843567,5677.139597,-283.028955,stop_loss
dd_reduced_btc_gold_hybrid,GOLD,2026-04-14T17:05:00+00:00,2026-04-14T17:35:00+00:00,-54.569349,5622.570248,-337.598304,stop_loss
dd_reduced_btc_gold_hybrid,BTCUSD,2026-04-15T07:05:00+00:00,2026-04-15T07:10:00+00:00,-68.911788,5553.65846,-406.510092,stop_loss
dd_reduced_btc_gold_hybrid,BTCUSD,2026-04-15T07:15:00+00:00,2026-04-15T07:50:00+00:00,-68.567229,5485.091231,-475.077321,stop_loss
dd_reduced_btc_gold_hybrid,GOLD,2026-04-15T13:55:00+00:00,2026-04-15T14:00:00+00:00,43.437202,5528.528433,-431.640119,take_profit
dd_reduced_btc_gold_hybrid,GOLD,2026-04-15T15:30:00+00:00,2026-04-15T15:35:00+00:00,43.610951,5572.139384,-388.029168,take_profit
dd_reduced_btc_gold_hybrid,BTCUSD,2026-04-16T08:05:00+00:00,2026-04-16T08:15:00+00:00,-68.224393,5503.914991,-456.253561,stop_loss
dd_reduced_btc_gold_hybrid,BTCUSD,2026-04-16T10:10:00+00:00,2026-04-16T10:25:00+00:00,-67.883271,5436.03172,-524.136833,stop_loss
dd_reduced_btc_gold_hybrid,GOLD,2026-04-16T13:50:00+00:00,2026-04-16T14:10:00+00:00,43.785395,5479.817114,-480.351438,take_profit
dd_reduced_btc_gold_hybrid,GOLD,2026-04-16T16:45:00+00:00,2026-04-16T17:00:00+00:00,43.960536,5523.77765,-436.390902,take_profit
dd_reduced_btc_gold_hybrid,GOLD,2026-04-16T17:10:00+00:00,2026-04-16T17:35:00+00:00,-55.170473,5468.607177,-491.561375,stop_loss
dd_reduced_btc_gold_hybrid,BTCUSD,2026-04-17T07:00:00+00:00,2026-04-17T08:30:00+00:00,202.631564,5671.238741,-288.929811,take_profit
dd_reduced_btc_gold_hybrid,BTCUSD,2026-04-17T08:30:00+00:00,2026-04-17T08:35:00+00:00,-68.557013,5602.681729,-357.486823,stop_loss
dd_reduced_btc_gold_hybrid,GOLD,2026-04-17T13:00:00+00:00,2026-04-17T13:05:00+00:00,-54.894621,5547.787108,-412.381444,stop_loss
dd_reduced_btc_gold_hybrid,GOLD,2026-04-17T13:05:00+00:00,2026-04-17T13:10:00+00:00,-54.620147,5493.166961,-467.001591,stop_loss
dd_reduced_btc_gold_hybrid,GOLD,2026-04-17T13:10:00+00:00,2026-04-17T13:15:00+00:00,43.477637,5536.644598,-423.523954,take_profit
dd_reduced_btc_gold_hybrid,BTCUSD,2026-04-18T08:10:00+00:00,2026-04-18T08:30:00+00:00,204.642682,5741.287281,-218.881271,take_profit
dd_reduced_btc_gold_hybrid,BTCUSD,2026-04-18T08:30:00+00:00,2026-04-18T08:50:00+00:00,-69.237441,5672.04984,-288.118712,stop_loss
dd_reduced_btc_gold_hybrid,BTCUSD,2026-04-19T07:05:00+00:00,2026-04-19T07:20:00+00:00,206.673761,5878.723601,-81.444951,take_profit
dd_reduced_btc_gold_hybrid,BTCUSD,2026-04-19T07:20:00+00:00,2026-04-19T07:30:00+00:00,-69.924622,5808.798978,-151.369574,stop_loss
dd_reduced_btc_gold_hybrid,BTCUSD,2026-04-20T07:15:00+00:00,2026-04-20T07:20:00+00:00,208.724998,6017.523976,0.0,take_profit
dd_reduced_btc_gold_hybrid,BTCUSD,2026-04-20T07:20:00+00:00,2026-04-20T07:25:00+00:00,-70.618624,5946.905352,-70.618624,stop_loss
dd_reduced_btc_gold_hybrid,GOLD,2026-04-20T13:40:00+00:00,2026-04-20T14:00:00+00:00,43.651548,5990.5569,-26.967076,take_profit
dd_reduced_btc_gold_hybrid,GOLD,2026-04-20T19:05:00+00:00,2026-04-20T19:30:00+00:00,43.826154,6034.383054,0.0,take_profit
dd_reduced_btc_gold_hybrid,BTCUSD,2026-04-21T07:20:00+00:00,2026-04-21T07:30:00+00:00,-70.265531,5964.117523,-70.265531,stop_loss
dd_reduced_btc_gold_hybrid,BTCUSD,2026-04-21T08:20:00+00:00,2026-04-21T08:45:00+00:00,209.742611,6173.860134,0.0,take_profit
dd_reduced_btc_gold_hybrid,GOLD,2026-04-21T13:05:00+00:00,2026-04-21T13:30:00+00:00,44.001459,6217.861592,0.0,take_profit
dd_reduced_btc_gold_hybrid,GOLD,2026-04-21T14:40:00+00:00,2026-04-21T14:45:00+00:00,-55.221831,6162.639762,-55.221831,stop_loss
dd_reduced_btc_gold_hybrid,GOLD,2026-04-21T14:45:00+00:00,2026-04-21T14:50:00+00:00,43.956577,6206.596339,-11.265253,take_profit
dd_reduced_btc_gold_hybrid,BTCUSD,2026-04-22T11:00:00+00:00,2026-04-22T11:05:00+00:00,-70.962917,6135.633422,-82.22817,stop_loss
dd_reduced_btc_gold_hybrid,BTCUSD,2026-04-22T11:25:00+00:00,2026-04-22T11:35:00+00:00,-70.608102,6065.02532,-152.836272,stop_loss
dd_reduced_btc_gold_hybrid,GOLD,2026-04-22T15:35:00+00:00,2026-04-22T17:00:00+00:00,44.132404,6109.157724,-108.703869,take_profit
dd_reduced_btc_gold_hybrid,BTCUSD,2026-04-23T08:30:00+00:00,2026-04-23T09:05:00+00:00,210.765185,6319.922908,0.0,take_profit
dd_reduced_btc_gold_hybrid,BTCUSD,2026-04-23T09:05:00+00:00,2026-04-23T09:15:00+00:00,-71.308887,6248.614021,-71.308887,stop_loss
dd_reduced_btc_gold_hybrid,GOLD,2026-04-23T13:00:00+00:00,2026-04-23T13:10:00+00:00,44.308933,6292.922954,-26.999954,take_profit
dd_reduced_btc_gold_hybrid,GOLD,2026-04-23T15:15:00+00:00,2026-04-23T15:30:00+00:00,44.486169,6337.409123,0.0,take_profit
dd_reduced_btc_gold_hybrid,GOLD,2026-04-23T17:40:00+00:00,2026-04-23T17:50:00+00:00,44.664114,6382.073236,0.0,take_profit
dd_reduced_btc_gold_hybrid,BTCUSD,2026-04-24T09:05:00+00:00,2026-04-24T09:15:00+00:00,-70.952343,6311.120893,-70.952343,stop_loss
dd_reduced_btc_gold_hybrid,BTCUSD,2026-04-24T11:00:00+00:00,2026-04-24T11:05:00+00:00,211.792744,6522.913637,0.0,take_profit
dd_reduced_btc_gold_hybrid,GOLD,2026-04-24T14:05:00+00:00,2026-04-24T15:35:00+00:00,44.84277,6567.756407,0.0,take_profit
dd_reduced_btc_gold_hybrid,BTCUSD,2026-04-25T07:00:00+00:00,2026-04-25T07:15:00+00:00,-71.656545,6496.099862,-71.656545,stop_loss
dd_reduced_btc_gold_hybrid,BTCUSD,2026-04-25T09:35:00+00:00,2026-04-25T10:25:00+00:00,213.894787,6709.994649,0.0,take_profit
dd_reduced_btc_gold_hybrid,BTCUSD,2026-04-26T07:50:00+00:00,2026-04-26T08:35:00+00:00,217.103209,6927.097858,0.0,take_profit
dd_reduced_btc_gold_hybrid,BTCUSD,2026-04-26T08:35:00+00:00,2026-04-26T08:40:00+00:00,-73.453252,6853.644606,-73.453252,stop_loss
fresh_fx_pullback_core3,EURUSD,2026-04-27T07:52:00+00:00,2026-04-27T08:02:00+00:00,2.076258,6855.720863,-71.376994,trailing_stop
fresh_fx_pullback_core3,EURUSD,2026-04-27T07:57:00+00:00,2026-04-27T08:17:00+00:00,4.488381,6860.209244,-66.888614,trailing_stop
fresh_fx_pullback_core3,EURUSD,2026-04-27T07:58:00+00:00,2026-04-27T09:22:00+00:00,3.448699,6863.657944,-63.439914,trailing_stop
dd_reduced_btc_gold_hybrid,BTCUSD,2026-04-27T12:35:00+00:00,2026-04-27T12:40:00+00:00,-73.085986,6790.571958,-136.5259,stop_loss
dd_reduced_btc_gold_hybrid,GOLD,2026-04-27T13:35:00+00:00,2026-04-27T14:30:00+00:00,-56.277676,6734.294281,-192.803577,stop_loss
dd_reduced_btc_gold_hybrid,BTCUSD,2026-04-27T14:45:00+00:00,2026-04-27T14:50:00+00:00,-72.720556,6661.573725,-265.524133,stop_loss
dd_reduced_btc_gold_hybrid,GOLD,2026-04-27T15:00:00+00:00,2026-04-27T15:15:00+00:00,44.79703,6706.370756,-220.727102,take_profit
dd_reduced_btc_gold_hybrid,GOLD,2026-04-27T19:35:00+00:00,2026-04-27T19:45:00+00:00,44.976219,6751.346974,-175.750884,take_profit
dd_reduced_btc_gold_hybrid,BTCUSD,2026-04-28T07:10:00+00:00,2026-04-28T07:20:00+00:00,-72.356953,6678.990021,-248.107837,stop_loss
dd_reduced_btc_gold_hybrid,BTCUSD,2026-04-28T09:45:00+00:00,2026-04-28T10:00:00+00:00,-71.995169,6606.994852,-320.103006,stop_loss
dd_reduced_btc_gold_hybrid,GOLD,2026-04-28T14:00:00+00:00,2026-04-28T15:00:00+00:00,45.156123,6652.150976,-274.946882,take_profit
dd_reduced_btc_gold_hybrid,BTCUSD,2026-04-29T09:30:00+00:00,2026-04-29T09:45:00+00:00,214.905578,6867.056554,-60.041304,take_profit
dd_reduced_btc_gold_hybrid,BTCUSD,2026-04-29T09:45:00+00:00,2026-04-29T10:25:00+00:00,218.129162,7085.185716,0.0,take_profit
dd_reduced_btc_gold_hybrid,GOLD,2026-04-29T13:05:00+00:00,2026-04-29T13:20:00+00:00,-56.670935,7028.514781,-56.670935,stop_loss
dd_reduced_btc_gold_hybrid,GOLD,2026-04-29T13:20:00+00:00,2026-04-29T13:35:00+00:00,-56.38758,6972.1272,-113.058515,stop_loss
dd_reduced_btc_gold_hybrid,GOLD,2026-04-29T13:35:00+00:00,2026-04-29T13:40:00+00:00,-56.105642,6916.021558,-169.164157,stop_loss
fresh_fx_pullback_core3,GBPJPY,2026-04-30T07:30:00+00:00,2026-04-30T07:43:00+00:00,52.364789,6968.386347,-116.799368,take_profit
fresh_fx_pullback_core3,EURJPY,2026-04-30T07:31:00+00:00,2026-04-30T07:56:00+00:00,-51.671456,6916.714892,-168.470824,trailing_stop
fresh_fx_pullback_core3,EURJPY,2026-04-30T07:32:00+00:00,2026-04-30T07:56:00+00:00,-51.671456,6865.043436,-220.142279,trailing_stop
fresh_fx_pullback_core3,GBPJPY,2026-04-30T07:39:00+00:00,2026-04-30T07:56:00+00:00,-52.364789,6812.678647,-272.507069,trailing_stop
dd_reduced_btc_gold_hybrid,BTCUSD,2026-04-30T09:25:00+00:00,2026-04-30T09:40:00+00:00,-73.800366,6738.878281,-346.307435,stop_loss
dd_reduced_btc_gold_hybrid,BTCUSD,2026-04-30T10:25:00+00:00,2026-04-30T10:30:00+00:00,-73.431365,6665.446916,-419.738799,stop_loss
dd_reduced_btc_gold_hybrid,BTCUSD,2026-05-01T08:10:00+00:00,2026-05-01T08:20:00+00:00,219.192623,6884.639539,-200.546176,take_profit
dd_reduced_btc_gold_hybrid,BTCUSD,2026-05-01T08:20:00+00:00,2026-05-01T08:35:00+00:00,-74.160171,6810.479368,-274.706347,stop_loss
dd_reduced_btc_gold_hybrid,GOLD,2026-05-01T13:50:00+00:00,2026-05-01T13:55:00+00:00,-55.825114,6754.654254,-330.531461,stop_loss
dd_reduced_btc_gold_hybrid,GOLD,2026-05-01T13:55:00+00:00,2026-05-01T14:00:00+00:00,-55.545989,6699.108266,-386.07745,stop_loss
dd_reduced_btc_gold_hybrid,GOLD,2026-05-01T14:00:00+00:00,2026-05-01T14:10:00+00:00,-55.268259,6643.840007,-441.345708,stop_loss
dd_reduced_btc_gold_hybrid,BTCUSD,2026-05-02T11:10:00+00:00,2026-05-02T11:20:00+00:00,-73.78937,6570.050637,-515.135078,stop_loss
dd_reduced_btc_gold_hybrid,BTCUSD,2026-05-02T11:35:00+00:00,2026-05-02T12:25:00+00:00,-73.420423,6496.630214,-588.555501,stop_loss
dd_reduced_btc_gold_hybrid,BTCUSD,2026-05-03T07:00:00+00:00,2026-05-03T09:25:00+00:00,219.159963,6715.790177,-369.395538,take_profit
dd_reduced_btc_gold_hybrid,BTCUSD,2026-05-03T09:25:00+00:00,2026-05-03T09:30:00+00:00,-74.149121,6641.641056,-443.544659,stop_loss
fresh_fx_pullback_core3,GBPJPY,2026-05-04T07:24:00+00:00,2026-05-04T07:42:00+00:00,52.364789,6694.005845,-391.17987,take_profit
fresh_fx_pullback_core3,GBPJPY,2026-05-04T07:28:00+00:00,2026-05-04T07:43:00+00:00,52.364789,6746.370634,-338.815081,take_profit
dd_reduced_btc_gold_hybrid,BTCUSD,2026-05-04T09:50:00+00:00,2026-05-04T09:55:00+00:00,-73.778375,6672.592259,-412.593456,stop_loss
dd_reduced_btc_gold_hybrid,BTCUSD,2026-05-04T10:05:00+00:00,2026-05-04T10:20:00+00:00,220.22845,6892.820709,-192.365006,take_profit
dd_reduced_btc_gold_hybrid,GOLD,2026-05-04T15:20:00+00:00,2026-05-04T15:25:00+00:00,43.993534,6936.814243,-148.371472,take_profit
dd_reduced_btc_gold_hybrid,GOLD,2026-05-04T15:30:00+00:00,2026-05-04T15:50:00+00:00,-55.211885,6881.602358,-203.583357,stop_loss
dd_reduced_btc_gold_hybrid,GOLD,2026-05-04T15:50:00+00:00,2026-05-04T16:05:00+00:00,-54.935826,6826.666533,-258.519183,stop_loss
dd_reduced_btc_gold_hybrid,BTCUSD,2026-05-05T11:05:00+00:00,2026-05-05T11:35:00+00:00,223.531877,7050.19841,-34.987306,take_profit
dd_reduced_btc_gold_hybrid,BTCUSD,2026-05-05T11:35:00+00:00,2026-05-05T11:50:00+00:00,-75.628285,6974.570125,-110.615591,stop_loss
dd_reduced_btc_gold_hybrid,GOLD,2026-05-05T13:10:00+00:00,2026-05-05T14:10:00+00:00,43.728917,7018.299042,-66.886674,take_profit
dd_reduced_btc_gold_hybrid,BTCUSD,2026-05-06T07:05:00+00:00,2026-05-06T07:10:00+00:00,-75.250144,6943.048898,-142.136817,stop_loss
dd_reduced_btc_gold_hybrid,BTCUSD,2026-05-06T08:30:00+00:00,2026-05-06T08:35:00+00:00,-74.873893,6868.175005,-217.01071,stop_loss
dd_reduced_btc_gold_hybrid,GOLD,2026-05-06T14:00:00+00:00,2026-05-06T15:10:00+00:00,43.903833,6912.078838,-173.106878,take_profit
dd_reduced_btc_gold_hybrid,GOLD,2026-05-06T19:10:00+00:00,2026-05-06T19:20:00+00:00,-55.09931,6856.979528,-228.206188,stop_loss
dd_reduced_btc_gold_hybrid,GOLD,2026-05-06T19:20:00+00:00,2026-05-06T19:30:00+00:00,43.859051,6900.838579,-184.347137,take_profit
dd_reduced_btc_gold_hybrid,BTCUSD,2026-05-07T07:10:00+00:00,2026-05-07T07:30:00+00:00,-74.499523,6826.339055,-258.84666,stop_loss
dd_reduced_btc_gold_hybrid,BTCUSD,2026-05-07T08:40:00+00:00,2026-05-07T09:25:00+00:00,222.381077,7048.720133,-36.465583,take_profit
fresh_fx_pullback_core3,EURUSD,2026-05-07T07:14:00+00:00,2026-05-07T09:57:00+00:00,8.093963,7056.814095,-28.37162,trailing_stop
fresh_fx_pullback_core3,EURUSD,2026-05-07T07:15:00+00:00,2026-05-07T09:57:00+00:00,5.728318,7062.542413,-22.643302,trailing_stop
dd_reduced_btc_gold_hybrid,GOLD,2026-05-07T14:20:00+00:00,2026-05-07T14:35:00+00:00,44.034487,7106.5769,0.0,take_profit
dd_reduced_btc_gold_hybrid,GOLD,2026-05-07T14:55:00+00:00,2026-05-07T15:15:00+00:00,44.210625,7150.787525,0.0,take_profit
dd_reduced_btc_gold_hybrid,GOLD,2026-05-07T16:05:00+00:00,2026-05-07T16:15:00+00:00,-55.484334,7095.303191,-55.484334,stop_loss
dd_reduced_btc_gold_hybrid,BTCUSD,2026-05-08T07:00:00+00:00,2026-05-08T07:35:00+00:00,-75.238931,7020.06426,-130.723266,stop_loss
dd_reduced_btc_gold_hybrid,BTCUSD,2026-05-08T10:35:00+00:00,2026-05-08T11:00:00+00:00,224.58821,7244.652469,0.0,take_profit
dd_reduced_btc_gold_hybrid,GOLD,2026-05-08T13:55:00+00:00,2026-05-08T14:05:00+00:00,44.16553,7288.817999,0.0,take_profit
dd_reduced_btc_gold_hybrid,GOLD,2026-05-08T18:00:00+00:00,2026-05-08T18:45:00+00:00,44.342192,7333.160192,0.0,take_profit
dd_reduced_btc_gold_hybrid,BTCUSD,2026-05-09T10:05:00+00:00,2026-05-09T10:15:00+00:00,-75.985678,7257.174514,-75.985678,stop_loss
dd_reduced_btc_gold_hybrid,BTCUSD,2026-05-09T12:20:00+00:00,2026-05-09T12:30:00+00:00,-75.605749,7181.568765,-151.591427,stop_loss
dd_reduced_btc_gold_hybrid,BTCUSD,2026-05-10T08:20:00+00:00,2026-05-10T09:35:00+00:00,-75.22772,7106.341045,-226.819147,stop_loss
dd_reduced_btc_gold_hybrid,BTCUSD,2026-05-10T11:00:00+00:00,2026-05-10T11:05:00+00:00,-74.851582,7031.489463,-301.670729,stop_loss
dd_reduced_btc_gold_hybrid,BTCUSD,2026-05-11T07:00:00+00:00,2026-05-11T07:15:00+00:00,-74.477324,6957.012139,-376.148053,stop_loss
dd_reduced_btc_gold_hybrid,BTCUSD,2026-05-11T08:05:00+00:00,2026-05-11T08:10:00+00:00,-74.104937,6882.907202,-450.25299,stop_loss
fresh_fx_pullback_core3,EURJPY,2026-05-11T07:15:00+00:00,2026-05-11T08:11:00+00:00,51.154741,6934.061943,-399.098249,take_profit
fresh_fx_pullback_core3,GBPJPY,2026-05-11T07:15:00+00:00,2026-05-11T08:34:00+00:00,19.510673,6953.572616,-379.587576,trailing_stop
dd_reduced_btc_gold_hybrid,GOLD,2026-05-11T13:00:00+00:00,2026-05-11T13:10:00+00:00,-55.649451,6897.923165,-435.237027,stop_loss
dd_reduced_btc_gold_hybrid,GOLD,2026-05-11T13:10:00+00:00,2026-05-11T13:20:00+00:00,-55.371204,6842.551961,-490.608231,stop_loss
dd_reduced_btc_gold_hybrid,GOLD,2026-05-11T13:20:00+00:00,2026-05-11T13:40:00+00:00,-55.094348,6787.457613,-545.702579,stop_loss
dd_reduced_btc_gold_hybrid,BTCUSD,2026-05-12T07:00:00+00:00,2026-05-12T07:05:00+00:00,-73.734413,6713.7232,-619.436992,stop_loss
fresh_fx_pullback_core3,GBPJPY,2026-05-12T07:37:00+00:00,2026-05-12T07:53:00+00:00,12.316142,6726.039342,-607.12085,trailing_stop
fresh_fx_pullback_core3,GBPJPY,2026-05-12T07:44:00+00:00,2026-05-12T08:00:00+00:00,10.749554,6736.788895,-596.371296,trailing_stop
fresh_fx_pullback_core3,GBPJPY,2026-05-12T07:38:00+00:00,2026-05-12T08:01:00+00:00,14.025703,6750.814599,-582.345593,trailing_stop
dd_reduced_btc_gold_hybrid,BTCUSD,2026-05-12T07:45:00+00:00,2026-05-12T11:05:00+00:00,220.097222,6970.91182,-362.248371,take_profit
dd_reduced_btc_gold_hybrid,GOLD,2026-05-12T13:55:00+00:00,2026-05-12T14:00:00+00:00,43.855101,7014.766921,-318.39327,take_profit
dd_reduced_btc_gold_hybrid,GOLD,2026-05-12T15:10:00+00:00,2026-05-12T15:20:00+00:00,-55.038152,6959.72877,-373.431422,stop_loss
dd_reduced_btc_gold_hybrid,GOLD,2026-05-12T15:20:00+00:00,2026-05-12T15:25:00+00:00,43.810369,7003.539138,-329.621053,take_profit
fresh_fx_pullback_core3,EURJPY,2026-05-13T07:13:00+00:00,2026-05-13T07:44:00+00:00,11.587344,7015.126482,-318.033709,trailing_stop
dd_reduced_btc_gold_hybrid,BTCUSD,2026-05-13T08:40:00+00:00,2026-05-13T10:25:00+00:00,-74.466227,6940.660256,-392.499936,stop_loss
dd_reduced_btc_gold_hybrid,BTCUSD,2026-05-13T10:40:00+00:00,2026-05-13T11:05:00+00:00,222.281687,7162.941942,-170.218249,take_profit
dd_reduced_btc_gold_hybrid,GOLD,2026-05-13T16:20:00+00:00,2026-05-13T16:40:00+00:00,43.98561,7206.927553,-126.232639,take_profit
dd_reduced_btc_gold_hybrid,GOLD,2026-05-13T18:45:00+00:00,2026-05-13T18:50:00+00:00,44.161553,7251.089105,-82.071086,take_profit
dd_reduced_btc_gold_hybrid,BTCUSD,2026-05-14T08:00:00+00:00,2026-05-14T08:05:00+00:00,-75.205304,7175.883802,-157.27639,stop_loss
dd_reduced_btc_gold_hybrid,BTCUSD,2026-05-14T09:35:00+00:00,2026-05-14T10:00:00+00:00,-74.829277,7101.054524,-232.105668,stop_loss
dd_reduced_btc_gold_hybrid,GOLD,2026-05-14T16:35:00+00:00,2026-05-14T16:50:00+00:00,44.338199,7145.392723,-187.767469,take_profit
dd_reduced_btc_gold_hybrid,GOLD,2026-05-14T18:50:00+00:00,2026-05-14T19:30:00+00:00,-55.64444,7089.748283,-243.411908,stop_loss
dd_reduced_btc_gold_hybrid,GOLD,2026-05-14T19:30:00+00:00,2026-05-14T19:35:00+00:00,-55.366218,7034.382066,-298.778126,stop_loss
dd_reduced_btc_gold_hybrid,BTCUSD,2026-05-15T07:20:00+00:00,2026-05-15T07:30:00+00:00,-74.455131,6959.926935,-373.233257,stop_loss
dd_reduced_btc_gold_hybrid,BTCUSD,2026-05-15T09:50:00+00:00,2026-05-15T09:55:00+00:00,-74.082855,6885.844079,-447.316112,stop_loss
dd_reduced_btc_gold_hybrid,GOLD,2026-05-15T16:00:00+00:00,2026-05-15T16:35:00+00:00,44.071509,6929.915589,-403.244603,take_profit
dd_reduced_btc_gold_hybrid,BTCUSD,2026-05-16T07:00:00+00:00,2026-05-16T07:10:00+00:00,221.137323,7151.052912,-182.10728,take_profit
dd_reduced_btc_gold_hybrid,BTCUSD,2026-05-16T07:10:00+00:00,2026-05-16T07:20:00+00:00,-74.818128,7076.234784,-256.925408,stop_loss
