symbol,entry_time,exit_time,direction,size,risk_amount,stop_distance,entry_price,exit_price,pnl,starting_balance_before_trade,balance_after_trade,drawdown_after_trade,exit_reason
GOLD,2025-11-17T18:55:00+00:00,2025-11-17T19:10:00+00:00,BUY,13.54227123,75.0,5.53821429,4062.71,4057.17178571,-75.0,5000.0,4925.0,-75.0,stop_loss
GOLD,2025-11-17T19:10:00+00:00,2025-11-17T19:25:00+00:00,BUY,11.73217628,73.875,6.29678571,4060.69,4054.39321429,-73.875,4925.0,4851.125,-148.875,stop_loss
GOLD,2025-11-17T19:25:00+00:00,2025-11-17T19:30:00+00:00,BUY,10.44536297,72.766875,6.96642857,4056.64,4049.67357143,-72.766875,4851.125,4778.358125,-221.641875,stop_loss
BTCUSD,2025-11-18T12:10:00+00:00,2025-11-18T12:15:00+00:00,SELL,0.44992947,71.67537188,159.30357143,91027.1,91186.40357143,-71.67537187,4778.358125,4706.68275313,-293.31724687,stop_loss
BTCUSD,2025-11-18T13:35:00+00:00,2025-11-18T13:40:00+00:00,SELL,0.37455838,70.6002413,188.48928571,90988.3,91176.78928571,-70.6002413,4706.68275313,4636.08251183,-363.91748817,stop_loss
GOLD,2025-11-18T13:35:00+00:00,2025-11-18T14:15:00+00:00,SELL,7.00314579,69.54123768,9.93,4066.04,4075.97,-69.54123768,4636.08251183,4566.54127415,-433.45872585,stop_loss
GOLD,2025-11-18T14:15:00+00:00,2025-11-18T14:30:00+00:00,SELL,6.94606452,68.49811911,9.86142857,4080.4,4072.51085714,54.79849529,4566.54127415,4621.33976944,-378.66023056,take_profit
GOLD,2025-11-18T14:30:00+00:00,2025-11-18T14:50:00+00:00,SELL,6.81900893,69.32009654,10.16571429,4074.99,4066.85742857,55.45607723,4621.33976944,4676.79584667,-323.20415333,take_profit
BTCUSD,2025-11-19T14:05:00+00:00,2025-11-19T14:10:00+00:00,SELL,0.39969361,70.1519377,175.51428571,91135.65,91311.16428571,-70.1519377,4676.79584667,4606.64390897,-393.35609103,stop_loss
BTCUSD,2025-11-19T14:25:00+00:00,2025-11-19T14:30:00+00:00,SELL,0.35201689,69.09965863,196.29642857,91061.9,91258.19642857,-69.09965863,4606.64390897,4537.54425034,-462.45574966,stop_loss
GOLD,2025-11-19T16:25:00+00:00,2025-11-19T17:00:00+00:00,BUY,4.89298463,68.06316376,13.91035714,4074.42,4060.50964286,-68.06316376,4537.54425034,4469.48108658,-530.51891342,stop_loss
GOLD,2025-11-19T17:00:00+00:00,2025-11-19T17:25:00+00:00,BUY,4.66230052,67.0422163,14.37964286,4060.85,4072.35371429,53.63377304,4469.48108658,4523.11485962,-476.88514038,take_profit
BTCUSD,2025-11-20T09:45:00+00:00,2025-11-20T09:50:00+00:00,SELL,0.53260857,67.84672289,127.38571429,91409.55,91536.93571429,-67.84672289,4523.11485962,4455.26813673,-544.73186327,stop_loss
GOLD,2025-11-20T13:00:00+00:00,2025-11-20T13:30:00+00:00,SELL,8.42546993,66.82902205,7.93178571,4087.81,4081.46457143,53.46321764,4455.26813673,4508.73135437,-491.26864563,take_profit
BTCUSD,2025-11-20T13:40:00+00:00,2025-11-20T13:50:00+00:00,SELL,0.27656485,67.63097032,244.53928571,91545.65,91790.18928571,-67.63097032,4508.73135437,4441.10038405,-558.89961595,stop_loss
GOLD,2025-11-20T16:55:00+00:00,2025-11-20T17:20:00+00:00,BUY,4.94751376,66.61650576,13.46464286,4048.99,4059.76171429,53.29320461,4441.10038405,4494.39358866,-505.60641134,take_profit
GOLD,2025-11-20T19:25:00+00:00,2025-11-20T20:10:00+00:00,SELL,7.5418327,67.41590383,8.93892857,4084.38,4077.22885714,53.93272306,4494.39358866,4548.32631173,-451.67368827,take_profit
BTCUSD,2025-11-21T07:15:00+00:00,2025-11-21T07:30:00+00:00,SELL,0.37593912,68.22489468,181.47857143,85309.4,84764.96428571,204.67468403,4548.32631173,4753.00099575,-246.99900425,take_profit
BTCUSD,2025-11-21T07:30:00+00:00,2025-11-21T07:35:00+00:00,SELL,0.17665865,71.29501494,403.575,83367.4,83770.975,-71.29501494,4753.00099575,4681.70598082,-318.29401918,stop_loss
GOLD,2025-11-21T14:00:00+00:00,2025-11-21T14:15:00+00:00,SELL,8.19605899,70.22558971,8.56821429,4078.35,4071.49542857,56.18047177,4681.70598082,4737.88645259,-262.11354741,take_profit
GOLD,2025-11-21T16:45:00+00:00,2025-11-21T16:50:00+00:00,SELL,8.06841143,71.06829679,8.80821429,4082.6,4091.40821429,-71.06829679,4737.88645259,4666.8181558,-333.1818442,stop_loss
GOLD,2025-11-21T16:50:00+00:00,2025-11-21T17:10:00+00:00,SELL,7.4312391,70.00227234,9.42,4093.92,4086.384,56.00181787,4666.8181558,4722.81997367,-277.18002633,take_profit
BTCUSD,2025-11-22T10:20:00+00:00,2025-11-22T11:05:00+00:00,SELL,0.41177978,70.84229961,172.03928571,83765.3,83937.33928571,-70.84229961,4722.81997367,4651.97767406,-348.02232594,stop_loss
BTCUSD,2025-11-22T14:10:00+00:00,2025-11-22T14:45:00+00:00,BUY,0.42846223,69.77966511,162.86071429,84376.05,84213.18928571,-69.77966511,4651.97767406,4582.19800895,-417.80199105,stop_loss
BTCUSD,2025-11-23T08:55:00+00:00,2025-11-23T11:00:00+00:00,BUY,0.57168583,68.73297013,120.22857143,86093.35,85973.12142857,-68.73297013,4582.19800895,4513.46503882,-486.53496118,stop_loss
BTCUSD,2025-11-23T12:10:00+00:00,2025-11-23T13:10:00+00:00,BUY,0.48105753,67.70197558,140.73571429,86557.4,86416.66428571,-67.70197558,4513.46503882,4445.76306324,-554.23693676,stop_loss
BTCUSD,2025-11-24T09:05:00+00:00,2025-11-24T09:20:00+00:00,SELL,0.40188986,66.68644595,165.93214286,86533.15,86035.35357143,200.05933785,4445.76306324,4645.82240108,-354.17759892,take_profit
BTCUSD,2025-11-24T09:20:00+00:00,2025-11-24T11:35:00+00:00,SELL,0.38499012,69.68733602,181.01071429,86002.75,86183.76071429,-69.68733602,4645.82240108,4576.13506507,-423.86493493,stop_loss
GOLD,2025-11-24T13:15:00+00:00,2025-11-24T13:40:00+00:00,SELL,11.44442496,68.64202598,5.99785714,4081.43,4076.63171429,54.91362078,4576.13506507,4631.04868585,-368.95131415,take_profit
GOLD,2025-11-24T15:10:00+00:00,2025-11-24T18:35:00+00:00,SELL,8.18309751,69.46573029,8.48892857,4092.35,4100.83892857,-69.46573029,4631.04868585,4561.58295556,-438.41704444,stop_loss
GOLD,2025-11-24T18:35:00+00:00,2025-11-24T18:50:00+00:00,SELL,11.50255068,68.42374433,5.94857143,4111.68,4117.62857143,-68.42374433,4561.58295556,4493.15921123,-506.84078877,stop_loss
BTCUSD,2025-11-25T07:25:00+00:00,2025-11-25T07:50:00+00:00,SELL,0.6148395,67.39738817,109.61785714,87702.5,87373.64642857,202.19216451,4493.15921123,4695.35137573,-304.64862427,take_profit
BTCUSD,2025-11-25T07:50:00+00:00,2025-11-25T08:20:00+00:00,SELL,0.53203679,70.43027064,132.37857143,87394.4,87526.77857143,-70.43027064,4695.35137573,4624.92110509,-375.07889491,stop_loss
GOLD,2025-11-25T14:45:00+00:00,2025-11-25T14:55:00+00:00,BUY,6.90066029,69.37381658,10.05321429,4115.17,4123.21257143,55.49905326,4624.92110509,4680.42015836,-319.57984164,take_profit
GOLD,2025-11-25T17:05:00+00:00,2025-11-25T17:30:00+00:00,SELL,7.97345853,70.20630238,8.805,4150.57,4159.375,-70.20630238,4680.42015836,4610.21385598,-389.78614402,stop_loss
GOLD,2025-11-25T17:30:00+00:00,2025-11-25T17:35:00+00:00,SELL,8.22099019,69.15320784,8.41178571,4157.49,4150.76057143,55.32256627,4610.21385598,4665.53642225,-334.46357775,take_profit
BTCUSD,2025-11-26T07:55:00+00:00,2025-11-26T08:00:00+00:00,BUY,0.78453189,69.98304633,89.20357143,87906.85,87817.64642857,-69.98304633,4665.53642225,4595.55337592,-404.44662408,stop_loss
BTCUSD,2025-11-26T08:55:00+00:00,2025-11-26T09:20:00+00:00,SELL,0.75000288,68.93330064,91.91071429,87388.9,87113.16785714,206.79990192,4595.55337592,4802.35327783,-197.64672217,take_profit
GOLD,2025-11-26T14:25:00+00:00,2025-11-26T14:30:00+00:00,BUY,7.94903593,72.03529917,9.06214286,4142.28,4149.52971429,57.62823933,4802.35327783,4859.98151717,-140.01848283,take_profit
GOLD,2025-11-26T16:40:00+00:00,2025-11-26T18:30:00+00:00,SELL,13.46788227,72.89972276,5.41285714,4167.55,4163.21971429,58.31977821,4859.98151717,4918.30129537,-81.69870463,take_profit
BTCUSD,2025-11-27T08:50:00+00:00,2025-11-27T09:15:00+00:00,BUY,0.98394139,73.77451943,74.97857143,91508.2,91733.13571429,221.32355829,4918.30129537,5139.62485367,0.0,take_profit
BTCUSD,2025-11-27T09:15:00+00:00,2025-11-27T09:20:00+00:00,BUY,1.05079221,77.0943728,73.36785714,91747.05,91673.68214286,-77.0943728,5139.62485367,5062.53048086,-77.0943728,stop_loss
BTCUSD,2025-11-28T07:40:00+00:00,2025-11-28T08:10:00+00:00,SELL,0.83109084,75.93795721,91.37142857,91067.3,91158.67142857,-75.93795721,5062.53048086,4986.59252365,-153.03233002,stop_loss
BTCUSD,2025-11-28T10:50:00+00:00,2025-11-28T11:00:00+00:00,BUY,0.94948266,74.79888785,78.77857143,91834.7,91755.92142857,-74.79888785,4986.59252365,4911.79363579,-227.83121787,stop_loss
GOLD,2025-11-28T14:15:00+00:00,2025-11-28T14:35:00+00:00,SELL,10.24815364,73.67690454,7.18928571,4194.03,4201.21928571,-73.67690454,4911.79363579,4838.11673126,-301.50812241,stop_loss
GOLD,2025-11-28T14:35:00+00:00,2025-11-28T14:40:00+00:00,SELL,8.69717954,72.57175097,8.34428571,4203.15,4196.47457143,58.05740078,4838.11673126,4896.17413203,-243.45072163,take_profit
GOLD,2025-11-28T14:40:00+00:00,2025-11-28T15:00:00+00:00,SELL,8.26956664,73.44261198,8.88107143,4199.37,4192.26514286,58.75408958,4896.17413203,4954.92822162,-184.69663205,take_profit
BTCUSD,2025-11-29T08:00:00+00:00,2025-11-29T08:05:00+00:00,SELL,1.12575455,74.32392332,66.02142857,90549.95,90615.97142857,-74.32392332,4954.92822162,4880.60429829,-259.02055537,stop_loss
BTCUSD,2025-11-29T10:15:00+00:00,2025-11-29T10:20:00+00:00,SELL,1.28284236,73.20906447,57.06785714,90494.75,90551.81785714,-73.20906447,4880.60429829,4807.39523382,-332.22961985,stop_loss
BTCUSD,2025-11-30T07:10:00+00:00,2025-11-30T08:20:00+00:00,BUY,1.46343843,72.11092851,49.275,90970.5,91118.325,216.33278552,4807.39523382,5023.72801934,-115.89683433,take_profit
BTCUSD,2025-11-30T08:20:00+00:00,2025-11-30T08:25:00+00:00,BUY,1.02157731,75.35592029,73.76428571,91331.05,91257.28571429,-75.35592029,5023.72801934,4948.37209905,-191.25275462,stop_loss
BTCUSD,2025-12-01T11:05:00+00:00,2025-12-01T11:40:00+00:00,SELL,0.79918857,59.22558149,74.10714286,86493.25,86270.92857143,177.67674446,3948.37209905,4126.04884351,-1013.57601016,take_profit
BTCUSD,2025-12-01T11:40:00+00:00,2025-12-01T12:05:00+00:00,SELL,0.80444737,61.89073265,76.93571429,86278.8,86047.99285714,185.67219796,4126.04884351,4311.72104146,-827.9038122,take_profit
GOLD,2025-12-01T14:40:00+00:00,2025-12-01T14:45:00+00:00,BUY,6.04487228,64.67581562,10.69928571,4225.23,4233.78942857,51.7406525,4311.72104146,4363.46169396,-776.1631597,take_profit
BTCUSD,2025-12-02T08:15:00+00:00,2025-12-02T08:40:00+00:00,SELL,0.72106308,65.45192541,90.77142857,86581.1,86671.87142857,-65.45192541,4363.46169396,4298.00976855,-841.61508511,stop_loss
BTCUSD,2025-12-02T10:40:00+00:00,2025-12-02T10:50:00+00:00,BUY,0.6475925,64.47014653,99.55357143,87049.6,87348.26071429,193.41043958,4298.00976855,4491.42020814,-648.20464553,take_profit
GOLD,2025-12-02T14:15:00+00:00,2025-12-02T14:40:00+00:00,SELL,9.33351387,67.37130312,7.21821429,4224.26,4218.48542857,53.8970425,4491.42020814,4545.31725063,-594.30760303,take_profit
GOLD,2025-12-02T15:25:00+00:00,2025-12-02T15:50:00+00:00,BUY,6.28302148,68.17975876,10.85142857,4188.3,4177.44857143,-68.17975876,4545.31725063,4477.13749188,-662.48736179,stop_loss
GOLD,2025-12-02T15:50:00+00:00,2025-12-02T16:30:00+00:00,BUY,5.45754679,67.15706238,12.30535714,4171.33,4181.17428571,53.7256499,4477.13749188,4530.86314178,-608.76171189,take_profit
BTCUSD,2025-12-03T09:55:00+00:00,2025-12-03T10:00:00+00:00,BUY,0.52929172,67.96294713,128.40357143,93207.15,93078.74642857,-67.96294713,4530.86314178,4462.90019465,-676.72465902,stop_loss
BTCUSD,2025-12-03T10:20:00+00:00,2025-12-03T10:25:00+00:00,BUY,0.59426101,66.94350292,112.65,93376.85,93264.2,-66.94350292,4462.90019465,4395.95669173,-743.66816193,stop_loss
GOLD,2025-12-03T13:15:00+00:00,2025-12-03T13:45:00+00:00,SELL,13.25509233,65.93935038,4.97464286,4220.86,4225.83464286,-65.93935038,4395.95669173,4330.01734136,-809.60751231,stop_loss
GOLD,2025-12-03T13:45:00+00:00,2025-12-03T13:50:00+00:00,SELL,10.82117865,64.95026012,6.00214286,4226.71,4232.71214286,-64.95026012,4330.01734136,4265.06708124,-874.55777243,stop_loss
GOLD,2025-12-03T13:50:00+00:00,2025-12-03T14:05:00+00:00,SELL,9.32546293,63.97600622,6.86035714,4236.05,4230.56171429,51.18080497,4265.06708124,4316.24788621,-823.37696746,take_profit
BTCUSD,2025-12-04T07:55:00+00:00,2025-12-04T08:05:00+00:00,BUY,0.66682267,64.74371829,97.09285714,93411.85,93314.75714286,-64.74371829,4316.24788621,4251.50416792,-888.12068575,stop_loss
BTCUSD,2025-12-04T11:25:00+00:00,2025-12-04T12:40:00+00:00,SELL,0.71268479,63.77256252,89.48214286,93023.55,93113.03214286,-63.77256252,4251.50416792,4187.7316054,-951.89324827,stop_loss
GOLD,2025-12-04T16:15:00+00:00,2025-12-04T16:35:00+00:00,SELL,8.72573932,62.81597408,7.19892857,4217.33,4211.57085714,50.25277926,4187.7316054,4237.98438466,-901.640469,take_profit
BTCUSD,2025-12-05T07:05:00+00:00,2025-12-05T07:10:00+00:00,BUY,0.72577103,63.56976577,87.58928571,92448.75,92361.16071429,-63.56976577,4237.98438466,4174.41461889,-965.21023477,stop_loss
BTCUSD,2025-12-05T07:25:00+00:00,2025-12-05T07:40:00+00:00,BUY,0.71166348,62.61621928,87.98571429,92484.85,92396.86428571,-62.61621928,4174.41461889,4111.79839961,-1027.82645406,stop_loss
GOLD,2025-12-05T13:35:00+00:00,2025-12-05T13:40:00+00:00,SELL,10.30710431,61.67697599,5.98392857,4236.15,4231.36285714,49.3415808,4111.79839961,4161.1399804,-978.48487326,take_profit
GOLD,2025-12-05T15:30:00+00:00,2025-12-05T15:50:00+00:00,SELL,7.70072171,62.41709971,8.10535714,4252.54,4246.05571429,49.93367976,4161.1399804,4211.07366017,-928.5511935,take_profit
GOLD,2025-12-05T16:10:00+00:00,2025-12-05T16:25:00+00:00,BUY,5.20712164,63.1661049,12.13071429,4203.74,4213.44457143,50.53288392,4211.07366017,4261.60654409,-878.01830957,take_profit
BTCUSD,2025-12-06T08:20:00+00:00,2025-12-06T09:10:00+00:00,SELL,1.00188903,63.92409816,63.80357143,89420.2,89484.00357143,-63.92409816,4261.60654409,4197.68244593,-941.94240774,stop_loss
BTCUSD,2025-12-06T14:15:00+00:00,2025-12-06T14:20:00+00:00,BUY,0.75920533,62.96523669,82.93571429,90084.25,90001.31428571,-62.96523669,4197.68244593,4134.71720924,-1004.90764442,stop_loss
BTCUSD,2025-12-07T07:15:00+00:00,2025-12-07T08:10:00+00:00,SELL,0.96573308,62.02075814,64.22142857,89422.55,89229.88571429,186.06227442,4134.71720924,4320.77948366,-818.84537001,take_profit
BTCUSD,2025-12-07T09:20:00+00:00,2025-12-07T09:25:00+00:00,SELL,0.90397379,64.81169225,71.69642857,89132.2,89203.89642857,-64.81169225,4320.77948366,4255.9677914,-883.65706226,stop_loss
BTCUSD,2025-12-08T07:25:00+00:00,2025-12-08T07:45:00+00:00,BUY,0.61519358,63.83951687,103.77142857,91703.55,91599.77857143,-63.83951687,4255.9677914,4192.12827453,-947.49657913,stop_loss
BTCUSD,2025-12-08T09:00:00+00:00,2025-12-08T10:05:00+00:00,BUY,0.55730506,62.88192412,112.83214286,91959.35,91846.51785714,-62.88192412,4192.12827453,4129.24635041,-1010.37850325,stop_loss
GOLD,2025-12-08T15:05:00+00:00,2025-12-08T15:20:00+00:00,BUY,6.30900894,61.93869526,9.8175,4180.51,4188.364,49.5509562,4129.24635041,4178.79730662,-960.82754705,take_profit
GOLD,2025-12-08T16:00:00+00:00,2025-12-08T16:15:00+00:00,BUY,5.97092899,62.6819596,10.49785714,4179.44,4187.83828571,50.14556768,4178.79730662,4228.9428743,-910.68197937,take_profit
GOLD,2025-12-08T19:00:00+00:00,2025-12-08T20:05:00+00:00,BUY,14.5039687,63.43414311,4.37357143,4185.53,4189.02885714,50.74731449,4228.9428743,4279.69018879,-859.93466488,take_profit
BTCUSD,2025-12-09T07:35:00+00:00,2025-12-09T09:00:00+00:00,BUY,0.51157499,64.19535283,125.48571429,90504.85,90379.36428571,-64.19535283,4279.69018879,4215.49483596,-924.13001771,stop_loss
BTCUSD,2025-12-09T09:25:00+00:00,2025-12-09T10:35:00+00:00,SELL,0.7080332,63.23242254,89.30714286,90310.55,90042.62857143,189.69726762,4215.49483596,4405.19210358,-734.43275009,take_profit
GOLD,2025-12-09T16:10:00+00:00,2025-12-09T16:20:00+00:00,SELL,7.12155767,66.07788155,9.27857143,4218.58,4211.15714286,52.86230524,4405.19210358,4458.05440882,-681.57044485,take_profit
GOLD,2025-12-09T16:40:00+00:00,2025-12-09T16:55:00+00:00,SELL,8.07827617,66.87081613,8.27785714,4219.24,4212.61771429,53.49665291,4458.05440882,4511.55106172,-628.07379194,take_profit
GOLD,2025-12-09T19:05:00+00:00,2025-12-09T19:20:00+00:00,SELL,16.85660925,67.67326593,4.01464286,4211.66,4208.44828571,54.13861274,4511.55106172,4565.68967446,-573.9351792,take_profit
BTCUSD,2025-12-10T07:55:00+00:00,2025-12-10T08:00:00+00:00,BUY,0.89875781,68.48534512,76.2,92800.35,92724.15,-68.48534512,4565.68967446,4497.20432935,-642.42052432,stop_loss
BTCUSD,2025-12-10T09:45:00+00:00,2025-12-10T10:00:00+00:00,BUY,0.74607016,67.45806494,90.41785714,92836.8,93108.05357143,202.37419482,4497.20432935,4699.57852417,-440.0463295,take_profit
GOLD,2025-12-10T18:35:00+00:00,2025-12-10T18:50:00+00:00,BUY,19.08735113,70.49367786,3.69321429,4192.42,4195.37457143,56.39494229,4699.57852417,4755.97346646,-383.65138721,take_profit
GOLD,2025-12-10T19:05:00+00:00,2025-12-10T19:10:00+00:00,SELL,10.31344928,71.339602,6.91714286,4216.02,4210.48628571,57.0716816,4755.97346646,4813.04514806,-326.57970561,take_profit
BTCUSD,2025-12-11T12:05:00+00:00,2025-12-11T12:20:00+00:00,SELL,1.24621106,72.19567722,57.93214286,90185.85,90243.78214286,-72.19567722,4813.04514806,4740.84947084,-398.77538283,stop_loss
BTCUSD,2025-12-11T12:55:00+00:00,2025-12-11T13:00:00+00:00,SELL,0.91124286,71.11274206,78.03928571,90036.35,90114.38928571,-71.11274206,4740.84947084,4669.73672877,-469.88812489,stop_loss
GOLD,2025-12-11T14:20:00+00:00,2025-12-11T14:35:00+00:00,SELL,8.53811077,70.04605093,8.20392857,4230.87,4239.07392857,-70.04605093,4669.73672877,4599.69067784,-539.93417583,stop_loss
GOLD,2025-12-11T14:35:00+00:00,2025-12-11T14:45:00+00:00,SELL,8.18242306,68.99536017,8.43214286,4239.97,4233.22428571,55.19628813,4599.69067784,4654.88696598,-484.73788769,take_profit
GOLD,2025-12-11T15:55:00+00:00,2025-12-11T16:45:00+00:00,SELL,7.66146456,69.82330449,9.11357143,4256.13,4265.24357143,-69.82330449,4654.88696598,4585.06366149,-554.56119218,stop_loss
BTCUSD,2025-12-12T09:55:00+00:00,2025-12-12T10:45:00+00:00,BUY,0.64220861,68.77595492,107.09285714,92539.1,92432.00714286,-68.77595492,4585.06366149,4516.28770656,-623.3371471,stop_loss
BTCUSD,2025-12-12T13:15:00+00:00,2025-12-12T13:20:00+00:00,BUY,0.79618907,67.7443156,85.08571429,92509.2,92424.11428571,-67.7443156,4516.28770656,4448.54339096,-691.0814627,stop_loss
GOLD,2025-12-12T13:55:00+00:00,2025-12-12T14:30:00+00:00,SELL,8.25223367,66.72815086,8.08607143,4341.07,4334.60114286,53.38252069,4448.54339096,4501.92591166,-637.69894201,take_profit
GOLD,2025-12-12T16:00:00+00:00,2025-12-12T17:40:00+00:00,BUY,3.24680418,67.52888867,20.79857143,4277.28,4293.91885714,54.02311094,4501.92591166,4555.9490226,-583.67583107,take_profit
BTCUSD,2025-12-13T11:40:00+00:00,2025-12-13T11:45:00+00:00,SELL,1.56690025,68.33923534,43.61428571,90367.2,90410.81428571,-68.33923534,4555.9490226,4487.60978726,-652.01506641,stop_loss
BTCUSD,2025-12-13T12:45:00+00:00,2025-12-13T13:00:00+00:00,SELL,1.14619078,67.31414681,58.72857143,90314.05,90372.77857143,-67.31414681,4487.60978726,4420.29564045,-719.32921322,stop_loss
BTCUSD,2025-12-14T09:30:00+00:00,2025-12-14T10:10:00+00:00,SELL,1.70730565,66.30443461,38.83571429,90075.3,89958.79285714,198.91330382,4420.29564045,4619.20894427,-520.4159094,take_profit
BTCUSD,2025-12-14T10:10:00+00:00,2025-12-14T10:15:00+00:00,SELL,1.45661668,69.28813416,47.56785714,89825.8,89873.36785714,-69.28813416,4619.20894427,4549.9208101,-589.70404356,stop_loss
BTCUSD,2025-12-15T09:00:00+00:00,2025-12-15T09:10:00+00:00,BUY,0.78485573,68.24881215,86.95714286,89924.5,89837.54285714,-68.24881215,4549.9208101,4481.67199795,-657.95285571,stop_loss
BTCUSD,2025-12-15T12:05:00+00:00,2025-12-15T12:15:00+00:00,SELL,0.98524064,67.22507997,68.23214286,89461.45,89529.68214286,-67.22507997,4481.67199795,4414.44691798,-725.17793568,stop_loss
GOLD,2025-12-15T16:20:00+00:00,2025-12-15T17:45:00+00:00,BUY,5.18562316,66.21670377,12.76928571,4295.51,4305.72542857,52.97336302,4414.44691798,4467.420281,-672.20457267,take_profit
BTCUSD,2025-12-16T07:40:00+00:00,2025-12-16T07:45:00+00:00,SELL,0.57789717,67.01130421,115.95714286,85882.9,85998.85714286,-67.01130421,4467.420281,4400.40897678,-739.21587688,stop_loss
BTCUSD,2025-12-16T10:35:00+00:00,2025-12-16T10:40:00+00:00,BUY,0.62148489,66.00613465,106.20714286,86733.8,87052.42142857,198.01840396,4400.40897678,4598.42738074,-541.19747293,take_profit
GOLD,2025-12-16T13:05:00+00:00,2025-12-16T13:20:00+00:00,SELL,12.69782709,68.97641071,5.43214286,4296.24,4301.67214286,-68.97641071,4598.42738074,4529.45097003,-610.17388364,stop_loss
GOLD,2025-12-16T13:20:00+00:00,2025-12-16T13:30:00+00:00,SELL,13.12884339,67.94176455,5.175,4301.0,4306.175,-67.94176455,4529.45097003,4461.50920548,-678.11564819,stop_loss
GOLD,2025-12-16T13:30:00+00:00,2025-12-16T13:40:00+00:00,SELL,11.65754552,66.92263808,5.74071429,4307.47,4302.87742857,53.53811047,4461.50920548,4515.04731594,-624.57753772,take_profit
BTCUSD,2025-12-17T08:25:00+00:00,2025-12-17T10:10:00+00:00,SELL,0.55418782,67.72570974,122.20714286,86489.75,86611.95714286,-67.72570974,4515.04731594,4447.3216062,-692.30324746,stop_loss
BTCUSD,2025-12-17T12:00:00+00:00,2025-12-17T12:10:00+00:00,BUY,0.67831466,66.70982409,98.34642857,87148.55,87050.20357143,-66.70982409,4447.3216062,4380.61178211,-759.01307155,stop_loss
GOLD,2025-12-17T13:15:00+00:00,2025-12-17T13:30:00+00:00,SELL,12.46262242,65.70917673,5.2725,4329.2,4334.4725,-65.70917673,4380.61178211,4314.90260538,-824.72224829,stop_loss
GOLD,2025-12-17T13:30:00+00:00,2025-12-17T13:40:00+00:00,SELL,11.28289811,64.72353908,5.73642857,4332.72,4338.45642857,-64.72353908,4314.90260538,4250.1790663,-889.44578737,stop_loss
GOLD,2025-12-17T13:40:00+00:00,2025-12-17T13:45:00+00:00,SELL,10.45370817,63.75268599,6.09857143,4338.36,4333.48114286,51.0021488,4250.1790663,4301.1812151,-838.44363857,take_profit
BTCUSD,2025-12-18T07:10:00+00:00,2025-12-18T08:00:00+00:00,BUY,0.72892552,64.51771823,88.51071429,86766.2,86677.68928571,-64.51771823,4301.1812151,4236.66349687,-902.9613568,stop_loss
BTCUSD,2025-12-18T08:20:00+00:00,2025-12-18T09:00:00+00:00,BUY,0.68427883,63.54995245,92.87142857,86944.1,86851.22857143,-63.54995245,4236.66349687,4173.11354442,-966.51130925,stop_loss
GOLD,2025-12-18T13:05:00+00:00,2025-12-18T13:15:00+00:00,BUY,14.41134426,62.59670317,4.34357143,4318.49,4321.96485714,50.07736253,4173.11354442,4223.19090695,-916.43394672,take_profit
GOLD,2025-12-18T13:45:00+00:00,2025-12-18T14:00:00+00:00,SELL,8.64206281,63.3478636,7.33017857,4339.81,4333.94585714,50.67829088,4223.19090695,4273.86919783,-865.75565583,take_profit
GOLD,2025-12-18T16:05:00+00:00,2025-12-18T16:10:00+00:00,SELL,7.46993368,64.10803797,8.58214286,4346.74,4355.32214286,-64.10803797,4273.86919783,4209.76115986,-929.8636938,stop_loss
BTCUSD,2025-12-19T07:00:00+00:00,2025-12-19T07:10:00+00:00,BUY,0.43553544,63.1464174,144.98571429,87694.0,88128.95714286,189.43925219,4209.76115986,4399.20041206,-740.42444161,take_profit
BTCUSD,2025-12-19T07:10:00+00:00,2025-12-19T07:15:00+00:00,BUY,0.36338437,65.98800618,181.59285714,88088.95,87907.35714286,-65.98800618,4399.20041206,4333.21240588,-806.41244779,stop_loss
GOLD,2025-12-19T15:55:00+00:00,2025-12-19T17:55:00+00:00,SELL,8.08542899,64.99818609,8.03892857,4347.83,4355.86892857,-64.99818609,4333.21240588,4268.21421979,-871.41063388,stop_loss
GOLD,2025-12-19T18:20:00+00:00,2025-12-19T18:30:00+00:00,SELL,13.39798186,64.0232133,4.77857143,4354.84,4351.01714286,51.21857064,4268.21421979,4319.43279043,-820.19206324,take_profit
BTCUSD,2025-12-20T12:05:00+00:00,2025-12-20T12:10:00+00:00,BUY,1.49943117,64.79149186,43.21071429,88282.25,88239.03928571,-64.79149186,4319.43279043,4254.64129857,-884.9835551,stop_loss
BTCUSD,2025-12-20T13:15:00+00:00,2025-12-20T13:20:00+00:00,SELL,1.15742558,63.81961948,55.13928571,87994.9,88050.03928571,-63.81961948,4254.64129857,4190.82167909,-948.80317457,stop_loss
BTCUSD,2025-12-21T07:40:00+00:00,2025-12-21T07:45:00+00:00,SELL,2.26327003,62.86232519,27.775,88041.05,88068.825,-62.86232519,4190.82167909,4127.95935391,-1011.66549976,stop_loss
BTCUSD,2025-12-21T08:20:00+00:00,2025-12-21T08:30:00+00:00,BUY,1.92232279,61.91939031,32.21071429,88199.95,88296.58214286,185.75817093,4127.95935391,4313.71752483,-825.90732883,take_profit
BTCUSD,2025-12-22T07:00:00+00:00,2025-12-22T08:15:00+00:00,BUY,0.68927577,64.70576287,93.875,88990.95,89272.575,194.11728862,4313.71752483,4507.83481345,-631.79004022,take_profit
BTCUSD,2025-12-22T08:15:00+00:00,2025-12-22T08:20:00+00:00,BUY,0.65050356,67.6175222,103.94642857,89437.9,89749.73928571,202.85256661,4507.83481345,4710.68738005,-428.93747361,take_profit
GOLD,2025-12-22T13:00:00+00:00,2025-12-22T13:10:00+00:00,SELL,15.65383891,70.6603107,4.51392857,4417.95,4422.46392857,-70.6603107,4710.68738005,4640.02706935,-499.59778431,stop_loss
GOLD,2025-12-22T13:10:00+00:00,2025-12-22T13:20:00+00:00,SELL,13.53059341,69.60040604,5.14392857,4425.66,4421.54485714,55.68032483,4640.02706935,4695.70739419,-443.91745948,take_profit
GOLD,2025-12-22T16:05:00+00:00,2025-12-22T20:05:00+00:00,SELL,8.88017068,70.43561091,7.93178571,4434.74,4437.95,-28.50534787,4695.70739419,4667.20204631,-472.42280735,max_hold
BTCUSD,2025-12-23T09:20:00+00:00,2025-12-23T09:40:00+00:00,SELL,0.85509722,70.00803069,81.87142857,87337.0,87418.87142857,-70.00803069,4667.20204631,4597.19401562,-542.43083805,stop_loss
BTCUSD,2025-12-23T13:35:00+00:00,2025-12-23T13:40:00+00:00,SELL,0.52826853,68.95791023,130.53571429,87539.2,87669.73571429,-68.95791023,4597.19401562,4528.23610538,-611.38874828,stop_loss
GOLD,2025-12-23T14:30:00+00:00,2025-12-23T14:55:00+00:00,BUY,5.50067726,67.92354158,12.34821429,4457.77,4445.42178571,-67.92354158,4528.23610538,4460.3125638,-679.31228986,stop_loss
GOLD,2025-12-23T14:55:00+00:00,2025-12-23T15:00:00+00:00,BUY,4.43496988,66.90468846,15.08571429,4446.42,4431.33428571,-66.90468846,4460.3125638,4393.40787535,-746.21697832,stop_loss
GOLD,2025-12-23T15:00:00+00:00,2025-12-23T15:10:00+00:00,BUY,4.22327041,65.90111813,15.60428571,4434.25,4446.73342857,52.7208945,4393.40787535,4446.12876985,-693.49608382,take_profit
BTCUSD,2025-12-24T08:20:00+00:00,2025-12-24T08:25:00+00:00,SELL,0.75860176,66.69193155,87.91428571,86742.75,86830.66428571,-66.69193155,4446.12876985,4379.4368383,-760.18801536,stop_loss
BTCUSD,2025-12-24T08:55:00+00:00,2025-12-24T10:05:00+00:00,SELL,0.60235901,65.69155257,109.05714286,86726.1,86835.15714286,-65.69155257,4379.4368383,4313.74528573,-825.87956794,stop_loss
GOLD,2025-12-24T13:15:00+00:00,2025-12-24T13:35:00+00:00,BUY,10.95852549,64.70617929,5.90464286,4480.22,4484.94371429,51.76494343,4313.74528573,4365.51022916,-774.11462451,take_profit
GOLD,2025-12-24T15:40:00+00:00,2025-12-24T16:00:00+00:00,BUY,4.31313643,65.48265344,15.18214286,4453.23,4465.37571429,52.38612275,4365.51022916,4417.89635191,-721.72850176,take_profit
BTCUSD,2025-12-25T08:20:00+00:00,2025-12-25T08:25:00+00:00,SELL,1.04137191,66.26844528,63.63571429,87328.4,87392.03571429,-66.26844528,4417.89635191,4351.62790663,-787.99694704,stop_loss
BTCUSD,2025-12-25T10:35:00+00:00,2025-12-25T10:40:00+00:00,SELL,1.38628923,65.2744186,47.08571429,87224.15,87271.23571429,-65.2744186,4351.62790663,4286.35348803,-853.27136564,stop_loss
BTCUSD,2025-12-26T07:10:00+00:00,2025-12-26T07:30:00+00:00,BUY,0.8006887,64.29530232,80.3,89294.55,89214.25,-64.29530232,4286.35348803,4222.05818571,-917.56666796,stop_loss
BTCUSD,2025-12-26T09:45:00+00:00,2025-12-26T09:55:00+00:00,BUY,0.98849682,63.33087279,64.06785714,88821.65,88757.58214286,-63.33087279,4222.05818571,4158.72731292,-980.89754074,stop_loss
GOLD,2025-12-26T13:35:00+00:00,2025-12-26T13:45:00+00:00,SELL,9.94061506,62.38090969,6.27535714,4524.02,4518.99971429,49.90472776,4158.72731292,4208.63204068,-930.99281299,take_profit
GOLD,2025-12-26T14:00:00+00:00,2025-12-26T14:40:00+00:00,SELL,7.78758242,63.12948061,8.10642857,4526.59,4520.10485714,50.50358449,4208.63204068,4259.13562517,-880.4892285,take_profit
GOLD,2025-12-26T15:45:00+00:00,2025-12-26T16:10:00+00:00,SELL,6.33328717,63.88703438,10.0875,4544.35,4536.28,51.1096275,4259.13562517,4310.24525267,-829.379601,take_profit
BTCUSD,2025-12-27T10:30:00+00:00,2025-12-27T11:15:00+00:00,SELL,1.50632635,64.65367879,42.92142857,87425.95,87468.87142857,-64.65367879,4310.24525267,4245.59157388,-894.03327979,stop_loss
BTCUSD,2025-12-27T13:20:00+00:00,2025-12-27T13:35:00+00:00,SELL,2.86679817,63.68387361,22.21428571,87350.4,87372.61428571,-63.68387361,4245.59157388,4181.90770027,-957.7171534,stop_loss
BTCUSD,2025-12-28T08:05:00+00:00,2025-12-28T08:30:00+00:00,BUY,2.08747473,62.7286155,30.05,87742.45,87712.4,-62.7286155,4181.90770027,4119.17908477,-1020.4457689,stop_loss
BTCUSD,2025-12-28T08:35:00+00:00,2025-12-28T08:40:00+00:00,BUY,2.11627549,61.78768627,29.19642857,87796.45,87884.03928571,185.36305881,4119.17908477,4304.54214358,-835.08271009,take_profit
BTCUSD,2025-12-29T09:30:00+00:00,2025-12-29T09:40:00+00:00,SELL,0.43081323,64.56813215,149.875,88600.65,88151.025,193.70439646,4304.54214358,4498.24654004,-641.37831362,take_profit
BTCUSD,2025-12-29T09:40:00+00:00,2025-12-29T10:55:00+00:00,SELL,0.34757861,67.4736981,194.125,88140.1,87557.725,202.4210943,4498.24654004,4700.66763434,-438.95721932,take_profit
GOLD,2025-12-29T13:40:00+00:00,2025-12-29T13:45:00+00:00,BUY,6.64472404,70.51001452,10.61142857,4429.66,4419.04857143,-70.51001452,4700.66763434,4630.15761983,-509.46723384,stop_loss
GOLD,2025-12-29T13:45:00+00:00,2025-12-29T14:00:00+00:00,BUY,6.0120763,69.4523643,11.55214286,4417.08,4405.52785714,-69.4523643,4630.15761983,4560.70525553,-578.91959814,stop_loss
GOLD,2025-12-29T14:00:00+00:00,2025-12-29T14:30:00+00:00,BUY,4.33379988,68.41057883,15.78535714,4400.13,4384.34464286,-68.41057883,4560.70525553,4492.2946767,-647.33017697,stop_loss
BTCUSD,2025-12-30T08:00:00+00:00,2025-12-30T08:10:00+00:00,BUY,0.93929594,67.38442015,71.73928571,87602.65,87817.86785714,202.15326045,4492.2946767,4694.44793715,-445.17691652,take_profit
BTCUSD,2025-12-30T08:10:00+00:00,2025-12-30T08:15:00+00:00,BUY,0.75748901,70.41671906,92.96071429,87772.5,88051.38214286,211.25015717,4694.44793715,4905.69809432,-233.92675935,take_profit
GOLD,2025-12-30T13:00:00+00:00,2025-12-30T13:10:00+00:00,SELL,10.76316774,73.58547141,6.83678571,4402.8,4397.33057143,58.86837713,4905.69809432,4964.56647145,-175.05838221,take_profit
GOLD,2025-12-30T19:30:00+00:00,2025-12-30T19:45:00+00:00,BUY,14.13256011,74.46849707,5.26928571,4361.8,4356.53071429,-74.46849707,4964.56647145,4890.09797438,-249.52687929,stop_loss
GOLD,2025-12-30T19:45:00+00:00,2025-12-30T19:50:00+00:00,BUY,11.94996887,73.35146962,6.13821429,4349.82,4343.68178571,-73.35146962,4890.09797438,4816.74650477,-322.8783489,stop_loss
BTCUSD,2025-12-31T07:35:00+00:00,2025-12-31T08:35:00+00:00,BUY,1.68277619,72.25119757,42.93571429,88498.3,88455.36428571,-72.25119757,4816.74650477,4744.49530719,-395.12954647,stop_loss
BTCUSD,2025-12-31T10:10:00+00:00,2025-12-31T10:20:00+00:00,BUY,1.61377391,71.16742961,44.1,88685.8,88641.7,-71.16742961,4744.49530719,4673.32787759,-466.29697608,stop_loss
GOLD,2025-12-31T13:45:00+00:00,2025-12-31T13:55:00+00:00,SELL,8.44214068,70.09991816,8.30357143,4339.64,4347.94357143,-70.09991816,4673.32787759,4603.22795942,-536.39689424,stop_loss
GOLD,2025-12-31T13:55:00+00:00,2025-12-31T14:00:00+00:00,SELL,8.01656816,69.04841939,8.61321429,4345.95,4339.05942857,55.23873551,4603.22795942,4658.46669494,-481.15815873,take_profit
GOLD,2025-12-31T14:00:00+00:00,2025-12-31T14:25:00+00:00,SELL,7.3751593,69.87700042,9.47464286,4341.34,4333.76028571,55.90160034,4658.46669494,4714.36829527,-425.25655839,take_profit
BTCUSD,2026-01-01T09:15:00+00:00,2026-01-01T09:20:00+00:00,BUY,1.33920052,55.71552443,41.60357143,87789.3,87747.69642857,-55.71552443,3714.36829527,3658.65277085,-1480.97208282,stop_loss
BTCUSD,2026-01-01T11:50:00+00:00,2026-01-01T12:30:00+00:00,BUY,1.87280215,54.87979156,29.30357143,87840.8,87811.49642857,-54.87979156,3658.65277085,3603.77297928,-1535.85187438,stop_loss
BTCUSD,2026-01-02T08:20:00+00:00,2026-01-02T09:45:00+00:00,BUY,0.68330308,54.05659469,79.11071429,88993.1,89230.43214286,162.16978407,3603.77297928,3765.94276335,-1373.68209032,take_profit
BTCUSD,2026-01-02T09:45:00+00:00,2026-01-02T09:50:00+00:00,BUY,0.61196934,56.48914145,92.30714286,89356.25,89263.94285714,-56.48914145,3765.94276335,3709.4536219,-1430.17123177,stop_loss
GOLD,2026-01-02T14:30:00+00:00,2026-01-02T15:00:00+00:00,BUY,5.22458257,55.64180433,10.65,4355.44,4344.79,-55.64180433,3709.4536219,3653.81181757,-1485.81303609,stop_loss
GOLD,2026-01-02T15:00:00+00:00,2026-01-02T15:20:00+00:00,BUY,4.64946059,54.80717726,11.78785714,4342.33,4330.54214286,-54.80717726,3653.81181757,3599.00464031,-1540.62021336,stop_loss
GOLD,2026-01-02T15:20:00+00:00,2026-01-02T15:40:00+00:00,BUY,3.80157424,53.9850696,14.20071429,4334.28,4345.64057143,43.18805568,3599.00464031,3642.19269599,-1497.43215767,take_profit
BTCUSD,2026-01-03T08:00:00+00:00,2026-01-03T08:25:00+00:00,SELL,0.63521341,54.63289044,86.00714286,89591.3,89677.30714286,-54.63289044,3642.19269599,3587.55980555,-1552.06504811,stop_loss
BTCUSD,2026-01-03T12:05:00+00:00,2026-01-03T12:20:00+00:00,SELL,1.32650332,53.81339708,40.56785714,89609.4,89649.96785714,-53.81339708,3587.55980555,3533.74640847,-1605.8784452,stop_loss
BTCUSD,2026-01-04T10:10:00+00:00,2026-01-04T10:15:00+00:00,BUY,0.78163761,53.00619613,67.81428571,91505.1,91437.28571429,-53.00619613,3533.74640847,3480.74021234,-1658.88464132,stop_loss
BTCUSD,2026-01-04T14:10:00+00:00,2026-01-04T14:15:00+00:00,BUY,0.83676429,52.21110319,62.39642857,91359.5,91297.10357143,-52.21110319,3480.74021234,3428.52910916,-1711.09574451,stop_loss
BTCUSD,2026-01-05T08:05:00+00:00,2026-01-05T08:35:00+00:00,BUY,0.90411391,51.42793664,56.88214286,92587.4,92530.51785714,-51.42793664,3428.52910916,3377.10117252,-1762.52368115,stop_loss
BTCUSD,2026-01-05T09:45:00+00:00,2026-01-05T10:00:00+00:00,BUY,0.5152134,50.65651759,98.32142857,92736.35,92638.02857143,-50.65651759,3377.10117252,3326.44465493,-1813.18019873,stop_loss
GOLD,2026-01-05T13:25:00+00:00,2026-01-05T13:30:00+00:00,BUY,5.24203345,49.89666982,9.51857143,4399.77,4407.38485714,39.91733586,3326.44465493,3366.36199079,-1773.26286288,take_profit
GOLD,2026-01-05T14:45:00+00:00,2026-01-05T15:00:00+00:00,SELL,5.53677959,50.49542986,9.12,4436.92,4446.04,-50.49542986,3366.36199079,3315.86656093,-1823.75829274,stop_loss
GOLD,2026-01-05T15:00:00+00:00,2026-01-05T15:25:00+00:00,SELL,4.36216236,49.73799841,11.40214286,4452.03,4442.90828571,39.79039873,3315.86656093,3355.65695966,-1783.96789401,take_profit
BTCUSD,2026-01-06T07:10:00+00:00,2026-01-06T07:35:00+00:00,SELL,0.5512265,50.33485439,91.31428571,93536.3,93262.35714286,151.00456318,3355.65695966,3506.66152284,-1632.96333082,take_profit
BTCUSD,2026-01-06T07:35:00+00:00,2026-01-06T08:05:00+00:00,SELL,0.51429893,52.59992284,102.275,93267.5,93369.775,-52.59992284,3506.66152284,3454.0616,-1685.56325366,stop_loss
GOLD,2026-01-06T14:30:00+00:00,2026-01-06T14:50:00+00:00,SELL,5.99886644,51.810924,8.63678571,4479.11,4487.74678571,-51.810924,3454.0616,3402.250676,-1737.37417766,stop_loss
GOLD,2026-01-06T14:50:00+00:00,2026-01-06T15:10:00+00:00,SELL,5.28182629,51.03376014,9.66214286,4487.95,4480.22028571,40.82700811,3402.250676,3443.07768411,-1696.54716955,take_profit
GOLD,2026-01-06T16:40:00+00:00,2026-01-06T17:40:00+00:00,SELL,6.44340163,51.64616526,8.01535714,4488.26,4481.84771429,41.31693221,3443.07768411,3484.39461632,-1655.23023734,take_profit
BTCUSD,2026-01-07T09:05:00+00:00,2026-01-07T09:10:00+00:00,SELL,0.63278667,52.26591924,82.59642857,92466.2,92218.41071429,156.79775773,3484.39461632,3641.19237406,-1498.43247961,take_profit
BTCUSD,2026-01-07T09:10:00+00:00,2026-01-07T09:20:00+00:00,SELL,0.55614983,54.61788561,98.20714286,92219.1,91924.47857143,163.85365683,3641.19237406,3805.04603089,-1334.57882278,take_profit
GOLD,2026-01-07T15:10:00+00:00,2026-01-07T15:25:00+00:00,BUY,4.78063757,57.07569046,11.93892857,4426.86,4436.41114286,45.66055237,3805.04603089,3850.70658326,-1288.91827041,take_profit
GOLD,2026-01-07T16:40:00+00:00,2026-01-07T17:00:00+00:00,SELL,6.24535359,57.76059875,9.24857143,4467.8,4460.40114286,46.208479,3850.70658326,3896.91506226,-1242.70979141,take_profit
BTCUSD,2026-01-08T07:00:00+00:00,2026-01-08T07:10:00+00:00,SELL,0.31064082,58.45372593,188.17142857,89762.35,89950.52142857,-58.45372593,3896.91506226,3838.46133633,-1301.16351734,stop_loss
BTCUSD,2026-01-08T09:25:00+00:00,2026-01-08T10:20:00+00:00,SELL,0.45981397,57.57692004,125.21785714,89924.4,90049.61785714,-57.57692004,3838.46133633,3780.88441628,-1358.74043738,stop_loss
GOLD,2026-01-08T15:30:00+00:00,2026-01-08T16:35:00+00:00,SELL,5.16766395,56.71326624,10.97464286,4450.99,4461.96464286,-56.71326624,3780.88441628,3724.17115004,-1415.45370363,stop_loss
GOLD,2026-01-08T17:20:00+00:00,2026-01-08T18:05:00+00:00,SELL,8.41348977,55.86256725,6.63964286,4461.42,4456.10828571,44.6900538,3724.17115004,3768.86120384,-1370.76364983,take_profit
BTCUSD,2026-01-09T07:55:00+00:00,2026-01-09T08:00:00+00:00,SELL,0.87891266,56.53291806,64.32142857,90642.15,90706.47142857,-56.53291806,3768.86120384,3712.32828578,-1427.29656789,stop_loss
BTCUSD,2026-01-09T08:00:00+00:00,2026-01-09T08:05:00+00:00,SELL,0.65793648,55.68492429,84.63571429,90443.55,90528.18571429,-55.68492429,3712.32828578,3656.64336149,-1482.98149217,stop_loss
GOLD,2026-01-09T15:50:00+00:00,2026-01-09T16:10:00+00:00,SELL,4.80911292,54.84965042,11.40535714,4511.78,4502.65571429,43.87972034,3656.64336149,3700.52308183,-1439.10177183,take_profit
BTCUSD,2026-01-10T08:00:00+00:00,2026-01-10T08:05:00+00:00,BUY,1.47138095,55.50784623,37.725,90589.0,90551.275,-55.50784623,3700.52308183,3645.0152356,-1494.60961806,stop_loss
BTCUSD,2026-01-10T09:55:00+00:00,2026-01-10T12:00:00+00:00,BUY,1.35574424,54.67522853,40.32857143,90634.85,90594.52142857,-54.67522853,3645.0152356,3590.34000707,-1549.2848466,stop_loss
BTCUSD,2026-01-11T08:30:00+00:00,2026-01-11T08:35:00+00:00,BUY,2.08596321,53.85510011,25.81785714,90637.8,90611.98214286,-53.85510011,3590.34000707,3536.48490696,-1603.1399467,stop_loss
BTCUSD,2026-01-11T08:55:00+00:00,2026-01-11T09:25:00+00:00,BUY,1.37212347,53.0472736,38.66071429,90668.95,90630.28928571,-53.0472736,3536.48490696,3483.43763336,-1656.18722031,stop_loss
BTCUSD,2026-01-12T08:00:00+00:00,2026-01-12T08:05:00+00:00,SELL,0.45443199,52.2515645,114.98214286,91217.85,91332.83214286,-52.2515645,3483.43763336,3431.18606886,-1708.43878481,stop_loss
BTCUSD,2026-01-12T08:30:00+00:00,2026-01-12T08:35:00+00:00,SELL,0.37343824,51.46779103,137.82142857,91031.55,90618.08571429,154.4033731,3431.18606886,3585.58944196,-1554.03541171,take_profit
GOLD,2026-01-12T13:00:00+00:00,2026-01-12T13:05:00+00:00,SELL,9.90885357,53.78384163,5.42785714,4596.17,4601.59785714,-53.78384163,3585.58944196,3531.80560033,-1607.81925334,stop_loss
GOLD,2026-01-12T13:05:00+00:00,2026-01-12T13:10:00+00:00,SELL,8.95585553,52.977084,5.91535714,4601.32,4607.23535714,-52.977084,3531.80560033,3478.82851632,-1660.79633734,stop_loss
GOLD,2026-01-12T13:10:00+00:00,2026-01-12T13:40:00+00:00,SELL,8.08895519,52.18242774,6.45107143,4606.65,4613.10107143,-52.18242774,3478.82851632,3426.64608858,-1712.97876509,stop_loss
BTCUSD,2026-01-13T09:00:00+00:00,2026-01-13T09:20:00+00:00,BUY,0.62841296,51.39969133,81.79285714,92298.1,92543.47857143,154.19907399,3426.64608858,3580.84516256,-1558.7796911,take_profit
BTCUSD,2026-01-13T09:20:00+00:00,2026-01-13T09:35:00+00:00,BUY,0.50161929,53.71267744,107.07857143,92449.15,92342.07142857,-53.71267744,3580.84516256,3527.13248513,-1612.49236854,stop_loss
GOLD,2026-01-13T13:10:00+00:00,2026-01-13T13:30:00+00:00,SELL,8.54914384,52.90698728,6.18857143,4602.84,4609.02857143,-52.90698728,3527.13248513,3474.22549785,-1665.39935582,stop_loss
GOLD,2026-01-13T13:30:00+00:00,2026-01-13T14:20:00+00:00,SELL,6.33734944,52.11338247,8.22321429,4613.36,4621.58321429,-52.11338247,3474.22549785,3422.11211538,-1717.51273828,stop_loss
GOLD,2026-01-13T17:55:00+00:00,2026-01-13T18:20:00+00:00,BUY,6.39988907,51.33168173,8.02071429,4590.58,4582.55928571,-51.33168173,3422.11211538,3370.78043365,-1768.84442002,stop_loss
BTCUSD,2026-01-14T07:45:00+00:00,2026-01-14T08:35:00+00:00,BUY,0.42573158,50.5617065,118.76428571,95169.35,95050.58571429,-50.5617065,3370.78043365,3320.21872715,-1819.40612652,stop_loss
BTCUSD,2026-01-14T13:20:00+00:00,2026-01-14T13:30:00+00:00,BUY,0.61229061,49.80328091,81.33928571,95151.8,95070.46071429,-49.80328091,3320.21872715,3270.41544624,-1869.20940743,stop_loss
GOLD,2026-01-14T14:45:00+00:00,2026-01-14T14:50:00+00:00,BUY,4.99626978,49.05623169,9.81857143,4607.89,4615.74485714,39.24498535,3270.41544624,3309.66043159,-1829.96442207,take_profit
GOLD,2026-01-14T15:00:00+00:00,2026-01-14T15:10:00+00:00,BUY,4.33444771,49.64490647,11.45357143,4605.57,4614.73285714,39.71592518,3309.66043159,3349.37635677,-1790.24849689,take_profit
GOLD,2026-01-14T18:50:00+00:00,2026-01-14T19:00:00+00:00,SELL,7.25197479,50.24064535,6.92785714,4634.96,4641.88785714,-50.24064535,3349.37635677,3299.13571142,-1840.48914225,stop_loss
BTCUSD,2026-01-15T07:40:00+00:00,2026-01-15T08:00:00+00:00,BUY,0.45011597,49.48703567,109.94285714,96590.95,96481.00714286,-49.48703567,3299.13571142,3249.64867575,-1889.97617792,stop_loss
BTCUSD,2026-01-15T09:25:00+00:00,2026-01-15T09:40:00+00:00,BUY,0.51455323,48.74473014,94.73214286,96752.7,97036.89642857,146.23419041,3249.64867575,3395.88286616,-1743.74198751,take_profit
GOLD,2026-01-15T13:30:00+00:00,2026-01-15T13:45:00+00:00,BUY,7.10648133,50.93824299,7.16785714,4595.08,4587.91214286,-50.93824299,3395.88286616,3344.94462317,-1794.6802305,stop_loss
GOLD,2026-01-15T13:45:00+00:00,2026-01-15T14:05:00+00:00,BUY,5.63799961,50.17416935,8.89928571,4588.1,4595.21942857,40.13933548,3344.94462317,3385.08395864,-1754.54089502,take_profit
GOLD,2026-01-15T18:00:00+00:00,2026-01-15T18:30:00+00:00,SELL,10.31813094,50.77625938,4.92107143,4619.06,4615.12314286,40.6210075,3385.08395864,3425.70496615,-1713.91988752,take_profit
BTCUSD,2026-01-16T10:00:00+00:00,2026-01-16T10:30:00+00:00,SELL,0.81430533,51.38557449,63.10357143,95541.55,95352.23928571,154.15672348,3425.70496615,3579.86168962,-1559.76316404,take_profit
BTCUSD,2026-01-16T10:30:00+00:00,2026-01-16T11:50:00+00:00,SELL,0.90259449,53.69792534,59.49285714,95355.7,95415.19285714,-53.69792534,3579.86168962,3526.16376428,-1613.46108939,stop_loss
GOLD,2026-01-16T13:15:00+00:00,2026-01-16T13:30:00+00:00,BUY,6.91114276,52.89245646,7.65321429,4587.46,4593.58257143,42.31396517,3526.16376428,3568.47772945,-1571.14712421,take_profit
GOLD,2026-01-16T15:25:00+00:00,2026-01-16T15:30:00+00:00,BUY,3.62544907,53.52716594,14.76428571,4565.14,4550.37571429,-53.52716594,3568.47772945,3514.95056351,-1624.67429016,stop_loss
GOLD,2026-01-16T15:30:00+00:00,2026-01-16T15:45:00+00:00,BUY,2.93927296,52.72425845,17.93785714,4544.32,4558.67028571,42.17940676,3514.95056351,3557.12997027,-1582.49488339,take_profit
BTCUSD,2026-01-17T08:00:00+00:00,2026-01-17T08:15:00+00:00,SELL,1.07035004,53.35694955,49.85,95103.15,95153.0,-53.35694955,3557.12997027,3503.77302072,-1635.85183295,stop_loss
BTCUSD,2026-01-17T10:40:00+00:00,2026-01-17T11:20:00+00:00,SELL,1.6414776,52.55659531,32.01785714,95131.05,95163.06785714,-52.55659531,3503.77302072,3451.21642541,-1688.40842826,stop_loss
BTCUSD,2026-01-18T07:30:00+00:00,2026-01-18T07:45:00+00:00,SELL,1.70310292,51.76824638,30.39642857,95013.2,95043.59642857,-51.76824638,3451.21642541,3399.44817903,-1740.17667464,stop_loss
BTCUSD,2026-01-18T09:20:00+00:00,2026-01-18T10:00:00+00:00,BUY,2.07012938,50.99172269,24.63214286,95174.45,95149.81785714,-50.99172269,3399.44817903,3348.45645634,-1791.16839733,stop_loss
BTCUSD,2026-01-19T13:15:00+00:00,2026-01-19T13:35:00+00:00,SELL,0.59033359,50.22684685,85.08214286,92901.7,92986.78214286,-50.22684685,3348.45645634,3298.2296095,-1841.39524417,stop_loss
BTCUSD,2026-01-19T14:35:00+00:00,2026-01-19T14:45:00+00:00,SELL,0.55365965,49.47344414,89.35714286,92704.45,92793.80714286,-49.47344414,3298.2296095,3248.75616535,-1890.86868831,stop_loss
GOLD,2026-01-19T17:40:00+00:00,2026-01-19T18:00:00+00:00,SELL,17.13737239,48.73134248,2.84357143,4676.26,4673.98514286,38.98507398,3248.75616535,3287.74123934,-1851.88361433,take_profit
GOLD,2026-01-19T18:20:00+00:00,2026-01-19T18:30:00+00:00,SELL,14.22384961,49.31611859,3.46714286,4679.24,4676.46628571,39.45289487,3287.74123934,3327.19413421,-1812.43071946,take_profit
BTCUSD,2026-01-20T08:35:00+00:00,2026-01-20T08:45:00+00:00,SELL,0.34322032,49.90791201,145.41071429,90642.85,90788.26071429,-49.90791201,3327.19413421,3277.2862222,-1862.33863147,stop_loss
BTCUSD,2026-01-20T12:15:00+00:00,2026-01-20T12:25:00+00:00,SELL,0.70558756,49.15929333,69.67142857,91025.1,91094.77142857,-49.15929333,3277.2862222,3228.12692886,-1911.4979248,stop_loss
GOLD,2026-01-20T14:15:00+00:00,2026-01-20T14:30:00+00:00,SELL,4.2523313,48.42190393,11.38714286,4745.12,4736.01028571,38.73752315,3228.12692886,3266.86445201,-1872.76040166,take_profit
GOLD,2026-01-20T16:45:00+00:00,2026-01-20T16:55:00+00:00,SELL,5.59463025,49.00296678,8.75892857,4748.86,4757.61892857,-49.00296678,3266.86445201,3217.86148523,-1921.76336844,stop_loss
GOLD,2026-01-20T16:55:00+00:00,2026-01-20T17:00:00+00:00,SELL,5.89043682,48.26792228,8.19428571,4753.72,4747.16457143,38.61433782,3217.86148523,3256.47582305,-1883.14903061,take_profit
BTCUSD,2026-01-21T07:30:00+00:00,2026-01-21T07:55:00+00:00,SELL,0.4523631,48.84713735,107.98214286,89313.2,88989.25357143,146.54141204,3256.47582305,3403.01723509,-1736.60761858,take_profit
BTCUSD,2026-01-21T08:35:00+00:00,2026-01-21T08:55:00+00:00,SELL,0.37852359,51.04525853,134.85357143,88945.85,89080.70357143,-51.04525853,3403.01723509,3351.97197656,-1787.6528771,stop_loss
GOLD,2026-01-21T13:55:00+00:00,2026-01-21T14:00:00+00:00,SELL,5.75516405,50.27957965,8.73642857,4879.46,4872.47085714,40.22366372,3351.97197656,3392.19564028,-1747.42921338,take_profit
GOLD,2026-01-21T17:40:00+00:00,2026-01-21T17:50:00+00:00,BUY,3.10113223,50.8829346,16.40785714,4810.02,4823.14628571,40.70634768,3392.19564028,3432.90198797,-1706.7228657,take_profit
GOLD,2026-01-21T19:35:00+00:00,2026-01-21T19:50:00+00:00,BUY,2.93526905,51.49352982,17.54303571,4773.815,4756.27196429,-51.49352982,3432.90198797,3381.40845815,-1758.21639552,stop_loss
BTCUSD,2026-01-22T09:35:00+00:00,2026-01-22T10:00:00+00:00,BUY,0.63240484,50.72112687,80.20357143,90019.75,89939.54642857,-50.72112687,3381.40845815,3330.68733127,-1808.93752239,stop_loss
BTCUSD,2026-01-22T13:20:00+00:00,2026-01-22T13:30:00+00:00,BUY,0.93333912,49.96030997,53.52857143,90030.2,89976.67142857,-49.96030997,3330.68733127,3280.7270213,-1858.89783236,stop_loss
GOLD,2026-01-22T14:40:00+00:00,2026-01-22T14:45:00+00:00,SELL,4.45124566,49.21090532,11.05553571,4845.91,4837.06557143,39.36872426,3280.7270213,3320.09574556,-1819.52910811,take_profit
GOLD,2026-01-22T14:50:00+00:00,2026-01-22T14:55:00+00:00,SELL,4.52593383,49.80143618,11.00357143,4844.885,4836.08214286,39.84114895,3320.09574556,3359.93689451,-1779.68795916,take_profit
GOLD,2026-01-22T15:25:00+00:00,2026-01-22T15:50:00+00:00,SELL,3.72189077,50.39905342,13.54125,4853.925,4867.46625,-50.39905342,3359.93689451,3309.53784109,-1830.08701258,stop_loss
BTCUSD,2026-01-23T08:25:00+00:00,2026-01-23T09:15:00+00:00,SELL,0.60084979,49.64306762,82.62142857,89222.45,88974.58571429,148.92920285,3309.53784109,3458.46704394,-1681.15780973,take_profit
BTCUSD,2026-01-23T09:15:00+00:00,2026-01-23T11:05:00+00:00,SELL,0.41501605,51.87700566,125.0,88947.15,89072.15,-51.87700566,3458.46704394,3406.59003828,-1733.03481539,stop_loss
GOLD,2026-01-23T14:45:00+00:00,2026-01-23T14:55:00+00:00,SELL,5.2762762,51.09885057,9.68464286,4953.765,4946.01728571,40.87908046,3406.59003828,3447.46911874,-1692.15573493,take_profit
GOLD,2026-01-23T16:05:00+00:00,2026-01-23T16:25:00+00:00,SELL,4.33332444,51.71203678,11.93357143,4973.765,4985.69857143,-51.71203678,3447.46911874,3395.75708196,-1743.86777171,stop_loss
GOLD,2026-01-23T16:25:00+00:00,2026-01-23T16:45:00+00:00,SELL,4.55064604,50.93635623,11.19321429,4985.525,4976.57042857,40.74908498,3395.75708196,3436.50616694,-1703.11868673,take_profit
BTCUSD,2026-01-24T08:00:00+00:00,2026-01-24T08:50:00+00:00,SELL,1.37906802,51.5475925,37.37857143,89490.5,89527.87857143,-51.5475925,3436.50616694,3384.95857444,-1754.66627923,stop_loss
BTCUSD,2026-01-24T12:05:00+00:00,2026-01-24T12:30:00+00:00,SELL,2.57597862,50.77437862,19.71071429,89409.85,89429.56071429,-50.77437862,3384.95857444,3334.18419582,-1805.44065785,stop_loss
BTCUSD,2026-01-25T08:35:00+00:00,2026-01-25T08:40:00+00:00,SELL,0.90136287,50.01276294,55.48571429,88302.4,88135.94285714,150.03828881,3334.18419582,3484.22248463,-1655.40236903,take_profit
BTCUSD,2026-01-25T08:40:00+00:00,2026-01-25T09:20:00+00:00,SELL,0.54974772,52.26333727,95.06785714,88171.6,88266.66785714,-52.26333727,3484.22248463,3431.95914736,-1707.6657063,stop_loss
BTCUSD,2026-01-26T08:00:00+00:00,2026-01-26T08:10:00+00:00,BUY,0.44933534,51.47938721,114.56785714,88022.1,87907.53214286,-51.47938721,3431.95914736,3380.47976015,-1759.14509351,stop_loss
BTCUSD,2026-01-26T08:20:00+00:00,2026-01-26T08:45:00+00:00,BUY,0.33172157,50.7071964,152.86071429,88089.55,87936.68928571,-50.7071964,3380.47976015,3329.77256375,-1809.85228992,stop_loss
GOLD,2026-01-26T19:00:00+00:00,2026-01-26T19:05:00+00:00,BUY,2.77439761,49.94658846,18.00267857,5045.79,5060.19214286,39.95727077,3329.77256375,3369.72983451,-1769.89501915,take_profit
GOLD,2026-01-26T19:20:00+00:00,2026-01-26T19:30:00+00:00,BUY,2.27404583,50.54594752,22.22732143,5022.06,5039.84185714,40.43675801,3369.72983451,3410.16659253,-1729.45826114,take_profit
BTCUSD,2026-01-27T08:20:00+00:00,2026-01-27T09:05:00+00:00,SELL,0.82385388,51.15249889,62.08928571,88149.3,87963.03214286,153.45749666,3410.16659253,3563.62408919,-1576.00076447,take_profit
BTCUSD,2026-01-27T09:05:00+00:00,2026-01-27T09:10:00+00:00,SELL,0.72016654,53.45436134,74.225,87890.25,87964.475,-53.45436134,3563.62408919,3510.16972786,-1629.45512581,stop_loss
GOLD,2026-01-27T14:15:00+00:00,2026-01-27T14:30:00+00:00,BUY,3.54332513,52.65254592,14.85964286,5055.17,5067.05771429,42.12203673,3510.16972786,3552.29176459,-1587.33308908,take_profit
BTCUSD,2026-01-28T09:35:00+00:00,2026-01-28T10:15:00+00:00,BUY,0.52878346,53.28437647,100.76785714,89214.3,89516.60357143,159.85312941,3552.29176459,3712.144894,-1427.47995967,take_profit
BTCUSD,2026-01-28T11:45:00+00:00,2026-01-28T11:55:00+00:00,BUY,0.55811736,55.68217341,99.76785714,89701.15,90000.45357143,167.04652023,3712.144894,3879.19141423,-1260.43343944,take_profit
GOLD,2026-01-28T13:00:00+00:00,2026-01-28T13:10:00+00:00,SELL,5.33379295,58.18787121,10.90928571,5288.19,5279.46257143,46.55029697,3879.19141423,3925.7417112,-1213.88314247,take_profit
GOLD,2026-01-28T16:55:00+00:00,2026-01-28T17:35:00+00:00,SELL,4.22301156,58.88612567,13.94410714,5299.9,5288.74471429,47.10890053,3925.7417112,3972.85061173,-1166.77424194,take_profit
GOLD,2026-01-28T19:45:00+00:00,2026-01-28T20:00:00+00:00,SELL,2.92106027,59.59275918,20.40107143,5316.17,5336.57107143,-59.59275918,3972.85061173,3913.25785255,-1226.36700111,stop_loss
BTCUSD,2026-01-29T08:05:00+00:00,2026-01-29T08:25:00+00:00,SELL,0.63954562,58.69886779,91.78214286,87879.7,87971.48214286,-58.69886779,3913.25785255,3854.55898477,-1285.0658689,stop_loss
BTCUSD,2026-01-29T09:50:00+00:00,2026-01-29T11:05:00+00:00,SELL,0.64390851,57.81838477,89.79285714,87778.5,87868.29285714,-57.81838477,3854.55898477,3796.74059999,-1342.88425367,stop_loss
GOLD,2026-01-29T15:05:00+00:00,2026-01-29T15:10:00+00:00,BUY,1.39793466,56.951109,40.73946429,5414.845,5374.10553571,-56.951109,3796.74059999,3739.78949099,-1399.83536267,stop_loss
GOLD,2026-01-29T15:10:00+00:00,2026-01-29T15:15:00+00:00,BUY,1.20970063,56.09684236,46.3725,5384.73,5338.3575,-56.09684236,3739.78949099,3683.69264863,-1455.93220504,stop_loss
GOLD,2026-01-29T15:15:00+00:00,2026-01-29T15:25:00+00:00,BUY,1.0076041,55.25538973,54.83839286,5333.265,5278.42660714,-55.25538973,3683.69264863,3628.4372589,-1511.18759477,stop_loss
BTCUSD,2026-01-30T09:25:00+00:00,2026-01-30T09:35:00+00:00,SELL,0.35603664,54.42655888,152.86785714,82264.35,82417.21785714,-54.42655888,3628.4372589,3574.01070002,-1565.61415365,stop_loss
GOLD,2026-01-30T13:20:00+00:00,2026-01-30T14:00:00+00:00,BUY,1.217469,53.6101605,44.03410714,5026.59,5061.81728571,42.8881284,3574.01070002,3616.89882842,-1522.72602525,take_profit
BTCUSD,2026-01-30T14:40:00+00:00,2026-01-30T14:45:00+00:00,BUY,0.24025709,54.25348243,225.81428571,83519.3,83293.48571429,-54.25348243,3616.89882842,3562.64534599,-1576.97950768,stop_loss
GOLD,2026-01-30T16:35:00+00:00,2026-01-30T16:40:00+00:00,BUY,1.50941275,53.43968019,35.40428571,4973.03,5001.35342857,42.75174415,3562.64534599,3605.39709014,-1534.22776352,take_profit
GOLD,2026-01-30T17:05:00+00:00,2026-01-30T17:40:00+00:00,BUY,1.20129849,54.08095635,45.01875,4931.94,4886.92125,-54.08095635,3605.39709014,3551.31613379,-1588.30871988,stop_loss
BTCUSD,2026-01-31T08:00:00+00:00,2026-01-31T08:10:00+00:00,SELL,0.54179178,53.26974201,98.32142857,83356.3,83061.33571429,159.80922602,3551.31613379,3711.12535981,-1428.49949385,take_profit
BTCUSD,2026-01-31T08:10:00+00:00,2026-01-31T08:30:00+00:00,SELL,0.48012341,55.6668804,115.94285714,83197.55,82849.72142857,167.00064119,3711.12535981,3878.126001,-1261.49885266,take_profit
BTCUSD,2026-02-01T07:00:00+00:00,2026-02-01T07:10:00+00:00,SELL,0.35620371,43.17189002,121.2,78066.6,78187.8,-43.17189002,2878.126001,2834.95411099,-2304.67074268,stop_loss
BTCUSD,2026-02-01T10:40:00+00:00,2026-02-01T11:30:00+00:00,SELL,0.2468653,42.52431166,172.25714286,78309.2,78481.45714286,-42.52431166,2834.95411099,2792.42979932,-2347.19505434,stop_loss
BTCUSD,2026-02-02T08:15:00+00:00,2026-02-02T08:20:00+00:00,BUY,0.16329544,41.88644699,256.50714286,77082.35,76825.84285714,-41.88644699,2792.42979932,2750.54335233,-2389.08150133,stop_loss
BTCUSD,2026-02-02T09:25:00+00:00,2026-02-02T12:20:00+00:00,BUY,0.17049829,41.25815028,241.98571429,77270.95,77996.90714286,123.77445085,2750.54335233,2874.31780319,-2265.30705048,take_profit
GOLD,2026-02-02T15:55:00+00:00,2026-02-02T16:05:00+00:00,BUY,0.85326596,43.11476705,50.52910714,4620.25,4660.67328571,34.49181364,2874.31780319,2908.80961683,-2230.81523684,take_profit
GOLD,2026-02-02T18:15:00+00:00,2026-02-02T18:30:00+00:00,BUY,1.33593592,43.63214425,32.66035714,4624.52,4650.64828571,34.9057154,2908.80961683,2943.71533223,-2195.90952144,take_profit
BTCUSD,2026-02-03T08:35:00+00:00,2026-02-03T08:50:00+00:00,BUY,0.2729152,44.15572998,161.79285714,78910.2,78748.40714286,-44.15572998,2943.71533223,2899.55960224,-2240.06525142,stop_loss
BTCUSD,2026-02-03T09:10:00+00:00,2026-02-03T09:20:00+00:00,SELL,0.23787773,43.49339403,182.83928571,78126.05,78308.88928571,-43.49339403,2899.55960224,2856.06620821,-2283.55864545,stop_loss
GOLD,2026-02-03T13:30:00+00:00,2026-02-03T13:55:00+00:00,SELL,2.50296882,42.84099312,17.11607143,4935.74,4922.04714286,34.2727945,2856.06620821,2890.33900271,-2249.28585096,take_profit
GOLD,2026-02-03T16:25:00+00:00,2026-02-03T16:35:00+00:00,SELL,2.16742527,43.35508504,20.00303571,4973.01,4993.01303571,-43.35508504,2890.33900271,2846.98391767,-2292.640936,stop_loss
GOLD,2026-02-03T16:35:00+00:00,2026-02-03T16:45:00+00:00,SELL,2.17802048,42.70475877,19.60714286,4993.58,4977.89428571,34.16380701,2846.98391767,2881.14772468,-2258.47712899,take_profit
BTCUSD,2026-02-04T08:00:00+00:00,2026-02-04T08:10:00+00:00,SELL,0.29192368,43.21721587,148.04285714,76129.3,76277.34285714,-43.21721587,2881.14772468,2837.93050881,-2301.69434486,stop_loss
BTCUSD,2026-02-04T08:25:00+00:00,2026-02-04T08:35:00+00:00,SELL,0.28030262,42.56895763,151.86785714,76023.1,76174.96785714,-42.56895763,2837.93050881,2795.36155118,-2344.26330249,stop_loss
GOLD,2026-02-04T14:35:00+00:00,2026-02-04T14:50:00+00:00,BUY,1.56427619,41.93042327,26.805,4982.36,5003.804,33.54433861,2795.36155118,2828.90588979,-2310.71896387,take_profit
GOLD,2026-02-04T15:20:00+00:00,2026-02-04T15:30:00+00:00,BUY,1.08607148,42.43358835,39.07071429,4965.61,4926.53928571,-42.43358835,2828.90588979,2786.47230145,-2353.15255222,stop_loss
GOLD,2026-02-04T15:30:00+00:00,2026-02-04T16:45:00+00:00,BUY,0.95121154,41.79708452,43.94089286,4920.66,4876.71910714,-41.79708452,2786.47230145,2744.67521692,-2394.94963674,stop_loss
BTCUSD,2026-02-05T10:50:00+00:00,2026-02-05T11:05:00+00:00,SELL,0.21150461,41.17012825,194.65357143,70649.4,70844.05357143,-41.17012825,2744.67521692,2703.50508867,-2436.119765,stop_loss
BTCUSD,2026-02-05T11:20:00+00:00,2026-02-05T11:25:00+00:00,SELL,0.16238893,40.55257633,249.725,69952.45,70202.175,-40.55257633,2703.50508867,2662.95251234,-2476.67234133,stop_loss
GOLD,2026-02-05T16:50:00+00:00,2026-02-05T17:00:00+00:00,SELL,1.48812834,39.94428769,26.84196429,4903.365,4881.89142857,31.95543015,2662.95251234,2694.90794249,-2444.71691118,take_profit
BTCUSD,2026-02-06T11:50:00+00:00,2026-02-06T12:05:00+00:00,BUY,0.19849903,40.42361914,203.64642857,66449.35,66245.70357143,-40.42361914,2694.90794249,2654.48432335,-2485.14053031,stop_loss
BTCUSD,2026-02-06T13:00:00+00:00,2026-02-06T13:05:00+00:00,BUY,0.19913611,39.81726485,199.95,66795.35,66595.4,-39.81726485,2654.48432335,2614.6670585,-2524.95779517,stop_loss
GOLD,2026-02-06T13:00:00+00:00,2026-02-06T13:05:00+00:00,SELL,2.37196428,39.22000588,16.53482143,4925.635,4912.40714286,31.3760047,2614.6670585,2646.0430632,-2493.58179046,take_profit
GOLD,2026-02-06T13:35:00+00:00,2026-02-06T14:05:00+00:00,SELL,1.91405409,39.69064595,20.73642857,4930.655,4914.06585714,31.75251676,2646.0430632,2677.79557996,-2461.8292737,take_profit
GOLD,2026-02-06T15:30:00+00:00,2026-02-06T15:45:00+00:00,SELL,1.59548615,40.1669337,25.17535714,4955.205,4935.06471429,32.13354696,2677.79557996,2709.92912692,-2429.69572675,take_profit
BTCUSD,2026-02-07T08:00:00+00:00,2026-02-07T08:20:00+00:00,SELL,0.10344651,40.6489369,392.94642857,68067.75,68460.69642857,-40.6489369,2709.92912692,2669.28019002,-2470.34466365,stop_loss
BTCUSD,2026-02-07T10:30:00+00:00,2026-02-07T11:00:00+00:00,SELL,0.19892785,40.03920285,201.275,67819.7,68020.975,-40.03920285,2669.28019002,2629.24098717,-2510.3838665,stop_loss
BTCUSD,2026-02-08T07:15:00+00:00,2026-02-08T08:00:00+00:00,BUY,0.36106501,39.43861481,109.22857143,69387.2,69714.88571429,118.31584442,2629.24098717,2747.55683159,-2392.06802208,take_profit
BTCUSD,2026-02-08T08:00:00+00:00,2026-02-08T08:05:00+00:00,BUY,0.35412093,41.21335247,116.38214286,69789.65,69673.26785714,-41.21335247,2747.55683159,2706.34347912,-2433.28137455,stop_loss
BTCUSD,2026-02-09T08:20:00+00:00,2026-02-09T08:30:00+00:00,SELL,0.24472286,40.59515219,165.88214286,70164.35,69666.70357143,121.78545656,2706.34347912,2828.12893568,-2311.49591799,take_profit
BTCUSD,2026-02-09T08:30:00+00:00,2026-02-09T08:35:00+00:00,SELL,0.20943563,42.42193404,202.55357143,69555.15,69757.70357143,-42.42193404,2828.12893568,2785.70700164,-2353.91785203,stop_loss
GOLD,2026-02-09T14:50:00+00:00,2026-02-09T15:15:00+00:00,SELL,2.86542728,41.78560502,14.58267857,5040.285,5028.61885714,33.42848402,2785.70700164,2819.13548566,-2320.48936801,take_profit
GOLD,2026-02-09T15:30:00+00:00,2026-02-09T16:15:00+00:00,SELL,2.7230507,42.28703228,15.52928571,5053.93,5069.45928571,-42.28703228,2819.13548566,2776.84845338,-2362.77640029,stop_loss
GOLD,2026-02-09T16:15:00+00:00,2026-02-09T16:25:00+00:00,SELL,3.46471889,41.6527268,12.02196429,5067.405,5079.42696429,-41.6527268,2776.84845338,2735.19572657,-2404.42912709,stop_loss
BTCUSD,2026-02-10T10:55:00+00:00,2026-02-10T11:30:00+00:00,SELL,0.41786054,41.0279359,98.18571429,68874.6,68972.78571429,-41.0279359,2735.19572657,2694.16779068,-2445.45706299,stop_loss
BTCUSD,2026-02-10T11:40:00+00:00,2026-02-10T12:05:00+00:00,SELL,0.33761501,40.41251686,119.7,68610.75,68730.45,-40.41251686,2694.16779068,2653.75527382,-2485.86957985,stop_loss
GOLD,2026-02-10T14:15:00+00:00,2026-02-10T14:35:00+00:00,SELL,2.94943626,39.80632911,13.49625,5071.975,5061.178,31.84506329,2653.75527382,2685.6003371,-2454.02451656,take_profit
GOLD,2026-02-10T15:35:00+00:00,2026-02-10T15:45:00+00:00,BUY,1.93243413,40.28400506,20.84625,5007.955,5024.632,32.22720405,2685.6003371,2717.82754115,-2421.79731252,take_profit
GOLD,2026-02-10T18:25:00+00:00,2026-02-10T18:40:00+00:00,BUY,4.20135655,40.76741312,9.70339286,5008.62,5016.38271429,32.61393049,2717.82754115,2750.44147164,-2389.18338203,take_profit
BTCUSD,2026-02-11T09:45:00+00:00,2026-02-11T09:50:00+00:00,SELL,0.35918828,41.25662207,114.86071429,66716.85,66831.71071429,-41.25662207,2750.44147164,2709.18484957,-2430.4400041,stop_loss
BTCUSD,2026-02-11T10:00:00+00:00,2026-02-11T10:10:00+00:00,SELL,0.33704314,40.63777274,120.57142857,66681.1,66801.67142857,-40.63777274,2709.18484957,2668.54707682,-2471.07777684,stop_loss
GOLD,2026-02-11T17:40:00+00:00,2026-02-11T18:00:00+00:00,SELL,3.74045445,40.02820615,10.70142857,5096.085,5087.52385714,32.02256492,2668.54707682,2700.56964174,-2439.05521192,take_profit
GOLD,2026-02-11T19:20:00+00:00,2026-02-11T19:35:00+00:00,SELL,4.13857753,40.50854463,9.78803571,5092.585,5084.75457143,32.4068357,2700.56964174,2732.97647745,-2406.64837622,take_profit
BTCUSD,2026-02-12T08:25:00+00:00,2026-02-12T08:40:00+00:00,SELL,0.3300981,40.99464716,124.18928571,66882.0,67006.18928571,-40.99464716,2732.97647745,2691.98183028,-2447.64302338,stop_loss
BTCUSD,2026-02-12T09:30:00+00:00,2026-02-12T10:30:00+00:00,BUY,0.36282407,40.37972745,111.29285714,67419.1,67752.97857143,121.13918236,2691.98183028,2813.12101265,-2326.50384102,take_profit
GOLD,2026-02-12T16:10:00+00:00,2026-02-12T16:15:00+00:00,BUY,1.99431305,42.19681519,21.15857143,4951.63,4930.47142857,-42.19681519,2813.12101265,2770.92419746,-2368.70065621,stop_loss
GOLD,2026-02-12T16:15:00+00:00,2026-02-12T16:20:00+00:00,BUY,1.60876433,41.56386296,25.83589286,4934.685,4908.84910714,-41.56386296,2770.92419746,2729.36033449,-2410.26451917,stop_loss
GOLD,2026-02-12T16:20:00+00:00,2026-02-12T16:25:00+00:00,BUY,1.45957886,40.94040502,28.04946429,4923.07,4895.02053571,-40.94040502,2729.36033449,2688.41992948,-2451.20492419,stop_loss
BTCUSD,2026-02-13T07:10:00+00:00,2026-02-13T07:30:00+00:00,BUY,0.35308683,40.32629894,114.21071429,66475.8,66361.58928571,-40.32629894,2688.41992948,2648.09363054,-2491.53122313,stop_loss
BTCUSD,2026-02-13T08:45:00+00:00,2026-02-13T10:40:00+00:00,BUY,0.27913147,39.72140446,142.30357143,66614.4,67041.31071429,119.16421337,2648.09363054,2767.25784391,-2372.36700976,take_profit
GOLD,2026-02-13T14:15:00+00:00,2026-02-13T14:35:00+00:00,SELL,2.36106956,41.50886766,17.58053571,5003.39,4989.32557143,33.20709413,2767.25784391,2800.46493804,-2339.15991563,take_profit
GOLD,2026-02-13T17:05:00+00:00,2026-02-13T18:10:00+00:00,SELL,2.80407017,42.00697407,14.98071429,5014.405,5029.38571429,-42.00697407,2800.46493804,2758.45796397,-2381.1668897,stop_loss
GOLD,2026-02-13T19:05:00+00:00,2026-02-13T19:10:00+00:00,SELL,3.99012362,41.37686946,10.36982143,5045.725,5037.42914286,33.10149557,2758.45796397,2791.55945953,-2348.06539413,take_profit
BTCUSD,2026-02-14T08:00:00+00:00,2026-02-14T08:05:00+00:00,BUY,0.45700837,41.87339189,91.625,69361.0,69635.875,125.62017568,2791.55945953,2917.17963521,-2222.44521845,take_profit
BTCUSD,2026-02-14T08:05:00+00:00,2026-02-14T09:00:00+00:00,BUY,0.37696617,43.75769453,116.07857143,69501.55,69849.78571429,131.27308358,2917.17963521,3048.4527188,-2091.17213487,take_profit
BTCUSD,2026-02-15T07:15:00+00:00,2026-02-15T07:20:00+00:00,BUY,0.38088655,45.72679078,120.05357143,70761.75,70641.69642857,-45.72679078,3048.4527188,3002.72592802,-2136.89892565,stop_loss
BTCUSD,2026-02-15T12:45:00+00:00,2026-02-15T12:50:00+00:00,SELL,0.37176691,45.04088892,121.15357143,69958.6,69595.13928571,135.12266676,3002.72592802,3137.84859478,-2001.77625889,take_profit
BTCUSD,2026-02-16T09:00:00+00:00,2026-02-16T09:05:00+00:00,BUY,0.62080004,47.06772892,75.81785714,68917.75,68841.93214286,-47.06772892,3137.84859478,3090.78086585,-2048.84398781,stop_loss
BTCUSD,2026-02-16T09:25:00+00:00,2026-02-16T10:20:00+00:00,BUY,0.55799861,46.36171299,83.08571429,68932.95,68849.86428571,-46.36171299,3090.78086585,3044.41915287,-2095.2057008,stop_loss
GOLD,2026-02-16T14:50:00+00:00,2026-02-16T15:00:00+00:00,BUY,6.22535137,45.66628729,7.33553571,4986.195,4978.85946429,-45.66628729,3044.41915287,2998.75286557,-2140.87198809,stop_loss
GOLD,2026-02-16T15:00:00+00:00,2026-02-16T15:20:00+00:00,BUY,5.37823983,44.98129298,8.36357143,4973.875,4980.56585714,35.98503439,2998.75286557,3034.73789996,-2104.88695371,take_profit
GOLD,2026-02-16T15:20:00+00:00,2026-02-16T16:25:00+00:00,BUY,4.91939218,45.5210685,9.25339286,4979.435,4986.83771429,36.4168548,3034.73789996,3071.15475476,-2068.47009891,take_profit
BTCUSD,2026-02-17T09:10:00+00:00,2026-02-17T10:15:00+00:00,SELL,0.54221909,46.06732132,84.96071429,68071.55,67816.66785714,138.20196396,3071.15475476,3209.35671872,-1930.26813494,take_profit
BTCUSD,2026-02-17T10:15:00+00:00,2026-02-17T10:20:00+00:00,SELL,0.44556718,48.14035078,108.04285714,67804.3,67912.34285714,-48.14035078,3209.35671872,3161.21636794,-1978.40848572,stop_loss
GOLD,2026-02-17T13:15:00+00:00,2026-02-17T13:20:00+00:00,BUY,5.08759963,47.41824552,9.32035714,4913.005,4920.46128571,37.93459642,3161.21636794,3199.15096436,-1940.47388931,take_profit
GOLD,2026-02-17T13:55:00+00:00,2026-02-17T14:00:00+00:00,BUY,2.93413564,47.98726447,16.35482143,4870.855,4854.50017857,-47.98726447,3199.15096436,3151.16369989,-1988.46115377,stop_loss
GOLD,2026-02-17T14:00:00+00:00,2026-02-17T14:05:00+00:00,BUY,2.41587491,47.2674555,19.56535714,4871.965,4887.61728571,37.8139644,3151.16369989,3188.97766429,-1950.64718937,take_profit
BTCUSD,2026-02-18T07:40:00+00:00,2026-02-18T08:15:00+00:00,BUY,0.6006685,47.83466496,79.63571429,68044.15,68283.05714286,143.50399489,3188.97766429,3332.48165918,-1807.14319448,take_profit
BTCUSD,2026-02-18T08:15:00+00:00,2026-02-18T08:30:00+00:00,BUY,0.48839497,49.98722489,102.35,68304.35,68202.0,-49.98722489,3332.48165918,3282.4944343,-1857.13041937,stop_loss
GOLD,2026-02-18T13:00:00+00:00,2026-02-18T13:05:00+00:00,SELL,5.08547801,49.23741651,9.68196429,4946.57,4956.25196429,-49.23741651,3282.4944343,3233.25701778,-1906.36783588,stop_loss
GOLD,2026-02-18T13:05:00+00:00,2026-02-18T13:35:00+00:00,SELL,4.5202315,48.49885527,10.72928571,4955.29,4966.01928571,-48.49885527,3233.25701778,3184.75816252,-1954.86669115,stop_loss
GOLD,2026-02-18T13:35:00+00:00,2026-02-18T13:40:00+00:00,SELL,4.45220573,47.77137244,10.72982143,4962.01,4953.42614286,38.21709795,3184.75816252,3222.97526047,-1916.6495932,take_profit
BTCUSD,2026-02-19T08:20:00+00:00,2026-02-19T09:20:00+00:00,SELL,0.56854534,48.34462891,85.03214286,66925.85,67010.88214286,-48.34462891,3222.97526047,3174.63063156,-1964.99422211,stop_loss
BTCUSD,2026-02-19T09:45:00+00:00,2026-02-19T10:10:00+00:00,SELL,0.48980415,47.61945947,97.22142857,66757.05,66854.27142857,-47.61945947,3174.63063156,3127.01117209,-2012.61368158,stop_loss
GOLD,2026-02-19T15:30:00+00:00,2026-02-19T15:50:00+00:00,SELL,3.07258257,46.90516758,15.26571429,5021.605,5009.39242857,37.52413407,3127.01117209,3164.53530615,-1975.08954752,take_profit
GOLD,2026-02-19T18:25:00+00:00,2026-02-19T19:05:00+00:00,BUY,5.02278718,47.46802959,9.45053571,4978.06,4985.62042857,37.97442367,3164.53530615,3202.50972982,-1937.11512384,take_profit
BTCUSD,2026-02-20T09:00:00+00:00,2026-02-20T10:45:00+00:00,BUY,0.52210779,48.03764595,92.00714286,68151.8,68059.79285714,-48.03764595,3202.50972982,3154.47208388,-1985.15276979,stop_loss
BTCUSD,2026-02-20T11:55:00+00:00,2026-02-20T12:10:00+00:00,SELL,0.37602267,47.31708126,125.83571429,67299.35,67425.18571429,-47.31708126,3154.47208388,3107.15500262,-2032.46985105,stop_loss
GOLD,2026-02-20T13:45:00+00:00,2026-02-20T14:30:00+00:00,SELL,5.44534894,46.60732504,8.55910714,5041.11,5049.66910714,-46.60732504,3107.15500262,3060.54767758,-2079.07717609,stop_loss
GOLD,2026-02-20T14:40:00+00:00,2026-02-20T15:00:00+00:00,SELL,3.88411979,45.90821516,11.81946429,5053.105,5043.64942857,36.72657213,3060.54767758,3097.27424971,-2042.35060396,take_profit
GOLD,2026-02-20T16:30:00+00:00,2026-02-20T20:20:00+00:00,SELL,2.63317683,46.45911375,17.64375,5067.49,5085.13375,-46.45911375,3097.27424971,3050.81513596,-2088.8097177,stop_loss
BTCUSD,2026-02-21T08:10:00+00:00,2026-02-21T08:50:00+00:00,BUY,1.27268808,45.76222704,35.95714286,67888.35,67996.22142857,137.28668112,3050.81513596,3188.10181708,-1951.52303658,take_profit
BTCUSD,2026-02-21T08:50:00+00:00,2026-02-21T08:55:00+00:00,BUY,1.31623195,47.82152726,36.33214286,67998.3,67961.96785714,-47.82152726,3188.10181708,3140.28028983,-1999.34456384,stop_loss
BTCUSD,2026-02-22T08:20:00+00:00,2026-02-22T08:35:00+00:00,SELL,1.52740906,47.10420435,30.83928571,67948.55,67979.38928571,-47.10420435,3140.28028983,3093.17608548,-2046.44876819,stop_loss
BTCUSD,2026-02-22T10:20:00+00:00,2026-02-22T11:05:00+00:00,BUY,1.38826026,46.39764128,33.42142857,68095.05,68195.31428571,139.19292385,3093.17608548,3232.36900933,-1907.25584434,take_profit
BTCUSD,2026-02-23T09:50:00+00:00,2026-02-23T10:10:00+00:00,BUY,0.38876177,48.48553514,124.71785714,66443.0,66318.28214286,-48.48553514,3232.36900933,3183.88347419,-1955.74137948,stop_loss
BTCUSD,2026-02-23T11:40:00+00:00,2026-02-23T12:05:00+00:00,SELL,0.51127167,47.75825211,93.41071429,66127.85,66221.26071429,-47.75825211,3183.88347419,3136.12522207,-2003.49963159,stop_loss
GOLD,2026-02-23T14:30:00+00:00,2026-02-23T14:35:00+00:00,SELL,5.45040694,47.04187833,8.63089286,5171.755,5180.38589286,-47.04187833,3136.12522207,3089.08334374,-2050.54150992,stop_loss
GOLD,2026-02-23T14:35:00+00:00,2026-02-23T14:45:00+00:00,SELL,4.99620689,46.33625016,9.27428571,5184.22,5193.49428571,-46.33625016,3089.08334374,3042.74709359,-2096.87776008,stop_loss
GOLD,2026-02-23T14:45:00+00:00,2026-02-23T15:00:00+00:00,SELL,4.5886206,45.6412064,9.94660714,5194.895,5186.93771429,36.51296512,3042.74709359,3079.26005871,-2060.36479496,take_profit
BTCUSD,2026-02-24T12:45:00+00:00,2026-02-24T12:50:00+00:00,SELL,0.56406543,46.18890088,81.88571429,63011.7,63093.58571429,-46.18890088,3079.26005871,3033.07115783,-2106.55369584,stop_loss
BTCUSD,2026-02-24T12:55:00+00:00,2026-02-24T13:10:00+00:00,SELL,0.49989793,45.49606737,91.01071429,62958.0,63049.01071429,-45.49606737,3033.07115783,2987.57509046,-2152.0497632,stop_loss
GOLD,2026-02-24T13:55:00+00:00,2026-02-24T14:10:00+00:00,BUY,2.71641833,44.81362636,16.49732143,5115.125,5098.62767857,-44.81362636,2987.57509046,2942.7614641,-2196.86338956,stop_loss
GOLD,2026-02-24T14:10:00+00:00,2026-02-24T14:30:00+00:00,BUY,2.26946101,44.14142196,19.45017857,5104.93,5120.49014286,35.31313757,2942.7614641,2978.07460167,-2161.55025199,take_profit
GOLD,2026-02-24T18:00:00+00:00,2026-02-24T18:15:00+00:00,SELL,6.68211306,44.67111903,6.68517857,5167.295,5161.94685714,35.73689522,2978.07460167,3013.81149689,-2125.81335677,take_profit
BTCUSD,2026-02-25T08:20:00+00:00,2026-02-25T08:50:00+00:00,BUY,0.45039881,45.20717245,100.37142857,65220.9,65522.01428571,135.62151736,3013.81149689,3149.43301425,-1990.19183941,take_profit
BTCUSD,2026-02-25T08:50:00+00:00,2026-02-25T09:05:00+00:00,BUY,0.4714216,47.24149521,100.21071429,65572.3,65472.08928571,-47.24149521,3149.43301425,3102.19151904,-2037.43333463,stop_loss
GOLD,2026-02-25T14:35:00+00:00,2026-02-25T14:40:00+00:00,BUY,4.990885,46.53287279,9.32357143,5160.47,5167.92885714,37.22629823,3102.19151904,3139.41781727,-2000.2070364,take_profit
GOLD,2026-02-25T16:30:00+00:00,2026-02-25T19:05:00+00:00,SELL,4.17852825,47.09126726,11.26982143,5206.57,5197.55414286,37.67301381,3139.41781727,3177.09083108,-1962.53402259,take_profit
BTCUSD,2026-02-26T09:10:00+00:00,2026-02-26T09:15:00+00:00,BUY,0.33261333,47.65636247,143.27857143,68335.2,68191.92142857,-47.65636247,3177.09083108,3129.43446861,-2010.19038506,stop_loss
BTCUSD,2026-02-26T09:35:00+00:00,2026-02-26T10:30:00+00:00,BUY,0.33334072,46.94151703,140.82142857,68463.85,68323.02857143,-46.94151703,3129.43446861,3082.49295158,-2057.13190209,stop_loss
GOLD,2026-02-26T15:25:00+00:00,2026-02-26T15:35:00+00:00,BUY,2.40880251,46.23739427,19.19517857,5141.59,5156.94614286,36.98991542,3082.49295158,3119.482867,-2020.14198667,take_profit
GOLD,2026-02-26T19:45:00+00:00,2026-02-26T19:55:00+00:00,SELL,6.48541137,46.792243,7.215,5194.05,5188.278,37.4337944,3119.482867,3156.9166614,-1982.70819226,take_profit
BTCUSD,2026-02-27T07:25:00+00:00,2026-02-27T07:30:00+00:00,SELL,0.54753262,47.35374992,86.48571429,67514.4,67600.88571429,-47.35374992,3156.9166614,3109.56291148,-2030.06194218,stop_loss
BTCUSD,2026-02-27T08:05:00+00:00,2026-02-27T08:15:00+00:00,BUY,0.39378171,46.64344367,118.45,67995.1,67876.65,-46.64344367,3109.56291148,3062.91946781,-2076.70538586,stop_loss
GOLD,2026-02-27T13:00:00+00:00,2026-02-27T13:05:00+00:00,SELL,8.37517042,45.94379202,5.48571429,5195.295,5200.78071429,-45.94379202,3062.91946781,3016.97567579,-2122.64917787,stop_loss
GOLD,2026-02-27T13:05:00+00:00,2026-02-27T13:15:00+00:00,SELL,6.05557842,45.25463514,7.47321429,5211.51,5218.98321429,-45.25463514,3016.97567579,2971.72104066,-2167.90381301,stop_loss
GOLD,2026-02-27T13:15:00+00:00,2026-02-27T13:20:00+00:00,SELL,5.61951706,44.57581561,7.93232143,5218.45,5226.38232143,-44.57581561,2971.72104066,2927.14522505,-2212.47962862,stop_loss
BTCUSD,2026-02-28T08:00:00+00:00,2026-02-28T10:30:00+00:00,SELL,0.22488905,43.90717838,195.23928571,63814.55,64009.78928571,-43.90717838,2927.14522505,2883.23804667,-2256.386807,stop_loss
BTCUSD,2026-02-28T16:40:00+00:00,2026-02-28T16:50:00+00:00,BUY,0.29953497,43.2485707,144.38571429,65169.1,65024.71428571,-43.2485707,2883.23804667,2839.98947597,-2299.6353777,stop_loss
BTCUSD,2026-03-01T08:10:00+00:00,2026-03-01T08:20:00+00:00,BUY,0.22780202,27.59984214,121.15714286,67270.85,67149.69285714,-27.59984214,1839.98947597,1812.38963383,-3327.23521984,stop_loss
BTCUSD,2026-03-01T08:50:00+00:00,2026-03-01T09:00:00+00:00,SELL,0.18171488,27.18584451,149.60714286,66510.9,66660.50714286,-27.18584451,1812.38963383,1785.20378932,-3354.42106434,stop_loss
BTCUSD,2026-03-02T07:00:00+00:00,2026-03-02T08:50:00+00:00,SELL,0.16767725,26.77805684,159.7,65981.9,66141.6,-26.77805684,1785.20378932,1758.42573248,-3381.19912118,stop_loss
BTCUSD,2026-03-02T09:10:00+00:00,2026-03-02T09:55:00+00:00,BUY,0.14532444,26.37638599,181.5,66401.0,66219.5,-26.37638599,1758.42573248,1732.0493465,-3407.57550717,stop_loss
GOLD,2026-03-02T13:00:00+00:00,2026-03-02T13:10:00+00:00,SELL,2.36284442,25.9807402,10.99553571,5401.45,5392.65357143,20.78459216,1732.0493465,1752.83393865,-3386.79091501,take_profit
GOLD,2026-03-02T14:25:00+00:00,2026-03-02T14:30:00+00:00,BUY,1.09317869,26.29250908,24.05142857,5333.395,5309.34357143,-26.29250908,1752.83393865,1726.54142957,-3413.08342409,stop_loss
GOLD,2026-03-02T14:30:00+00:00,2026-03-02T14:35:00+00:00,BUY,1.00536883,25.89812144,25.75982143,5316.68,5337.28785714,20.71849715,1726.54142957,1747.25992673,-3392.36492694,take_profit
BTCUSD,2026-03-03T08:25:00+00:00,2026-03-03T08:40:00+00:00,SELL,0.20123651,26.2088989,130.23928571,67748.45,67357.73214286,78.6266967,1747.25992673,1825.88662343,-3313.73823023,take_profit
BTCUSD,2026-03-03T08:40:00+00:00,2026-03-03T09:05:00+00:00,SELL,0.18225886,27.38829935,150.27142857,67338.8,66887.98571429,82.16489805,1825.88662343,1908.05152149,-3231.57333218,take_profit
GOLD,2026-03-03T14:40:00+00:00,2026-03-03T14:50:00+00:00,BUY,0.78018404,28.62077282,36.68464286,5071.14,5034.45535714,-28.62077282,1908.05152149,1879.43074866,-3260.194105,stop_loss
GOLD,2026-03-03T14:50:00+00:00,2026-03-03T15:15:00+00:00,BUY,0.70444374,28.19146123,40.01946429,5048.49,5008.47053571,-28.19146123,1879.43074866,1851.23928743,-3288.38556623,stop_loss
GOLD,2026-03-03T15:15:00+00:00,2026-03-03T15:35:00+00:00,BUY,0.57084159,27.76858931,48.645,5024.57,5063.486,22.21487145,1851.23928743,1873.45415888,-3266.17069478,take_profit
BTCUSD,2026-03-04T07:25:00+00:00,2026-03-04T07:45:00+00:00,BUY,0.18372344,28.10181238,152.95714286,68768.35,69227.22142857,84.30543715,1873.45415888,1957.75959603,-3181.86525763,take_profit
BTCUSD,2026-03-04T07:45:00+00:00,2026-03-04T08:20:00+00:00,BUY,0.16571121,29.36639394,177.21428571,69437.1,69259.88571429,-29.36639394,1957.75959603,1928.39320209,-3211.23165157,stop_loss
GOLD,2026-03-04T18:10:00+00:00,2026-03-04T18:40:00+00:00,BUY,2.01812781,28.92589803,14.33303571,5124.74,5110.40696429,-28.92589803,1928.39320209,1899.46730406,-3240.1575496,stop_loss
BTCUSD,2026-03-05T07:50:00+00:00,2026-03-05T07:55:00+00:00,SELL,0.20508387,28.49200956,138.92857143,71825.8,71964.72857143,-28.49200956,1899.46730406,1870.9752945,-3268.64955917,stop_loss
BTCUSD,2026-03-05T10:20:00+00:00,2026-03-05T10:30:00+00:00,BUY,0.16563236,28.06462942,169.43928571,72952.8,73461.11785714,84.19388825,1870.9752945,1955.16918275,-3184.45567091,take_profit
GOLD,2026-03-05T13:15:00+00:00,2026-03-05T13:20:00+00:00,BUY,2.37999901,29.32753774,12.3225,5131.27,5118.9475,-29.32753774,1955.16918275,1925.84164501,-3213.78320865,stop_loss
GOLD,2026-03-05T13:20:00+00:00,2026-03-05T13:25:00+00:00,BUY,1.66215295,28.88762468,17.37964286,5104.61,5118.51371429,23.11009974,1925.84164501,1948.95174475,-3190.67310891,take_profit
GOLD,2026-03-05T13:25:00+00:00,2026-03-05T14:35:00+00:00,BUY,1.4834221,29.23427617,19.70732143,5122.435,5102.72767857,-29.23427617,1948.95174475,1919.71746858,-3219.90738509,stop_loss
BTCUSD,2026-03-06T09:30:00+00:00,2026-03-06T09:40:00+00:00,SELL,0.23070886,28.79576203,124.81428571,70332.95,70457.76428571,-28.79576203,1919.71746858,1890.92170655,-3248.70314711,stop_loss
BTCUSD,2026-03-06T11:45:00+00:00,2026-03-06T12:05:00+00:00,SELL,0.27083178,28.3638256,104.72857143,70314.75,70000.56428571,85.09147679,1890.92170655,1976.01318335,-3163.61167032,take_profit
GOLD,2026-03-06T15:05:00+00:00,2026-03-06T16:35:00+00:00,SELL,1.21949238,29.64019775,24.30535714,5150.945,5131.50071429,23.7121582,1976.01318335,1999.72534155,-3139.89951212,take_profit
GOLD,2026-03-06T18:50:00+00:00,2026-03-06T19:05:00+00:00,SELL,3.11882747,29.99588012,9.61767857,5157.45,5167.06767857,-29.99588012,1999.72534155,1969.72946142,-3169.89539224,stop_loss
GOLD,2026-03-06T19:05:00+00:00,2026-03-06T19:35:00+00:00,SELL,3.10019252,29.54594192,9.53035714,5167.64,5160.01571429,23.63675354,1969.72946142,1993.36621496,-3146.25863871,take_profit
BTCUSD,2026-03-07T08:00:00+00:00,2026-03-07T08:15:00+00:00,SELL,0.36361078,29.90049322,82.23214286,67803.2,67885.43214286,-29.90049322,1993.36621496,1963.46572174,-3176.15913193,stop_loss
BTCUSD,2026-03-07T13:35:00+00:00,2026-03-07T14:10:00+00:00,SELL,0.43004568,29.45198583,68.48571429,67889.95,67684.49285714,88.35595748,1963.46572174,2051.82167921,-3087.80317445,take_profit
BTCUSD,2026-03-08T08:40:00+00:00,2026-03-08T09:10:00+00:00,BUY,0.41337608,30.77732519,74.45357143,67489.8,67713.16071429,92.33197556,2051.82167921,2144.15365478,-2995.47119889,take_profit
BTCUSD,2026-03-08T09:10:00+00:00,2026-03-08T10:20:00+00:00,BUY,0.32920656,32.16230482,97.69642857,67765.8,68058.88928571,96.48691447,2144.15365478,2240.64056924,-2898.98428442,take_profit
BTCUSD,2026-03-09T07:15:00+00:00,2026-03-09T07:20:00+00:00,SELL,0.24988557,33.60960854,134.5,66993.25,67127.75,-33.60960854,2240.64056924,2207.03096071,-2932.59389296,stop_loss
BTCUSD,2026-03-09T08:20:00+00:00,2026-03-09T09:30:00+00:00,BUY,0.19826175,33.10546441,166.97857143,67705.1,68206.03571429,99.31639323,2207.03096071,2306.34735394,-2833.27749973,take_profit
GOLD,2026-03-09T18:35:00+00:00,2026-03-09T18:50:00+00:00,SELL,4.22739761,34.59521031,8.18357143,5114.98,5123.16357143,-34.59521031,2306.34735394,2271.75214363,-2867.87271004,stop_loss
GOLD,2026-03-09T18:50:00+00:00,2026-03-09T19:15:00+00:00,SELL,4.06967754,34.07628215,8.37321429,5124.89,5133.26321429,-34.07628215,2271.75214363,2237.67586147,-2901.94899219,stop_loss
GOLD,2026-03-09T19:15:00+00:00,2026-03-09T19:35:00+00:00,SELL,3.40257001,33.56513792,9.86464286,5134.39,5126.49828571,26.85211034,2237.67586147,2264.52797181,-2875.09688185,take_profit
BTCUSD,2026-03-10T08:05:00+00:00,2026-03-10T08:50:00+00:00,BUY,0.17867105,33.96791958,190.11428571,70922.35,70732.23571429,-33.96791958,2264.52797181,2230.56005223,-2909.06480143,stop_loss
BTCUSD,2026-03-10T09:20:00+00:00,2026-03-10T09:45:00+00:00,BUY,0.20169549,33.45840078,165.88571429,71180.85,71014.96428571,-33.45840078,2230.56005223,2197.10165145,-2942.52320222,stop_loss
GOLD,2026-03-10T13:05:00+00:00,2026-03-10T13:15:00+00:00,SELL,3.28556111,32.95652477,10.03071429,5200.56,5210.59071429,-32.95652477,2197.10165145,2164.14512668,-2975.47972699,stop_loss
GOLD,2026-03-10T13:15:00+00:00,2026-03-10T13:25:00+00:00,SELL,3.09890884,32.4621769,10.47535714,5214.57,5225.04535714,-32.4621769,2164.14512668,2131.68294978,-3007.94190389,stop_loss
GOLD,2026-03-10T13:25:00+00:00,2026-03-10T13:30:00+00:00,SELL,2.91156696,31.97524425,10.98214286,5221.71,5212.92428571,25.5801954,2131.68294978,2157.26314518,-2982.36170849,take_profit
BTCUSD,2026-03-11T08:25:00+00:00,2026-03-11T08:30:00+00:00,SELL,0.32792274,32.35894718,98.67857143,69513.1,69611.77857143,-32.35894718,2157.26314518,2124.904198,-3014.72065567,stop_loss
BTCUSD,2026-03-11T11:50:00+00:00,2026-03-11T12:05:00+00:00,SELL,0.32189712,31.87356297,99.01785714,69339.2,69042.14642857,95.62068891,2124.904198,2220.52488691,-2919.09996676,take_profit
GOLD,2026-03-11T16:05:00+00:00,2026-03-11T16:35:00+00:00,BUY,3.20587279,33.3078733,10.38964286,5166.08,5174.39171429,26.64629864,2220.52488691,2247.17118555,-2892.45366811,take_profit
BTCUSD,2026-03-12T08:15:00+00:00,2026-03-12T08:25:00+00:00,BUY,0.28268844,33.70756778,119.23928571,70018.95,69899.71071429,-33.70756778,2247.17118555,2213.46361777,-2926.1612359,stop_loss
BTCUSD,2026-03-12T09:40:00+00:00,2026-03-12T09:45:00+00:00,BUY,0.25918055,33.20195427,128.10357143,70285.95,70157.84642857,-33.20195427,2213.46361777,2180.2616635,-2959.36319016,stop_loss
GOLD,2026-03-12T13:50:00+00:00,2026-03-12T14:00:00+00:00,BUY,2.63339343,32.70392495,12.41892857,5151.02,5160.95514286,26.16313996,2180.2616635,2206.42480346,-2933.2000502,take_profit
GOLD,2026-03-12T14:30:00+00:00,2026-03-12T15:00:00+00:00,BUY,2.54762452,33.09637205,12.99107143,5146.79,5133.79892857,-33.09637205,2206.42480346,2173.32843141,-2966.29642225,stop_loss
GOLD,2026-03-12T15:10:00+00:00,2026-03-12T16:20:00+00:00,BUY,2.2133264,32.59992647,14.72892857,5124.83,5136.61314286,26.07994118,2173.32843141,2199.40837259,-2940.21648108,take_profit
BTCUSD,2026-03-13T08:30:00+00:00,2026-03-13T08:35:00+00:00,BUY,0.28196683,32.99112559,117.00357143,71716.85,72067.86071429,98.97337677,2199.40837259,2298.38174936,-2841.24310431,take_profit
BTCUSD,2026-03-13T08:35:00+00:00,2026-03-13T08:45:00+00:00,BUY,0.24264034,34.47572624,142.08571429,72050.05,71907.96428571,-34.47572624,2298.38174936,2263.90602311,-2875.71883055,stop_loss
GOLD,2026-03-13T13:00:00+00:00,2026-03-13T13:10:00+00:00,SELL,3.17820851,33.95859035,10.68482143,5120.53,5111.98214286,27.16687228,2263.90602311,2291.07289539,-2848.55195827,take_profit
GOLD,2026-03-13T14:45:00+00:00,2026-03-13T14:50:00+00:00,BUY,2.75890423,34.36609343,12.45642857,5077.98,5065.52357143,-34.36609343,2291.07289539,2256.70680196,-2882.9180517,stop_loss
GOLD,2026-03-13T14:50:00+00:00,2026-03-13T14:55:00+00:00,BUY,2.47873021,33.85060203,13.65642857,5064.63,5050.97357143,-33.85060203,2256.70680196,2222.85619993,-2916.76865373,stop_loss
BTCUSD,2026-03-14T07:00:00+00:00,2026-03-14T11:00:00+00:00,SELL,0.31962738,33.342843,104.31785714,70678.2,70655.8,7.15965323,2222.85619993,2230.01585317,-2909.6090005,max_hold
BTCUSD,2026-03-14T14:40:00+00:00,2026-03-14T15:00:00+00:00,SELL,0.47847083,33.4502378,69.91071429,70615.65,70685.56071429,-33.4502378,2230.01585317,2196.56561537,-2943.0592383,stop_loss
BTCUSD,2026-03-15T08:55:00+00:00,2026-03-15T09:20:00+00:00,BUY,0.49424492,32.94848423,66.66428571,71723.95,71923.94285714,98.84545269,2196.56561537,2295.41106806,-2844.21378561,take_profit
BTCUSD,2026-03-15T09:20:00+00:00,2026-03-15T09:25:00+00:00,BUY,0.42432775,34.43116602,81.14285714,71936.0,71854.85714286,-34.43116602,2295.41106806,2260.97990204,-2878.64495163,stop_loss
BTCUSD,2026-03-16T10:50:00+00:00,2026-03-16T12:30:00+00:00,BUY,0.2914886,33.91469853,116.35,73575.75,73924.8,101.74409559,2260.97990204,2362.72399763,-2776.90085604,take_profit
BTCUSD,2026-03-16T12:30:00+00:00,2026-03-16T12:40:00+00:00,BUY,0.24050996,35.44085996,147.35714286,73915.15,73767.79285714,-35.44085996,2362.72399763,2327.28313767,-2812.341716,stop_loss
GOLD,2026-03-16T13:15:00+00:00,2026-03-16T13:30:00+00:00,SELL,3.32401183,34.90924706,10.50214286,5026.83,5018.42828571,27.92739765,2327.28313767,2355.21053532,-2784.41431835,take_profit
GOLD,2026-03-16T16:25:00+00:00,2026-03-16T16:40:00+00:00,BUY,3.11830409,35.32815803,11.32928571,4979.93,4988.99342857,28.26252642,2355.21053532,2383.47306174,-2756.15179192,take_profit
GOLD,2026-03-16T18:45:00+00:00,2026-03-16T19:05:00+00:00,SELL,4.52455903,35.75209593,7.90178571,5015.67,5009.34857143,28.60167674,2383.47306174,2412.07473848,-2727.55011518,take_profit
BTCUSD,2026-03-17T09:50:00+00:00,2026-03-17T10:05:00+00:00,SELL,0.28748585,36.18112108,125.85357143,73982.75,73605.18928571,108.54336323,2412.07473848,2520.61810171,-2619.00675195,take_profit
BTCUSD,2026-03-17T10:05:00+00:00,2026-03-17T10:25:00+00:00,SELL,0.26635626,37.80927153,141.95,73671.9,73813.85,-37.80927153,2520.61810171,2482.80883019,-2656.81602348,stop_loss
BTCUSD,2026-03-18T07:30:00+00:00,2026-03-18T07:50:00+00:00,SELL,0.46688145,37.24213245,79.76785714,73780.8,73860.56785714,-37.24213245,2482.80883019,2445.56669774,-2694.05815593,stop_loss
BTCUSD,2026-03-18T09:15:00+00:00,2026-03-18T10:05:00+00:00,BUY,0.50197342,36.68350047,73.07857143,74209.5,74136.42142857,-36.68350047,2445.56669774,2408.88319727,-2730.7416564,stop_loss
GOLD,2026-03-18T13:00:00+00:00,2026-03-18T13:15:00+00:00,BUY,1.694266,36.13324796,21.32678571,4860.92,4839.59321429,-36.13324796,2408.88319727,2372.74994931,-2766.87490436,stop_loss
GOLD,2026-03-18T13:15:00+00:00,2026-03-18T13:35:00+00:00,BUY,1.56942735,35.59124924,22.67785714,4851.11,4869.25228571,28.47299939,2372.74994931,2401.2229487,-2738.40190496,take_profit
GOLD,2026-03-18T18:45:00+00:00,2026-03-18T18:55:00+00:00,BUY,2.58483882,36.01834423,13.93446429,4868.78,4854.84553571,-36.01834423,2401.2229487,2365.20460447,-2774.42024919,stop_loss
BTCUSD,2026-03-19T07:00:00+00:00,2026-03-19T07:10:00+00:00,SELL,0.3016293,35.47806907,117.62142857,70449.65,70096.78571429,106.4342072,2365.20460447,2471.63881167,-2667.98604199,take_profit
BTCUSD,2026-03-19T07:10:00+00:00,2026-03-19T07:20:00+00:00,SELL,0.25274226,37.07458218,146.68928571,70004.75,69564.68214286,111.22374653,2471.63881167,2582.8625582,-2556.76229547,take_profit
GOLD,2026-03-19T13:00:00+00:00,2026-03-19T13:25:00+00:00,BUY,1.07956638,38.74293837,35.8875,4549.96,4578.67,30.9943507,2582.8625582,2613.8569089,-2525.76794477,take_profit
GOLD,2026-03-19T17:10:00+00:00,2026-03-19T17:15:00+00:00,BUY,1.89950671,39.20785363,20.64107143,4579.41,4595.92285714,31.36628291,2613.8569089,2645.2231918,-2494.40166186,take_profit
BTCUSD,2026-03-20T07:00:00+00:00,2026-03-20T07:05:00+00:00,SELL,0.42948575,39.67834788,92.38571429,70303.15,70395.53571429,-39.67834788,2645.2231918,2605.54484393,-2534.08000974,stop_loss
BTCUSD,2026-03-20T07:35:00+00:00,2026-03-20T08:05:00+00:00,BUY,0.30668073,39.08317266,127.43928571,70742.05,71124.36785714,117.24951798,2605.54484393,2722.7943619,-2416.83049176,take_profit
GOLD,2026-03-20T13:30:00+00:00,2026-03-20T13:35:00+00:00,BUY,2.5246959,40.84191543,16.17696429,4645.53,4658.47157143,32.67353234,2722.7943619,2755.46789425,-2384.15695942,take_profit
GOLD,2026-03-20T13:50:00+00:00,2026-03-20T14:10:00+00:00,BUY,1.92382558,41.33201841,21.48428571,4621.98,4600.49571429,-41.33201841,2755.46789425,2714.13587583,-2425.48897783,stop_loss
GOLD,2026-03-20T14:10:00+00:00,2026-03-20T14:20:00+00:00,BUY,1.53019903,40.71203814,26.60571429,4587.39,4560.78428571,-40.71203814,2714.13587583,2673.42383769,-2466.20101597,stop_loss
BTCUSD,2026-03-21T07:25:00+00:00,2026-03-21T07:30:00+00:00,BUY,0.75975236,40.10135757,52.78214286,70863.3,70810.51785714,-40.10135757,2673.42383769,2633.32248013,-2506.30237354,stop_loss
BTCUSD,2026-03-21T12:00:00+00:00,2026-03-21T12:05:00+00:00,BUY,1.56302352,39.4998372,25.27142857,70705.4,70680.12857143,-39.4998372,2633.32248013,2593.82264293,-2545.80221074,stop_loss
BTCUSD,2026-03-22T07:35:00+00:00,2026-03-22T07:50:00+00:00,SELL,0.69168604,38.90733964,56.25,69003.65,69059.9,-38.90733964,2593.82264293,2554.91530328,-2584.70955038,stop_loss
BTCUSD,2026-03-22T07:55:00+00:00,2026-03-22T08:25:00+00:00,SELL,0.49564177,38.32372955,77.32142857,68904.15,68672.18571429,114.97118865,2554.91530328,2669.88649193,-2469.73836174,take_profit
BTCUSD,2026-03-23T07:00:00+00:00,2026-03-23T07:05:00+00:00,SELL,0.21363975,40.04829738,187.45714286,67647.55,67835.00714286,-40.04829738,2669.88649193,2629.83819455,-2509.78665911,stop_loss
BTCUSD,2026-03-23T11:05:00+00:00,2026-03-23T11:10:00+00:00,BUY,0.12947275,39.44757292,304.67857143,71198.8,70894.12142857,-39.44757292,2629.83819455,2590.39062163,-2549.23423203,stop_loss
GOLD,2026-03-23T13:10:00+00:00,2026-03-23T13:25:00+00:00,SELL,0.90478191,38.85585932,42.945,4446.52,4412.164,31.08468746,2590.39062163,2621.47530909,-2518.14954457,take_profit
GOLD,2026-03-23T14:25:00+00:00,2026-03-23T14:50:00+00:00,SELL,1.0995133,39.32212964,35.76321429,4486.46,4457.84942857,31.45770371,2621.47530909,2652.9330128,-2486.69184086,take_profit
BTCUSD,2026-03-24T07:00:00+00:00,2026-03-24T07:05:00+00:00,BUY,0.52220643,39.79399519,76.20357143,70551.55,70780.16071429,119.38198558,2652.9330128,2772.31499838,-2367.30985529,take_profit
BTCUSD,2026-03-24T07:05:00+00:00,2026-03-24T07:55:00+00:00,BUY,0.46341332,41.58472498,89.73571429,70785.1,71054.30714286,124.75417493,2772.31499838,2897.06917331,-2242.55568036,take_profit
BTCUSD,2026-03-25T08:30:00+00:00,2026-03-25T08:35:00+00:00,BUY,0.31732144,43.4560376,136.94642857,71468.7,71331.75357143,-43.4560376,2897.06917331,2853.61313571,-2286.01171796,stop_loss
BTCUSD,2026-03-25T10:45:00+00:00,2026-03-25T11:25:00+00:00,BUY,0.41822854,42.80419704,102.34642857,71525.75,71832.78928571,128.41259111,2853.61313571,2982.02572681,-2157.59912685,take_profit
GOLD,2026-03-25T19:05:00+00:00,2026-03-25T19:10:00+00:00,BUY,2.9749072,44.7303859,15.03589286,4503.85,4488.81410714,-44.7303859,2982.02572681,2937.29534091,-2202.32951276,stop_loss
GOLD,2026-03-25T19:10:00+00:00,2026-03-25T19:40:00+00:00,BUY,2.93844973,44.05943011,14.99410714,4509.19,4521.18528571,35.24754409,2937.29534091,2972.542885,-2167.08196866,take_profit
GOLD,2026-03-25T19:45:00+00:00,2026-03-25T19:55:00+00:00,BUY,2.44992202,44.58814328,18.19982143,4515.04,4529.59985714,35.67051462,2972.542885,3008.21339962,-2131.41145404,take_profit
BTCUSD,2026-03-26T09:30:00+00:00,2026-03-26T09:55:00+00:00,SELL,0.33680314,45.12320099,133.975,69434.6,69568.575,-45.12320099,3008.21339962,2963.09019863,-2176.53465504,stop_loss
BTCUSD,2026-03-26T11:20:00+00:00,2026-03-26T11:40:00+00:00,SELL,0.47570731,44.44635298,93.43214286,69328.65,69422.08214286,-44.44635298,2963.09019863,2918.64384565,-2220.98100802,stop_loss
GOLD,2026-03-26T16:20:00+00:00,2026-03-26T16:30:00+00:00,BUY,2.45499963,43.77965768,17.83285714,4400.96,4383.12714286,-43.77965768,2918.64384565,2874.86418796,-2264.7606657,stop_loss
GOLD,2026-03-26T16:30:00+00:00,2026-03-26T16:35:00+00:00,BUY,2.19772838,43.12296282,19.62160714,4393.0,4373.37839286,-43.12296282,2874.86418796,2831.74122514,-2307.88362852,stop_loss
GOLD,2026-03-26T16:35:00+00:00,2026-03-26T17:00:00+00:00,BUY,1.96458669,42.47611838,21.62089286,4375.79,4393.08671429,33.9808947,2831.74122514,2865.72211985,-2273.90273382,take_profit
BTCUSD,2026-03-27T07:55:00+00:00,2026-03-27T08:30:00+00:00,SELL,0.41605423,42.9858318,103.31785714,68482.35,68172.39642857,128.95749539,2865.72211985,2994.67961524,-2144.94523843,take_profit
BTCUSD,2026-03-27T08:30:00+00:00,2026-03-27T08:35:00+00:00,SELL,0.41001612,44.92019423,109.55714286,68182.95,67854.27857143,134.76058269,2994.67961524,3129.44019792,-2010.18465574,take_profit
GOLD,2026-03-27T14:45:00+00:00,2026-03-27T14:50:00+00:00,SELL,2.41655614,46.94160297,19.425,4473.74,4493.165,-46.94160297,3129.44019792,3082.49859496,-2057.12625871,stop_loss
GOLD,2026-03-27T14:50:00+00:00,2026-03-27T14:55:00+00:00,SELL,2.13998712,46.23747892,21.60642857,4489.47,4511.07642857,-46.23747892,3082.49859496,3036.26111603,-2103.36373764,stop_loss
GOLD,2026-03-27T14:55:00+00:00,2026-03-27T15:10:00+00:00,SELL,1.98448439,45.54391674,22.95,4509.83,4532.78,-45.54391674,3036.26111603,2990.71719929,-2148.90765438,stop_loss
BTCUSD,2026-03-28T09:00:00+00:00,2026-03-28T10:20:00+00:00,SELL,0.96068927,44.86075799,46.69642857,66319.55,66179.46071429,134.58227397,2990.71719929,3125.29947326,-2014.32538041,take_profit
BTCUSD,2026-03-28T10:25:00+00:00,2026-03-28T10:30:00+00:00,SELL,0.94399553,46.8794921,49.66071429,66121.8,66171.46071429,-46.8794921,3125.29947326,3078.41998116,-2061.20487251,stop_loss
BTCUSD,2026-03-29T09:30:00+00:00,2026-03-29T09:40:00+00:00,SELL,0.89260365,46.17629972,51.73214286,66502.1,66553.83214286,-46.17629972,3078.41998116,3032.24368144,-2107.38117222,stop_loss
BTCUSD,2026-03-29T10:05:00+00:00,2026-03-29T11:00:00+00:00,SELL,0.79571531,45.48365522,57.16071429,66480.95,66538.11071429,-45.48365522,3032.24368144,2986.76002622,-2152.86482745,stop_loss
BTCUSD,2026-03-30T07:55:00+00:00,2026-03-30T08:35:00+00:00,BUY,0.45170833,44.80140039,99.18214286,67560.3,67857.84642857,134.40420118,2986.76002622,3121.1642274,-2018.46062627,take_profit
BTCUSD,2026-03-30T11:25:00+00:00,2026-03-30T11:30:00+00:00,BUY,0.63214977,46.81746341,74.06071429,67627.1,67553.03928571,-46.81746341,3121.1642274,3074.34676399,-2065.27808968,stop_loss
GOLD,2026-03-30T17:55:00+00:00,2026-03-30T18:55:00+00:00,BUY,4.01126325,46.11520146,11.49642857,4515.13,4503.63357143,-46.11520146,3074.34676399,3028.23156253,-2111.39329114,stop_loss
GOLD,2026-03-30T18:55:00+00:00,2026-03-30T19:30:00+00:00,BUY,4.67525826,45.42347344,9.71571429,4499.04,4506.81257143,36.33877875,3028.23156253,3064.57034128,-2075.05451239,take_profit
BTCUSD,2026-03-31T07:10:00+00:00,2026-03-31T07:45:00+00:00,SELL,0.52737833,45.96855512,87.16428571,67239.15,67326.31428571,-45.96855512,3064.57034128,3018.60178616,-2121.02306751,stop_loss
BTCUSD,2026-03-31T08:35:00+00:00,2026-03-31T08:45:00+00:00,SELL,0.40290233,45.27902679,112.38214286,66982.3,66645.15357143,135.83708038,3018.60178616,3154.43886654,-1985.18598713,take_profit
GOLD,2026-03-31T13:55:00+00:00,2026-03-31T14:00:00+00:00,SELL,3.09649026,47.316583,15.28071429,4607.34,4622.62071429,-47.316583,3154.43886654,3107.12228354,-2032.50257013,stop_loss
GOLD,2026-03-31T14:00:00+00:00,2026-03-31T14:55:00+00:00,SELL,2.77174156,46.60683425,16.815,4614.04,4600.588,37.2854674,3107.12228354,3144.40775094,-1995.21710272,take_profit
GOLD,2026-03-31T17:00:00+00:00,2026-03-31T17:45:00+00:00,SELL,2.79006899,47.16611626,16.905,4648.3,4665.205,-47.16611626,3144.40775094,3097.24163468,-2042.38321899,stop_loss
BTCUSD,2026-04-01T11:50:00+00:00,2026-04-01T12:00:00+00:00,BUY,0.3521394,31.45862452,89.33571429,68692.65,68603.31428571,-31.45862452,2097.24163468,2065.78301016,-3073.84184351,stop_loss
BTCUSD,2026-04-01T13:40:00+00:00,2026-04-01T14:15:00+00:00,SELL,0.14353785,30.98674515,215.87857143,68084.8,68300.67857143,-30.98674515,2065.78301016,2034.79626501,-3104.82858866,stop_loss
GOLD,2026-04-01T14:50:00+00:00,2026-04-01T15:40:00+00:00,SELL,1.71325501,30.52194398,17.81517857,4768.11,4785.92517857,-30.52194398,2034.79626501,2004.27432103,-3135.35053264,stop_loss
GOLD,2026-04-01T15:40:00+00:00,2026-04-01T17:55:00+00:00,SELL,2.04741631,30.06411482,14.68392857,4785.68,4773.93285714,24.05129185,2004.27432103,2028.32561288,-3111.29924078,take_profit
BTCUSD,2026-04-02T08:40:00+00:00,2026-04-02T10:10:00+00:00,SELL,0.39997031,30.42488419,76.06785714,66499.0,66270.79642857,91.27465258,2028.32561288,2119.60026546,-3020.0245882,take_profit
BTCUSD,2026-04-02T10:10:00+00:00,2026-04-02T10:20:00+00:00,SELL,0.36269387,31.79400398,87.66071429,66243.85,66331.51071429,-31.79400398,2119.60026546,2087.80626148,-3051.81859219,stop_loss
GOLD,2026-04-02T14:20:00+00:00,2026-04-02T15:50:00+00:00,SELL,1.23340736,31.31709392,25.39071429,4675.125,4654.81242857,25.05367514,2087.80626148,2112.85993662,-3026.76491705,take_profit
GOLD,2026-04-02T18:55:00+00:00,2026-04-02T19:05:00+00:00,SELL,3.53912887,31.69289905,8.955,4668.58,4677.535,-31.69289905,2112.85993662,2081.16703757,-3058.4578161,stop_loss
GOLD,2026-04-02T19:05:00+00:00,2026-04-02T19:15:00+00:00,SELL,3.34439147,31.21750556,9.33428571,4679.72,4672.25257143,24.97400445,2081.16703757,2106.14104202,-3033.48381165,take_profit
BTCUSD,2026-04-03T07:05:00+00:00,2026-04-03T07:10:00+00:00,BUY,0.41221829,31.59211563,76.63928571,66882.3,66805.66071429,-31.59211563,2106.14104202,2074.54892639,-3065.07592728,stop_loss
BTCUSD,2026-04-03T07:25:00+00:00,2026-04-03T07:35:00+00:00,BUY,0.39834981,31.1182339,78.11785714,66937.4,67171.75357143,93.35470169,2074.54892639,2167.90362808,-2971.72122559,take_profit
BTCUSD,2026-04-04T07:00:00+00:00,2026-04-04T07:20:00+00:00,BUY,1.01722659,32.51855442,31.96785714,66998.2,66966.23214286,-32.51855442,2167.90362808,2135.38507366,-3004.23978001,stop_loss
BTCUSD,2026-04-04T10:35:00+00:00,2026-04-04T10:45:00+00:00,BUY,1.48881429,32.0307761,21.51428571,67000.95,67065.49285714,96.09232831,2135.38507366,2231.47740197,-2908.1474517,take_profit
BTCUSD,2026-04-05T10:35:00+00:00,2026-04-05T10:40:00+00:00,BUY,1.00280388,33.47216103,33.37857143,67102.9,67069.52142857,-33.47216103,2231.47740197,2198.00524094,-2941.61961272,stop_loss
BTCUSD,2026-04-05T12:00:00+00:00,2026-04-05T12:30:00+00:00,SELL,1.05564574,32.97007861,31.23214286,66915.4,66821.70357143,98.91023584,2198.00524094,2296.91547678,-2842.70937688,take_profit
BTCUSD,2026-04-06T08:30:00+00:00,2026-04-06T09:10:00+00:00,BUY,0.39564635,34.45373215,87.08214286,69240.45,69501.69642857,103.36119646,2296.91547678,2400.27667324,-2739.34818043,take_profit
BTCUSD,2026-04-06T09:10:00+00:00,2026-04-06T09:15:00+00:00,BUY,0.3894897,36.0041501,92.43928571,69633.7,69911.01785714,108.0124503,2400.27667324,2508.28912353,-2631.33573013,take_profit
GOLD,2026-04-06T17:25:00+00:00,2026-04-06T18:10:00+00:00,BUY,4.47965911,37.62433685,8.39892857,4656.31,4663.02914286,30.09946948,2508.28912353,2538.38859302,-2601.23626065,take_profit
BTCUSD,2026-04-07T08:50:00+00:00,2026-04-07T09:10:00+00:00,BUY,0.45128819,38.0758289,84.37142857,68965.95,69219.06428571,114.22748669,2538.38859302,2652.6160797,-2487.00877396,take_profit
BTCUSD,2026-04-07T10:25:00+00:00,2026-04-07T10:45:00+00:00,SELL,0.3674953,39.7892412,108.27142857,68736.2,68411.38571429,119.36772359,2652.6160797,2771.98380329,-2367.64105038,take_profit
GOLD,2026-04-07T14:05:00+00:00,2026-04-07T14:20:00+00:00,BUY,2.45618818,41.57975705,16.92857143,4612.59,4626.13285714,33.26380564,2771.98380329,2805.24760893,-2334.37724474,take_profit
GOLD,2026-04-07T18:25:00+00:00,2026-04-07T18:45:00+00:00,SELL,4.05822439,42.07871413,10.36875,4680.66,4672.365,33.66297131,2805.24760893,2838.91058024,-2300.71427343,take_profit
BTCUSD,2026-04-08T12:10:00+00:00,2026-04-08T12:20:00+00:00,BUY,0.46866964,42.5836587,90.86071429,71841.05,71750.18928571,-42.5836587,2838.91058024,2796.32692153,-2343.29793213,stop_loss
BTCUSD,2026-04-08T12:35:00+00:00,2026-04-08T13:05:00+00:00,BUY,0.36931458,41.94490382,113.575,71927.25,72267.975,125.83471147,2796.32692153,2922.161633,-2217.46322066,take_profit
GOLD,2026-04-08T14:30:00+00:00,2026-04-08T14:40:00+00:00,BUY,2.19475659,43.8324245,19.97142857,4754.14,4770.11714286,35.0659396,2922.161633,2957.2275726,-2182.39728107,take_profit
GOLD,2026-04-08T14:55:00+00:00,2026-04-08T15:15:00+00:00,BUY,2.11279049,44.35841359,20.99517857,4736.19,4752.98614286,35.48673087,2957.2275726,2992.71430347,-2146.9105502,take_profit
GOLD,2026-04-08T17:45:00+00:00,2026-04-08T18:00:00+00:00,BUY,4.7248943,44.89071455,9.50089286,4738.335,4728.83410714,-44.89071455,2992.71430347,2947.82358892,-2191.80126475,stop_loss
BTCUSD,2026-04-09T07:05:00+00:00,2026-04-09T07:15:00+00:00,BUY,0.68391201,44.21735383,64.65357143,71097.95,71033.29642857,-44.21735383,2947.82358892,2903.60623508,-2236.01861858,stop_loss
BTCUSD,2026-04-09T08:35:00+00:00,2026-04-09T08:45:00+00:00,BUY,0.61393205,43.55409353,70.94285714,71148.3,71361.12857143,130.66228058,2903.60623508,3034.26851566,-2105.356338,take_profit
GOLD,2026-04-09T13:30:00+00:00,2026-04-09T13:35:00+00:00,SELL,4.5164807,45.51402773,10.07732143,4757.15,4767.22732143,-45.51402773,3034.26851566,2988.75448793,-2150.87036574,stop_loss
GOLD,2026-04-09T13:35:00+00:00,2026-04-09T13:50:00+00:00,SELL,4.10583484,44.83131732,10.91892857,4770.41,4761.67485714,35.86505386,2988.75448793,3024.61954178,-2115.00531188,take_profit
GOLD,2026-04-09T14:00:00+00:00,2026-04-09T14:15:00+00:00,SELL,3.66493626,45.36929313,12.37928571,4772.79,4762.88657143,36.2954345,3024.61954178,3060.91497628,-2078.70987738,take_profit
BTCUSD,2026-04-10T07:00:00+00:00,2026-04-10T07:50:00+00:00,SELL,0.61827744,45.91372464,74.26071429,71791.7,71568.91785714,137.74117393,3060.91497628,3198.65615022,-1940.96870345,take_profit
BTCUSD,2026-04-10T07:50:00+00:00,2026-04-10T08:05:00+00:00,SELL,0.65799852,47.97984225,72.91785714,71454.5,71527.41785714,-47.97984225,3198.65615022,3150.67630796,-1988.9485457,stop_loss
BTCUSD,2026-04-11T08:50:00+00:00,2026-04-11T09:15:00+00:00,SELL,0.66443264,47.26014462,71.12857143,72715.2,72786.32857143,-47.26014462,3150.67630796,3103.41616334,-2036.20869032,stop_loss
BTCUSD,2026-04-11T12:00:00+00:00,2026-04-11T12:10:00+00:00,BUY,1.87006426,46.55124245,24.89285714,72956.9,72932.00714286,-46.55124245,3103.41616334,3056.86492089,-2082.75993277,stop_loss
BTCUSD,2026-04-12T09:00:00+00:00,2026-04-12T09:20:00+00:00,SELL,1.01895497,45.85297381,45.0,71600.5,71645.5,-45.85297381,3056.86492089,3011.01194708,-2128.61290659,stop_loss
BTCUSD,2026-04-12T09:45:00+00:00,2026-04-12T10:05:00+00:00,SELL,1.07829555,45.16517921,41.88571429,71559.95,71601.83571429,-45.16517921,3011.01194708,2965.84676787,-2173.77808579,stop_loss
BTCUSD,2026-04-13T08:15:00+00:00,2026-04-13T08:25:00+00:00,SELL,0.57773556,44.48770152,77.00357143,70697.05,70774.05357143,-44.48770152,2965.84676787,2921.35906636,-2218.26578731,stop_loss
BTCUSD,2026-04-13T08:40:00+00:00,2026-04-13T08:55:00+00:00,SELL,0.57906027,43.820386,75.675,70617.05,70692.725,-43.820386,2921.35906636,2877.53868036,-2262.08617331,stop_loss
GOLD,2026-04-13T13:45:00+00:00,2026-04-13T13:50:00+00:00,SELL,4.06309042,43.16308021,10.62321429,4739.9,4731.40142857,34.53046416,2877.53868036,2912.06914452,-2227.55570914,take_profit
GOLD,2026-04-13T16:40:00+00:00,2026-04-13T17:05:00+00:00,SELL,4.109775,43.68103717,10.62857143,4740.47,4731.96714286,34.94482973,2912.06914452,2947.01397426,-2192.61087941,take_profit
GOLD,2026-04-13T17:15:00+00:00,2026-04-13T17:50:00+00:00,SELL,3.48243897,44.20520961,12.69375,4744.55,4734.395,35.36416769,2947.01397426,2982.37814195,-2157.24671172,take_profit
BTCUSD,2026-04-14T07:00:00+00:00,2026-04-14T07:05:00+00:00,BUY,0.63625683,44.73567213,70.31071429,74624.6,74835.53214286,134.20701639,2982.37814195,3116.58515834,-2023.03969533,take_profit
BTCUSD,2026-04-14T07:05:00+00:00,2026-04-14T07:10:00+00:00,BUY,0.51637767,46.74877738,90.53214286,74949.6,74859.06785714,-46.74877738,3116.58515834,3069.83638096,-2069.7884727,stop_loss
GOLD,2026-04-14T14:05:00+00:00,2026-04-14T14:30:00+00:00,SELL,3.90973021,46.04754571,11.77767857,4802.14,4813.91767857,-46.04754571,3069.83638096,3023.78883525,-2115.83601842,stop_loss
GOLD,2026-04-14T16:15:00+00:00,2026-04-14T17:05:00+00:00,SELL,4.8681053,45.35683253,9.31714286,4816.105,4825.42214286,-45.35683253,3023.78883525,2978.43200272,-2161.19285095,stop_loss
GOLD,2026-04-14T17:05:00+00:00,2026-04-14T17:35:00+00:00,SELL,4.56514649,44.67648004,9.78642857,4829.54,4839.32642857,-44.67648004,2978.43200272,2933.75552268,-2205.86933099,stop_loss
BTCUSD,2026-04-15T07:05:00+00:00,2026-04-15T07:10:00+00:00,SELL,0.67516565,44.00633284,65.17857143,73889.5,73954.67857143,-44.00633284,2933.75552268,2889.74918984,-2249.87566383,stop_loss
BTCUSD,2026-04-15T07:15:00+00:00,2026-04-15T07:50:00+00:00,SELL,0.50722779,43.34623785,85.45714286,73677.65,73763.10714286,-43.34623785,2889.74918984,2846.40295199,-2293.22190168,stop_loss
GOLD,2026-04-15T13:55:00+00:00,2026-04-15T14:00:00+00:00,SELL,4.7974046,42.69604428,8.89982143,4829.02,4821.90014286,34.15683542,2846.40295199,2880.55978741,-2259.06506625,take_profit
GOLD,2026-04-15T15:30:00+00:00,2026-04-15T15:35:00+00:00,BUY,4.08052585,43.20839681,10.58892857,4795.395,4803.86614286,34.56671745,2880.55978741,2915.12650486,-2224.4983488,take_profit
BTCUSD,2026-04-16T07:50:00+00:00,2026-04-16T08:00:00+00:00,SELL,0.60467855,43.72689757,72.31428571,74670.55,74742.86428571,-43.72689757,2915.12650486,2871.39960729,-2268.22524638,stop_loss
BTCUSD,2026-04-16T08:00:00+00:00,2026-04-16T08:20:00+00:00,SELL,0.56452176,43.07099411,76.29642857,74641.4,74717.69642857,-43.07099411,2871.39960729,2828.32861318,-2311.29624048,stop_loss
GOLD,2026-04-16T13:50:00+00:00,2026-04-16T14:10:00+00:00,BUY,3.84134658,42.4249292,11.04428571,4794.57,4803.40542857,33.93994336,2828.32861318,2862.26855654,-2277.35629713,take_profit
GOLD,2026-04-16T16:45:00+00:00,2026-04-16T17:00:00+00:00,BUY,4.97816756,42.93402835,8.62446429,4787.91,4794.80957143,34.34722268,2862.26855654,2896.61577922,-2243.00907445,take_profit
GOLD,2026-04-16T17:10:00+00:00,2026-04-16T17:35:00+00:00,BUY,5.11866468,43.44923669,8.48839286,4791.5,4783.01160714,-43.44923669,2896.61577922,2853.16654253,-2286.45831114,stop_loss
BTCUSD,2026-04-17T07:00:00+00:00,2026-04-17T08:30:00+00:00,BUY,0.65436026,42.79749814,65.40357143,75013.6,75209.81071429,128.39249441,2853.16654253,2981.55903694,-2158.06581672,take_profit
BTCUSD,2026-04-17T08:30:00+00:00,2026-04-17T08:35:00+00:00,BUY,0.51273586,44.72338555,87.225,75377.4,75290.175,-44.72338555,2981.55903694,2936.83565139,-2202.78920228,stop_loss
GOLD,2026-04-17T13:00:00+00:00,2026-04-17T13:05:00+00:00,SELL,3.84384604,44.05253477,11.46053571,4844.24,4855.70053571,-44.05253477,2936.83565139,2892.78311662,-2246.84173705,stop_loss
GOLD,2026-04-17T13:05:00+00:00,2026-04-17T13:10:00+00:00,SELL,3.18989947,43.39174675,13.60285714,4862.95,4876.55285714,-43.39174675,2892.78311662,2849.39136987,-2290.2334838,stop_loss
GOLD,2026-04-17T13:10:00+00:00,2026-04-17T13:15:00+00:00,SELL,2.70735208,42.74087055,15.78696429,4883.225,4870.59542857,34.19269644,2849.39136987,2883.58406631,-2256.04078736,take_profit
BTCUSD,2026-04-18T08:10:00+00:00,2026-04-18T08:30:00+00:00,SELL,0.76064898,43.25376099,56.86428571,76839.25,76668.65714286,129.76128298,2883.58406631,3013.34534929,-2126.27950437,take_profit
BTCUSD,2026-04-18T08:30:00+00:00,2026-04-18T08:50:00+00:00,SELL,0.49368273,45.20018024,91.55714286,76635.05,76726.60714286,-45.20018024,3013.34534929,2968.14516905,-2171.47968461,stop_loss
BTCUSD,2026-04-19T07:05:00+00:00,2026-04-19T07:20:00+00:00,SELL,0.71182606,44.52217754,62.54642857,75273.9,75086.26071429,133.56653261,2968.14516905,3101.71170166,-2037.91315201,take_profit
BTCUSD,2026-04-19T07:20:00+00:00,2026-04-19T07:30:00+00:00,SELL,0.62372829,46.52567552,74.59285714,75043.5,75118.09285714,-46.52567552,3101.71170166,3055.18602613,-2084.43882753,stop_loss
BTCUSD,2026-04-20T07:15:00+00:00,2026-04-20T07:20:00+00:00,BUY,0.37126848,45.82779039,123.43571429,74937.85,75308.15714286,137.48337118,3055.18602613,3192.66939731,-1946.95545636,take_profit
BTCUSD,2026-04-20T07:20:00+00:00,2026-04-20T07:25:00+00:00,BUY,0.29087858,47.89004096,164.63928571,75408.05,75243.41071429,-47.89004096,3192.66939731,3144.77935635,-1994.84549731,stop_loss
GOLD,2026-04-20T13:40:00+00:00,2026-04-20T14:00:00+00:00,SELL,4.49781999,47.17169035,10.48767857,4822.55,4814.15985714,37.73735228,3144.77935635,3182.51670863,-1957.10814504,take_profit
GOLD,2026-04-20T19:05:00+00:00,2026-04-20T19:30:00+00:00,SELL,9.21705294,47.73775063,5.17928571,4820.08,4815.93657143,38.1902005,3182.51670863,3220.70690913,-1918.91794454,take_profit
BTCUSD,2026-04-21T07:20:00+00:00,2026-04-21T07:30:00+00:00,BUY,0.52444342,48.31060364,92.11785714,76158.55,76066.43214286,-48.31060364,3220.70690913,3172.39630549,-1967.22854817,stop_loss
BTCUSD,2026-04-21T08:20:00+00:00,2026-04-21T08:45:00+00:00,BUY,0.39724709,47.58594458,119.78928571,76361.6,76720.96785714,142.75783375,3172.39630549,3315.15413924,-1824.47071442,take_profit
GOLD,2026-04-21T13:05:00+00:00,2026-04-21T13:30:00+00:00,BUY,4.48795223,49.72731209,11.08017857,4768.15,4777.01414286,39.78184967,3315.15413924,3354.93598891,-1784.68886475,take_profit
GOLD,2026-04-21T14:40:00+00:00,2026-04-21T14:45:00+00:00,BUY,3.76823008,50.32403983,13.35482143,4745.05,4731.69517857,-50.32403983,3354.93598891,3304.61194908,-1835.01290459,stop_loss
GOLD,2026-04-21T14:45:00+00:00,2026-04-21T14:50:00+00:00,BUY,3.53812843,49.56917924,14.01,4727.72,4738.928,39.65534339,3304.61194908,3344.26729247,-1795.3575612,take_profit
BTCUSD,2026-04-22T11:00:00+00:00,2026-04-22T11:05:00+00:00,BUY,0.66615711,50.16400939,75.30357143,78243.2,78167.89642857,-50.16400939,3344.26729247,3294.10328308,-1845.52157059,stop_loss
BTCUSD,2026-04-22T11:25:00+00:00,2026-04-22T11:35:00+00:00,BUY,0.5877829,49.41154925,84.06428571,78336.95,78252.88571429,-49.41154925,3294.10328308,3244.69173383,-1894.93311983,stop_loss
GOLD,2026-04-22T15:35:00+00:00,2026-04-22T17:00:00+00:00,BUY,5.26796756,48.67037601,9.23892857,4728.07,4735.46114286,38.93630081,3244.69173383,3283.62803464,-1855.99681903,take_profit
BTCUSD,2026-04-23T08:30:00+00:00,2026-04-23T09:05:00+00:00,SELL,0.50535866,49.25442052,97.46428571,77889.3,77596.90714286,147.76326156,3283.62803464,3431.3912962,-1708.23355747,take_profit
BTCUSD,2026-04-23T09:05:00+00:00,2026-04-23T09:15:00+00:00,SELL,0.44385105,51.47086944,115.96428571,77564.6,77680.56428571,-51.47086944,3431.3912962,3379.92042676,-1759.70442691,stop_loss
GOLD,2026-04-23T13:00:00+00:00,2026-04-23T13:10:00+00:00,SELL,4.39460283,50.6988064,11.53660714,4733.58,4724.35071429,40.55904512,3379.92042676,3420.47947188,-1719.14538179,take_profit
GOLD,2026-04-23T15:15:00+00:00,2026-04-23T15:30:00+00:00,SELL,5.6566904,51.30719208,9.07017857,4738.5,4731.24385714,41.04575366,3420.47947188,3461.52522554,-1678.09962813,take_profit
GOLD,2026-04-23T17:40:00+00:00,2026-04-23T17:50:00+00:00,BUY,3.28785598,51.92287838,15.79232143,4677.625,4690.25885714,41.53830271,3461.52522554,3503.06352825,-1636.56132542,take_profit
BTCUSD,2026-04-24T09:05:00+00:00,2026-04-24T09:15:00+00:00,SELL,0.45940382,52.54595292,114.37857143,77465.95,77580.32857143,-52.54595292,3503.06352825,3450.51757532,-1689.10727834,stop_loss
BTCUSD,2026-04-24T11:00:00+00:00,2026-04-24T11:05:00+00:00,BUY,0.62826435,51.75776363,82.38214286,77975.85,78222.99642857,155.27329089,3450.51757532,3605.79086621,-1533.83398745,take_profit
GOLD,2026-04-24T14:05:00+00:00,2026-04-24T15:35:00+00:00,SELL,4.12983778,54.08686299,13.09660714,4728.22,4717.74271429,43.26949039,3605.79086621,3649.06035661,-1490.56449706,take_profit
BTCUSD,2026-04-25T07:00:00+00:00,2026-04-25T07:15:00+00:00,SELL,1.52498045,54.73590535,35.89285714,77481.75,77517.64285714,-54.73590535,3649.06035661,3594.32445126,-1545.30040241,stop_loss
BTCUSD,2026-04-25T09:35:00+00:00,2026-04-25T10:25:00+00:00,BUY,1.6854039,53.91486677,31.98928571,77750.85,77846.81785714,161.74460031,3594.32445126,3756.06905156,-1383.5558021,take_profit
BTCUSD,2026-04-26T07:50:00+00:00,2026-04-26T08:35:00+00:00,BUY,1.48168404,56.34103577,38.025,78079.8,78193.875,169.02310732,3756.06905156,3925.09215888,-1214.53269478,take_profit
BTCUSD,2026-04-26T08:35:00+00:00,2026-04-26T08:40:00+00:00,BUY,1.47230393,58.87638238,39.98928571,78167.25,78127.26071429,-58.87638238,3925.09215888,3866.2157765,-1273.40907717,stop_loss
BTCUSD,2026-04-27T12:35:00+00:00,2026-04-27T12:40:00+00:00,SELL,0.96891857,57.99323665,59.85357143,77664.4,77724.25357143,-57.99323665,3866.2157765,3808.22253985,-1331.40231381,stop_loss
BTCUSD,2026-04-27T14:35:00+00:00,2026-04-27T14:50:00+00:00,BUY,0.38750205,57.1233381,147.41428571,78131.35,77983.93571429,-57.1233381,3808.22253985,3751.09920176,-1388.52565191,stop_loss
GOLD,2026-04-27T15:00:00+00:00,2026-04-27T15:15:00+00:00,BUY,5.5695608,56.26648803,10.1025,4669.09,4677.172,45.01319042,3751.09920176,3796.11239218,-1343.51246149,take_profit
GOLD,2026-04-27T19:35:00+00:00,2026-04-27T19:45:00+00:00,BUY,17.06117929,56.94168588,3.3375,4677.65,4680.32,45.55334871,3796.11239218,3841.66574088,-1297.95911278,take_profit
BTCUSD,2026-04-28T07:10:00+00:00,2026-04-28T07:20:00+00:00,SELL,0.68858809,57.62498611,83.68571429,76556.7,76640.38571429,-57.62498611,3841.66574088,3784.04075477,-1355.5840989,stop_loss
BTCUSD,2026-04-28T09:45:00+00:00,2026-04-28T10:00:00+00:00,SELL,0.83978712,56.76061132,67.58928571,76580.5,76648.08928571,-56.76061132,3784.04075477,3727.28014345,-1412.34471022,stop_loss
GOLD,2026-04-28T14:00:00+00:00,2026-04-28T15:00:00+00:00,BUY,3.50979802,55.90920215,15.92946429,4566.18,4578.92357143,44.72736172,3727.28014345,3772.00750517,-1367.6173485,take_profit
BTCUSD,2026-04-29T09:30:00+00:00,2026-04-29T09:45:00+00:00,BUY,1.07065159,56.58011258,52.84642857,77215.75,77374.28928571,169.74033773,3772.00750517,3941.7478429,-1197.87701076,take_profit
BTCUSD,2026-04-29T09:45:00+00:00,2026-04-29T10:25:00+00:00,BUY,0.76701913,59.12621764,77.08571429,77644.0,77875.25714286,177.37865293,3941.7478429,4119.12649583,-1020.49835783,take_profit
GOLD,2026-04-29T13:05:00+00:00,2026-04-29T13:20:00+00:00,BUY,6.60683633,61.78689744,9.35196429,4546.57,4537.21803571,-61.78689744,4119.12649583,4057.3395984,-1082.28525527,stop_loss
GOLD,2026-04-29T13:20:00+00:00,2026-04-29T13:35:00+00:00,BUY,6.02266388,60.86009398,10.10517857,4538.485,4528.37982143,-60.86009398,4057.3395984,3996.47950442,-1143.14534925,stop_loss
GOLD,2026-04-29T13:35:00+00:00,2026-04-29T13:40:00+00:00,BUY,5.4294724,59.94719257,11.04107143,4525.59,4514.54892857,-59.94719257,3996.47950442,3936.53231185,-1203.09254181,stop_loss
BTCUSD,2026-04-30T07:35:00+00:00,2026-04-30T09:30:00+00:00,BUY,0.7645873,59.04798468,77.22857143,76032.8,76264.48571429,177.14395403,3936.53231185,4113.67626589,-1025.94858778,take_profit
BTCUSD,2026-04-30T09:30:00+00:00,2026-04-30T09:40:00+00:00,BUY,0.83160571,61.70514399,74.2,76191.8,76117.6,-61.70514399,4113.67626589,4051.9711219,-1087.65373177,stop_loss
BTCUSD,2026-05-01T08:10:00+00:00,2026-05-01T08:20:00+00:00,BUY,0.69483297,45.77956683,65.88571429,77238.1,77435.75714286,137.33870049,3051.9711219,3189.30982238,-1950.31503128,take_profit
BTCUSD,2026-05-01T08:20:00+00:00,2026-05-01T08:35:00+00:00,BUY,0.61349736,47.83964734,77.97857143,77467.65,77389.67142857,-47.83964734,3189.30982238,3141.47017505,-1998.15467862,stop_loss
GOLD,2026-05-01T13:50:00+00:00,2026-05-01T13:55:00+00:00,SELL,4.21774946,47.12205263,11.17232143,4617.02,4628.19232143,-47.12205263,3141.47017505,3094.34812242,-2045.27673124,stop_loss
GOLD,2026-05-01T13:55:00+00:00,2026-05-01T14:00:00+00:00,SELL,3.86207308,46.41522184,12.01821429,4626.0,4638.01821429,-46.41522184,3094.34812242,3047.93290059,-2091.69195308,stop_loss
GOLD,2026-05-01T14:00:00+00:00,2026-05-01T14:10:00+00:00,SELL,3.38632336,45.71899351,13.50107143,4634.605,4648.10607143,-45.71899351,3047.93290059,3002.21390708,-2137.41094659,stop_loss
BTCUSD,2026-05-02T13:00:00+00:00,2026-05-02T14:25:00+00:00,BUY,1.0520022,45.03320861,42.80714286,78307.3,78435.72142857,135.09962582,3002.21390708,3137.3135329,-2002.31132077,take_profit
BTCUSD,2026-05-02T15:55:00+00:00,2026-05-02T16:15:00+00:00,BUY,1.56140738,47.05970299,30.13928571,78478.65,78569.06785714,141.17910898,3137.3135329,3278.49264188,-1861.13221179,take_profit
BTCUSD,2026-05-03T07:00:00+00:00,2026-05-03T09:25:00+00:00,BUY,1.08082175,49.17738963,45.5,78355.1,78491.6,147.53216888,3278.49264188,3426.02481076,-1713.60004291,take_profit
BTCUSD,2026-05-03T09:25:00+00:00,2026-05-03T09:30:00+00:00,BUY,1.49483734,51.39037216,34.37857143,78497.6,78463.22142857,-51.39037216,3426.02481076,3374.6344386,-1764.99041507,stop_loss
BTCUSD,2026-05-04T09:50:00+00:00,2026-05-04T09:55:00+00:00,BUY,0.65920025,50.61951658,76.78928571,79905.2,79828.41071429,-50.61951658,3374.6344386,3324.01492202,-1815.60993165,stop_loss
BTCUSD,2026-05-04T10:00:00+00:00,2026-05-04T10:05:00+00:00,SELL,0.41341021,49.86022383,120.60714286,79225.1,78863.27857143,149.58067149,3324.01492202,3473.59559351,-1666.02926016,take_profit
GOLD,2026-05-04T15:20:00+00:00,2026-05-04T15:25:00+00:00,BUY,3.15914758,52.1039339,16.49303571,4521.895,4535.08942857,41.68314712,3473.59559351,3515.27874063,-1624.34611303,take_profit
GOLD,2026-05-04T15:30:00+00:00,2026-05-04T15:50:00+00:00,BUY,2.98031262,52.72918111,17.6925,4535.12,4517.4275,-52.72918111,3515.27874063,3462.54955952,-1677.07529414,stop_loss
GOLD,2026-05-04T15:50:00+00:00,2026-05-04T16:05:00+00:00,BUY,2.66181774,51.93824339,19.51232143,4528.34,4508.82767857,-51.93824339,3462.54955952,3410.61131613,-1729.01353754,stop_loss
BTCUSD,2026-05-05T11:05:00+00:00,2026-05-05T11:35:00+00:00,BUY,0.85098126,51.15916974,60.11785714,80847.95,81028.30357143,153.47750923,3410.61131613,3564.08882536,-1575.53602831,take_profit
BTCUSD,2026-05-05T11:35:00+00:00,2026-05-05T11:50:00+00:00,BUY,0.64488941,53.46133238,82.9,81029.7,80946.8,-53.46133238,3564.08882536,3510.62749298,-1628.99736069,stop_loss
GOLD,2026-05-05T13:10:00+00:00,2026-05-05T14:10:00+00:00,SELL,5.6041944,52.65941239,9.39642857,4578.81,4571.29285714,42.12752992,3510.62749298,3552.75502289,-1586.86983077,take_profit
GOLD,2026-05-05T19:55:00+00:00,2026-05-05T20:25:00+00:00,BUY,13.31332182,53.29132534,4.00285714,4554.9,4558.10228571,42.63306027,3552.75502289,3595.38808317,-1544.2367705,take_profit
BTCUSD,2026-05-06T07:05:00+00:00,2026-05-06T07:10:00+00:00,BUY,0.73528899,53.93082125,73.34642857,81557.35,81484.00357143,-53.93082125,3595.38808317,3541.45726192,-1598.16759175,stop_loss
BTCUSD,2026-05-06T08:30:00+00:00,2026-05-06T08:35:00+00:00,BUY,0.57473418,53.12185893,92.42857143,81724.2,81631.77142857,-53.12185893,3541.45726192,3488.33540299,-1651.28945068,stop_loss
GOLD,2026-05-06T14:00:00+00:00,2026-05-06T15:10:00+00:00,SELL,3.61900742,52.32503104,14.45839286,4705.85,4694.28328571,41.86002484,3488.33540299,3530.19542783,-1609.42942584,take_profit
GOLD,2026-05-06T19:10:00+00:00,2026-05-06T19:20:00+00:00,SELL,11.82079311,52.95293142,4.47964286,4695.24,4699.71964286,-52.95293142,3530.19542783,3477.24249641,-1662.38235726,stop_loss
GOLD,2026-05-06T19:20:00+00:00,2026-05-06T19:30:00+00:00,SELL,11.3847977,52.15863745,4.58142857,4699.89,4696.22485714,41.72690996,3477.24249641,3518.96940637,-1620.6554473,take_profit
BTCUSD,2026-05-07T07:10:00+00:00,2026-05-07T07:30:00+00:00,BUY,0.50827676,52.7845411,103.85,81659.1,81555.25,-52.7845411,3518.96940637,3466.18486527,-1673.4399884,stop_loss
BTCUSD,2026-05-07T08:40:00+00:00,2026-05-07T09:25:00+00:00,SELL,0.59200425,51.99277298,87.825,81260.25,80996.775,155.97831894,3466.18486527,3622.16318421,-1517.46166946,take_profit
GOLD,2026-05-07T14:20:00+00:00,2026-05-07T14:35:00+00:00,SELL,4.6281176,54.33244776,11.73964286,4757.32,4747.92828571,43.46595821,3622.16318421,3665.62914242,-1473.99571125,take_profit
GOLD,2026-05-07T14:55:00+00:00,2026-05-07T15:15:00+00:00,SELL,5.24839517,54.98443714,10.47642857,4762.79,4754.40885714,43.98754971,3665.62914242,3709.61669213,-1430.00816154,take_profit
GOLD,2026-05-07T16:05:00+00:00,2026-05-07T16:15:00+00:00,BUY,5.39412481,55.64425038,10.31571429,4717.62,4707.30428571,-55.64425038,3709.61669213,3653.97244174,-1485.65241192,stop_loss
BTCUSD,2026-05-08T07:00:00+00:00,2026-05-08T07:35:00+00:00,SELL,0.69279001,54.80958663,79.11428571,79426.9,79506.01428571,-54.80958663,3653.97244174,3599.16285512,-1540.46199855,stop_loss
BTCUSD,2026-05-08T10:35:00+00:00,2026-05-08T11:00:00+00:00,BUY,0.68620836,53.98744283,78.675,80053.0,80289.025,161.96232848,3599.16285512,3761.1251836,-1378.49967007,take_profit
GOLD,2026-05-08T13:55:00+00:00,2026-05-08T14:05:00+00:00,SELL,4.64295499,56.41687775,12.15107143,4748.07,4738.34914286,45.1335022,3761.1251836,3806.2586858,-1333.36616786,take_profit
GOLD,2026-05-08T18:00:00+00:00,2026-05-08T18:45:00+00:00,SELL,12.370893,57.09388029,4.61517857,4726.6,4722.90785714,45.67510423,3806.2586858,3851.93379003,-1287.69106363,take_profit
BTCUSD,2026-05-09T07:05:00+00:00,2026-05-09T07:15:00+00:00,SELL,0.77277869,57.77900685,74.76785714,80149.0,80223.76785714,-57.77900685,3851.93379003,3794.15478318,-1345.47007048,stop_loss
BTCUSD,2026-05-09T10:05:00+00:00,2026-05-09T10:15:00+00:00,SELL,1.46559828,56.91232175,38.83214286,80175.4,80214.23214286,-56.91232175,3794.15478318,3737.24246143,-1402.38239223,stop_loss
BTCUSD,2026-05-10T08:20:00+00:00,2026-05-10T09:35:00+00:00,BUY,1.72639885,56.05863692,32.47142857,80817.85,80785.37857143,-56.05863692,3737.24246143,3681.18382451,-1458.44102915,stop_loss
BTCUSD,2026-05-10T11:00:00+00:00,2026-05-10T11:05:00+00:00,BUY,1.04240642,55.21775737,52.97142857,80931.0,80878.02857143,-55.21775737,3681.18382451,3625.96606714,-1513.65878652,stop_loss
BTCUSD,2026-05-11T07:00:00+00:00,2026-05-11T07:15:00+00:00,SELL,0.70849302,54.38949101,76.76785714,80734.05,80810.81785714,-54.38949101,3625.96606714,3571.57657614,-1568.04827753,stop_loss
BTCUSD,2026-05-11T08:05:00+00:00,2026-05-11T08:10:00+00:00,SELL,0.73894688,53.57364864,72.5,80646.4,80718.9,-53.57364864,3571.57657614,3518.0029275,-1621.62192617,stop_loss
GOLD,2026-05-11T13:00:00+00:00,2026-05-11T13:10:00+00:00,SELL,4.7023144,52.77004391,11.22214286,4710.12,4721.34214286,-52.77004391,3518.0029275,3465.23288358,-1674.39197008,stop_loss
GOLD,2026-05-11T13:10:00+00:00,2026-05-11T13:20:00+00:00,SELL,4.28033001,51.97849325,12.14357143,4721.04,4733.18357143,-51.97849325,3465.23288358,3413.25439033,-1726.37046334,stop_loss
GOLD,2026-05-11T13:20:00+00:00,2026-05-11T13:40:00+00:00,SELL,3.72611497,51.19881585,13.74053571,4731.53,4745.27053571,-51.19881585,3413.25439033,3362.05557447,-1777.56927919,stop_loss
BTCUSD,2026-05-12T07:00:00+00:00,2026-05-12T07:05:00+00:00,SELL,0.82087161,50.43083362,61.43571429,80901.1,80962.53571429,-50.43083362,3362.05557447,3311.62474086,-1828.00011281,stop_loss
BTCUSD,2026-05-12T07:45:00+00:00,2026-05-12T11:05:00+00:00,SELL,0.53263983,49.67437111,93.26071429,80855.05,80575.26785714,149.02311334,3311.62474086,3460.6478542,-1678.97699947,take_profit
GOLD,2026-05-12T13:55:00+00:00,2026-05-12T14:00:00+00:00,BUY,3.80007608,51.90971781,13.66017857,4679.355,4690.28314286,41.52777425,3460.6478542,3502.17562845,-1637.44922522,take_profit
GOLD,2026-05-12T15:10:00+00:00,2026-05-12T15:20:00+00:00,BUY,4.5855,52.53263443,11.45625,4664.545,4653.08875,-52.53263443,3502.17562845,3449.64299402,-1689.98185965,stop_loss
GOLD,2026-05-12T15:20:00+00:00,2026-05-12T15:25:00+00:00,BUY,3.8990031,51.74464491,13.27125,4643.13,4653.747,41.39571593,3449.64299402,3491.03870995,-1648.58614372,take_profit
BTCUSD,2026-05-13T07:20:00+00:00,2026-05-13T07:35:00+00:00,SELL,0.97340255,52.36558065,53.79642857,80889.6,80943.39642857,-52.36558065,3491.03870995,3438.6731293,-1700.95172437,stop_loss
BTCUSD,2026-05-13T08:40:00+00:00,2026-05-13T10:25:00+00:00,BUY,0.83632099,51.58009694,61.675,81127.7,81066.025,-51.58009694,3438.6731293,3387.09303236,-1752.53182131,stop_loss
GOLD,2026-05-13T16:20:00+00:00,2026-05-13T16:40:00+00:00,SELL,6.98472565,50.80639549,7.27392857,4705.96,4700.14085714,40.64511639,3387.09303236,3427.73814875,-1711.88670492,take_profit
GOLD,2026-05-13T18:45:00+00:00,2026-05-13T18:50:00+00:00,BUY,8.41826753,51.41607223,6.10767857,4679.55,4684.43614286,41.13285778,3427.73814875,3468.87100653,-1670.75384713,take_profit
BTCUSD,2026-05-14T08:00:00+00:00,2026-05-14T08:05:00+00:00,SELL,0.72650136,52.0330651,71.62142857,79634.25,79705.87142857,-52.0330651,3468.87100653,3416.83794143,-1722.78691223,stop_loss
BTCUSD,2026-05-14T09:35:00+00:00,2026-05-14T10:00:00+00:00,SELL,0.71753597,51.25256912,71.42857143,79585.15,79656.57857143,-51.25256912,3416.83794143,3365.58537231,-1774.03948135,stop_loss
GOLD,2026-05-14T16:35:00+00:00,2026-05-14T16:50:00+00:00,BUY,7.65838199,50.48378058,6.59196429,4672.97,4678.24357143,40.38702447,3365.58537231,3405.97239678,-1733.65245689,take_profit
GOLD,2026-05-14T18:50:00+00:00,2026-05-14T19:30:00+00:00,BUY,10.16383109,51.08958595,5.02660714,4668.35,4663.32339286,-51.08958595,3405.97239678,3354.88281083,-1784.74204284,stop_loss
GOLD,2026-05-14T19:30:00+00:00,2026-05-14T19:35:00+00:00,BUY,10.85346259,50.32324216,4.63660714,4664.8,4660.16339286,-50.32324216,3354.88281083,3304.55956867,-1835.065285,stop_loss
BTCUSD,2026-05-15T07:20:00+00:00,2026-05-15T07:30:00+00:00,BUY,0.48837574,49.56839353,101.49642857,80898.45,80796.95357143,-49.56839353,3304.55956867,3254.99117514,-1884.63367853,stop_loss
BTCUSD,2026-05-15T09:50:00+00:00,2026-05-15T09:55:00+00:00,SELL,0.57846921,48.82486763,84.40357143,80389.8,80474.20357143,-48.82486763,3254.99117514,3206.16630751,-1933.45854616,stop_loss
GOLD,2026-05-15T16:00:00+00:00,2026-05-15T16:35:00+00:00,BUY,4.33035824,48.09249461,11.10589286,4535.75,4544.63471429,38.47399569,3206.16630751,3244.6403032,-1894.98455047,take_profit
BTCUSD,2026-05-16T07:00:00+00:00,2026-05-16T07:10:00+00:00,SELL,0.56580815,48.66960455,86.01785714,78614.1,78356.04642857,146.00881364,3244.6403032,3390.64911684,-1748.97573682,take_profit
BTCUSD,2026-05-16T07:10:00+00:00,2026-05-16T07:20:00+00:00,SELL,0.43375853,50.85973675,117.25357143,78217.15,78334.40357143,-50.85973675,3390.64911684,3339.78938009,-1799.83547358,stop_loss
