instrument,action,size,entry_price,stop_loss,take_profit,entry_time,exit_price,exit_time,pnl,exit_reason
BTCUSD,SELL,1.8831969510145339,91027.1,91186.40357142857,90549.1892857143,2025-11-18T12:10:00+00:00,91186.40357142857,2025-11-18T12:15:00+00:00,-300.0,stop_loss
BTCUSD,BUY,1.6229894076107723,91707.65,91525.57857142856,92253.86428571428,2025-11-18T12:40:00+00:00,91525.57857142856,2025-11-18T12:50:00+00:00,-295.5,stop_loss
BTCUSD,SELL,1.5442124410254603,90988.3,91176.78928571429,90422.83214285714,2025-11-18T13:35:00+00:00,91176.78928571429,2025-11-18T13:40:00+00:00,-291.0675,stop_loss
BTCUSD,BUY,1.0729129054676778,91962.05,91694.83214285714,92763.70357142859,2025-11-18T14:30:00+00:00,91694.83214285714,2025-11-18T14:40:00+00:00,-286.7014875,stop_loss
BTCUSD,SELL,1.6089913367348367,91135.65,91311.16428571429,90609.10714285713,2025-11-19T14:05:00+00:00,91311.16428571429,2025-11-19T14:10:00+00:00,-282.4009651875,stop_loss
BTCUSD,SELL,1.4170657751344267,91061.9,91258.19642857142,90473.0107142857,2025-11-19T14:25:00+00:00,91258.19642857142,2025-11-19T14:30:00+00:00,-278.1649507096875,stop_loss
BTCUSD,BUY,0.926544606349405,92157.45,91861.7357142857,93044.59285714285,2025-11-19T15:05:00+00:00,91861.7357142857,2025-11-19T15:20:00+00:00,-273.9924764490422,stop_loss
BTCUSD,SELL,0.7278036483510932,90673.8,91044.61785714286,89561.34642857143,2025-11-19T15:30:00+00:00,89561.34642857143,2025-11-19T16:25:00+00:00,809.6477679069196,take_profit
BTCUSD,SELL,0.9372235616014475,90963.15,91264.06785714286,90060.39642857142,2025-11-20T14:00:00+00:00,91264.06785714286,2025-11-20T14:20:00+00:00,-282.0273058209104,stop_loss
BTCUSD,SELL,0.6828652404628882,90308.65,90715.46071428571,89088.21785714285,2025-11-20T15:10:00+00:00,90715.46071428571,2025-11-20T15:20:00+00:00,-277.7968962335967,stop_loss
BTCUSD,SELL,0.759917319446405,90094.55,90454.62857142858,89014.31428571428,2025-11-20T15:50:00+00:00,89014.31428571428,2025-11-20T16:05:00+00:00,820.8898283702782,take_profit
BTCUSD,SELL,0.733617882828585,88852.35,89242.12142857144,87683.03571428572,2025-11-20T16:05:00+00:00,87683.03571428572,2025-11-20T16:55:00+00:00,857.8298706469301,take_profit
BTCUSD,SELL,1.6465345518380716,85309.4,85490.87857142856,84764.96428571429,2025-11-21T07:15:00+00:00,84764.96428571429,2025-11-21T07:30:00+00:00,896.4322148260526,take_profit
BTCUSD,SELL,0.7737278609867904,83367.4,83770.97499999999,82156.675,2025-11-21T07:30:00+00:00,83770.97499999999,2025-11-21T07:35:00+00:00,-312.2572214977417,stop_loss
BTCUSD,SELL,1.1016801628342658,82537.55,82816.7357142857,81699.99285714288,2025-11-21T09:40:00+00:00,81699.99285714288,2025-11-21T10:00:00+00:00,922.7200895258427,take_profit
BTCUSD,SELL,0.9747840871830359,81809.8,82139.52857142857,80820.6142857143,2025-11-21T10:00:00+00:00,82139.52857142857,2025-11-21T10:05:00+00:00,-321.4141645181632,stop_loss
BTCUSD,SELL,1.8402363781966073,83765.3,83937.33928571429,83249.18214285714,2025-11-22T10:20:00+00:00,83937.33928571429,2025-11-22T11:05:00+00:00,-316.59295205039075,stop_loss
BTCUSD,BUY,1.9147899426657649,84376.05,84213.1892857143,84864.63214285715,2025-11-22T14:10:00+00:00,84213.1892857143,2025-11-22T14:45:00+00:00,-311.84405776963484,stop_loss
BTCUSD,BUY,2.0896688646888357,84765.7,84618.70714285714,85206.67857142858,2025-11-22T16:40:00+00:00,84618.70714285714,2025-11-22T16:50:00+00:00,-307.16639690309034,stop_loss
BTCUSD,BUY,2.5165307826127217,86093.35,85973.12142857144,86454.03571428572,2025-11-23T08:55:00+00:00,85973.12142857144,2025-11-23T11:00:00+00:00,-302.558900949544,stop_loss
BTCUSD,BUY,2.117589831038127,86557.4,86416.66428571429,86979.60714285713,2025-11-23T12:10:00+00:00,86416.66428571429,2025-11-23T13:10:00+00:00,-298.02051743530086,stop_loss
BTCUSD,BUY,1.6367775595646052,86888.35,86709.00357142858,87426.3892857143,2025-11-23T13:55:00+00:00,86709.00357142858,2025-11-23T14:15:00+00:00,-293.55020967377135,stop_loss
BTCUSD,BUY,2.0385020603290607,87225.9,87084.05714285714,87651.42857142857,2025-11-23T16:00:00+00:00,87084.05714285714,2025-11-23T16:10:00+00:00,-289.14695652866476,stop_loss
BTCUSD,SELL,1.7164230346011955,86533.15,86699.08214285714,86035.35357142857,2025-11-24T09:05:00+00:00,86035.35357142857,2025-11-24T09:20:00+00:00,854.4292565422044,take_profit
BTCUSD,SELL,1.6442462657712098,86002.75,86183.76071428572,85459.71785714285,2025-11-24T09:20:00+00:00,86183.76071428572,2025-11-24T11:35:00+00:00,-297.6261910288678,stop_loss
BTCUSD,SELL,1.2139563945363734,85526.5,85767.99285714286,84802.02142857142,2025-11-24T14:40:00+00:00,85767.99285714286,2025-11-24T14:50:00+00:00,-293.16179816343487,stop_loss
BTCUSD,BUY,0.8287960139148289,87042.15,86693.7357142857,88087.39285714284,2025-11-24T16:00:00+00:00,88087.39285714284,2025-11-24T17:55:00+00:00,866.2931135729381,take_profit
BTCUSD,SELL,2.2795137055651598,87394.4,87526.77857142857,86997.26428571426,2025-11-25T07:50:00+00:00,87526.77857142857,2025-11-25T08:20:00+00:00,-301.7587678945774,stop_loss
BTCUSD,SELL,2.278515802040363,87220.85,87351.3,86829.50000000001,2025-11-25T08:45:00+00:00,86829.50000000001,2025-11-25T09:10:00+00:00,891.6971591284762,take_profit
BTCUSD,SELL,2.430013865707175,86816.55,86944.37142857144,86433.08571428571,2025-11-25T09:10:00+00:00,86944.37142857144,2025-11-25T09:40:00+00:00,-310.60784376308584,stop_loss
BTCUSD,SELL,1.9538292464330438,87175.05,87331.6392857143,86705.28214285715,2025-11-25T13:35:00+00:00,86705.28214285715,2025-11-25T14:40:00+00:00,917.8461783198903,take_profit
BTCUSD,BUY,3.5841212819313815,87906.85,87817.64642857143,88174.46071428571,2025-11-26T07:55:00+00:00,87817.64642857143,2025-11-26T08:00:00+00:00,-319.71641878143794,stop_loss
BTCUSD,SELL,3.630956899317211,87287.05,87373.78214285715,87026.85357142858,2025-11-26T09:05:00+00:00,87373.78214285715,2025-11-26T09:10:00+00:00,-314.9206724997164,stop_loss
BTCUSD,SELL,3.7918065779892887,87282.3,87364.10714285714,87036.87857142858,2025-11-26T09:15:00+00:00,87036.87857142858,2025-11-26T09:30:00+00:00,930.5905872366618,take_profit
BTCUSD,SELL,3.5879195929088556,86951.4,87041.74642857142,86680.3607142857,2025-11-26T09:30:00+00:00,86680.3607142857,2025-11-26T10:30:00+00:00,972.4671636623115,take_profit
BTCUSD,BUY,4.517860532971404,91508.2,91433.22142857143,91733.1357142857,2025-11-27T08:50:00+00:00,91733.1357142857,2025-11-27T09:15:00+00:00,1016.2281860271154,take_profit
BTCUSD,BUY,4.824812462177203,91747.05,91673.68214285714,91967.15357142857,2025-11-27T09:15:00+00:00,91673.68214285714,2025-11-27T09:20:00+00:00,-353.9861514661119,stop_loss
BTCUSD,BUY,3.872184213475443,91799.7,91709.65357142857,92069.83928571428,2025-11-27T09:30:00+00:00,91709.65357142857,2025-11-27T09:45:00+00:00,-348.67635919412015,stop_loss
BTCUSD,BUY,2.3546176603347964,91220.7,91074.83928571428,91658.28214285715,2025-11-27T16:10:00+00:00,91658.28214285715,2025-11-27T18:35:00+00:00,1030.338641418591,take_profit
BTCUSD,SELL,3.971559189016807,91155.25,91245.61785714286,90884.14642857143,2025-11-28T07:35:00+00:00,90884.14642857143,2025-11-28T07:55:00+00:00,1076.703880282404,take_profit
BTCUSD,BUY,4.760835907919262,91834.7,91755.92142857143,92071.03571428571,2025-11-28T10:50:00+00:00,91755.92142857143,2025-11-28T11:00:00+00:00,-375.0518516317233,stop_loss
BTCUSD,SELL,2.8268282870579813,91164.25,91294.93571428572,90772.19285714286,2025-11-28T11:15:00+00:00,91294.93571428572,2025-11-28T11:20:00+00:00,-369.4260738572474,stop_loss
BTCUSD,BUY,3.3967099336519433,91800.3,91693.17142857143,92121.68571428572,2025-11-28T13:35:00+00:00,92121.68571428572,2025-11-28T13:45:00+00:00,1091.6540482481166,take_profit
BTCUSD,SELL,5.7596374647011555,90549.95,90615.97142857143,90351.8857142857,2025-11-29T08:00:00+00:00,90615.97142857143,2025-11-29T08:05:00+00:00,-380.25949347311047,stop_loss
BTCUSD,SELL,6.563337399078938,90494.75,90551.81785714286,90323.54642857143,2025-11-29T10:15:00+00:00,90551.81785714286,2025-11-29T10:20:00+00:00,-374.5556010710138,stop_loss
BTCUSD,BUY,7.48731135575834,90970.5,90921.225,91118.325,2025-11-30T07:10:00+00:00,91118.325,2025-11-30T08:20:00+00:00,1106.8118011649549,take_profit
BTCUSD,BUY,5.226641054530264,91331.05,91257.28571428571,91552.34285714285,2025-11-30T08:20:00+00:00,91257.28571428571,2025-11-30T08:25:00+00:00,-385.5394440724229,stop_loss
BTCUSD,BUY,2.606171045960078,91506.9,91361.1857142857,91944.04285714285,2025-11-30T09:10:00+00:00,91361.1857142857,2025-11-30T09:25:00+00:00,-379.75635241133654,stop_loss
BTCUSD,BUY,4.286869760766663,91459.75,91372.49285714286,91721.52142857143,2025-11-30T12:40:00+00:00,91721.52142857143,2025-11-30T13:20:00+00:00,1122.1800213755619,take_profit
BTCUSD,SELL,5.274696775172093,86493.25,86567.35714285714,86270.92857142858,2025-12-01T11:05:00+00:00,86270.92857142858,2025-12-01T11:40:00+00:00,1172.6781223373232,take_profit
BTCUSD,SELL,5.309405171229874,86278.8,86355.73571428572,86047.99285714286,2025-12-01T11:40:00+00:00,86047.99285714286,2025-12-01T12:05:00+00:00,1225.4486378425022,take_profit
BTCUSD,SELL,4.294412563867805,85993.05,86092.45000000001,85694.85,2025-12-01T12:05:00+00:00,85694.85,2025-12-01T12:30:00+00:00,1280.593826545367,take_profit
BTCUSD,SELL,3.369498881759691,85693.15,85825.53571428571,85295.99285714285,2025-12-01T12:30:00+00:00,85825.53571428571,2025-12-01T12:35:00+00:00,-446.07351624667785,stop_loss
BTCUSD,BUY,4.413527382272339,87049.6,86950.04642857144,87348.26071428572,2025-12-02T10:40:00+00:00,87348.26071428572,2025-12-02T10:50:00+00:00,1318.1472405089974,take_profit
BTCUSD,BUY,3.3628022858667146,87712.15,87575.6107142857,88121.76785714286,2025-12-02T13:50:00+00:00,88121.76785714286,2025-12-02T14:05:00+00:00,1377.4638663318378,take_profit
BTCUSD,BUY,2.711265790070329,88111.2,87934.22857142857,88642.11428571428,2025-12-02T14:05:00+00:00,88642.11428571428,2025-12-02T14:25:00+00:00,1439.4497403167707,take_profit
BTCUSD,BUY,2.415220136917854,88676.95,88469.34642857143,89299.7607142857,2025-12-02T14:25:00+00:00,88469.34642857143,2025-12-02T14:40:00+00:00,-501.4083262103417,stop_loss
BTCUSD,BUY,3.8463665443443573,93207.15,93078.74642857142,93592.3607142857,2025-12-03T09:55:00+00:00,93078.74642857142,2025-12-03T10:00:00+00:00,-493.88720131718657,stop_loss
BTCUSD,BUY,4.318498830869542,93376.85,93264.20000000001,93714.8,2025-12-03T10:20:00+00:00,93264.20000000001,2025-12-03T10:25:00+00:00,-486.4788932974288,stop_loss
BTCUSD,BUY,3.9054250843086606,93232.15,93109.45357142856,93600.23928571428,2025-12-03T13:40:00+00:00,93109.45357142856,2025-12-03T14:00:00+00:00,-479.1817098979673,stop_loss
BTCUSD,SELL,2.183676997899198,91792.1,92008.24642857144,91143.66071428572,2025-12-03T14:00:00+00:00,92008.24642857144,2025-12-03T14:05:00+00:00,-471.9939842494979,stop_loss
BTCUSD,BUY,4.788344767748775,93411.85,93314.75714285715,93703.12857142858,2025-12-04T07:55:00+00:00,93314.75714285715,2025-12-04T08:05:00+00:00,-464.9140744857554,stop_loss
BTCUSD,SELL,5.117673188711569,93023.55,93113.03214285715,92755.10357142857,2025-12-04T11:25:00+00:00,93113.03214285715,2025-12-04T12:40:00+00:00,-457.9403633684691,stop_loss
BTCUSD,SELL,3.216194352356093,92602.4,92742.65,92181.65,2025-12-04T13:00:00+00:00,92742.65,2025-12-04T13:20:00+00:00,-451.07125791794203,stop_loss
BTCUSD,SELL,2.301503180777862,92493.95,92687.0,91914.79999999999,2025-12-04T13:45:00+00:00,92687.0,2025-12-04T14:05:00+00:00,-444.30518904917295,stop_loss
BTCUSD,BUY,4.973996230709184,92484.85,92396.86428571428,92748.80714285716,2025-12-05T07:25:00+00:00,92396.86428571428,2025-12-05T07:40:00+00:00,-437.64061121343525,stop_loss
BTCUSD,SELL,4.95144113601588,91901.85,91988.91071428572,91640.66785714285,2025-12-05T09:10:00+00:00,91640.66785714285,2025-12-05T09:15:00+00:00,1293.2280061357012,take_profit
BTCUSD,SELL,3.7818673002649668,91409.85,91528.96428571429,91052.50714285714,2025-12-05T09:15:00+00:00,91528.96428571429,2025-12-05T09:20:00+00:00,-450.4744221372693,stop_loss
BTCUSD,SELL,3.2125160476146934,91261.6,91399.72142857144,90847.2357142857,2025-12-05T09:30:00+00:00,91399.72142857144,2025-12-05T10:25:00+00:00,-443.7173058052103,stop_loss
BTCUSD,SELL,6.850110995862801,89420.2,89484.00357142856,89228.78928571427,2025-12-06T08:20:00+00:00,89484.00357142856,2025-12-06T09:10:00+00:00,-437.0615462181321,stop_loss
BTCUSD,BUY,10.70053923186459,89782.45,89742.21785714285,89903.14642857142,2025-12-06T13:40:00+00:00,89742.21785714285,2025-12-06T13:45:00+00:00,-430.50562302486014,stop_loss
BTCUSD,BUY,5.112972647930836,90084.25,90001.31428571428,90333.05714285714,2025-12-06T14:15:00+00:00,90001.31428571428,2025-12-06T14:20:00+00:00,-424.0480386794872,stop_loss
BTCUSD,SELL,2.95917334820625,89575.7,89716.84999999999,89152.25,2025-12-06T15:15:00+00:00,89716.84999999999,2025-12-06T15:30:00+00:00,-417.68731809929494,stop_loss
BTCUSD,SELL,6.406304211532911,89422.55,89486.77142857143,89229.88571428572,2025-12-07T07:15:00+00:00,89229.88571428572,2025-12-07T08:10:00+00:00,1234.2660249834166,take_profit
BTCUSD,SELL,5.9966166693253005,89132.2,89203.89642857143,88917.1107142857,2025-12-07T09:20:00+00:00,89203.89642857143,2025-12-07T09:25:00+00:00,-429.93599870255673,stop_loss
BTCUSD,SELL,5.726942692207445,89106.45,89180.39642857143,88884.6107142857,2025-12-07T09:50:00+00:00,89180.39642857143,2025-12-07T10:00:00+00:00,-423.4869587220184,stop_loss
BTCUSD,BUY,6.3608377745086715,89536.6,89471.02142857143,89733.33571428571,2025-12-07T12:45:00+00:00,89471.02142857143,2025-12-07T12:55:00+00:00,-417.1346543411881,stop_loss
BTCUSD,BUY,3.9594485705980174,91703.55,91599.77857142857,92014.86428571428,2025-12-08T07:25:00+00:00,91599.77857142857,2025-12-08T07:45:00+00:00,-410.87763452607027,stop_loss
BTCUSD,BUY,3.5868721426359276,91959.35,91846.51785714287,92297.84642857144,2025-12-08T09:00:00+00:00,91846.51785714287,2025-12-08T10:05:00+00:00,-404.7144700081792,stop_loss
BTCUSD,SELL,1.7065229150602372,91012.85,91246.45,90312.05000000002,2025-12-08T14:35:00+00:00,91246.45,2025-12-08T14:40:00+00:00,-398.6437529580565,stop_loss
BTCUSD,SELL,1.132307717544263,90518.65,90865.43214285714,89478.30357142857,2025-12-08T15:05:00+00:00,90169.5,2025-12-08T19:05:00+00:00,395.34523958057287,max_hold
BTCUSD,SELL,4.463184718550404,90310.55,90399.85714285714,90042.62857142858,2025-12-09T09:25:00+00:00,90042.62857142858,2025-12-09T10:35:00+00:00,1195.7828257721826,take_profit
BTCUSD,SELL,4.383548257547526,90014.7,90109.72142857143,89729.63571428572,2025-12-09T10:35:00+00:00,90109.72142857143,2025-12-09T10:40:00+00:00,-416.53101764397695,stop_loss
BTCUSD,BUY,4.846203529475405,90454.7,90370.03928571429,90708.68214285714,2025-12-09T12:00:00+00:00,90370.03928571429,2025-12-09T12:05:00+00:00,-410.28305237931727,stop_loss
BTCUSD,BUY,4.3388062057599015,90580.75,90487.60714285714,90860.17857142857,2025-12-09T12:15:00+00:00,90487.60714285714,2025-12-09T13:05:00+00:00,-404.12880659362753,stop_loss
BTCUSD,BUY,5.223974730902078,92800.35,92724.15000000001,93028.95,2025-12-10T07:55:00+00:00,92724.15000000001,2025-12-10T08:00:00+00:00,-398.0668744947231,stop_loss
BTCUSD,BUY,4.33648710295993,92836.8,92746.38214285714,93108.05357142858,2025-12-10T09:45:00+00:00,93108.05357142858,2025-12-10T10:00:00+00:00,1176.2876141318436,take_profit
BTCUSD,BUY,3.5697206498333305,93130.1,93015.31785714286,93474.44642857143,2025-12-10T10:00:00+00:00,93015.31785714286,2025-12-10T10:05:00+00:00,-409.74018558928,stop_loss
BTCUSD,SELL,2.559078402715739,92344.65,92502.3607142857,91871.51785714286,2025-12-10T10:30:00+00:00,91871.51785714286,2025-12-10T11:45:00+00:00,1210.7822484163223,take_profit
BTCUSD,SELL,7.280169448793149,90185.85,90243.78214285715,90012.05357142858,2025-12-11T12:05:00+00:00,90243.78214285715,2025-12-11T12:20:00+00:00,-421.75581653168564,stop_loss
BTCUSD,SELL,5.323337796871404,90036.35,90114.3892857143,89802.23214285716,2025-12-11T12:55:00+00:00,90114.3892857143,2025-12-11T13:00:00+00:00,-415.4294792837104,stop_loss
BTCUSD,SELL,4.830330960642567,90001.4,90086.11428571428,89747.25714285715,2025-12-11T13:15:00+00:00,90086.11428571428,2025-12-11T13:20:00+00:00,-409.1980370944547,stop_loss
BTCUSD,SELL,4.395249391698701,89927.3,90019.00357142858,89652.1892857143,2025-12-11T13:30:00+00:00,90019.00357142858,2025-12-11T13:35:00+00:00,-403.0600665380379,stop_loss
BTCUSD,BUY,3.707195569639033,92539.1,92432.00714285715,92860.37857142858,2025-12-12T09:55:00+00:00,92432.00714285715,2025-12-12T10:45:00+00:00,-397.01416553996734,stop_loss
BTCUSD,BUY,4.596058884147272,92509.2,92424.11428571428,92764.45714285714,2025-12-12T13:15:00+00:00,92424.11428571428,2025-12-12T13:20:00+00:00,-391.0589530568679,stop_loss
BTCUSD,SELL,1.5417193312046538,91810.85,92060.69642857143,91061.31071428572,2025-12-12T15:15:00+00:00,91061.31071428572,2025-12-12T15:25:00+00:00,1155.5792062830444,take_profit
BTCUSD,SELL,1.2647279042985742,90852.7,91170.97142857143,89897.88571428572,2025-12-12T15:25:00+00:00,89897.88571428572,2025-12-12T15:55:00+00:00,1207.580270565763,take_profit
BTCUSD,SELL,9.644556915808518,90367.2,90410.81428571428,90236.35714285714,2025-12-13T11:40:00+00:00,90410.81428571428,2025-12-13T11:45:00+00:00,-420.6404609137469,stop_loss
BTCUSD,SELL,7.055013325226098,90314.05,90372.77857142857,90137.8642857143,2025-12-13T12:45:00+00:00,90372.77857142857,2025-12-13T13:00:00+00:00,-414.3308540000407,stop_loss
BTCUSD,SELL,6.582135218777793,90245.55,90307.55357142858,90059.53928571429,2025-12-13T13:25:00+00:00,90307.55357142858,2025-12-13T13:35:00+00:00,-408.1158911900401,stop_loss
BTCUSD,SELL,6.088184919418746,90151.8,90217.82857142857,89953.71428571429,2025-12-13T14:20:00+00:00,89953.71428571429,2025-12-13T14:30:00+00:00,1205.9824584665685,take_profit
BTCUSD,SELL,10.81694768399636,90075.3,90114.13571428572,89958.79285714286,2025-12-14T09:30:00+00:00,89958.79285714286,2025-12-14T10:10:00+00:00,1260.251669097564,take_profit
BTCUSD,SELL,9.228661770852188,89825.8,89873.36785714286,89683.09642857143,2025-12-14T10:10:00+00:00,89873.36785714286,2025-12-14T10:15:00+00:00,-438.9876647356516,stop_loss
BTCUSD,SELL,4.15401077108689,89667.6,89771.69285714286,89355.32142857143,2025-12-14T11:00:00+00:00,89771.69285714286,2025-12-14T11:05:00+00:00,-432.40284976461675,stop_loss
BTCUSD,SELL,3.553960721333645,89529.6,89649.44285714287,89170.07142857142,2025-12-14T11:25:00+00:00,89170.07142857142,2025-12-14T11:40:00+00:00,1277.7504210543907,take_profit
BTCUSD,BUY,5.118418668207626,89924.5,89837.54285714286,90185.37142857142,2025-12-15T09:00:00+00:00,89837.54285714286,2025-12-15T09:10:00+00:00,-445.08306333396337,stop_loss
BTCUSD,SELL,3.1110806413944623,89075.6,89216.51785714287,88652.84642857143,2025-12-15T14:30:00+00:00,89216.51785714287,2025-12-15T14:35:00+00:00,-438.4068173839539,stop_loss
BTCUSD,SELL,1.6862506134090025,88714.0,88970.08928571429,87945.73214285714,2025-12-15T14:45:00+00:00,87945.73214285714,2025-12-15T14:55:00+00:00,1295.4921453695592,take_profit
BTCUSD,SELL,1.4624267042250472,88049.9,88358.47142857143,87124.1857142857,2025-12-15T14:55:00+00:00,87124.1857142857,2025-12-15T15:15:00+00:00,1353.7892919111925,take_profit
BTCUSD,SELL,4.066760572597056,85882.9,85998.85714285713,85535.02857142856,2025-12-16T07:40:00+00:00,85998.85714285713,2025-12-16T07:45:00+00:00,-471.5699366824059,stop_loss
BTCUSD,BUY,4.373494805871204,86733.8,86627.59285714285,87052.42142857143,2025-12-16T10:35:00+00:00,87052.42142857143,2025-12-16T10:40:00+00:00,1393.4891628963821,take_profit
BTCUSD,BUY,3.5888052341149406,87117.5,86982.24642857142,87523.26071428572,2025-12-16T10:40:00+00:00,86982.24642857142,2025-12-16T10:45:00+00:00,-485.3987250756155,stop_loss
BTCUSD,BUY,3.8006179984059636,87357.8,87232.0,87735.2,2025-12-16T12:45:00+00:00,87232.0,2025-12-16T12:50:00+00:00,-478.1177441994813,stop_loss
BTCUSD,SELL,3.85366981852312,86489.75,86611.95714285714,86123.12857142858,2025-12-17T08:25:00+00:00,86611.95714285714,2025-12-17T10:10:00+00:00,-470.94597803648907,stop_loss
BTCUSD,BUY,4.716813768473804,87148.55,87050.20357142857,87443.58928571429,2025-12-17T12:00:00+00:00,87050.20357142857,2025-12-17T12:10:00+00:00,-463.88178836594176,stop_loss
BTCUSD,BUY,2.904790601019988,87349.45,87192.15,87821.35,2025-12-17T13:40:00+00:00,87821.35,2025-12-17T14:15:00+00:00,1370.7706846213578,take_profit
BTCUSD,BUY,2.305935495726658,87820.75,87613.68214285714,88441.95357142857,2025-12-17T14:15:00+00:00,87613.68214285714,2025-12-17T14:30:00+00:00,-477.485121809773,stop_loss
BTCUSD,BUY,5.313739119361373,86766.2,86677.68928571428,87031.73214285713,2025-12-18T07:10:00+00:00,86677.68928571428,2025-12-18T08:00:00+00:00,-470.3228449826264,stop_loss
BTCUSD,BUY,4.988272598300873,86944.1,86851.22857142858,87222.71428571429,2025-12-18T08:20:00+00:00,86851.22857142858,2025-12-18T09:00:00+00:00,-463.268002307887,stop_loss
BTCUSD,BUY,3.89042430535619,87222.3,87105.00714285714,87574.17857142858,2025-12-18T09:30:00+00:00,87105.00714285714,2025-12-18T11:10:00+00:00,-456.3189822732687,stop_loss
BTCUSD,BUY,3.8262427128471077,87632.85,87515.37857142858,87985.2642857143,2025-12-18T13:00:00+00:00,87515.37857142858,2025-12-18T13:05:00+00:00,-449.47419753916967,stop_loss
BTCUSD,BUY,3.0536255710241553,87694.0,87549.01428571428,88128.95714285715,2025-12-19T07:00:00+00:00,88128.95714285715,2025-12-19T07:10:00+00:00,1328.196253728202,take_profit
BTCUSD,BUY,2.5477600587453293,88088.95,87907.35714285714,88633.72857142857,2025-12-19T07:10:00+00:00,87907.35714285714,2025-12-19T07:15:00+00:00,-462.6550283820052,stop_loss
BTCUSD,BUY,4.331011364732758,88239.65,88134.42857142857,88555.3142857143,2025-12-19T10:00:00+00:00,88134.42857142857,2025-12-19T10:05:00+00:00,-455.71520295627505,stop_loss
BTCUSD,BUY,3.2271099950019333,88294.05,88154.95357142857,88711.33928571429,2025-12-19T11:10:00+00:00,88154.95357142857,2025-12-19T11:15:00+00:00,-448.87947491193097,stop_loss
BTCUSD,BUY,10.232329876908352,88282.25,88239.03928571429,88411.88214285714,2025-12-20T12:05:00+00:00,88239.03928571429,2025-12-20T12:10:00+00:00,-442.14628278825205,stop_loss
BTCUSD,SELL,7.898435442255605,87994.9,88050.03928571429,87829.48214285713,2025-12-20T13:15:00+00:00,88050.03928571429,2025-12-20T13:20:00+00:00,-435.51408854642824,stop_loss
BTCUSD,SELL,5.930422910097116,87994.8,88067.13571428572,87777.79285714285,2025-12-20T13:20:00+00:00,88067.13571428572,2025-12-20T13:35:00+00:00,-428.98137721823184,stop_loss
BTCUSD,SELL,15.213200956249345,88041.05,88068.82500000001,87957.725,2025-12-21T07:40:00+00:00,88068.82500000001,2025-12-21T07:45:00+00:00,-422.54665655995836,stop_loss
BTCUSD,BUY,12.921428969868169,88199.95,88167.73928571428,88296.58214285714,2025-12-21T08:20:00+00:00,88296.58214285714,2025-12-21T08:30:00+00:00,1248.6253701346768,take_profit
BTCUSD,BUY,9.847383717459685,88306.8,88262.63214285715,88439.30357142857,2025-12-21T08:30:00+00:00,88439.30357142857,2025-12-21T08:40:00+00:00,1304.8135117908805,take_profit
BTCUSD,BUY,6.221599177870188,88574.45,88501.39642857143,88793.6107142857,2025-12-21T08:40:00+00:00,88501.39642857143,2025-12-21T08:45:00+00:00,-454.51003994044225,stop_loss
BTCUSD,BUY,4.769026783929008,88990.95,88897.075,89272.575,2025-12-22T07:00:00+00:00,89272.575,2025-12-22T08:15:00+00:00,1343.0771680240068,take_profit
BTCUSD,BUY,4.500765955034711,89437.9,89333.95357142857,89749.73928571427,2025-12-22T08:15:00+00:00,89749.73928571427,2025-12-22T08:20:00+00:00,1403.5156405851526,take_profit
BTCUSD,BUY,3.9090082187307327,89586.6,89461.53214285715,89961.80357142857,2025-12-22T08:20:00+00:00,89461.53214285715,2025-12-22T08:45:00+00:00,-488.891281470473,stop_loss
BTCUSD,BUY,5.078959448152112,89927.8,89832.9857142857,90212.24285714288,2025-12-22T11:30:00+00:00,89832.9857142857,2025-12-22T11:35:00+00:00,-481.55791224841596,stop_loss
BTCUSD,SELL,5.793651727364258,87337.0,87418.87142857144,87091.38571428572,2025-12-23T09:20:00+00:00,87418.87142857144,2025-12-23T09:40:00+00:00,-474.3345435646896,stop_loss
BTCUSD,SELL,3.5792467062963333,87539.2,87669.73571428572,87147.59285714285,2025-12-23T13:35:00+00:00,87669.73571428572,2025-12-23T13:40:00+00:00,-467.2195254112193,stop_loss
BTCUSD,SELL,2.3820016841675624,87342.45,87535.65357142857,86762.83928571428,2025-12-23T14:35:00+00:00,87535.65357142857,2025-12-23T14:40:00+00:00,-460.211232530051,stop_loss
BTCUSD,SELL,2.2948572191105403,87066.85,87264.38214285715,86474.25357142858,2025-12-23T14:45:00+00:00,87264.38214285715,2025-12-23T15:15:00+00:00,-453.3080640421003,stop_loss
BTCUSD,SELL,5.078906567387451,86742.75,86830.66428571429,86479.00714285714,2025-12-24T08:20:00+00:00,86830.66428571429,2025-12-24T08:25:00+00:00,-446.5084430814688,stop_loss
BTCUSD,SELL,4.032847412950944,86726.1,86835.15714285715,86398.92857142858,2025-12-24T08:55:00+00:00,86835.15714285715,2025-12-24T10:05:00+00:00,-439.81081643524675,stop_loss
BTCUSD,BUY,7.0535455703220284,87351.35,87289.93214285714,87535.60357142858,2025-12-24T12:35:00+00:00,87289.93214285714,2025-12-24T12:45:00+00:00,-433.21365418871807,stop_loss
BTCUSD,SELL,5.361949729625122,87054.8,87134.38214285715,86816.05357142857,2025-12-24T13:30:00+00:00,87134.38214285715,2025-12-24T13:35:00+00:00,-426.7154493758874,stop_loss
BTCUSD,SELL,6.6050129609308925,87328.4,87392.03571428571,87137.49285714285,2025-12-25T08:20:00+00:00,87392.03571428571,2025-12-25T08:25:00+00:00,-420.314717635249,stop_loss
BTCUSD,SELL,8.792688040337131,87224.15,87271.2357142857,87082.89285714286,2025-12-25T10:35:00+00:00,87271.2357142857,2025-12-25T10:40:00+00:00,-414.0099968707202,stop_loss
BTCUSD,BUY,6.983728265256802,87496.7,87438.30714285714,87671.87857142858,2025-12-25T11:25:00+00:00,87438.30714285714,2025-12-25T11:45:00+00:00,-407.7998469176594,stop_loss
BTCUSD,BUY,8.660290889343154,87528.25,87481.86785714286,87667.39642857143,2025-12-25T12:30:00+00:00,87481.86785714286,2025-12-25T12:40:00+00:00,-401.6828492138945,stop_loss
BTCUSD,BUY,4.927242919995912,89294.55,89214.25,89535.45000000001,2025-12-26T07:10:00+00:00,89214.25,2025-12-26T07:30:00+00:00,-395.65760647568607,stop_loss
BTCUSD,BUY,6.0829682739279125,88821.65,88757.58214285714,89013.85357142857,2025-12-26T09:45:00+00:00,88757.58214285714,2025-12-26T09:55:00+00:00,-389.72274237855083,stop_loss
BTCUSD,BUY,6.397948354047875,88697.1,88637.1,88877.1,2025-12-26T13:05:00+00:00,88877.1,2025-12-26T13:35:00+00:00,1151.6307037286174,take_profit
BTCUSD,BUY,6.335159689997374,88888.4,88825.07857142856,89078.36428571428,2025-12-26T13:35:00+00:00,88825.07857142856,2025-12-26T14:30:00+00:00,-401.1513617988018,stop_loss
BTCUSD,SELL,9.205986485614575,87425.95,87468.87142857142,87297.18571428572,2025-12-27T10:30:00+00:00,87468.87142857142,2025-12-27T11:15:00+00:00,-395.13409137181975,stop_loss
BTCUSD,SELL,17.520575948605707,87350.4,87372.61428571428,87283.75714285714,2025-12-27T13:20:00+00:00,87372.61428571428,2025-12-27T13:35:00+00:00,-389.2070800012425,stop_loss
BTCUSD,BUY,15.476256151143062,87476.25,87451.47857142857,87550.56428571428,2025-12-27T14:45:00+00:00,87451.47857142857,2025-12-27T15:00:00+00:00,-383.3689738012239,stop_loss
BTCUSD,BUY,13.00530909894129,87491.45,87462.41428571429,87578.55714285714,2025-12-27T15:10:00+00:00,87462.41428571429,2025-12-27T15:20:00+00:00,-377.6184391942055,stop_loss
BTCUSD,BUY,12.377842349625837,87742.45,87712.4,87832.59999999999,2025-12-28T08:05:00+00:00,87712.4,2025-12-28T08:30:00+00:00,-371.9541626062924,stop_loss
BTCUSD,BUY,12.54861872132031,87796.45,87767.25357142856,87884.03928571429,2025-12-28T08:35:00+00:00,87884.03928571429,2025-12-28T08:40:00+00:00,1099.1245505014115,take_profit
BTCUSD,BUY,8.251330138462222,87908.55,87862.15,88047.75000000001,2025-12-28T14:00:00+00:00,87862.15,2025-12-28T14:50:00+00:00,-382.8617184247192,stop_loss
BTCUSD,SELL,8.594600516158598,87709.0,87752.87857142858,87577.36428571428,2025-12-28T16:20:00+00:00,87752.87857142858,2025-12-28T16:25:00+00:00,-377.1187926483484,stop_loss
BTCUSD,SELL,2.1402424637819566,88427.05,88600.61071428572,87906.36785714286,2025-12-29T09:35:00+00:00,87906.36785714286,2025-12-29T09:45:00+00:00,1114.3860322758383,take_profit
BTCUSD,SELL,1.879893186225053,87976.85,88183.33928571429,87357.38214285715,2025-12-29T09:45:00+00:00,87357.38214285715,2025-12-29T12:05:00+00:00,1164.5334037282823,take_profit
BTCUSD,SELL,3.47724787667239,86937.2,87053.85714285714,86587.22857142857,2025-12-29T12:05:00+00:00,87053.85714285714,2025-12-29T12:20:00+00:00,-405.645802298685,stop_loss
BTCUSD,BUY,5.569627733060184,87602.65,87530.91071428571,87817.86785714286,2025-12-30T08:00:00+00:00,87817.86785714286,2025-12-30T08:10:00+00:00,1198.6833457926953,take_profit
BTCUSD,BUY,4.491589470448662,87772.5,87679.53928571429,88051.38214285715,2025-12-30T08:10:00+00:00,88051.38214285715,2025-12-30T08:15:00+00:00,1252.6240963533508,take_profit
BTCUSD,BUY,3.9293903104008554,87991.35,87880.30714285714,88324.47857142858,2025-12-30T08:15:00+00:00,87880.30714285714,2025-12-30T08:20:00+00:00,-436.3307268963954,stop_loss
BTCUSD,BUY,4.836622904144355,88035.3,87946.43928571428,88301.88214285715,2025-12-30T10:40:00+00:00,87946.43928571428,2025-12-30T10:50:00+00:00,-429.7857659929494,stop_loss
BTCUSD,BUY,9.859833160941843,88498.3,88455.36428571428,88627.10714285716,2025-12-31T07:35:00+00:00,88455.36428571428,2025-12-31T08:35:00+00:00,-423.3389795030552,stop_loss
BTCUSD,BUY,9.455530494568125,88685.8,88641.7,88818.1,2025-12-31T10:10:00+00:00,88641.7,2025-12-31T10:20:00+00:00,-416.98889481050935,stop_loss
BTCUSD,BUY,5.795481616042493,88800.4,88729.52857142857,89013.01428571428,2025-12-31T11:05:00+00:00,88729.52857142857,2025-12-31T11:15:00+00:00,-410.7340613883517,stop_loss
BTCUSD,BUY,6.1729853485317,88894.55,88829.01071428572,89091.16785714286,2025-12-31T11:40:00+00:00,88829.01071428572,2025-12-31T12:00:00+00:00,-404.5730504675264,stop_loss
BTCUSD,BUY,13.599177004139856,87840.8,87811.49642857144,87928.71071428571,2026-01-01T11:50:00+00:00,87811.49642857144,2026-01-01T12:30:00+00:00,-398.50445471051347,stop_loss
BTCUSD,BUY,7.938427490729199,87916.95,87867.50357142856,88065.28928571427,2026-01-01T15:15:00+00:00,87867.50357142856,2026-01-01T15:25:00+00:00,-392.5268878898558,stop_loss
BTCUSD,BUY,4.887315050336869,88993.1,88913.98928571428,89230.43214285714,2026-01-02T08:20:00+00:00,89230.43214285714,2026-01-02T09:45:00+00:00,1159.9169537143816,take_profit
BTCUSD,BUY,4.37710155867924,89356.25,89263.94285714286,89633.17142857143,2026-01-02T09:45:00+00:00,89263.94285714286,2026-01-02T09:50:00+00:00,-404.03773887722366,stop_loss
BTCUSD,BUY,3.6168000124096884,89389.9,89279.86428571428,89720.00714285714,2026-01-02T10:00:00+00:00,89720.00714285714,2026-01-02T10:10:00+00:00,1193.9315183822487,take_profit
BTCUSD,BUY,3.179991828273281,89721.2,89590.41785714285,90113.54642857143,2026-01-02T10:10:00+00:00,89590.41785714285,2026-01-02T10:25:00+00:00,-415.886145569799,stop_loss
BTCUSD,SELL,4.762951538416891,89591.3,89677.30714285714,89333.27857142857,2026-01-03T08:00:00+00:00,89677.30714285714,2026-01-03T08:25:00+00:00,-409.64785338625205,stop_loss
BTCUSD,SELL,9.946375381981335,89609.4,89649.96785714285,89487.69642857142,2026-01-03T12:05:00+00:00,89649.96785714285,2026-01-03T12:20:00+00:00,-403.5031355854582,stop_loss
BTCUSD,BUY,7.786060644684448,89909.55,89858.50357142858,90062.68928571428,2026-01-03T12:45:00+00:00,90062.68928571428,2026-01-03T14:20:00+00:00,1192.351765655029,take_profit
BTCUSD,BUY,7.3297644151152115,90137.0,90080.33571428571,90306.99285714286,2026-01-03T14:20:00+00:00,90080.33571428571,2026-01-03T14:45:00+00:00,-415.3358650365018,stop_loss
BTCUSD,BUY,6.032738128136209,91505.1,91437.28571428571,91708.54285714286,2026-01-04T10:10:00+00:00,91437.28571428571,2026-01-04T10:15:00+00:00,-409.10582706095425,stop_loss
BTCUSD,BUY,6.458210011070069,91359.5,91297.10357142857,91546.68928571428,2026-01-04T14:10:00+00:00,91297.10357142857,2026-01-04T14:15:00+00:00,-402.9692396550399,stop_loss
BTCUSD,BUY,6.978019482442854,92587.4,92530.51785714286,92758.04642857143,2026-01-05T08:05:00+00:00,92530.51785714286,2026-01-05T08:35:00+00:00,-396.9247010602144,stop_loss
BTCUSD,BUY,3.9764559590410524,92736.35,92638.02857142857,93031.3142857143,2026-01-05T09:45:00+00:00,92638.02857142857,2026-01-05T10:00:00+00:00,-390.9708305443111,stop_loss
BTCUSD,BUY,3.8791867850533266,92873.85,92774.57500000001,93171.675,2026-01-05T10:10:00+00:00,92774.57500000001,2026-01-05T10:35:00+00:00,-385.10626808614643,stop_loss
BTCUSD,BUY,3.3035460401904104,92983.95,92869.125,93328.425,2026-01-05T10:45:00+00:00,92869.125,2026-01-05T11:10:00+00:00,-379.32967406485426,stop_loss
BTCUSD,SELL,4.091799284538957,93536.3,93627.61428571428,93262.35714285713,2026-01-06T07:10:00+00:00,93262.35714285713,2026-01-06T07:35:00+00:00,1120.9191868617634,take_profit
BTCUSD,SELL,3.8176828820021953,93267.5,93369.77500000001,92960.67499999999,2026-01-06T07:35:00+00:00,93369.77500000001,2026-01-06T08:05:00+00:00,-390.45351675680786,stop_loss
BTCUSD,BUY,5.306350641644455,93681.35,93608.87142857144,93898.78571428572,2026-01-06T11:00:00+00:00,93898.78571428572,2026-01-06T12:05:00+00:00,1153.7901420164446,take_profit
BTCUSD,BUY,5.2765507815449135,93910.55,93834.38214285715,94139.05357142858,2026-01-06T12:05:00+00:00,93834.38214285715,2026-01-06T12:30:00+00:00,-401.9035661357025,stop_loss
BTCUSD,SELL,4.7928829307833345,92466.2,92548.79642857143,92218.41071428571,2026-01-07T09:05:00+00:00,92218.41071428571,2026-01-07T09:10:00+00:00,1187.6250379310006,take_profit
BTCUSD,SELL,4.2124164920913385,92219.1,92317.30714285716,91924.47857142857,2026-01-07T09:10:00+00:00,91924.47857142857,2026-01-07T09:20:00+00:00,1241.0681646378346,take_profit
BTCUSD,SELL,3.516209585795489,91886.95,92009.89642857143,91518.1107142857,2026-01-07T09:20:00+00:00,92009.89642857143,2026-01-07T11:05:00+00:00,-432.30541068219947,stop_loss
BTCUSD,SELL,5.3130356163337495,91789.2,91869.34642857143,91548.7607142857,2026-01-07T13:05:00+00:00,91869.34642857143,2026-01-07T13:10:00+00:00,-425.8208295219665,stop_loss
BTCUSD,SELL,2.228996826263284,89762.35,89950.52142857143,89197.83571428571,2026-01-08T07:00:00+00:00,89950.52142857143,2026-01-08T07:10:00+00:00,-419.43351707913695,stop_loss
BTCUSD,SELL,3.2993857565508855,89924.4,90049.61785714285,89548.74642857142,2026-01-08T09:25:00+00:00,90049.61785714285,2026-01-08T10:20:00+00:00,-413.14201432294993,stop_loss
BTCUSD,SELL,2.8480445798407383,89764.15,89907.03571428571,89335.49285714285,2026-01-08T12:10:00+00:00,89907.03571428571,2026-01-08T12:20:00+00:00,-406.94488410810567,stop_loss
BTCUSD,SELL,3.4230632864770634,89524.75,89641.85,89173.45,2026-01-08T14:25:00+00:00,89641.85,2026-01-08T14:30:00+00:00,-400.84071084648406,stop_loss
BTCUSD,SELL,6.138360247165441,90642.15,90706.47142857143,90449.1857142857,2026-01-09T07:55:00+00:00,90706.47142857143,2026-01-09T08:00:00+00:00,-394.8281001837868,stop_loss
BTCUSD,SELL,4.595054014291765,90443.55,90528.18571428572,90189.64285714286,2026-01-09T08:00:00+00:00,90528.18571428572,2026-01-09T08:05:00+00:00,-388.90567868103,stop_loss
BTCUSD,SELL,2.864931920730497,90320.55,90454.26071428572,89919.41785714285,2026-01-09T08:35:00+00:00,89919.41785714285,2026-01-09T08:45:00+00:00,1149.2162805024855,take_profit
BTCUSD,SELL,2.3395790886543386,89791.5,89962.60357142857,89278.18928571428,2026-01-09T08:45:00+00:00,89962.60357142857,2026-01-09T09:00:00+00:00,-400.3103377083519,stop_loss
BTCUSD,BUY,10.452105570382125,90589.0,90551.275,90702.17499999999,2026-01-10T08:00:00+00:00,90551.275,2026-01-10T08:05:00+00:00,-394.3056826427265,stop_loss
BTCUSD,BUY,9.63066837343759,90634.85,90594.52142857143,90755.83571428571,2026-01-10T09:55:00+00:00,90594.52142857143,2026-01-10T12:00:00+00:00,-388.3910974030857,stop_loss
BTCUSD,SELL,9.310583630053037,90486.15,90527.23928571428,90362.88214285714,2026-01-10T14:10:00+00:00,90527.23928571428,2026-01-10T16:05:00+00:00,-382.56523094203936,stop_loss
BTCUSD,BUY,14.595585930808003,90637.8,90611.98214285714,90715.25357142858,2026-01-11T08:30:00+00:00,90611.98214285714,2026-01-11T08:35:00+00:00,-376.82675247790877,stop_loss
BTCUSD,BUY,9.600814626643734,90668.95,90630.28928571429,90784.93214285714,2026-01-11T08:55:00+00:00,90630.28928571429,2026-01-11T09:25:00+00:00,-371.17435119074014,stop_loss
BTCUSD,BUY,18.199090854823993,90633.55,90613.46071428571,90693.81785714286,2026-01-11T11:55:00+00:00,90613.46071428571,2026-01-11T12:00:00+00:00,-365.60673592287907,stop_loss
BTCUSD,BUY,16.557362523403945,90637.75,90616.0,90703.0,2026-01-11T12:05:00+00:00,90703.0,2026-01-11T12:15:00+00:00,1080.3679046521074,take_profit
BTCUSD,SELL,2.7305489237383807,91031.55,91169.37142857144,90618.08571428571,2026-01-12T08:30:00+00:00,90618.08571428571,2026-01-12T08:35:00+00:00,1128.9844603614126,take_profit
BTCUSD,SELL,2.3762622780075184,90658.45,90823.94642857142,90161.96071428571,2026-01-12T08:35:00+00:00,90581.75,2026-01-12T12:35:00+00:00,182.25931672316975,max_hold
BTCUSD,SELL,4.305148780074611,90365.2,90457.18214285714,90089.25357142856,2026-01-12T14:15:00+00:00,90089.25357142856,2026-01-12T14:20:00+00:00,1187.9904303302583,take_profit
BTCUSD,SELL,3.7163598254604255,90105.4,90216.75,89771.34999999999,2026-01-12T14:20:00+00:00,90216.75,2026-01-12T14:30:00+00:00,-413.81666656504,stop_loss
BTCUSD,BUY,4.983435361043959,92298.1,92216.30714285714,92543.47857142858,2026-01-13T09:00:00+00:00,92543.47857142858,2026-01-13T09:20:00+00:00,1222.8282496996208,take_profit
BTCUSD,BUY,3.9779372719422876,92449.15,92342.07142857142,92770.38571428572,2026-01-13T09:20:00+00:00,92342.07142857142,2026-01-13T09:35:00+00:00,-425.9518403120587,stop_loss
BTCUSD,BUY,4.428601709883057,92199.55,92104.81071428572,92483.76785714286,2026-01-13T13:30:00+00:00,92104.81071428572,2026-01-13T13:35:00+00:00,-419.5625627073778,stop_loss
BTCUSD,BUY,1.862951263719861,92643.95,92422.11428571428,93309.45714285715,2026-01-13T14:35:00+00:00,92422.11428571428,2026-01-13T14:50:00+00:00,-413.26912426676716,stop_loss
BTCUSD,BUY,3.427546294364033,95169.35,95050.58571428573,95525.64285714287,2026-01-14T07:45:00+00:00,95050.58571428573,2026-01-14T08:35:00+00:00,-407.07008740276564,stop_loss
BTCUSD,BUY,4.929524922312932,95151.8,95070.46071428571,95395.81785714286,2026-01-14T13:20:00+00:00,95070.46071428571,2026-01-14T13:30:00+00:00,-400.96403609172415,stop_loss
BTCUSD,BUY,3.5280230069901335,95212.35,95100.40357142859,95548.1892857143,2026-01-14T14:00:00+00:00,95548.1892857143,2026-01-14T14:15:00+00:00,1184.8487266511474,take_profit
BTCUSD,BUY,2.9217062120706645,95621.7,95480.43928571428,96045.48214285714,2026-01-14T14:15:00+00:00,95480.43928571428,2026-01-14T14:30:00+00:00,-412.7223064501155,stop_loss
BTCUSD,BUY,3.69766151633774,96590.95,96481.00714285714,96920.77857142857,2026-01-15T07:40:00+00:00,96481.00714285714,2026-01-15T08:00:00+00:00,-406.53147185336377,stop_loss
BTCUSD,BUY,4.227007726188701,96752.7,96657.96785714285,97036.89642857143,2026-01-15T09:25:00+00:00,97036.89642857143,2026-01-15T09:40:00+00:00,1201.3004993266902,take_profit
BTCUSD,BUY,4.281787824672336,97068.25,96970.52142857143,97361.43571428572,2026-01-15T09:40:00+00:00,96970.52142857143,2026-01-15T10:00:00+00:00,-418.45300726546367,stop_loss
BTCUSD,SELL,5.772776080623465,96597.8,96669.2,96383.6,2026-01-15T11:45:00+00:00,96669.2,2026-01-15T12:10:00+00:00,-412.17621215648177,stop_loss
BTCUSD,SELL,6.433765312850962,95541.55,95604.65357142857,95352.2392857143,2026-01-16T10:00:00+00:00,95352.2392857143,2026-01-16T10:30:00+00:00,1217.9807069224034,take_profit
BTCUSD,SELL,7.131331389231859,95355.7,95415.19285714286,95177.22142857143,2026-01-16T10:30:00+00:00,95415.19285714286,2026-01-16T11:50:00+00:00,-424.2632795779706,stop_loss
BTCUSD,BUY,4.041579597526748,95678.35,95574.95,95988.55000000002,2026-01-16T14:25:00+00:00,95574.95,2026-01-16T14:30:00+00:00,-417.899330384301,stop_loss
BTCUSD,SELL,2.7649426729036874,95251.7,95400.575,94805.075,2026-01-16T14:35:00+00:00,95400.575,2026-01-16T14:45:00+00:00,-411.6308404285365,stop_loss
BTCUSD,SELL,8.133528140863813,95103.15,95153.0,94953.6,2026-01-17T08:00:00+00:00,95153.0,2026-01-17T08:15:00+00:00,-405.45637782210844,stop_loss
BTCUSD,SELL,12.473493474996626,95131.05,95163.06785714286,95034.99642857144,2026-01-17T10:40:00+00:00,95163.06785714286,2026-01-17T11:20:00+00:00,-399.3745321547768,stop_loss
BTCUSD,BUY,10.62891980780493,95263.0,95225.98928571428,95374.03214285713,2026-01-17T12:00:00+00:00,95225.98928571428,2026-01-17T12:25:00+00:00,-393.38391417245515,stop_loss
BTCUSD,BUY,9.161131768029176,95384.6,95342.30357142858,95511.4892857143,2026-01-17T13:45:00+00:00,95342.30357142858,2026-01-17T14:00:00+00:00,-387.4831554598683,stop_loss
BTCUSD,SELL,12.556439228741626,95013.2,95043.59642857143,94922.01071428572,2026-01-18T07:30:00+00:00,95043.59642857143,2026-01-18T07:45:00+00:00,-381.6709081279703,stop_loss
BTCUSD,BUY,13.133479284054173,95199.35,95170.725,95285.22499999999,2026-01-18T09:30:00+00:00,95170.725,2026-01-18T10:00:00+00:00,-375.9458445060507,stop_loss
BTCUSD,SELL,16.81846941034527,95051.85,95073.86785714286,94985.79642857144,2026-01-18T11:35:00+00:00,95073.86785714286,2026-01-18T11:40:00+00:00,-370.30665683845996,stop_loss
BTCUSD,SELL,11.580743389960855,95001.45,95032.94642857142,94906.96071428571,2026-01-18T13:05:00+00:00,94906.96071428571,2026-01-18T13:20:00+00:00,1094.2561709578176,take_profit
BTCUSD,SELL,4.479975312683549,92901.7,92986.78214285715,92646.45357142856,2026-01-19T13:15:00+00:00,92986.78214285715,2026-01-19T13:35:00+00:00,-381.16589955025034,stop_loss
BTCUSD,SELL,4.2016608751381535,92704.45,92793.80714285714,92436.37857142856,2026-01-19T14:35:00+00:00,92793.80714285714,2026-01-19T14:45:00+00:00,-375.4484110569966,stop_loss
BTCUSD,SELL,2.543256091600703,90642.85,90788.26071428572,90206.61785714286,2026-01-20T08:35:00+00:00,90788.26071428572,2026-01-20T08:45:00+00:00,-369.8166848911416,stop_loss
BTCUSD,SELL,5.228390490720756,91025.1,91094.77142857143,90816.08571428573,2026-01-20T12:15:00+00:00,91094.77142857143,2026-01-20T12:25:00+00:00,-364.26943461777444,stop_loss
BTCUSD,SELL,3.94338069896707,90934.65,91025.63928571428,90661.68214285714,2026-01-20T13:05:00+00:00,91025.63928571428,2026-01-20T14:00:00+00:00,-358.80539309850786,stop_loss
BTCUSD,SELL,2.563161195000188,90678.55,90816.43571428572,90264.89285714286,2026-01-20T14:15:00+00:00,90816.43571428572,2026-01-20T14:20:00+00:00,-353.42331220203016,stop_loss
BTCUSD,SELL,3.2238845545003496,89313.2,89421.18214285714,88989.25357142856,2026-01-21T07:30:00+00:00,88989.25357142856,2026-01-21T07:55:00+00:00,1044.3658875569995,take_profit
BTCUSD,SELL,2.6976478782028614,88945.85,89080.70357142857,88541.2892857143,2026-01-21T08:35:00+00:00,89080.70357142857,2026-01-21T08:55:00+00:00,-363.78745083235475,stop_loss
BTCUSD,SELL,4.514198638512328,88861.05,88940.42857142857,88622.9142857143,2026-01-21T11:50:00+00:00,88622.9142857143,2026-01-21T11:55:00+00:00,1074.9919172096738,take_profit
BTCUSD,SELL,3.8845372528561546,88696.8,88793.19642857143,88407.61071428572,2026-01-21T11:55:00+00:00,88407.61071428572,2026-01-21T12:10:00+00:00,1123.3665534839872,take_profit
BTCUSD,BUY,4.878910117846258,90019.75,89939.54642857143,90260.3607142857,2026-01-22T09:35:00+00:00,89939.54642857143,2026-01-22T10:00:00+00:00,-391.30601613027443,stop_loss
BTCUSD,BUY,7.2005737422424945,90030.2,89976.67142857143,90190.78571428571,2026-01-22T13:20:00+00:00,89976.67142857143,2026-01-22T13:30:00+00:00,-385.43642588832023,stop_loss
BTCUSD,SELL,3.3844874481835125,89531.7,89643.875,89195.17499999999,2026-01-22T13:40:00+00:00,89195.17499999999,2026-01-22T14:35:00+00:00,1138.9646384999862,take_profit
BTCUSD,SELL,1.7186821032211133,89032.15,89262.98928571428,88339.63214285714,2026-01-22T14:45:00+00:00,89262.98928571428,2026-01-22T14:50:00+00:00,-396.7393490774952,stop_loss
BTCUSD,SELL,4.729865672844313,89222.45,89305.07142857142,88974.5857142857,2026-01-23T08:25:00+00:00,88974.5857142857,2026-01-23T09:15:00+00:00,1172.364776524136,take_profit
BTCUSD,SELL,3.2669898439135587,88947.15,89072.15,88572.15,2026-01-23T09:15:00+00:00,89072.15,2026-01-23T11:05:00+00:00,-408.3737304891948,stop_loss
BTCUSD,BUY,5.092669328492042,89345.8,89266.8142857143,89582.75714285714,2026-01-23T14:10:00+00:00,89582.75714285714,2026-01-23T14:25:00+00:00,1206.7443735956447,take_profit
BTCUSD,BUY,4.562991441344055,89569.8,89477.67857142858,89846.16428571429,2026-01-23T14:25:00+00:00,89477.67857142858,2026-01-23T14:30:00+00:00,-420.3492901357916,stop_loss
BTCUSD,SELL,11.077043208434901,89490.5,89527.87857142856,89378.36428571428,2026-01-24T08:00:00+00:00,89527.87857142856,2026-01-24T08:50:00+00:00,-414.04405078375464,stop_loss
BTCUSD,SELL,20.690949303527226,89409.85,89429.56071428572,89350.71785714287,2026-01-24T12:05:00+00:00,89429.56071428572,2026-01-24T12:30:00+00:00,-407.83339002199835,stop_loss
BTCUSD,SELL,19.52785572361685,89394.45,89415.02142857143,89332.7357142857,2026-01-24T12:30:00+00:00,89332.7357142857,2026-01-24T13:55:00+00:00,1205.147667514721,take_profit
BTCUSD,SELL,13.670861731990513,89243.05,89273.75714285714,89150.92857142858,2026-01-24T13:55:00+00:00,89150.92857142858,2026-01-24T14:00:00+00:00,1259.3793125533664,take_profit
BTCUSD,SELL,7.9062475723718295,88302.4,88357.8857142857,88135.94285714286,2026-01-25T08:35:00+00:00,88135.94285714286,2026-01-25T08:40:00+00:00,1316.051381618184,take_profit
BTCUSD,SELL,4.822077391605559,88171.6,88266.66785714286,87886.39642857143,2026-01-25T08:40:00+00:00,88266.66785714286,2026-01-25T09:20:00+00:00,-458.42456459696245,stop_loss
BTCUSD,SELL,8.47012091618084,88457.5,88510.81071428572,88297.56785714286,2026-01-25T15:45:00+00:00,88297.56785714286,2026-01-25T15:50:00+00:00,1354.6445883839008,take_profit
BTCUSD,SELL,7.15764679489944,88284.25,88350.175,88086.475,2026-01-25T15:50:00+00:00,88350.175,2026-01-25T15:55:00+00:00,-471.8678649537664,stop_loss
BTCUSD,BUY,4.056895699811336,88022.1,87907.53214285715,88365.80357142858,2026-01-26T08:00:00+00:00,87907.53214285715,2026-01-26T08:10:00+00:00,-464.78984697946,stop_loss
BTCUSD,BUY,2.995001046632761,88089.55,87936.68928571428,88548.13214285715,2026-01-26T08:20:00+00:00,87936.68928571428,2026-01-26T08:45:00+00:00,-457.81799927476817,stop_loss
BTCUSD,SELL,4.906400007771002,87575.45,87667.3607142857,87299.71785714285,2026-01-26T09:35:00+00:00,87667.3607142857,2026-01-26T09:40:00+00:00,-450.9507292856465,stop_loss
BTCUSD,SELL,4.488027249458026,87517.4,87616.37142857142,87220.48571428572,2026-01-26T09:50:00+00:00,87616.37142857142,2026-01-26T10:00:00+00:00,-444.1864683463619,stop_loss
BTCUSD,SELL,6.062583657640422,88004.8,88076.96785714285,87788.29642857144,2026-01-27T08:45:00+00:00,88076.96785714285,2026-01-27T08:50:00+00:00,-437.52367132116643,stop_loss
BTCUSD,SELL,6.22261904653384,87984.9,88054.15714285713,87777.12857142858,2026-01-27T09:00:00+00:00,87777.12857142858,2026-01-27T09:55:00+00:00,1292.882448754047,take_profit
BTCUSD,SELL,6.146679738491264,87764.6,87837.86785714286,87544.79642857144,2026-01-27T09:55:00+00:00,87837.86785714286,2026-01-27T10:00:00+00:00,-450.35405298265965,stop_loss
BTCUSD,SELL,6.437630756328835,87705.35,87774.25714285715,87498.62857142858,2026-01-27T10:35:00+00:00,87774.25714285715,2026-01-27T11:10:00+00:00,-443.59874218791975,stop_loss
BTCUSD,BUY,4.33615215649232,89214.3,89113.53214285715,89516.60357142857,2026-01-28T09:35:00+00:00,89516.60357142857,2026-01-28T10:15:00+00:00,1310.834283165303,take_profit
BTCUSD,BUY,4.5766972287354655,89701.15,89601.38214285714,90000.45357142856,2026-01-28T11:45:00+00:00,90000.45357142856,2026-01-28T11:55:00+00:00,1369.8218259077419,take_profit
BTCUSD,BUY,3.2370626984598996,90060.15,89912.74642857142,90502.3607142857,2026-01-28T13:10:00+00:00,89912.74642857142,2026-01-28T14:20:00+00:00,-477.15460269119666,stop_loss
BTCUSD,SELL,2.203825558867731,88971.65,89184.91428571429,88331.85714285713,2026-01-28T15:10:00+00:00,89184.91428571429,2026-01-28T15:25:00+00:00,-469.9972836508287,stop_loss
BTCUSD,SELL,5.043980342849586,87879.7,87971.48214285714,87604.35357142857,2026-01-29T08:05:00+00:00,87971.48214285714,2026-01-29T08:25:00+00:00,-462.94732439606634,stop_loss
BTCUSD,SELL,5.078389629640666,87778.5,87868.29285714286,87509.12142857142,2026-01-29T09:50:00+00:00,87868.29285714286,2026-01-29T11:05:00+00:00,-456.00311453012534,stop_loss
BTCUSD,SELL,5.210924341719472,87644.85,87731.04642857144,87386.26071428572,2026-01-29T11:25:00+00:00,87731.04642857144,2026-01-29T11:30:00+00:00,-449.1630678121734,stop_loss
BTCUSD,SELL,4.778920380471957,87608.8,87701.37857142858,87331.06428571428,2026-01-29T11:45:00+00:00,87701.37857142858,2026-01-29T12:00:00+00:00,-442.4256217949908,stop_loss
BTCUSD,SELL,2.8507578088231074,82264.35,82417.21785714287,81805.74642857144,2026-01-30T09:25:00+00:00,82417.21785714287,2026-01-30T09:35:00+00:00,-435.7892374680659,stop_loss
BTCUSD,BUY,1.8840435102626145,83335.05,83107.21428571429,84018.55714285714,2026-01-30T14:35:00+00:00,83107.21428571429,2026-01-30T14:50:00+00:00,-429.2523989060449,stop_loss
BTCUSD,SELL,4.300320073312648,83356.3,83454.62142857142,83061.33571428573,2026-01-31T08:00:00+00:00,83061.33571428573,2026-01-31T08:10:00+00:00,1268.4408387674252,take_profit
BTCUSD,SELL,3.810844724652214,83197.55,83313.49285714286,82849.72142857144,2026-01-31T08:10:00+00:00,82849.72142857144,2026-01-31T08:30:00+00:00,1325.5206765118414,take_profit
BTCUSD,SELL,3.137923543263639,82820.6,82967.74285714286,82379.17142857144,2026-01-31T08:30:00+00:00,82967.74285714286,2026-01-31T08:55:00+00:00,-461.7230356516433,stop_loss
BTCUSD,SELL,4.998556022638291,82698.3,82789.28571428571,82425.34285714287,2026-01-31T12:10:00+00:00,82789.28571428571,2026-01-31T12:15:00+00:00,-454.7971901168686,stop_loss
BTCUSD,SELL,3.6961652827155635,78066.6,78187.8,77703.0,2026-02-01T07:00:00+00:00,78187.8,2026-02-01T07:10:00+00:00,-447.97523226511555,stop_loss
BTCUSD,SELL,2.5616099075037644,78309.2,78481.45714285714,77792.42857142858,2026-02-01T10:40:00+00:00,78481.45714285714,2026-02-01T11:30:00+00:00,-441.25560378113886,stop_loss
BTCUSD,SELL,2.969265005680808,78008.5,78154.87857142858,77569.36428571428,2026-02-01T14:15:00+00:00,77569.36428571428,2026-02-01T14:30:00+00:00,1303.910309173222,take_profit
BTCUSD,SELL,2.3991155996409113,77423.9,77613.21785714285,76855.94642857142,2026-02-01T14:30:00+00:00,77613.21785714285,2026-02-01T14:40:00+00:00,-454.1954243620201,stop_loss
BTCUSD,BUY,1.8487971255540656,77270.95,77028.96428571428,77996.90714285715,2026-02-02T09:25:00+00:00,77996.90714285715,2026-02-02T12:20:00+00:00,1342.1474789897425,take_profit
BTCUSD,BUY,3.2968346711026753,78060.2,77918.39285714286,78485.62142857142,2026-02-02T12:20:00+00:00,77918.39285714286,2026-02-02T12:30:00+00:00,-467.5147051814359,stop_loss
BTCUSD,BUY,1.6969881773188498,78495.45,78224.08571428571,79309.54285714286,2026-02-02T14:35:00+00:00,78224.08571428571,2026-02-02T14:45:00+00:00,-460.50198460371445,stop_loss
BTCUSD,BUY,0.9750974844814292,78998.75,78533.57142857143,80394.28571428571,2026-02-02T15:35:00+00:00,78533.57142857143,2026-02-02T16:55:00+00:00,-453.59445483465873,stop_loss
BTCUSD,BUY,2.761497299090409,78910.2,78748.40714285713,79395.57857142857,2026-02-03T08:35:00+00:00,78748.40714285713,2026-02-03T08:50:00+00:00,-446.79053801213877,stop_loss
BTCUSD,SELL,2.406970024098937,78126.05,78308.8892857143,77577.53214285713,2026-02-03T09:10:00+00:00,78308.8892857143,2026-02-03T09:20:00+00:00,-440.0886799419567,stop_loss
BTCUSD,SELL,2.2187452322089696,77888.55,78083.925,77302.42499999999,2026-02-03T09:25:00+00:00,78083.925,2026-02-03T09:30:00+00:00,-433.4873497428274,stop_loss
BTCUSD,SELL,3.0021799226343298,78053.45,78195.675,77626.775,2026-02-03T14:15:00+00:00,78195.675,2026-02-03T14:25:00+00:00,-426.98503949668503,stop_loss
BTCUSD,SELL,2.840935875064943,76129.3,76277.34285714285,75685.17142857143,2026-02-04T08:00:00+00:00,76277.34285714285,2026-02-04T08:10:00+00:00,-420.5802639042348,stop_loss
BTCUSD,SELL,2.727842268531973,76023.1,76174.96785714287,75567.49642857144,2026-02-04T08:25:00+00:00,76174.96785714287,2026-02-04T08:35:00+00:00,-414.27155994567124,stop_loss
BTCUSD,SELL,2.768234148205251,75965.3,76112.70714285714,75523.07857142857,2026-02-04T09:35:00+00:00,76112.70714285714,2026-02-04T09:40:00+00:00,-408.05748654648613,stop_loss
BTCUSD,SELL,3.111996869525399,75701.85,75831.00714285715,75314.37857142858,2026-02-04T11:05:00+00:00,75831.00714285715,2026-02-04T11:15:00+00:00,-401.9366242482888,stop_loss
BTCUSD,SELL,2.033908609942174,70649.4,70844.05357142857,70065.43928571428,2026-02-05T10:50:00+00:00,70844.05357142857,2026-02-05T11:05:00+00:00,-395.90757488456455,stop_loss
BTCUSD,SELL,1.561593598002951,69952.45,70202.175,69203.275,2026-02-05T11:20:00+00:00,70202.175,2026-02-05T11:25:00+00:00,-389.968961261296,stop_loss
BTCUSD,SELL,1.0897115423243102,69805.9,70158.39642857142,68748.41071428571,2026-02-05T12:10:00+00:00,70158.39642857142,2026-02-05T14:00:00+00:00,-384.1194268423766,stop_loss
BTCUSD,SELL,0.8334458695402336,68853.9,69307.86785714285,67491.99642857142,2026-02-05T15:00:00+00:00,67491.99642857142,2026-02-05T15:20:00+00:00,1135.072906319235,take_profit
BTCUSD,BUY,1.941520564873756,66449.35,66245.70357142857,67060.2892857143,2026-02-06T11:50:00+00:00,66245.70357142857,2026-02-06T12:05:00+00:00,-395.38372903452944,stop_loss
BTCUSD,BUY,1.9477518034459473,66795.35,66595.40000000001,67395.20000000001,2026-02-06T13:00:00+00:00,66595.40000000001,2026-02-06T13:05:00+00:00,-389.4529730990115,stop_loss
BTCUSD,BUY,1.720394816617692,66966.4,66743.42142857143,67635.33571428571,2026-02-06T13:10:00+00:00,66743.42142857143,2026-02-06T13:30:00+00:00,-383.61117850252634,stop_loss
BTCUSD,BUY,1.2200602307620871,67510.3,67200.59642857143,68439.41071428572,2026-02-06T13:45:00+00:00,67200.59642857143,2026-02-06T14:00:00+00:00,-377.85701082498844,stop_loss
BTCUSD,SELL,0.9471753109341879,68067.75,68460.69642857142,66888.91071428571,2026-02-07T08:00:00+00:00,68460.69642857142,2026-02-07T08:20:00+00:00,-372.18915566261364,stop_loss
BTCUSD,SELL,1.8214200388903663,67819.7,68020.975,67215.87499999999,2026-02-07T10:30:00+00:00,68020.975,2026-02-07T11:00:00+00:00,-366.6063183276744,stop_loss
BTCUSD,BUY,1.1987814497151394,69778.2,69476.97142857143,70681.8857142857,2026-02-07T12:15:00+00:00,69476.97142857143,2026-02-07T12:20:00+00:00,-361.1072235527593,stop_loss
BTCUSD,SELL,1.7425442183548594,68501.1,68705.22142857143,67888.73571428572,2026-02-07T14:35:00+00:00,68705.22142857143,2026-02-07T14:40:00+00:00,-355.69061519946786,stop_loss
BTCUSD,BUY,3.2075422335867194,69387.2,69277.97142857143,69714.8857142857,2026-02-08T07:15:00+00:00,69714.8857142857,2026-02-08T08:00:00+00:00,1051.0657679144276,take_profit
BTCUSD,BUY,3.1458541104507054,69789.65,69673.26785714286,70138.79642857141,2026-02-08T08:00:00+00:00,69673.26785714286,2026-02-08T08:05:00+00:00,-366.1212424901923,stop_loss
BTCUSD,BUY,2.4524272278329295,70020.75,69873.7,70461.9,2026-02-08T08:20:00+00:00,70461.9,2026-02-08T08:30:00+00:00,1081.8882715584825,take_profit
BTCUSD,BUY,1.8311843922556428,70659.05,70453.25,71276.45000000001,2026-02-08T08:30:00+00:00,70453.25,2026-02-08T08:35:00+00:00,-376.85774792621663,stop_loss
BTCUSD,SELL,2.23776275923209,70164.35,70330.23214285714,69666.70357142857,2026-02-09T08:20:00+00:00,69666.70357142857,2026-02-09T08:30:00+00:00,1113.6146451220027,take_profit
BTCUSD,SELL,1.915093862074557,69555.15,69757.70357142857,68947.48928571427,2026-02-09T08:30:00+00:00,69757.70357142857,2026-02-09T08:35:00+00:00,-387.9091013841534,stop_loss
BTCUSD,SELL,1.8755536299875406,69161.75,69365.47142857143,68550.58571428571,2026-02-09T10:15:00+00:00,68550.58571428571,2026-02-09T10:35:00+00:00,1146.2713945901733,take_profit
BTCUSD,SELL,2.3008781646229868,68546.8,68720.33571428571,68026.19285714286,2026-02-09T13:55:00+00:00,68720.33571428571,2026-02-09T14:00:00+00:00,-399.2845357822437,stop_loss
BTCUSD,SELL,4.005626181024941,68874.6,68972.78571428572,68580.04285714286,2026-02-10T10:55:00+00:00,68972.78571428572,2026-02-10T11:30:00+00:00,-393.29526774551005,stop_loss
BTCUSD,SELL,3.23638963015319,68610.75,68730.45,68251.65,2026-02-10T11:40:00+00:00,68730.45,2026-02-10T12:05:00+00:00,-387.3958387293274,stop_loss
BTCUSD,SELL,1.407135155031545,68188.75,68459.92857142858,67375.21428571429,2026-02-10T14:40:00+00:00,68459.92857142858,2026-02-10T14:55:00+00:00,-381.5849011483875,stop_loss
BTCUSD,BUY,1.0531272839203356,69643.25,69286.35,70713.95000000001,2026-02-10T16:10:00+00:00,69286.35,2026-02-10T16:20:00+00:00,-375.86112763116165,stop_loss
BTCUSD,SELL,3.223236186706905,66716.85,66831.71071428571,66372.26785714287,2026-02-11T09:45:00+00:00,66831.71071428571,2026-02-11T09:50:00+00:00,-370.22321071669427,stop_loss
BTCUSD,SELL,3.024513078070833,66681.1,66801.67142857143,66319.38571428573,2026-02-11T10:00:00+00:00,66801.67142857143,2026-02-11T10:10:00+00:00,-364.6698625559439,stop_loss
BTCUSD,SELL,2.4091201516941028,66468.15,66617.25,66020.84999999999,2026-02-11T10:50:00+00:00,66617.25,2026-02-11T11:00:00+00:00,-359.1998146176048,stop_loss
BTCUSD,BUY,1.031070428087809,68419.7,68076.54999999999,69449.15,2026-02-11T14:10:00+00:00,68076.54999999999,2026-02-11T14:20:00+00:00,-353.8118173983406,stop_loss
BTCUSD,SELL,2.806237576236331,66882.0,67006.18928571428,66509.43214285714,2026-02-12T08:25:00+00:00,67006.18928571428,2026-02-12T08:40:00+00:00,-348.5046401373655,stop_loss
BTCUSD,BUY,3.0844483585738933,67419.1,67307.80714285714,67752.97857142857,2026-02-12T09:30:00+00:00,67752.97857142857,2026-02-12T10:30:00+00:00,1029.8312116058253,take_profit
BTCUSD,BUY,2.554303355253494,67693.2,67552.76071428572,68114.51785714287,2026-02-12T10:30:00+00:00,68114.51785714287,2026-02-12T11:25:00+00:00,1076.1736161282515,take_profit
BTCUSD,BUY,2.1961960962143277,68172.7,68002.01071428572,68684.76785714286,2026-02-12T11:25:00+00:00,68002.01071428572,2026-02-12T11:50:00+00:00,-374.8671429513162,stop_loss
BTCUSD,BUY,2.5947636598312847,66614.4,66472.09642857143,67041.3107142857,2026-02-13T08:45:00+00:00,67041.3107142857,2026-02-13T10:40:00+00:00,1107.7324074211772,take_profit
BTCUSD,BUY,3.3574950786891833,67118.6,67003.675,67463.37500000001,2026-02-13T11:55:00+00:00,67003.675,2026-02-13T12:00:00+00:00,-385.86012191836414,stop_loss
BTCUSD,BUY,3.1247679368437646,67182.5,67060.86785714286,67547.39642857143,2026-02-13T13:20:00+00:00,67547.39642857143,2026-02-13T13:30:00+00:00,1140.2166602688114,take_profit
BTCUSD,BUY,2.8132132149000655,67456.35,67315.16785714286,67879.89642857145,2026-02-13T13:30:00+00:00,67315.16785714286,2026-02-13T13:35:00+00:00,-397.1754699936208,stop_loss
BTCUSD,BUY,4.269771764733605,69361.0,69269.375,69635.875,2026-02-14T08:00:00+00:00,69635.875,2026-02-14T08:05:00+00:00,1173.6535138311497,take_profit
BTCUSD,BUY,3.5219475534529874,69501.55,69385.47142857143,69849.78571428571,2026-02-14T08:05:00+00:00,69849.78571428571,2026-02-14T09:00:00+00:00,1226.4679219535,take_profit
BTCUSD,BUY,5.618934879727948,70051.0,69974.96785714285,70279.09642857141,2026-02-14T11:10:00+00:00,69974.96785714285,2026-02-14T11:15:00+00:00,-427.21965948048614,stop_loss
BTCUSD,BUY,4.083989535361571,70295.45,70192.41071428571,70604.56785714284,2026-02-14T11:20:00+00:00,70192.41071428571,2026-02-14T11:25:00+00:00,-420.811364588279,stop_loss
BTCUSD,BUY,3.45261860340483,70761.75,70641.69642857143,71121.91071428571,2026-02-15T07:15:00+00:00,70641.69642857143,2026-02-15T07:20:00+00:00,-414.4991941194547,stop_loss
BTCUSD,SELL,3.3699518833283024,69958.6,70079.75357142858,69595.1392857143,2026-02-15T12:45:00+00:00,69595.1392857143,2026-02-15T12:50:00+00:00,1224.8451186229886,take_profit
BTCUSD,SELL,2.863040484023379,69570.55,69719.57142857143,69123.48571428572,2026-02-15T12:50:00+00:00,69123.48571428572,2026-02-15T13:25:00+00:00,1279.9631489609817,take_profit
BTCUSD,SELL,2.0442633205933545,69019.55,69237.65000000001,68365.25,2026-02-15T13:25:00+00:00,68958.15,2026-02-15T17:25:00+00:00,125.51776788444981,max_hold
BTCUSD,BUY,5.905424046686685,68917.75,68841.93214285714,69145.20357142857,2026-02-16T09:00:00+00:00,68841.93214285714,2026-02-16T09:05:00+00:00,-447.73659673968933,stop_loss
BTCUSD,BUY,5.308018972696361,68932.95,68849.86428571428,69182.20714285714,2026-02-16T09:25:00+00:00,68849.86428571428,2026-02-16T10:20:00+00:00,-441.02054778859394,stop_loss
BTCUSD,SELL,5.318705106479945,68672.15,68753.825,68427.125,2026-02-16T11:05:00+00:00,68427.125,2026-02-16T11:20:00+00:00,1303.2157187152177,take_profit
BTCUSD,SELL,4.0406578217470726,68391.95,68504.29642857143,68054.91071428571,2026-02-16T11:20:00+00:00,68504.29642857143,2026-02-16T11:25:00+00:00,-453.95347535249334,stop_loss
BTCUSD,SELL,5.2629521418394845,68071.55,68156.51071428572,67816.66785714286,2026-02-17T09:10:00+00:00,67816.66785714286,2026-02-17T10:15:00+00:00,1341.4325196666177,take_profit
BTCUSD,SELL,4.324817700806868,67804.3,67912.34285714287,67480.17142857143,2026-02-17T10:15:00+00:00,67912.34285714287,2026-02-17T10:20:00+00:00,-467.2656610172051,stop_loss
BTCUSD,BUY,3.3329506364386345,68303.9,68165.80714285713,68718.17857142858,2026-02-17T13:20:00+00:00,68165.80714285713,2026-02-17T13:25:00+00:00,-460.25667610194705,stop_loss
BTCUSD,SELL,2.476757809820346,67580.25,67763.29285714286,67031.12142857142,2026-02-17T14:35:00+00:00,67031.12142857142,2026-02-17T14:40:00+00:00,1360.0584778812174,take_profit
BTCUSD,BUY,5.9490105335014505,68044.15,67964.51428571428,68283.05714285713,2026-02-18T07:40:00+00:00,68283.05714285713,2026-02-18T08:15:00+00:00,1421.2611093858218,take_profit
BTCUSD,BUY,4.837055395890526,68304.35,68202.0,68611.40000000001,2026-02-18T08:15:00+00:00,68202.0,2026-02-18T08:30:00+00:00,-495.0726197694235,stop_loss
BTCUSD,SELL,4.006838293640995,67162.55,67284.25357142858,66797.4392857143,2026-02-18T11:05:00+00:00,67284.25357142858,2026-02-18T11:10:00+00:00,-487.6465304728821,stop_loss
BTCUSD,SELL,4.757274702148051,67265.6,67366.56785714286,66962.69642857143,2026-02-18T13:40:00+00:00,66962.69642857143,2026-02-18T14:45:00+00:00,1440.995497547436,take_profit
BTCUSD,SELL,5.903023822676798,66925.85,67010.88214285715,66670.75357142856,2026-02-19T08:20:00+00:00,67010.88214285715,2026-02-19T09:20:00+00:00,-501.9467649790005,stop_loss
BTCUSD,SELL,5.085479310161183,66757.05,66854.27142857143,66465.3857142857,2026-02-19T09:45:00+00:00,66854.27142857143,2026-02-19T10:10:00+00:00,-494.41756350431547,stop_loss
BTCUSD,SELL,6.70371977850076,66664.25,66736.89642857143,66446.3107142857,2026-02-19T11:35:00+00:00,66446.3107142857,2026-02-19T12:00:00+00:00,1461.0039001552523,take_profit
BTCUSD,SELL,6.7881374044941625,66407.3,66482.27142857143,66182.38571428572,2026-02-19T12:00:00+00:00,66482.27142857143,2026-02-19T12:05:00+00:00,-508.91635855407947,stop_loss
BTCUSD,BUY,5.4483010515185475,68151.8,68059.79285714286,68427.82142857143,2026-02-20T09:00:00+00:00,68059.79285714286,2026-02-20T10:45:00+00:00,-501.28261317576823,stop_loss
BTCUSD,SELL,3.6035485772265425,67211.5,67348.52142857143,66800.43571428572,2026-02-20T13:00:00+00:00,66800.43571428572,2026-02-20T13:35:00+00:00,1481.2901219343428,take_profit
BTCUSD,SELL,2.825312171972717,66512.2,66694.82857142857,65964.31428571428,2026-02-20T13:35:00+00:00,66694.82857142857,2026-02-20T13:45:00+00:00,-515.9827258071468,stop_loss
BTCUSD,BUY,14.134687701394261,67888.35,67852.39285714287,67996.22142857143,2026-02-21T08:10:00+00:00,67996.22142857143,2026-02-21T08:50:00+00:00,1524.7289547603245,take_profit
BTCUSD,BUY,14.618293265268074,67998.3,67961.96785714285,68107.29642857143,2026-02-21T08:50:00+00:00,67961.96785714285,2026-02-21T08:55:00+00:00,-531.1139192414445,stop_loss
BTCUSD,BUY,12.576733830753751,68041.3,67999.70357142857,68166.08928571429,2026-02-21T08:55:00+00:00,67999.70357142857,2026-02-21T09:05:00+00:00,-523.1472104528228,stop_loss
BTCUSD,BUY,10.092613363380728,68100.25,68049.19285714286,68253.42142857143,2026-02-21T09:15:00+00:00,68253.42142857143,2026-02-21T09:25:00+00:00,1545.9000068880914,take_profit
BTCUSD,SELL,17.461121096907725,67948.55,67979.3892857143,67856.03214285715,2026-02-22T08:20:00+00:00,67979.3892857143,2026-02-22T08:35:00+00:00,-538.4885023993519,stop_loss
BTCUSD,BUY,15.309259763089065,68170.75,68136.10357142857,68274.68928571428,2026-02-22T11:00:00+00:00,68136.10357142857,2026-02-22T12:00:00+00:00,-530.4111748633617,stop_loss
BTCUSD,SELL,12.109884273784951,67996.25,68039.39285714286,67866.82142857142,2026-02-22T12:10:00+00:00,68039.39285714286,2026-02-22T12:15:00+00:00,-522.4550072404113,stop_loss
BTCUSD,SELL,9.003004748321102,67901.5,67958.66071428572,67730.01785714284,2026-02-22T12:35:00+00:00,67958.66071428572,2026-02-22T12:50:00+00:00,-514.6181821318052,stop_loss
BTCUSD,SELL,5.426560681780088,66127.85,66221.26071428572,65847.61785714286,2026-02-23T11:40:00+00:00,66221.26071428572,2026-02-23T12:05:00+00:00,-506.89890939982814,stop_loss
BTCUSD,SELL,5.639935420867889,65948.35,66036.87857142858,65682.7642857143,2026-02-23T12:30:00+00:00,66036.87857142858,2026-02-23T12:35:00+00:00,-499.2954257588307,stop_loss
BTCUSD,SELL,3.577514247747197,65836.3,65973.77142857143,65423.885714285716,2026-02-23T14:35:00+00:00,65973.77142857143,2026-02-23T14:50:00+00:00,-491.80599437244825,stop_loss
BTCUSD,SELL,2.3717034716637664,65395.15,65599.40357142857,64782.389285714286,2026-02-23T16:00:00+00:00,65599.40357142857,2026-02-23T16:25:00+00:00,-484.4289044568615,stop_loss
BTCUSD,SELL,5.827176022732017,63011.7,63093.58571428571,62766.04285714286,2026-02-24T12:45:00+00:00,63093.58571428571,2026-02-24T12:50:00+00:00,-477.16247089000854,stop_loss
BTCUSD,SELL,5.164282442077541,62958.0,63049.010714285716,62684.96785714286,2026-02-24T12:55:00+00:00,63049.010714285716,2026-02-24T13:10:00+00:00,-470.0050338266585,stop_loss
BTCUSD,SELL,3.517226653897501,62692.65,62824.275,62297.775,2026-02-24T13:30:00+00:00,62824.275,2026-02-24T13:35:00+00:00,-462.9549583192586,stop_loss
BTCUSD,BUY,1.773670299278383,63894.75,63637.65,64666.05,2026-02-24T15:20:00+00:00,64666.05,2026-02-24T19:05:00+00:00,1368.031901833422,take_profit
BTCUSD,BUY,4.747676896247844,65220.9,65120.52857142857,65522.014285714286,2026-02-25T08:20:00+00:00,65522.014285714286,2026-02-25T08:50:00+00:00,1429.5933374158788,take_profit
BTCUSD,BUY,4.96927914427814,65572.3,65472.08928571429,65872.93214285714,2026-02-25T08:50:00+00:00,65472.08928571429,2026-02-25T09:05:00+00:00,-497.9750125332093,stop_loss
BTCUSD,BUY,4.9736187606528075,65707.7,65609.07857142857,66003.56428571428,2026-02-25T12:15:00+00:00,66003.56428571428,2026-02-25T12:45:00+00:00,1471.5161620357055,take_profit
BTCUSD,BUY,4.355879581693087,66010.75,65893.075,66363.775,2026-02-25T12:45:00+00:00,66363.775,2026-02-25T13:40:00+00:00,1537.7343893271768,take_profit
BTCUSD,BUY,3.738480501829195,68335.2,68191.92142857143,68765.03571428571,2026-02-26T09:10:00+00:00,68191.92142857143,2026-02-26T09:15:00+00:00,-535.6441456156543,stop_loss
BTCUSD,BUY,3.746656235374238,68463.85,68323.02857142859,68886.3142857143,2026-02-26T09:35:00+00:00,68323.02857142859,2026-02-26T10:30:00+00:00,-527.6094834314196,stop_loss
BTCUSD,SELL,5.134967024151142,68084.1,68185.30714285714,67780.47857142858,2026-02-26T11:40:00+00:00,68185.30714285714,2026-02-26T12:00:00+00:00,-519.6953411799482,stop_loss
BTCUSD,SELL,4.653937758861772,67903.85,68013.84285714287,67573.87142857144,2026-02-26T13:55:00+00:00,68013.84285714287,2026-02-26T14:10:00+00:00,-511.899911062249,stop_loss
BTCUSD,SELL,5.830112135404529,67514.4,67600.88571428572,67254.94285714284,2026-02-27T07:25:00+00:00,67600.88571428572,2026-02-27T07:30:00+00:00,-504.2214123963153,stop_loss
BTCUSD,BUY,4.192976709247639,67995.1,67876.65000000001,68350.45000000001,2026-02-27T08:05:00+00:00,67876.65000000001,2026-02-27T08:15:00+00:00,-496.6580912103706,stop_loss
BTCUSD,SELL,3.395258317366186,67464.3,67608.38571428572,67032.04285714286,2026-02-27T09:45:00+00:00,67032.04285714286,2026-02-27T10:10:00+00:00,1467.6246595266452,take_profit
BTCUSD,SELL,2.7949297105503343,66884.15,67067.0607142857,66335.41785714285,2026-02-27T10:10:00+00:00,66335.41785714285,2026-02-27T11:35:00+00:00,1533.6677692053847,take_profit
BTCUSD,SELL,2.736271054868495,63814.55,64009.78928571429,63228.83214285715,2026-02-28T08:00:00+00:00,64009.78928571429,2026-02-28T10:30:00+00:00,-534.2276062731955,stop_loss
BTCUSD,BUY,3.644503161426378,65169.1,65024.71428571428,65602.25714285714,2026-02-28T16:40:00+00:00,65024.71428571428,2026-02-28T16:50:00+00:00,-526.2141921790975,stop_loss
BTCUSD,BUY,4.278088497906766,67270.85,67149.69285714286,67634.32142857143,2026-03-01T08:10:00+00:00,67149.69285714286,2026-03-01T08:20:00+00:00,-518.3209792964111,stop_loss
BTCUSD,SELL,5.594807486593155,66293.6,66384.85357142858,66019.83928571429,2026-03-01T12:30:00+00:00,66384.85357142858,2026-03-01T12:40:00+00:00,-510.5461646069649,stop_loss
BTCUSD,BUY,2.908608212980484,67157.5,66984.60357142857,67676.18928571428,2026-03-01T13:50:00+00:00,66984.60357142857,2026-03-01T13:55:00+00:00,-502.8879721378604,stop_loss
BTCUSD,SELL,2.4158524100890255,66105.5,66310.53928571429,65490.38214285714,2026-03-01T16:45:00+00:00,66310.53928571429,2026-03-01T18:00:00+00:00,-495.34465255579244,stop_loss
BTCUSD,SELL,3.0551940060580116,65981.9,66141.59999999999,65502.799999999996,2026-03-02T07:00:00+00:00,66141.59999999999,2026-03-02T08:50:00+00:00,-487.9144827674556,stop_loss
BTCUSD,BUY,2.647910553861949,66401.0,66219.5,66945.49999999999,2026-03-02T09:10:00+00:00,66219.5,2026-03-02T09:55:00+00:00,-480.59576552594376,stop_loss
BTCUSD,SELL,4.0336055546715945,65988.2,66105.5607142857,65636.11785714285,2026-03-02T12:40:00+00:00,66105.5607142857,2026-03-02T13:25:00+00:00,-473.3868290430546,stop_loss
BTCUSD,SELL,2.9020446653642464,65584.6,65745.27500000001,65102.575,2026-03-02T13:40:00+00:00,65745.27500000001,2026-03-02T14:30:00+00:00,-466.28602660740876,stop_loss
BTCUSD,SELL,3.5265222293669614,67748.45,67878.68928571428,67357.73214285714,2026-03-03T08:25:00+00:00,67357.73214285714,2026-03-03T08:40:00+00:00,1377.8752086248928,take_profit
BTCUSD,SELL,3.1939528951075413,67338.8,67489.07142857143,66887.98571428572,2026-03-03T08:40:00+00:00,66887.98571428572,2026-03-03T09:05:00+00:00,1439.8795930129666,take_profit
BTCUSD,SELL,2.515336300064594,66613.55,66812.95,66015.35,2026-03-03T09:25:00+00:00,66812.95,2026-03-03T10:45:00+00:00,-501.5580582328654,stop_loss
BTCUSD,SELL,2.902610581039979,66719.95,66890.15357142857,66209.33928571428,2026-03-03T13:45:00+00:00,66890.15357142857,2026-03-03T13:50:00+00:00,-494.0346873593725,stop_loss
BTCUSD,BUY,3.181441271451407,68768.35,68615.39285714287,69227.22142857144,2026-03-04T07:25:00+00:00,69227.22142857144,2026-03-04T07:45:00+00:00,1459.8725011470383,take_profit
BTCUSD,BUY,2.8695330769554444,69437.1,69259.88571428572,69968.74285714286,2026-03-04T07:45:00+00:00,69259.88571428572,2026-03-04T08:20:00+00:00,-508.5222545661875,stop_loss
BTCUSD,BUY,1.9700031998841683,69911.85,69657.58928571429,70674.63214285715,2026-03-04T08:40:00+00:00,70674.63214285715,2026-03-04T08:50:00+00:00,1502.683262243084,take_profit
BTCUSD,BUY,1.719481293241997,70663.2,70358.78571428571,71576.44285714286,2026-03-04T08:50:00+00:00,71576.44285714286,2026-03-04T09:35:00+00:00,1570.3040090440227,take_profit
BTCUSD,SELL,3.9371975410990014,71825.8,71964.72857142858,71409.01428571428,2026-03-05T07:50:00+00:00,71964.72857142858,2026-03-05T07:55:00+00:00,-546.9892298170012,stop_loss
BTCUSD,BUY,3.1798079713241783,72952.8,72783.36071428572,73461.11785714286,2026-03-05T10:20:00+00:00,73461.11785714286,2026-03-05T10:30:00+00:00,1616.3531741092847,take_profit
BTCUSD,BUY,2.846510895307042,73531.1,73333.30357142858,74124.48928571428,2026-03-05T10:30:00+00:00,73333.30357142858,2026-03-05T10:35:00+00:00,-563.0296889813854,stop_loss
BTCUSD,SELL,3.403699711127565,72513.8,72676.73571428572,72024.99285714286,2026-03-05T13:20:00+00:00,72676.73571428572,2026-03-05T13:45:00+00:00,-554.5842436466647,stop_loss
BTCUSD,SELL,4.37662625608778,70332.95,70457.76428571428,69958.50714285714,2026-03-06T09:30:00+00:00,70457.76428571428,2026-03-06T09:40:00+00:00,-546.2654799919648,stop_loss
BTCUSD,SELL,5.137771769942323,70314.75,70419.47857142857,70000.5642857143,2026-03-06T11:45:00+00:00,70000.5642857143,2026-03-06T12:05:00+00:00,1614.214493376256,take_profit
BTCUSD,SELL,4.550017925378908,69849.3,69972.87857142858,69478.5642857143,2026-03-06T12:05:00+00:00,69972.87857142858,2026-03-06T12:15:00+00:00,-562.2847151927291,stop_loss
BTCUSD,SELL,3.5456153562156776,69770.7,69926.90714285713,69302.07857142857,2026-03-06T12:35:00+00:00,69926.90714285713,2026-03-06T12:50:00+00:00,-553.8504444648382,stop_loss
BTCUSD,SELL,6.634178179517852,67803.2,67885.43214285714,67556.50357142856,2026-03-07T08:00:00+00:00,67885.43214285714,2026-03-07T08:15:00+00:00,-545.5426877978657,stop_loss
BTCUSD,SELL,7.846301277360602,67889.95,67958.4357142857,67684.49285714285,2026-03-07T13:35:00+00:00,67684.49285714285,2026-03-07T14:10:00+00:00,1612.0786424429216,take_profit
BTCUSD,BUY,7.542159715686016,67489.8,67415.34642857143,67713.16071428572,2026-03-08T08:40:00+00:00,67713.16071428572,2026-03-08T09:10:00+00:00,1684.6221813526247,take_profit
BTCUSD,BUY,6.006463781925871,67765.8,67668.10357142857,68058.8892857143,2026-03-08T09:10:00+00:00,68058.8892857143,2026-03-08T10:20:00+00:00,1760.4301795134056,take_profit
BTCUSD,BUY,6.515410902308737,68101.9,68007.78214285713,68384.25357142856,2026-03-08T10:20:00+00:00,68007.78214285713,2026-03-08T10:30:00+00:00,-613.2165125305321,stop_loss
BTCUSD,SELL,4.085542423324148,67308.3,67456.14285714286,66864.77142857143,2026-03-08T12:05:00+00:00,67456.14285714286,2026-03-08T12:40:00+00:00,-604.0182648425741,stop_loss
BTCUSD,SELL,4.423479486021825,66993.25,67127.75,66589.75,2026-03-09T07:15:00+00:00,67127.75,2026-03-09T07:20:00+00:00,-594.9579908699354,stop_loss
BTCUSD,BUY,3.509633697265078,67705.1,67538.12142857144,68206.03571428571,2026-03-09T08:20:00+00:00,68206.03571428571,2026-03-09T09:30:00+00:00,1758.1008630206593,take_profit
BTCUSD,BUY,3.8144200183879486,68166.1,68005.55,68647.75,2026-03-09T09:30:00+00:00,68005.55,2026-03-09T09:55:00+00:00,-612.4051339521963,stop_loss
BTCUSD,BUY,4.734179890238142,67983.8,67856.38214285715,68366.05357142858,2026-03-09T12:15:00+00:00,68366.05357142858,2026-03-09T13:10:00+00:00,1809.6571708288777,take_profit
BTCUSD,BUY,3.3157104009148357,70922.35,70732.23571428572,71492.69285714286,2026-03-10T08:05:00+00:00,70732.23571428572,2026-03-10T08:50:00+00:00,-630.3639145053464,stop_loss
BTCUSD,BUY,3.742989313222804,71180.85,71014.96428571429,71678.50714285714,2026-03-10T09:20:00+00:00,71014.96428571429,2026-03-10T09:45:00+00:00,-620.9084557877662,stop_loss
BTCUSD,BUY,6.335894335735779,70766.6,70670.07142857143,71056.18571428572,2026-03-10T13:10:00+00:00,70670.07142857143,2026-03-10T13:30:00+00:00,-611.5948289509497,stop_loss
BTCUSD,SELL,1.9968020198483736,69630.9,69932.59285714285,68725.82142857142,2026-03-10T14:05:00+00:00,69932.59285714285,2026-03-10T14:25:00+00:00,-602.4209065166856,stop_loss
BTCUSD,SELL,6.013307492483256,69513.1,69611.77857142857,69217.0642857143,2026-03-11T08:25:00+00:00,69611.77857142857,2026-03-11T08:30:00+00:00,-593.3845929189353,stop_loss
BTCUSD,SELL,5.902812289523743,69339.2,69438.21785714285,69042.14642857142,2026-03-11T11:50:00+00:00,69042.14642857142,2026-03-11T12:05:00+00:00,1753.4514720755394,take_profit
BTCUSD,SELL,5.147172904043755,69035.45,69154.11428571428,68679.45714285714,2026-03-11T12:05:00+00:00,69154.11428571428,2026-03-11T12:10:00+00:00,-610.7855961062843,stop_loss
BTCUSD,BUY,3.0413567452537937,70092.35,69894.53571428572,70685.79285714286,2026-03-11T13:15:00+00:00,70685.79285714286,2026-03-11T13:30:00+00:00,1804.8714364941145,take_profit
BTCUSD,BUY,5.272564993542126,70018.95,69899.71071428571,70376.66785714286,2026-03-12T08:15:00+00:00,69899.71071428571,2026-03-12T08:25:00+00:00,-628.6968837121018,stop_loss
BTCUSD,BUY,4.834107461256298,70285.95,70157.84642857143,70670.26071428572,2026-03-12T09:40:00+00:00,70157.84642857143,2026-03-12T09:45:00+00:00,-619.2664304564203,stop_loss
BTCUSD,BUY,4.539246306274221,70662.9,70528.52142857142,71066.03571428572,2026-03-12T11:35:00+00:00,70528.52142857142,2026-03-12T11:50:00+00:00,-609.977433999574,stop_loss
BTCUSD,SELL,4.488933914056141,70119.6,70253.44642857143,69718.06071428572,2026-03-12T13:20:00+00:00,70253.44642857143,2026-03-12T13:30:00+00:00,-600.8277724895804,stop_loss
BTCUSD,BUY,5.058096506596826,71716.85,71599.84642857143,72067.86071428572,2026-03-13T08:30:00+00:00,72067.86071428572,2026-03-13T08:35:00+00:00,1775.4460677066363,take_profit
BTCUSD,BUY,4.352633549592692,72050.05,71907.96428571429,72476.30714285714,2026-03-13T08:35:00+00:00,71907.96428571429,2026-03-13T08:45:00+00:00,-618.4470469178362,stop_loss
BTCUSD,BUY,4.473085480434636,72192.65,72056.46428571428,72601.20714285714,2026-03-13T10:00:00+00:00,72601.20714285714,2026-03-13T12:45:00+00:00,1827.5110236421415,take_profit
BTCUSD,BUY,4.633786768554807,72760.7,72623.32142857142,73172.83571428571,2026-03-13T12:45:00+00:00,73172.83571428571,2026-03-13T13:15:00+00:00,1909.749019706035,take_profit
BTCUSD,SELL,6.376945041665243,70678.2,70782.51785714286,70365.24642857142,2026-03-14T07:00:00+00:00,70655.8,2026-03-14T11:00:00+00:00,142.84356893326432,max_hold
BTCUSD,SELL,9.546060317319661,70615.65,70685.5607142857,70405.91785714285,2026-03-14T14:40:00+00:00,70685.5607142857,2026-03-14T15:00:00+00:00,-667.3718953982902,stop_loss
BTCUSD,SELL,8.795392017530107,70578.6,70653.33928571429,70354.38214285715,2026-03-14T15:30:00+00:00,70653.33928571429,2026-03-14T16:10:00+00:00,-657.3613169673159,stop_loss
BTCUSD,BUY,9.712860346061412,71723.95,71657.28571428571,71923.94285714286,2026-03-15T08:55:00+00:00,71923.94285714286,2026-03-15T09:20:00+00:00,1942.5026916384181,take_profit
BTCUSD,BUY,8.338853984351756,71936.0,71854.85714285714,72179.42857142857,2026-03-15T09:20:00+00:00,71854.85714285714,2026-03-15T09:25:00+00:00,-676.6384375873823,stop_loss
BTCUSD,BUY,5.728309935741627,73575.75,73459.4,73924.8,2026-03-16T10:50:00+00:00,73924.8,2026-03-16T12:30:00+00:00,1999.4665830706315,take_profit
BTCUSD,BUY,4.726481840414298,73915.15,73767.79285714285,74357.22142857143,2026-03-16T12:30:00+00:00,73767.79285714285,2026-03-16T12:40:00+00:00,-696.480859769631,stop_loss
BTCUSD,BUY,3.9570982659592544,74326.25,74152.88214285714,74846.35357142857,2026-03-16T13:30:00+00:00,74152.88214285714,2026-03-16T13:40:00+00:00,-686.0336468730866,stop_loss
BTCUSD,SELL,5.369280621118712,73982.75,74108.60357142857,73605.18928571428,2026-03-17T09:50:00+00:00,73605.18928571428,2026-03-17T10:05:00+00:00,2027.229426510049,take_profit
BTCUSD,SELL,4.97465011319236,73671.9,73813.84999999999,73246.04999999999,2026-03-17T10:05:00+00:00,73813.84999999999,2026-03-17T10:25:00+00:00,-706.1515835676411,stop_loss
BTCUSD,SELL,3.810389081780175,73571.85,73754.39285714287,73024.22142857143,2026-03-17T13:50:00+00:00,73754.39285714287,2026-03-17T14:05:00+00:00,-695.5593098141264,stop_loss
BTCUSD,BUY,2.8850010173359815,74270.45,74032.97142857143,74982.88571428572,2026-03-17T14:40:00+00:00,74032.97142857143,2026-03-17T15:25:00+00:00,-685.1259201669145,stop_loss
BTCUSD,SELL,8.460162470653232,73780.8,73860.56785714286,73541.49642857142,2026-03-18T07:30:00+00:00,73860.56785714286,2026-03-18T07:50:00+00:00,-674.8490313644107,stop_loss
BTCUSD,BUY,8.934922128092563,74185.95,74111.55357142857,74409.13928571428,2026-03-18T09:10:00+00:00,74111.55357142857,2026-03-18T10:30:00+00:00,-664.7262958939447,stop_loss
BTCUSD,SELL,8.441065997861225,73902.85,73980.41785714286,73670.14642857143,2026-03-18T10:40:00+00:00,73980.41785714286,2026-03-18T11:10:00+00:00,-654.7554014555354,stop_loss
BTCUSD,SELL,5.647938564458884,73625.3,73739.48928571428,73282.73214285714,2026-03-18T11:25:00+00:00,73282.73214285714,2026-03-18T11:30:00+00:00,1934.8022113011893,take_profit
BTCUSD,SELL,5.72987517486145,70449.65,70567.27142857143,70096.78571428571,2026-03-19T07:00:00+00:00,70096.78571428571,2026-03-19T07:10:00+00:00,2021.8683108094938,take_profit
BTCUSD,SELL,4.801196793862335,70004.75,70151.43928571428,69564.68214285714,2026-03-19T07:10:00+00:00,69564.68214285714,2026-03-19T07:20:00+00:00,2112.852384796158,take_profit
BTCUSD,SELL,4.3929553598475914,69677.0,69844.53571428571,69174.39285714286,2026-03-19T07:20:00+00:00,69844.53571428571,2026-03-19T07:25:00+00:00,-735.976914037305,stop_loss
BTCUSD,SELL,8.534769915128438,70030.85,70115.78928571429,69776.03214285715,2026-03-19T11:35:00+00:00,69776.03214285715,2026-03-19T12:05:00+00:00,2174.8117809803603,take_profit
BTCUSD,BUY,5.944473345055456,70742.05,70614.61071428572,71124.36785714286,2026-03-20T07:35:00+00:00,71124.36785714286,2026-03-20T08:05:00+00:00,2272.6783111244386,take_profit
BTCUSD,BUY,5.326874249695552,71153.45,71004.83571428571,71599.29285714285,2026-03-20T08:05:00+00:00,71004.83571428571,2026-03-20T09:00:00+00:00,-791.6496117083173,stop_loss
BTCUSD,SELL,5.158703404904256,70006.6,70157.75714285714,69553.12857142859,2026-03-20T13:30:00+00:00,70157.75714285714,2026-03-20T13:35:00+00:00,-779.7748675326926,stop_loss
BTCUSD,SELL,3.0797483705734376,69505.55,69754.94642857143,68757.36071428572,2026-03-20T15:05:00+00:00,69754.94642857143,2026-03-20T15:10:00+00:00,-768.0782445197021,stop_loss
BTCUSD,BUY,14.333580068916287,70863.3,70810.51785714286,71021.64642857143,2026-03-21T07:25:00+00:00,70810.51785714286,2026-03-21T07:30:00+00:00,-756.5570708519066,stop_loss
BTCUSD,BUY,29.488191088316615,70705.4,70680.12857142856,70781.21428571428,2026-03-21T12:00:00+00:00,70680.12857142856,2026-03-21T12:05:00+00:00,-745.208714789128,stop_loss
BTCUSD,BUY,25.765145234907042,70711.25,70682.76071428572,70796.71785714285,2026-03-21T12:10:00+00:00,70682.76071428572,2026-03-21T12:20:00+00:00,-734.030584067291,stop_loss
BTCUSD,BUY,20.95493583332234,70757.1,70722.59642857143,70860.61071428572,2026-03-21T12:20:00+00:00,70722.59642857143,2026-03-21T12:30:00+00:00,-723.0201253062817,stop_loss
BTCUSD,SELL,12.660885749807777,69003.65,69059.9,68834.9,2026-03-22T07:35:00+00:00,69059.9,2026-03-22T07:50:00+00:00,-712.1748234266875,stop_loss
BTCUSD,SELL,9.072416457324,68904.15,68981.47142857143,68672.1857142857,2026-03-22T07:55:00+00:00,68672.1857142857,2026-03-22T08:25:00+00:00,2104.47660322573,take_profit
BTCUSD,SELL,5.679800155919967,68618.1,68747.16428571429,68230.90714285715,2026-03-22T08:25:00+00:00,68747.16428571429,2026-03-22T08:40:00+00:00,-733.0593501236732,stop_loss
BTCUSD,SELL,10.165305885871328,68412.9,68483.93214285714,68199.80357142857,2026-03-22T11:25:00+00:00,68483.93214285714,2026-03-22T11:30:00+00:00,-722.063459871818,stop_loss
BTCUSD,SELL,3.7941072670449336,67647.55,67835.00714285714,67085.17857142858,2026-03-23T07:00:00+00:00,67835.00714285714,2026-03-23T07:05:00+00:00,-711.2325079737408,stop_loss
BTCUSD,BUY,2.2993544215116835,71198.8,70894.12142857144,72112.83571428573,2026-03-23T11:05:00+00:00,70894.12142857144,2026-03-23T11:10:00+00:00,-700.5640203541346,stop_loss
BTCUSD,BUY,3.104961702347289,71113.65,70891.40714285713,71780.37857142856,2026-03-23T13:35:00+00:00,71780.37857142856,2026-03-23T14:10:00+00:00,2070.166680146423,take_profit
BTCUSD,BUY,9.462916851960383,70551.55,70475.34642857143,70780.16071428571,2026-03-24T07:00:00+00:00,70780.16071428571,2026-03-24T07:05:00+00:00,2163.324180752919,take_profit
BTCUSD,BUY,8.397525210119566,70785.1,70695.3642857143,71054.30714285714,2026-03-24T07:05:00+00:00,71054.30714285714,2026-03-24T07:55:00+00:00,2260.6737688870608,take_profit
BTCUSD,BUY,5.725553057875355,71278.25,71140.71428571429,71690.85714285713,2026-03-24T07:55:00+00:00,71140.71428571429,2026-03-24T08:00:00+00:00,-787.4680294956188,stop_loss
BTCUSD,SELL,6.438315078258119,70711.7,70832.175,70350.275,2026-03-24T13:05:00+00:00,70832.175,2026-03-24T13:10:00+00:00,-775.6560090531844,stop_loss
BTCUSD,BUY,5.578978414313693,71468.7,71331.75357142856,71879.53928571429,2026-03-25T08:30:00+00:00,71331.75357142856,2026-03-25T08:35:00+00:00,-764.0211689173867,stop_loss
BTCUSD,BUY,7.353073887267138,71525.75,71423.40357142857,71832.78928571429,2026-03-25T10:45:00+00:00,71832.78928571429,2026-03-25T11:25:00+00:00,2257.6825541508774,take_profit
BTCUSD,BUY,7.948859472775928,71869.75,71770.81428571428,72166.55714285714,2026-03-25T11:25:00+00:00,71770.81428571428,2026-03-25T11:45:00+00:00,-786.4260896958891,stop_loss
BTCUSD,SELL,3.9098028938824014,70677.7,70875.825,70083.325,2026-03-25T15:15:00+00:00,70875.825,2026-03-25T15:20:00+00:00,-774.6296983504508,stop_loss
BTCUSD,SELL,5.6951688962505,69434.6,69568.57500000001,69032.675,2026-03-26T09:30:00+00:00,69568.57500000001,2026-03-26T09:55:00+00:00,-763.0102528751939,stop_loss
BTCUSD,SELL,8.04396726971371,69328.65,69422.08214285714,69048.35357142857,2026-03-26T11:20:00+00:00,69422.08214285714,2026-03-26T11:40:00+00:00,-751.565099082066,stop_loss
BTCUSD,SELL,3.684417681203555,69135.6,69336.52500000001,68532.825,2026-03-26T15:05:00+00:00,68532.825,2026-03-26T17:55:00+00:00,2220.874867787505,take_profit
BTCUSD,SELL,7.487618955772395,68482.35,68585.66785714286,68172.39642857143,2026-03-27T07:55:00+00:00,68172.39642857143,2026-03-27T08:30:00+00:00,2320.814236837943,take_profit
BTCUSD,SELL,7.3789525546441,68182.95,68292.50714285714,67854.27857142857,2026-03-27T08:30:00+00:00,67854.27857142857,2026-03-27T08:35:00+00:00,2425.2508774956505,take_profit
BTCUSD,SELL,5.656077144299051,67637.1,67786.46071428573,67189.01785714286,2026-03-27T08:35:00+00:00,67786.46071428573,2026-03-27T08:40:00+00:00,-844.7957223276516,stop_loss
BTCUSD,SELL,5.3656969858825105,66951.4,67106.48214285713,66486.15357142857,2026-03-27T10:35:00+00:00,66486.15357142857,2026-03-27T10:55:00+00:00,2496.371359478288,take_profit
BTCUSD,BUY,21.461385626072065,66505.45,66464.93214285714,66627.00357142858,2026-03-28T07:55:00+00:00,66464.93214285714,2026-03-28T08:00:00+00:00,-869.569356884911,stop_loss
BTCUSD,SELL,18.342426663772578,66319.55,66366.24642857144,66179.46071428571,2026-03-28T09:00:00+00:00,66179.46071428571,2026-03-28T10:20:00+00:00,2569.5774495946453,take_profit
BTCUSD,SELL,18.023693197927148,66121.8,66171.46071428571,65972.81785714286,2026-03-28T10:25:00+00:00,66171.46071428571,2026-03-28T10:30:00+00:00,-895.0694782755572,stop_loss
BTCUSD,SELL,15.425867781565984,66092.8,66149.95357142857,65921.33928571429,2026-03-28T10:35:00+00:00,66149.95357142857,2026-03-28T10:45:00+00:00,-881.6434361014237,stop_loss
BTCUSD,SELL,16.786831872748557,66502.1,66553.83214285715,66346.90357142857,2026-03-29T09:30:00+00:00,66553.83214285715,2026-03-29T09:40:00+00:00,-868.4187845599022,stop_loss
BTCUSD,SELL,14.9646923324985,66480.95,66538.1107142857,66309.46785714285,2026-03-29T10:05:00+00:00,66538.1107142857,2026-03-29T11:00:00+00:00,-855.3925027915038,stop_loss
BTCUSD,BUY,10.931204349452743,66704.85,66627.77142857143,66936.08571428573,2026-03-29T11:05:00+00:00,66627.77142857143,2026-03-29T13:05:00+00:00,-842.5616152496312,stop_loss
BTCUSD,SELL,12.091081403084118,66486.25,66554.88928571428,66280.33214285715,2026-03-29T13:05:00+00:00,66554.88928571428,2026-03-29T13:10:00+00:00,-829.9231910208869,stop_loss
BTCUSD,BUY,8.242152464209518,67560.3,67461.11785714286,67857.84642857143,2026-03-30T07:55:00+00:00,67857.84642857143,2026-03-30T08:35:00+00:00,2452.423029466721,take_profit
BTCUSD,BUY,11.534599643502245,67627.1,67553.03928571429,67849.28214285715,2026-03-30T11:25:00+00:00,67553.03928571429,2026-03-30T11:30:00+00:00,-854.2606885975744,stop_loss
BTCUSD,BUY,8.598098602847056,67989.95,67892.08571428571,68283.54285714285,2026-03-30T13:20:00+00:00,67892.08571428571,2026-03-30T13:25:00+00:00,-841.4467782686108,stop_loss
BTCUSD,SELL,9.508769214393162,67239.15,67326.31428571428,66977.65714285713,2026-03-31T07:10:00+00:00,67326.31428571428,2026-03-31T07:45:00+00:00,-828.8250765945816,stop_loss
BTCUSD,SELL,7.264434363771355,66982.3,67094.68214285714,66645.15357142857,2026-03-31T08:35:00+00:00,66645.15357142857,2026-03-31T08:45:00+00:00,2449.1781013370946,take_profit
BTCUSD,SELL,5.647465699333505,66485.45,66636.51428571428,66032.25714285714,2026-03-31T09:15:00+00:00,66032.25714285714,2026-03-31T09:55:00+00:00,2559.3911158972396,take_profit
BTCUSD,SELL,5.62131976573894,66057.0,66215.59642857143,65581.21071428571,2026-03-31T09:55:00+00:00,66215.59642857143,2026-03-31T10:05:00+00:00,-891.5212387041778,stop_loss
BTCUSD,BUY,9.829757641105608,68692.65,68603.31428571428,68960.65714285713,2026-04-01T11:50:00+00:00,68603.31428571428,2026-04-01T12:00:00+00:00,-878.1484201236152,stop_loss
BTCUSD,SELL,4.006771900044453,68084.8,68300.67857142858,67437.16428571429,2026-04-01T13:40:00+00:00,68300.67857142858,2026-04-01T14:15:00+00:00,-864.976193821761,stop_loss
BTCUSD,BUY,4.596363035259601,68784.4,68599.03571428571,69340.49285714285,2026-04-01T15:20:00+00:00,68599.03571428571,2026-04-01T16:15:00+00:00,-852.0015509144345,stop_loss
BTCUSD,SELL,11.032538041325811,66499.0,66575.06785714286,66270.79642857143,2026-04-02T08:40:00+00:00,66270.79642857143,2026-04-02T10:10:00+00:00,2517.6645829521535,take_profit
BTCUSD,SELL,10.004327520497524,66243.85,66331.51071428572,65980.86785714286,2026-04-02T10:10:00+00:00,66331.51071428572,2026-04-02T10:20:00+00:00,-876.9864963950002,stop_loss
BTCUSD,SELL,7.8349543489271225,66040.25,66150.50357142858,65709.48928571428,2026-04-02T12:15:00+00:00,66150.50357142858,2026-04-02T12:35:00+00:00,-863.8316989490752,stop_loss
BTCUSD,SELL,7.7412523580111845,65904.55,66014.46428571429,65574.80714285714,2026-04-02T13:15:00+00:00,66014.46428571429,2026-04-02T13:20:00+00:00,-850.874223464839,stop_loss
BTCUSD,BUY,10.935789684122325,66882.3,66805.66071428571,67112.21785714287,2026-04-03T07:05:00+00:00,66805.66071428571,2026-04-03T07:10:00+00:00,-838.1111101128664,stop_loss
BTCUSD,BUY,10.56787108165855,66937.4,66859.28214285713,67171.75357142858,2026-04-03T07:25:00+00:00,67171.75357142858,2026-04-03T07:35:00+00:00,2476.61833038352,take_profit
BTCUSD,BUY,8.698964317082448,67270.25,67171.07857142857,67567.7642857143,2026-04-03T08:05:00+00:00,67171.07857142857,2026-04-03T08:15:00+00:00,-862.6887184169261,stop_loss
BTCUSD,SELL,13.274355531098866,66729.6,66793.61428571428,66537.55714285714,2026-04-03T10:30:00+00:00,66793.61428571428,2026-04-03T10:40:00+00:00,-849.7483876406724,stop_loss
BTCUSD,BUY,26.18261706080073,66998.2,66966.23214285713,67094.10357142858,2026-04-04T07:00:00+00:00,66966.23214285713,2026-04-04T07:20:00+00:00,-837.0021618260623,stop_loss
BTCUSD,BUY,38.320915709089,67000.95,66979.4357142857,67065.49285714286,2026-04-04T10:35:00+00:00,67065.49285714286,2026-04-04T10:45:00+00:00,2473.3413881954566,take_profit
BTCUSD,BUY,27.80786513683374,67129.45,67098.46785714285,67222.39642857143,2026-04-04T10:45:00+00:00,67098.46785714285,2026-04-04T11:30:00+00:00,-861.5472502216031,stop_loss
BTCUSD,BUY,29.016330640024677,67232.15,67202.90357142857,67319.88928571428,2026-04-04T13:35:00+00:00,67202.90357142857,2026-04-04T13:45:00+00:00,-848.6240414682792,stop_loss
BTCUSD,SELL,26.763923457625594,66915.4,66946.63214285714,66821.70357142857,2026-04-05T12:00:00+00:00,66821.70357142857,2026-04-05T12:30:00+00:00,2507.6840425383757,take_profit
BTCUSD,SELL,22.72651771191075,66749.9,66788.33571428571,66634.59285714285,2026-04-05T12:30:00+00:00,66788.33571428571,2026-04-05T13:00:00+00:00,-873.5099414843306,stop_loss
BTCUSD,BUY,11.237710694159567,67480.85,67404.28571428572,67710.54285714286,2026-04-05T15:25:00+00:00,67404.28571428572,2026-04-05T15:30:00+00:00,-860.4072923620657,stop_loss
BTCUSD,BUY,9.732204045173928,69240.45,69153.36785714286,69501.69642857142,2026-04-06T08:30:00+00:00,69501.69642857142,2026-04-06T09:10:00+00:00,2542.5035489300462,take_profit
BTCUSD,BUY,9.58076135451749,69633.7,69541.26071428572,69911.01785714286,2026-04-06T09:10:00+00:00,69911.01785714286,2026-04-06T09:15:00+00:00,2656.9162086318956,take_profit
BTCUSD,BUY,8.346632338558528,69928.65,69817.76785714286,70261.29642857143,2026-04-06T09:15:00+00:00,70261.29642857143,2026-04-06T09:20:00+00:00,2776.477438020313,take_profit
BTCUSD,BUY,7.133049716966223,70051.8,69916.21428571429,70458.55714285714,2026-04-06T09:20:00+00:00,69916.21428571429,2026-04-06T09:25:00+00:00,-967.1396409103686,stop_loss
BTCUSD,BUY,9.402415064439264,69208.45,69107.13214285714,69512.40357142857,2026-04-07T09:05:00+00:00,69107.13214285714,2026-04-07T09:10:00+00:00,-952.6325462967131,stop_loss
BTCUSD,SELL,8.666580560384793,68736.2,68844.47142857143,68411.3857142857,2026-04-07T10:25:00+00:00,68411.3857142857,2026-04-07T10:45:00+00:00,2815.029174306787,take_profit
BTCUSD,SELL,8.033448775513113,68425.2,68547.26071428572,68059.01785714286,2026-04-07T10:45:00+00:00,68547.26071428572,2026-04-07T12:55:00+00:00,-980.5684957168642,stop_loss
BTCUSD,SELL,6.460293132642769,67848.1,67997.60714285716,67399.57857142857,2026-04-07T14:05:00+00:00,67997.60714285716,2026-04-07T14:20:00+00:00,-965.8599682811113,stop_loss
BTCUSD,BUY,10.470664645725739,71841.05,71750.18928571428,72113.63214285715,2026-04-08T12:10:00+00:00,71750.18928571428,2026-04-08T12:20:00+00:00,-951.3720687568945,stop_loss
BTCUSD,BUY,8.25094860423126,71927.25,71813.675,72267.975,2026-04-08T12:35:00+00:00,72267.975,2026-04-08T13:05:00+00:00,2811.304463176744,take_profit
BTCUSD,BUY,6.453642180160917,72644.65,72492.91071428571,73099.86785714286,2026-04-08T13:05:00+00:00,72492.91071428571,2026-04-08T13:10:00+00:00,-979.2710546731923,stop_loss
BTCUSD,SELL,3.875768915532273,70891.4,71140.275,70144.775,2026-04-08T14:50:00+00:00,71140.275,2026-04-08T15:15:00+00:00,-964.5819888530945,stop_loss
BTCUSD,BUY,11.948963013189893,71338.6,71259.08571428571,71577.14285714287,2026-04-09T08:40:00+00:00,71259.08571428571,2026-04-09T08:45:00+00:00,-950.113259020298,stop_loss
BTCUSD,BUY,8.825908953782703,71387.4,71281.36428571428,71705.50714285714,2026-04-09T09:15:00+00:00,71281.36428571428,2026-04-09T09:25:00+00:00,-935.8615601349935,stop_loss
BTCUSD,BUY,9.533523612514921,71543.0,71446.30714285714,71833.07857142857,2026-04-09T09:55:00+00:00,71446.30714285714,2026-04-09T10:05:00+00:00,-921.8236367329686,stop_loss
BTCUSD,SELL,12.52346973109373,71083.2,71155.70357142857,70865.68928571428,2026-04-09T11:25:00+00:00,71155.70357142857,2026-04-09T11:30:00+00:00,-907.9962821819742,stop_loss
BTCUSD,SELL,12.043734652324478,71791.7,71865.96071428571,71568.91785714285,2026-04-10T07:00:00+00:00,71568.91785714285,2026-04-10T07:50:00+00:00,2683.129013847734,take_profit
BTCUSD,SELL,12.817481338292847,71454.5,71527.41785714286,71235.74642857142,2026-04-10T07:50:00+00:00,71527.41785714286,2026-04-10T08:05:00+00:00,-934.6232731569605,stop_loss
BTCUSD,BUY,11.014832011652082,71827.15,71743.57142857142,72077.88571428572,2026-04-10T09:15:00+00:00,71743.57142857142,2026-04-10T10:05:00+00:00,-920.6039240596061,stop_loss
BTCUSD,BUY,16.864999153480518,71912.85,71859.08214285715,72074.15357142857,2026-04-10T10:50:00+00:00,72074.15357142857,2026-04-10T11:05:00+00:00,2720.3845955961365,take_profit
BTCUSD,BUY,38.06717038122888,72956.9,72932.00714285714,73031.57857142856,2026-04-11T12:00:00+00:00,72932.00714285714,2026-04-11T12:10:00+00:00,-947.600634132654,stop_loss
BTCUSD,BUY,25.24859964194969,72995.05,72958.08214285715,73105.95357142857,2026-04-11T12:40:00+00:00,72958.08214285715,2026-04-11T13:00:00+00:00,-933.3866246206641,stop_loss
BTCUSD,SELL,18.32097580744313,72791.5,72841.68214285714,72640.95357142857,2026-04-11T13:05:00+00:00,72640.95357142857,2026-04-11T13:10:00+00:00,2758.1574757540625,take_profit
BTCUSD,SELL,14.908683909806184,72637.4,72701.84285714285,72444.07142857142,2026-04-11T13:10:00+00:00,72701.84285714285,2026-04-11T13:15:00+00:00,-960.7581873876652,stop_loss
BTCUSD,SELL,21.029929212818892,71600.5,71645.5,71465.5,2026-04-12T09:00:00+00:00,71645.5,2026-04-12T09:20:00+00:00,-946.3468145768502,stop_loss
BTCUSD,SELL,22.25464285984694,71559.95,71601.83571428571,71434.29285714285,2026-04-12T09:45:00+00:00,71601.83571428571,2026-04-12T10:05:00+00:00,-932.1516123581973,stop_loss
BTCUSD,SELL,21.079650269629038,71527.75,71571.30714285714,71397.07857142857,2026-04-12T10:45:00+00:00,71397.07857142857,2026-04-12T10:55:00+00:00,2754.5080145184734,take_profit
BTCUSD,SELL,13.152021753040549,71176.2,71249.15357142857,70957.33928571429,2026-04-12T12:50:00+00:00,70957.33928571429,2026-04-12T13:45:00+00:00,2878.4608751716137,take_profit
BTCUSD,SELL,13.021004778306644,70697.05,70774.05357142858,70466.03928571429,2026-04-13T08:15:00+00:00,70774.05357142858,2026-04-13T08:25:00+00:00,-1002.6638715181759,stop_loss
BTCUSD,SELL,13.050861096073541,70617.05,70692.725,70390.02500000001,2026-04-13T08:40:00+00:00,70692.725,2026-04-13T08:55:00+00:00,-987.6239134454032,stop_loss
BTCUSD,BUY,14.52186785350797,71026.35,70959.36071428572,71227.31785714286,2026-04-13T12:05:00+00:00,70959.36071428572,2026-04-13T12:15:00+00:00,-972.8095547437223,stop_loss
BTCUSD,BUY,10.029564322766069,71216.55,71121.01071428572,71503.16785714286,2026-04-13T12:50:00+00:00,71121.01071428572,2026-04-13T12:55:00+00:00,-958.2174114225664,stop_loss
BTCUSD,BUY,13.423902172516211,74624.6,74554.28928571429,74835.53214285715,2026-04-14T07:00:00+00:00,74835.53214285715,2026-04-14T07:05:00+00:00,2831.532450753489,take_profit
BTCUSD,BUY,10.894662446782643,74949.6,74859.06785714286,75221.19642857143,2026-04-14T07:05:00+00:00,74859.06785714286,2026-04-14T07:10:00+00:00,-986.3171370125301,stop_loss
BTCUSD,BUY,9.707942842441874,74625.9,74525.825,74926.12499999999,2026-04-14T13:00:00+00:00,74926.12499999999,2026-04-14T13:35:00+00:00,2914.567139872027,take_profit
BTCUSD,BUY,6.705369825341062,75254.7,75103.29285714285,75708.92142857143,2026-04-14T13:40:00+00:00,75708.92142857143,2026-04-14T14:15:00+00:00,3045.7226611661704,take_profit
BTCUSD,SELL,16.277231975472787,73889.5,73954.67857142858,73693.96428571428,2026-04-15T07:05:00+00:00,73954.67857142858,2026-04-15T07:10:00+00:00,-1060.9267269729153,stop_loss
BTCUSD,SELL,12.228501809557965,73677.65,73763.10714285714,73421.27857142856,2026-04-15T07:15:00+00:00,73763.10714285714,2026-04-15T07:50:00+00:00,-1045.0128260683216,stop_loss
BTCUSD,SELL,12.47681980214905,73929.5,74012.0,73682.0,2026-04-15T10:25:00+00:00,74012.0,2026-04-15T10:40:00+00:00,-1029.3376336772967,stop_loss
BTCUSD,BUY,9.545453056999152,74472.5,74366.28214285715,74791.15357142857,2026-04-15T12:35:00+00:00,74366.28214285715,2026-04-15T12:40:00+00:00,-1013.8975691721373,stop_loss
BTCUSD,SELL,12.610279575093791,74557.3,74636.49642857142,74319.71071428573,2026-04-16T08:05:00+00:00,74636.49642857142,2026-04-16T08:15:00+00:00,-998.6891056345553,stop_loss
BTCUSD,SELL,11.542490689938044,74442.1,74527.32500000001,74186.425,2026-04-16T10:10:00+00:00,74527.32500000001,2026-04-16T10:25:00+00:00,-983.708769050037,stop_loss
BTCUSD,SELL,9.657111073681339,74294.95,74395.28571428571,73993.94285714284,2026-04-16T10:45:00+00:00,74395.28571428571,2026-04-16T10:55:00+00:00,-968.9531375142863,stop_loss
BTCUSD,BUY,12.541640478997131,74755.05,74678.95000000001,74983.34999999999,2026-04-16T12:00:00+00:00,74678.95000000001,2026-04-16T12:05:00+00:00,-954.4188404515721,stop_loss
BTCUSD,BUY,14.373871905015305,75013.6,74948.19642857143,75209.81071428572,2026-04-17T07:00:00+00:00,75209.81071428572,2026-04-17T08:30:00+00:00,2820.3076735343957,take_profit
BTCUSD,BUY,11.262908259649329,75377.4,75290.175,75639.07499999998,2026-04-17T08:30:00+00:00,75290.175,2026-04-17T08:35:00+00:00,-982.4071729478144,stop_loss
BTCUSD,BUY,7.369924336280089,75565.45,75434.15,75959.34999999999,2026-04-17T08:45:00+00:00,75959.34999999999,2026-04-17T09:15:00+00:00,2903.013196060684,take_profit
BTCUSD,BUY,4.704581844384903,76299.8,76084.85714285714,76944.62857142858,2026-04-17T09:25:00+00:00,76084.85714285714,2026-04-17T09:30:00+00:00,-1011.2162632945074,stop_loss
BTCUSD,SELL,17.516231969390358,76839.25,76896.11428571428,76668.65714285715,2026-04-18T08:10:00+00:00,76668.65714285715,2026-04-18T08:30:00+00:00,2988.144058035269,take_profit
BTCUSD,SELL,11.368530599952251,76635.05,76726.60714285714,76360.37857142858,2026-04-18T08:30:00+00:00,76726.60714285714,2026-04-18T08:50:00+00:00,-1040.8701802156188,stop_loss
BTCUSD,SELL,7.843282853022558,76502.35,76633.06785714286,76110.19642857142,2026-04-18T09:05:00+00:00,76633.06785714286,2026-04-18T09:30:00+00:00,-1025.2571275123846,stop_loss
BTCUSD,SELL,9.496118338580601,76419.95,76526.29642857143,76100.9107142857,2026-04-18T10:00:00+00:00,76100.9107142857,2026-04-18T11:00:00+00:00,3029.6348117992347,take_profit
BTCUSD,SELL,16.87263073017097,75273.9,75336.44642857142,75086.2607142857,2026-04-19T07:05:00+00:00,75086.2607142857,2026-04-19T07:20:00+00:00,3165.9683783303076,take_profit
BTCUSD,SELL,14.784422539810418,75043.5,75118.09285714285,74819.72142857143,2026-04-19T07:20:00+00:00,75118.09285714285,2026-04-19T07:30:00+00:00,-1102.8123184516419,stop_loss
BTCUSD,BUY,12.242619442480043,75646.05,75557.32142857143,75912.23571428572,2026-04-19T11:50:00+00:00,75557.32142857143,2026-04-19T12:10:00+00:00,-1086.270133674867,stop_loss
BTCUSD,BUY,10.896283064830309,75707.3,75609.10357142857,76001.8892857143,2026-04-19T12:10:00+00:00,75609.10357142857,2026-04-19T12:25:00+00:00,-1069.9760816697442,stop_loss
BTCUSD,BUY,8.5382617708622,74937.85,74814.4142857143,75308.15714285715,2026-04-20T07:15:00+00:00,75308.15714285715,2026-04-20T07:20:00+00:00,3161.779321334343,take_profit
BTCUSD,BUY,6.6894916695402005,75408.05,75243.41071428572,75901.96785714285,2026-04-20T07:20:00+00:00,75243.41071428572,2026-04-20T07:25:00+00:00,-1101.3531302647132,stop_loss
BTCUSD,BUY,8.636221805044123,75187.6,75061.98571428572,75564.44285714287,2026-04-20T09:40:00+00:00,75061.98571428572,2026-04-20T09:50:00+00:00,-1084.8328333107424,stop_loss
BTCUSD,BUY,8.463604860600547,75294.15,75167.89642857142,75672.91071428571,2026-04-20T10:05:00+00:00,75167.89642857142,2026-04-20T10:45:00+00:00,-1068.5603408110812,stop_loss
BTCUSD,BUY,11.425927266920647,76158.55,76066.43214285714,76434.90357142857,2026-04-21T07:20:00+00:00,76066.43214285714,2026-04-21T07:30:00+00:00,-1052.531935698915,stop_loss
BTCUSD,BUY,8.654730266412978,76361.6,76241.81071428572,76720.96785714287,2026-04-21T08:20:00+00:00,76720.96785714287,2026-04-21T08:45:00+00:00,3110.2318699902935,take_profit
BTCUSD,BUY,8.104279386597256,76683.85,76550.16785714286,77084.89642857143,2026-04-21T08:45:00+00:00,76550.16785714286,2026-04-21T08:55:00+00:00,-1083.3974347132857,stop_loss
BTCUSD,BUY,11.1609522073035,76866.65,76771.03571428571,77153.49285714286,2026-04-21T10:50:00+00:00,76771.03571428571,2026-04-21T11:00:00+00:00,-1067.1464731925862,stop_loss
BTCUSD,BUY,13.958690884825216,78243.2,78167.89642857143,78469.11071428572,2026-04-22T11:00:00+00:00,78167.89642857143,2026-04-22T11:05:00+00:00,-1051.1392760946976,stop_loss
BTCUSD,BUY,12.316433526507494,78336.95,78252.88571428572,78589.14285714286,2026-04-22T11:25:00+00:00,78252.88571428572,2026-04-22T11:35:00+00:00,-1035.3721869532772,stop_loss
BTCUSD,BUY,9.702876288199397,78450.55,78345.44285714286,78765.87142857142,2026-04-22T12:10:00+00:00,78345.44285714286,2026-04-22T12:15:00+00:00,-1019.8416041489781,stop_loss
BTCUSD,BUY,6.390809652464781,78873.15,78715.96428571428,79344.70714285714,2026-04-22T13:55:00+00:00,78715.96428571428,2026-04-22T14:30:00+00:00,-1004.5439800867433,stop_loss
BTCUSD,SELL,10.152188703111468,77889.3,77986.7642857143,77596.90714285713,2026-04-23T08:30:00+00:00,77596.90714285713,2026-04-23T09:05:00+00:00,2968.4274611563264,take_profit
BTCUSD,SELL,8.91655759300185,77564.6,77680.5642857143,77216.70714285714,2026-04-23T09:05:00+00:00,77680.5642857143,2026-04-23T09:15:00+00:00,-1034.0022323027872,stop_loss
BTCUSD,SELL,7.311689246189109,77331.75,77471.04642857143,76913.8607142857,2026-04-23T10:05:00+00:00,77471.04642857143,2026-04-23T10:45:00+00:00,-1018.4921988182455,stop_loss
BTCUSD,SELL,6.876043974201589,77445.4,77591.29999999999,77007.69999999998,2026-04-23T13:50:00+00:00,77591.29999999999,2026-04-23T13:55:00+00:00,-1003.2148158359718,stop_loss
BTCUSD,SELL,8.6394381504886,77465.95,77580.32857142857,77122.81428571428,2026-04-24T09:05:00+00:00,77580.32857142857,2026-04-24T09:15:00+00:00,-988.166593598432,stop_loss
BTCUSD,BUY,11.81498879414141,77975.85,77893.46785714287,78222.99642857144,2026-04-24T11:00:00+00:00,78222.99642857144,2026-04-24T11:05:00+00:00,2920.0322840835383,take_profit
BTCUSD,BUY,9.749768310143658,78142.55,78038.225,78455.52500000001,2026-04-24T11:05:00+00:00,78455.52500000001,2026-04-24T13:10:00+00:00,3051.433736867268,take_profit
BTCUSD,SELL,6.870821493269152,78022.5,78177.2,77558.40000000001,2026-04-24T13:50:00+00:00,78177.2,2026-04-24T15:45:00+00:00,-1062.9160850087178,stop_loss
BTCUSD,SELL,29.169378730887694,77481.75,77517.64285714286,77374.07142857143,2026-04-25T07:00:00+00:00,77517.64285714286,2026-04-25T07:15:00+00:00,-1046.972343733587,stop_loss
BTCUSD,BUY,32.23791139909995,77750.85,77718.86071428572,77846.81785714286,2026-04-25T09:35:00+00:00,77846.81785714286,2026-04-25T10:25:00+00:00,3093.803275732749,take_profit
BTCUSD,BUY,27.324906833273182,77848.1,77808.66071428572,77966.41785714285,2026-04-25T10:25:00+00:00,77808.66071428572,2026-04-25T11:00:00+00:00,-1077.6748077135742,stop_loss
BTCUSD,SELL,26.05616831484316,77634.9,77675.63928571428,77512.68214285713,2026-04-25T12:25:00+00:00,77675.63928571428,2026-04-25T13:40:00+00:00,-1061.5096855978707,stop_loss
BTCUSD,BUY,27.49735806217127,78079.8,78041.77500000001,78193.875,2026-04-26T07:50:00+00:00,78193.875,2026-04-26T08:35:00+00:00,3136.7611209421075,take_profit
BTCUSD,BUY,27.32328016396019,78167.25,78127.26071428572,78287.21785714285,2026-04-26T08:35:00+00:00,78127.26071428572,2026-04-26T08:40:00+00:00,-1092.6384571280341,stop_loss
BTCUSD,BUY,37.87227428375534,78121.1,78092.68214285714,78206.35357142858,2026-04-26T11:20:00+00:00,78092.68214285714,2026-04-26T11:35:00+00:00,-1076.2488802711134,stop_loss
BTCUSD,BUY,16.722785418522978,78076.7,78013.30714285714,78266.87857142856,2026-04-26T14:20:00+00:00,78013.30714285714,2026-04-26T16:45:00+00:00,-1060.1051470670468,stop_loss
BTCUSD,SELL,17.44596930372383,77664.4,77724.25357142856,77484.83928571429,2026-04-27T12:35:00+00:00,77724.25357142856,2026-04-27T12:40:00+00:00,-1044.203569861041,stop_loss
BTCUSD,BUY,6.980085425426734,78222.4,78075.04642857143,78664.4607142857,2026-04-27T14:45:00+00:00,78075.04642857143,2026-04-27T14:50:00+00:00,-1028.5405163131254,stop_loss
BTCUSD,SELL,5.698846342671701,77365.35,77543.125,76832.02500000001,2026-04-27T15:00:00+00:00,77543.125,2026-04-27T15:05:00+00:00,-1013.1124085684286,stop_loss
BTCUSD,SELL,4.693155555086375,76981.5,77194.13214285714,76343.60357142858,2026-04-27T15:15:00+00:00,76803.65,2026-04-27T19:15:00+00:00,834.6777154721391,max_hold
BTCUSD,SELL,12.074174150227899,76556.7,76640.38571428572,76305.64285714286,2026-04-28T07:10:00+00:00,76640.38571428572,2026-04-28T07:20:00+00:00,-1010.4358881719843,stop_loss
BTCUSD,SELL,14.725401213094642,76580.5,76648.08928571429,76377.73214285714,2026-04-28T09:45:00+00:00,76648.08928571429,2026-04-28T10:00:00+00:00,-995.2793498494044,stop_loss
BTCUSD,SELL,15.133030745269563,76475.2,76539.98214285714,76280.85357142857,2026-04-28T11:05:00+00:00,76280.85357142857,2026-04-28T11:25:00+00:00,2941.05047880477,take_profit
BTCUSD,SELL,12.62046093974374,76211.45,76292.625,75967.925,2026-04-28T11:35:00+00:00,76292.625,2026-04-28T12:10:00+00:00,-1024.4659167837349,stop_loss
BTCUSD,BUY,19.094931394806505,77215.75,77162.90357142857,77374.28928571429,2026-04-29T09:30:00+00:00,77374.28928571429,2026-04-29T09:45:00+00:00,3027.2967840959363,take_profit
BTCUSD,BUY,13.679686172264722,77644.0,77566.91428571429,77875.25714285714,2026-04-29T09:45:00+00:00,77875.25714285714,2026-04-29T10:25:00+00:00,3163.525139380253,take_profit
BTCUSD,BUY,8.719279733449097,77884.85,77758.46785714287,78263.99642857144,2026-04-29T10:25:00+00:00,77758.46785714287,2026-04-29T10:35:00+00:00,-1101.9612568841217,stop_loss
BTCUSD,SELL,10.09972466597898,76657.65,76765.12142857142,76335.2357142857,2026-04-29T13:30:00+00:00,76765.12142857142,2026-04-29T13:35:00+00:00,-1085.4318380308596,stop_loss
BTCUSD,BUY,15.547239726248774,76174.5,76105.73214285714,76380.80357142858,2026-04-30T09:25:00+00:00,76105.73214285714,2026-04-30T09:40:00+00:00,-1069.1503604603968,stop_loss
BTCUSD,SELL,12.574484836459593,75962.55,76046.3,75711.3,2026-04-30T10:25:00+00:00,76046.3,2026-04-30T10:30:00+00:00,-1053.113105053491,stop_loss
BTCUSD,SELL,15.144884470421156,75904.45,75972.94285714286,75698.97142857143,2026-04-30T11:40:00+00:00,75972.94285714286,2026-04-30T11:45:00+00:00,-1037.3164084776886,stop_loss
BTCUSD,BUY,11.953366151005167,76331.3,76245.82142857143,76587.73571428572,2026-04-30T12:20:00+00:00,76245.82142857143,2026-04-30T12:40:00+00:00,-1021.7566623505232,stop_loss
BTCUSD,BUY,15.275395027984995,77238.1,77172.21428571429,77435.75714285715,2026-05-01T08:10:00+00:00,77435.75714285715,2026-05-01T08:20:00+00:00,3019.290937245796,take_profit
BTCUSD,BUY,13.487290895517045,77467.65,77389.67142857143,77701.58571428571,2026-05-01T08:20:00+00:00,77389.67142857143,2026-05-01T08:35:00+00:00,-1051.7196764739522,stop_loss
BTCUSD,BUY,16.69723041512117,77413.25,77351.20714285714,77599.37857142858,2026-05-01T11:15:00+00:00,77351.20714285714,2026-05-01T11:25:00+00:00,-1035.943881326843,stop_loss
BTCUSD,BUY,10.674487128071366,77675.8,77580.20714285715,77962.57857142857,2026-05-01T12:15:00+00:00,77962.57857142857,2026-05-01T12:30:00+00:00,3061.214169320976,take_profit
BTCUSD,SELL,44.06943497874751,78173.1,78197.29642857144,78100.51071428572,2026-05-02T11:10:00+00:00,78197.29642857144,2026-05-02T11:20:00+00:00,-1066.3229356467548,stop_loss
BTCUSD,SELL,37.487809515793096,78163.55,78191.56785714286,78079.49642857142,2026-05-02T11:35:00+00:00,78191.56785714286,2026-05-02T12:25:00+00:00,-1050.3280916120536,stop_loss
BTCUSD,BUY,24.168236915285334,78307.3,78264.49285714286,78435.72142857143,2026-05-02T13:00:00+00:00,78435.72142857143,2026-05-02T14:25:00+00:00,3103.7195107136185,take_profit
BTCUSD,BUY,35.87108776057953,78478.65,78448.5107142857,78569.06785714286,2026-05-02T15:55:00+00:00,78569.06785714286,2026-05-02T16:15:00+00:00,3243.3868886952096,take_profit
BTCUSD,BUY,24.83032453250561,78355.1,78309.6,78491.60000000002,2026-05-03T07:00:00+00:00,78491.60000000002,2026-05-03T09:25:00+00:00,3389.3392986873773,take_profit
BTCUSD,BUY,34.34173692070397,78497.6,78463.22142857144,78600.7357142857,2026-05-03T09:25:00+00:00,78463.22142857144,2026-05-03T09:30:00+00:00,-1180.619855709316,stop_loss
BTCUSD,BUY,28.587792467487205,78593.25,78552.57142857143,78715.28571428571,2026-05-03T09:35:00+00:00,78552.57142857143,2026-05-03T09:40:00+00:00,-1162.9105578736762,stop_loss
BTCUSD,BUY,25.086486653233408,78712.65,78666.98928571428,78849.63214285714,2026-05-03T11:40:00+00:00,78666.98928571428,2026-05-03T11:55:00+00:00,-1145.466899505571,stop_loss
BTCUSD,BUY,14.69325942438172,79905.2,79828.41071428571,80135.56785714286,2026-05-04T09:50:00+00:00,79828.41071428571,2026-05-04T09:55:00+00:00,-1128.2848960129875,stop_loss
BTCUSD,SELL,7.001326875768253,78817.75,78976.4857142857,78341.54285714286,2026-05-04T10:05:00+00:00,78341.54285714286,2026-05-04T10:20:00+00:00,3334.0818677184798,take_profit
BTCUSD,SELL,5.768130377550866,78253.25,78454.59285714285,77649.22142857143,2026-05-04T10:20:00+00:00,78454.59285714285,2026-05-04T10:25:00+00:00,-1161.37185058857,stop_loss
BTCUSD,SELL,7.663564848127104,78532.95,78682.22142857143,78085.1357142857,2026-05-04T14:05:00+00:00,78682.22142857143,2026-05-04T14:10:00+00:00,-1143.9512728297414,stop_loss
BTCUSD,BUY,18.74305002355035,80847.95,80787.83214285714,81028.30357142857,2026-05-05T11:05:00+00:00,81028.30357142857,2026-05-05T11:35:00+00:00,3380.376011211613,take_profit
BTCUSD,BUY,14.20383165145419,81029.7,80946.8,81278.4,2026-05-05T11:35:00+00:00,80946.8,2026-05-05T11:50:00+00:00,-1177.4976439054697,stop_loss
BTCUSD,BUY,13.122958346027488,81233.1,81144.71785714287,81498.24642857144,2026-05-05T12:25:00+00:00,81498.24642857144,2026-05-05T13:00:00+00:00,3479.5055377408535,take_profit
BTCUSD,BUY,12.690441008438164,81485.85,81390.34285714287,81772.37142857142,2026-05-05T13:00:00+00:00,81390.34285714287,2026-05-05T13:30:00+00:00,-1212.0277623130003,stop_loss
BTCUSD,BUY,16.27682995792587,81557.35,81484.00357142858,81777.3892857143,2026-05-06T07:05:00+00:00,81484.00357142858,2026-05-06T07:10:00+00:00,-1193.8473458783053,stop_loss
BTCUSD,BUY,12.722685393866259,81724.2,81631.77142857143,82001.48571428572,2026-05-06T08:30:00+00:00,81631.77142857143,2026-05-06T08:35:00+00:00,-1175.9396356901307,stop_loss
BTCUSD,BUY,9.298817349714719,81923.55,81798.98571428572,82297.24285714286,2026-05-06T08:50:00+00:00,81798.98571428572,2026-05-06T09:00:00+00:00,-1158.3005411547788,stop_loss
BTCUSD,BUY,7.0777049195873305,82009.7,81848.5,82493.3,2026-05-06T09:35:00+00:00,81848.5,2026-05-06T09:45:00+00:00,-1140.926033037457,stop_loss
BTCUSD,BUY,10.82149390988765,81659.1,81555.25,81970.65000000001,2026-05-07T07:10:00+00:00,81555.25,2026-05-07T07:30:00+00:00,-1123.8121425418954,stop_loss
BTCUSD,SELL,12.604098609778578,81260.25,81348.075,80996.775,2026-05-07T08:40:00+00:00,80996.775,2026-05-07T09:25:00+00:00,3320.8648812114843,take_profit
BTCUSD,SELL,14.34306179320549,81029.2,81109.84999999999,80787.25,2026-05-07T09:25:00+00:00,80787.25,2026-05-07T10:25:00+00:00,3470.3038008660264,take_profit
BTCUSD,SELL,11.474347324488491,80610.35,80715.70000000001,80294.30000000002,2026-05-07T10:25:00+00:00,80715.70000000001,2026-05-07T10:30:00+00:00,-1208.8224906349294,stop_loss
BTCUSD,SELL,15.050254736236933,79426.9,79506.01428571428,79189.55714285714,2026-05-08T07:00:00+00:00,79506.01428571428,2026-05-08T07:35:00+00:00,-1190.6901532754055,stop_loss
BTCUSD,BUY,14.907274241833253,80053.0,79974.325,80289.025,2026-05-08T10:35:00+00:00,80289.025,2026-05-08T11:00:00+00:00,3518.489402928607,take_profit
BTCUSD,SELL,10.824869086040493,79891.95,80005.17142857143,79552.28571428571,2026-05-08T13:05:00+00:00,79552.28571428571,2026-05-08T13:45:00+00:00,3676.8214260606105,take_profit
BTCUSD,SELL,32.98194148395462,80175.4,80214.23214285714,80058.90357142856,2026-05-09T10:05:00+00:00,80214.23214285714,2026-05-09T10:15:00+00:00,-1280.7594634111126,stop_loss
BTCUSD,BUY,40.57822630772402,80388.6,80357.51071428572,80481.86785714286,2026-05-09T12:20:00+00:00,80357.51071428572,2026-05-09T12:30:00+00:00,-1261.548071459946,stop_loss
BTCUSD,BUY,35.568897782519684,80417.3,80382.36428571428,80522.10714285716,2026-05-09T13:10:00+00:00,80382.36428571428,2026-05-09T13:20:00+00:00,-1242.6248503880468,stop_loss
BTCUSD,BUY,22.139272205235727,80437.95,80382.66428571429,80603.80714285714,2026-05-09T15:30:00+00:00,80603.80714285714,2026-05-09T16:10:00+00:00,3671.956432897,take_profit
BTCUSD,BUY,39.390469726703266,80817.85,80785.37857142858,80915.2642857143,2026-05-10T08:20:00+00:00,80785.37857142858,2026-05-10T09:35:00+00:00,-1279.064824125681,stop_loss
BTCUSD,BUY,23.784120718302326,80931.0,80878.02857142857,81089.91428571429,2026-05-10T11:00:00+00:00,80878.02857142857,2026-05-10T11:05:00+00:00,-1259.8788517637959,stop_loss
BTCUSD,BUY,33.57891257407397,80959.55,80922.59285714287,81070.42142857143,2026-05-10T13:20:00+00:00,80922.59285714287,2026-05-10T14:05:00+00:00,-1240.9806689873387,stop_loss
BTCUSD,BUY,20.489850844509064,81040.15,80980.49285714285,81219.12142857142,2026-05-10T15:00:00+00:00,80980.49285714285,2026-05-10T15:05:00+00:00,-1222.3659589525287,stop_loss
BTCUSD,SELL,15.684044265136848,80734.05,80810.81785714286,80503.74642857144,2026-05-11T07:00:00+00:00,80810.81785714286,2026-05-11T07:15:00+00:00,-1204.0304695682407,stop_loss
BTCUSD,SELL,16.35820706930644,80646.4,80718.9,80428.9,2026-05-11T08:05:00+00:00,80718.9,2026-05-11T08:10:00+00:00,-1185.970012524717,stop_loss
BTCUSD,BUY,18.355248566460588,81120.4,81056.75714285714,81311.32857142856,2026-05-11T10:15:00+00:00,81056.75714285714,2026-05-11T10:35:00+00:00,-1168.1804623368464,stop_loss
BTCUSD,BUY,15.252043718637504,81297.15,81221.70714285714,81523.47857142857,2026-05-11T12:20:00+00:00,81221.70714285714,2026-05-11T12:35:00+00:00,-1150.6577554017936,stop_loss
BTCUSD,SELL,18.448518133925763,80901.1,80962.53571428572,80716.79285714286,2026-05-12T07:00:00+00:00,80962.53571428572,2026-05-12T07:05:00+00:00,-1133.3978890707665,stop_loss
BTCUSD,SELL,11.97070952421062,80855.05,80948.31071428572,80575.26785714286,2026-05-12T07:45:00+00:00,80575.26785714286,2026-05-12T11:05:00+00:00,3349.190762204116,take_profit
BTCUSD,SELL,14.548511958624387,80510.9,80591.08928571428,80270.33214285714,2026-05-12T11:15:00+00:00,80591.08928571428,2026-05-12T11:25:00+00:00,-1166.6347821677668,stop_loss
BTCUSD,SELL,10.324665412715365,80434.5,80545.8,80100.59999999999,2026-05-12T13:55:00+00:00,80545.8,2026-05-12T14:00:00+00:00,-1149.1352604352503,stop_loss
BTCUSD,BUY,18.352626372576704,81127.7,81066.025,81312.72499999999,2026-05-13T08:40:00+00:00,81066.025,2026-05-13T10:25:00+00:00,-1131.8982315287217,stop_loss
BTCUSD,SELL,17.28366361729817,80822.1,80886.60714285714,80628.57857142857,2026-05-13T10:40:00+00:00,80628.57857142857,2026-05-13T11:05:00+00:00,3344.759274167624,take_profit
BTCUSD,SELL,15.918099014693164,80637.9,80711.09285714285,80418.32142857142,2026-05-13T11:05:00+00:00,80418.32142857142,2026-05-13T12:20:00+00:00,3495.273441504915,take_profit
BTCUSD,SELL,12.730336071601661,80246.2,80341.83928571429,79959.28214285713,2026-05-13T12:20:00+00:00,80341.83928571429,2026-05-13T12:25:00+00:00,-1217.520248790879,stop_loss
BTCUSD,SELL,16.74439436603918,79634.25,79705.87142857142,79419.38571428572,2026-05-14T08:00:00+00:00,79705.87142857142,2026-05-14T08:05:00+00:00,-1199.2574450590157,stop_loss
BTCUSD,SELL,16.53776016736527,79585.15,79656.57857142856,79370.86428571428,2026-05-14T09:35:00+00:00,79656.57857142856,2026-05-14T10:00:00+00:00,-1181.2685833831304,stop_loss
BTCUSD,SELL,11.49387459153504,79415.5,79516.73214285714,79111.80357142857,2026-05-14T10:40:00+00:00,79516.73214285714,2026-05-14T10:50:00+00:00,-1163.5495546323834,stop_loss
BTCUSD,SELL,12.52173275977887,79325.9,79417.42857142857,79051.31428571428,2026-05-14T11:25:00+00:00,79417.42857142857,2026-05-14T12:25:00+00:00,-1146.0963113128978,stop_loss
BTCUSD,BUY,11.12260680038404,80898.45,80796.95357142857,81202.93928571428,2026-05-15T07:20:00+00:00,80796.95357142857,2026-05-15T07:30:00+00:00,-1128.9048666432043,stop_loss
BTCUSD,SELL,13.17445784370149,80389.8,80474.20357142857,80136.58928571429,2026-05-15T09:50:00+00:00,80474.20357142857,2026-05-15T09:55:00+00:00,-1111.9712936435562,stop_loss
BTCUSD,SELL,10.207411642100537,80352.9,80460.20357142856,80030.98928571428,2026-05-15T12:50:00+00:00,80030.98928571428,2026-05-15T13:25:00+00:00,3285.875172716857,take_profit
BTCUSD,SELL,10.84175773045618,79997.05,80102.62142857144,79680.33571428573,2026-05-15T13:25:00+00:00,79680.33571428573,2026-05-15T13:30:00+00:00,3433.739555488652,take_profit
BTCUSD,SELL,13.90508883725821,78614.1,78700.11785714286,78356.04642857144,2026-05-16T07:00:00+00:00,78356.04642857144,2026-05-16T07:10:00+00:00,3588.257835485956,take_profit
BTCUSD,SELL,10.659886922554318,78217.15,78334.40357142857,77865.38928571428,2026-05-16T07:10:00+00:00,78334.40357142857,2026-05-16T07:20:00+00:00,-1249.9098126942747,stop_loss
BTCUSD,SELL,14.417612979552045,77934.9,78020.29285714285,77678.72142857143,2026-05-16T09:15:00+00:00,78020.29285714285,2026-05-16T09:20:00+00:00,-1231.1611655038607,stop_loss
BTCUSD,SELL,9.509991582298566,77851.95,77979.46785714285,77469.39642857143,2026-05-16T10:05:00+00:00,77979.46785714285,2026-05-16T11:00:00+00:00,-1212.6937480213028,stop_loss
BTCUSD,BUY,33.346055404222625,78186.75,78150.92857142858,78294.21428571428,2026-05-17T09:50:00+00:00,78294.21428571428,2026-05-17T10:00:00+00:00,3583.5100254034346,take_profit
BTCUSD,BUY,27.453591847538142,78285.8,78240.33214285715,78422.20357142857,2026-05-17T10:00:00+00:00,78422.20357142857,2026-05-17T10:10:00+00:00,3744.7679765465036,take_profit
BTCUSD,BUY,22.59587375108179,78420.45,78362.72142857143,78593.6357142857,2026-05-17T10:10:00+00:00,78362.72142857143,2026-05-17T11:00:00+00:00,-1304.427511830232,stop_loss
BTCUSD,SELL,22.2404245649578,78130.45,78188.22142857143,77957.13571428572,2026-05-17T14:00:00+00:00,77957.13571428572,2026-05-17T14:15:00+00:00,3854.5832974580126,take_profit
