instrument,action,size,entry_price,stop_loss,take_profit,entry_time,exit_price,exit_time,pnl,exit_reason
BTCUSD,SELL,0.47079923775363347,91027.1,91186.40357142857,90549.1892857143,2025-11-18T12:10:00+00:00,91186.40357142857,2025-11-18T12:15:00+00:00,-75.0,stop_loss
BTCUSD,BUY,0.40574735190269307,91707.65,91525.57857142856,92253.86428571428,2025-11-18T12:40:00+00:00,91525.57857142856,2025-11-18T12:50:00+00:00,-73.875,stop_loss
BTCUSD,SELL,0.3860531102563651,90988.3,91176.78928571429,90422.83214285714,2025-11-18T13:35:00+00:00,91176.78928571429,2025-11-18T13:40:00+00:00,-72.766875,stop_loss
BTCUSD,BUY,0.26822822636691945,91962.05,91694.83214285714,92763.70357142859,2025-11-18T14:30:00+00:00,91694.83214285714,2025-11-18T14:40:00+00:00,-71.675371875,stop_loss
BTCUSD,SELL,0.4022478341837092,91135.65,91311.16428571429,90609.10714285713,2025-11-19T14:05:00+00:00,91311.16428571429,2025-11-19T14:10:00+00:00,-70.600241296875,stop_loss
BTCUSD,SELL,0.35426644378360667,91061.9,91258.19642857142,90473.0107142857,2025-11-19T14:25:00+00:00,91258.19642857142,2025-11-19T14:30:00+00:00,-69.54123767742188,stop_loss
BTCUSD,BUY,0.23163615158735126,92157.45,91861.7357142857,93044.59285714285,2025-11-19T15:05:00+00:00,91861.7357142857,2025-11-19T15:20:00+00:00,-68.49811911226055,stop_loss
BTCUSD,SELL,0.1819509120877733,90673.8,91044.61785714286,89561.34642857143,2025-11-19T15:30:00+00:00,89561.34642857143,2025-11-19T16:25:00+00:00,202.4119419767299,take_profit
BTCUSD,SELL,0.23430589040036187,90963.15,91264.06785714286,90060.39642857142,2025-11-20T14:00:00+00:00,91264.06785714286,2025-11-20T14:20:00+00:00,-70.5068264552276,stop_loss
BTCUSD,SELL,0.17071631011572205,90308.65,90715.46071428571,89088.21785714285,2025-11-20T15:10:00+00:00,90715.46071428571,2025-11-20T15:20:00+00:00,-69.44922405839918,stop_loss
BTCUSD,SELL,0.18997932986160124,90094.55,90454.62857142858,89014.31428571428,2025-11-20T15:50:00+00:00,89014.31428571428,2025-11-20T16:05:00+00:00,205.22245709256956,take_profit
BTCUSD,SELL,0.18340447070714624,88852.35,89242.12142857144,87683.03571428572,2025-11-20T16:05:00+00:00,87683.03571428572,2025-11-20T16:55:00+00:00,214.45746766173252,take_profit
BTCUSD,SELL,0.4116336379595179,85309.4,85490.87857142856,84764.96428571429,2025-11-21T07:15:00+00:00,84764.96428571429,2025-11-21T07:30:00+00:00,224.10805370651315,take_profit
BTCUSD,SELL,0.1934319652466976,83367.4,83770.97499999999,82156.675,2025-11-21T07:30:00+00:00,83770.97499999999,2025-11-21T07:35:00+00:00,-78.06430537443542,stop_loss
BTCUSD,SELL,0.27542004070856646,82537.55,82816.7357142857,81699.99285714288,2025-11-21T09:40:00+00:00,81699.99285714288,2025-11-21T10:00:00+00:00,230.68002238146067,take_profit
BTCUSD,SELL,0.24369602179575897,81809.8,82139.52857142857,80820.6142857143,2025-11-21T10:00:00+00:00,82139.52857142857,2025-11-21T10:05:00+00:00,-80.3535411295408,stop_loss
BTCUSD,SELL,0.46005909454915184,83765.3,83937.33928571429,83249.18214285714,2025-11-22T10:20:00+00:00,83937.33928571429,2025-11-22T11:05:00+00:00,-79.14823801259769,stop_loss
BTCUSD,BUY,0.4786974856664412,84376.05,84213.1892857143,84864.63214285715,2025-11-22T14:10:00+00:00,84213.1892857143,2025-11-22T14:45:00+00:00,-77.96101444240871,stop_loss
BTCUSD,BUY,0.5224172161722089,84765.7,84618.70714285714,85206.67857142858,2025-11-22T16:40:00+00:00,84618.70714285714,2025-11-22T16:50:00+00:00,-76.79159922577259,stop_loss
BTCUSD,BUY,0.6291326956531804,86093.35,85973.12142857144,86454.03571428572,2025-11-23T08:55:00+00:00,85973.12142857144,2025-11-23T11:00:00+00:00,-75.639725237386,stop_loss
BTCUSD,BUY,0.5293974577595317,86557.4,86416.66428571429,86979.60714285713,2025-11-23T12:10:00+00:00,86416.66428571429,2025-11-23T13:10:00+00:00,-74.50512935882522,stop_loss
BTCUSD,BUY,0.4091943898911513,86888.35,86709.00357142858,87426.3892857143,2025-11-23T13:55:00+00:00,86709.00357142858,2025-11-23T14:15:00+00:00,-73.38755241844284,stop_loss
BTCUSD,BUY,0.5096255150822652,87225.9,87084.05714285714,87651.42857142857,2025-11-23T16:00:00+00:00,87084.05714285714,2025-11-23T16:10:00+00:00,-72.28673913216619,stop_loss
BTCUSD,SELL,0.4291057586502989,86533.15,86699.08214285714,86035.35357142857,2025-11-24T09:05:00+00:00,86035.35357142857,2025-11-24T09:20:00+00:00,213.6073141355511,take_profit
BTCUSD,SELL,0.41106156644280245,86002.75,86183.76071428572,85459.71785714285,2025-11-24T09:20:00+00:00,86183.76071428572,2025-11-24T11:35:00+00:00,-74.40654775721696,stop_loss
BTCUSD,SELL,0.30348909863409335,85526.5,85767.99285714286,84802.02142857142,2025-11-24T14:40:00+00:00,85767.99285714286,2025-11-24T14:50:00+00:00,-73.29044954085872,stop_loss
BTCUSD,BUY,0.20719900347870723,87042.15,86693.7357142857,88087.39285714284,2025-11-24T16:00:00+00:00,88087.39285714284,2025-11-24T17:55:00+00:00,216.57327839323452,take_profit
BTCUSD,SELL,0.5698784263912899,87394.4,87526.77857142857,86997.26428571426,2025-11-25T07:50:00+00:00,87526.77857142857,2025-11-25T08:20:00+00:00,-75.43969197364434,stop_loss
BTCUSD,SELL,0.5696289505100908,87220.85,87351.3,86829.50000000001,2025-11-25T08:45:00+00:00,86829.50000000001,2025-11-25T09:10:00+00:00,222.92428978211905,take_profit
BTCUSD,SELL,0.6075034664267938,86816.55,86944.37142857144,86433.08571428571,2025-11-25T09:10:00+00:00,86944.37142857144,2025-11-25T09:40:00+00:00,-77.65196094077146,stop_loss
BTCUSD,SELL,0.48845731160826095,87175.05,87331.6392857143,86705.28214285715,2025-11-25T13:35:00+00:00,86705.28214285715,2025-11-25T14:40:00+00:00,229.46154457997258,take_profit
BTCUSD,BUY,0.8960303204828454,87906.85,87817.64642857143,88174.46071428571,2025-11-26T07:55:00+00:00,87817.64642857143,2025-11-26T08:00:00+00:00,-79.92910469535948,stop_loss
BTCUSD,SELL,0.9077392248293028,87287.05,87373.78214285715,87026.85357142858,2025-11-26T09:05:00+00:00,87373.78214285715,2025-11-26T09:10:00+00:00,-78.7301681249291,stop_loss
BTCUSD,SELL,0.9479516444973222,87282.3,87364.10714285714,87036.87857142858,2025-11-26T09:15:00+00:00,87036.87857142858,2025-11-26T09:30:00+00:00,232.64764680916545,take_profit
BTCUSD,SELL,0.8969798982272139,86951.4,87041.74642857142,86680.3607142857,2025-11-26T09:30:00+00:00,86680.3607142857,2025-11-26T10:30:00+00:00,243.11679091557787,take_profit
BTCUSD,BUY,1.129465133242851,91508.2,91433.22142857143,91733.1357142857,2025-11-27T08:50:00+00:00,91733.1357142857,2025-11-27T09:15:00+00:00,254.05704650677885,take_profit
BTCUSD,BUY,1.2062031155443007,91747.05,91673.68214285714,91967.15357142857,2025-11-27T09:15:00+00:00,91673.68214285714,2025-11-27T09:20:00+00:00,-88.49653786652797,stop_loss
BTCUSD,BUY,0.9680460533688607,91799.7,91709.65357142857,92069.83928571428,2025-11-27T09:30:00+00:00,91709.65357142857,2025-11-27T09:45:00+00:00,-87.16908979853004,stop_loss
BTCUSD,BUY,0.5886544150836991,91220.7,91074.83928571428,91658.28214285715,2025-11-27T16:10:00+00:00,91658.28214285715,2025-11-27T18:35:00+00:00,257.5846603546477,take_profit
BTCUSD,SELL,0.9928897972542018,91155.25,91245.61785714286,90884.14642857143,2025-11-28T07:35:00+00:00,90884.14642857143,2025-11-28T07:55:00+00:00,269.175970070601,take_profit
BTCUSD,BUY,1.1902089769798154,91834.7,91755.92142857143,92071.03571428571,2025-11-28T10:50:00+00:00,91755.92142857143,2025-11-28T11:00:00+00:00,-93.76296290793083,stop_loss
BTCUSD,SELL,0.7067070717644953,91164.25,91294.93571428572,90772.19285714286,2025-11-28T11:15:00+00:00,91294.93571428572,2025-11-28T11:20:00+00:00,-92.35651846431185,stop_loss
BTCUSD,BUY,0.8491774834129858,91800.3,91693.17142857143,92121.68571428572,2025-11-28T13:35:00+00:00,92121.68571428572,2025-11-28T13:45:00+00:00,272.91351206202916,take_profit
BTCUSD,SELL,1.4399093661752889,90549.95,90615.97142857143,90351.8857142857,2025-11-29T08:00:00+00:00,90615.97142857143,2025-11-29T08:05:00+00:00,-95.06487336827762,stop_loss
BTCUSD,SELL,1.6408343497697344,90494.75,90551.81785714286,90323.54642857143,2025-11-29T10:15:00+00:00,90551.81785714286,2025-11-29T10:20:00+00:00,-93.63890026775346,stop_loss
BTCUSD,BUY,1.871827838939585,90970.5,90921.225,91118.325,2025-11-30T07:10:00+00:00,91118.325,2025-11-30T08:20:00+00:00,276.7029502912387,take_profit
BTCUSD,BUY,1.306660263632566,91331.05,91257.28571428571,91552.34285714285,2025-11-30T08:20:00+00:00,91257.28571428571,2025-11-30T08:25:00+00:00,-96.38486101810572,stop_loss
BTCUSD,BUY,0.6515427614900196,91506.9,91361.1857142857,91944.04285714285,2025-11-30T09:10:00+00:00,91361.1857142857,2025-11-30T09:25:00+00:00,-94.93908810283413,stop_loss
BTCUSD,BUY,1.0717174401916658,91459.75,91372.49285714286,91721.52142857143,2025-11-30T12:40:00+00:00,91721.52142857143,2025-11-30T13:20:00+00:00,280.54500534389047,take_profit
BTCUSD,SELL,1.3186741937930233,86493.25,86567.35714285714,86270.92857142858,2025-12-01T11:05:00+00:00,86270.92857142858,2025-12-01T11:40:00+00:00,293.1695305843308,take_profit
BTCUSD,SELL,1.3273512928074684,86278.8,86355.73571428572,86047.99285714286,2025-12-01T11:40:00+00:00,86047.99285714286,2025-12-01T12:05:00+00:00,306.36215946062555,take_profit
BTCUSD,SELL,1.0736031409669513,85993.05,86092.45000000001,85694.85,2025-12-01T12:05:00+00:00,85694.85,2025-12-01T12:30:00+00:00,320.14845663634173,take_profit
BTCUSD,SELL,0.8423747204399228,85693.15,85825.53571428571,85295.99285714285,2025-12-01T12:30:00+00:00,85825.53571428571,2025-12-01T12:35:00+00:00,-111.51837906166946,stop_loss
BTCUSD,BUY,1.1033818455680848,87049.6,86950.04642857144,87348.26071428572,2025-12-02T10:40:00+00:00,87348.26071428572,2025-12-02T10:50:00+00:00,329.53681012724934,take_profit
BTCUSD,BUY,0.8407005714666786,87712.15,87575.6107142857,88121.76785714286,2025-12-02T13:50:00+00:00,88121.76785714286,2025-12-02T14:05:00+00:00,344.36596658295946,take_profit
BTCUSD,BUY,0.6778164475175823,88111.2,87934.22857142857,88642.11428571428,2025-12-02T14:05:00+00:00,88642.11428571428,2025-12-02T14:25:00+00:00,359.86243507919266,take_profit
BTCUSD,BUY,0.6038050342294635,88676.95,88469.34642857143,89299.7607142857,2025-12-02T14:25:00+00:00,88469.34642857143,2025-12-02T14:40:00+00:00,-125.35208155258543,stop_loss
BTCUSD,BUY,0.9615916360860893,93207.15,93078.74642857142,93592.3607142857,2025-12-03T09:55:00+00:00,93078.74642857142,2025-12-03T10:00:00+00:00,-123.47180032929664,stop_loss
BTCUSD,BUY,1.0796247077173855,93376.85,93264.20000000001,93714.8,2025-12-03T10:20:00+00:00,93264.20000000001,2025-12-03T10:25:00+00:00,-121.6197233243572,stop_loss
BTCUSD,BUY,0.9763562710771652,93232.15,93109.45357142856,93600.23928571428,2025-12-03T13:40:00+00:00,93109.45357142856,2025-12-03T14:00:00+00:00,-119.79542747449183,stop_loss
BTCUSD,SELL,0.5459192494747995,91792.1,92008.24642857144,91143.66071428572,2025-12-03T14:00:00+00:00,92008.24642857144,2025-12-03T14:05:00+00:00,-117.99849606237447,stop_loss
BTCUSD,BUY,1.1970861919371938,93411.85,93314.75714285715,93703.12857142858,2025-12-04T07:55:00+00:00,93314.75714285715,2025-12-04T08:05:00+00:00,-116.22851862143885,stop_loss
BTCUSD,SELL,1.2794182971778922,93023.55,93113.03214285715,92755.10357142857,2025-12-04T11:25:00+00:00,93113.03214285715,2025-12-04T12:40:00+00:00,-114.48509084211727,stop_loss
BTCUSD,SELL,0.8040485880890232,92602.4,92742.65,92181.65,2025-12-04T13:00:00+00:00,92742.65,2025-12-04T13:20:00+00:00,-112.76781447948551,stop_loss
BTCUSD,SELL,0.5753757951944655,92493.95,92687.0,91914.79999999999,2025-12-04T13:45:00+00:00,92687.0,2025-12-04T14:05:00+00:00,-111.07629726229324,stop_loss
BTCUSD,BUY,1.243499057677296,92484.85,92396.86428571428,92748.80714285716,2025-12-05T07:25:00+00:00,92396.86428571428,2025-12-05T07:40:00+00:00,-109.41015280335881,stop_loss
BTCUSD,SELL,1.23786028400397,91901.85,91988.91071428572,91640.66785714285,2025-12-05T09:10:00+00:00,91640.66785714285,2025-12-05T09:15:00+00:00,323.3070015339253,take_profit
BTCUSD,SELL,0.9454668250662417,91409.85,91528.96428571429,91052.50714285714,2025-12-05T09:15:00+00:00,91528.96428571429,2025-12-05T09:20:00+00:00,-112.61860553431733,stop_loss
BTCUSD,SELL,0.8031290119036734,91261.6,91399.72142857144,90847.2357142857,2025-12-05T09:30:00+00:00,91399.72142857144,2025-12-05T10:25:00+00:00,-110.92932645130257,stop_loss
BTCUSD,SELL,1.7125277489657003,89420.2,89484.00357142856,89228.78928571427,2025-12-06T08:20:00+00:00,89484.00357142856,2025-12-06T09:10:00+00:00,-109.26538655453302,stop_loss
BTCUSD,BUY,2.6751348079661477,89782.45,89742.21785714285,89903.14642857142,2025-12-06T13:40:00+00:00,89742.21785714285,2025-12-06T13:45:00+00:00,-107.62640575621504,stop_loss
BTCUSD,BUY,1.278243161982709,90084.25,90001.31428571428,90333.05714285714,2025-12-06T14:15:00+00:00,90001.31428571428,2025-12-06T14:20:00+00:00,-106.0120096698718,stop_loss
BTCUSD,SELL,0.7397933370515625,89575.7,89716.84999999999,89152.25,2025-12-06T15:15:00+00:00,89716.84999999999,2025-12-06T15:30:00+00:00,-104.42182952482374,stop_loss
BTCUSD,SELL,1.6015760528832277,89422.55,89486.77142857143,89229.88571428572,2025-12-07T07:15:00+00:00,89229.88571428572,2025-12-07T08:10:00+00:00,308.56650624585416,take_profit
BTCUSD,SELL,1.4991541673313251,89132.2,89203.89642857143,88917.1107142857,2025-12-07T09:20:00+00:00,89203.89642857143,2025-12-07T09:25:00+00:00,-107.48399967563918,stop_loss
BTCUSD,SELL,1.4317356730518613,89106.45,89180.39642857143,88884.6107142857,2025-12-07T09:50:00+00:00,89180.39642857143,2025-12-07T10:00:00+00:00,-105.8717396805046,stop_loss
BTCUSD,BUY,1.5902094436271679,89536.6,89471.02142857143,89733.33571428571,2025-12-07T12:45:00+00:00,89471.02142857143,2025-12-07T12:55:00+00:00,-104.28366358529702,stop_loss
BTCUSD,BUY,0.9898621426495043,91703.55,91599.77857142857,92014.86428571428,2025-12-08T07:25:00+00:00,91599.77857142857,2025-12-08T07:45:00+00:00,-102.71940863151757,stop_loss
BTCUSD,BUY,0.8967180356589819,91959.35,91846.51785714287,92297.84642857144,2025-12-08T09:00:00+00:00,91846.51785714287,2025-12-08T10:05:00+00:00,-101.1786175020448,stop_loss
BTCUSD,SELL,0.4266307287650593,91012.85,91246.45,90312.05000000002,2025-12-08T14:35:00+00:00,91246.45,2025-12-08T14:40:00+00:00,-99.66093823951412,stop_loss
BTCUSD,SELL,0.28307692938606577,90518.65,90865.43214285714,89478.30357142857,2025-12-08T15:05:00+00:00,90169.5,2025-12-08T19:05:00+00:00,98.83630989514322,max_hold
BTCUSD,SELL,1.115796179637601,90310.55,90399.85714285714,90042.62857142858,2025-12-09T09:25:00+00:00,90042.62857142858,2025-12-09T10:35:00+00:00,298.94570644304565,take_profit
BTCUSD,SELL,1.0958870643868814,90014.7,90109.72142857143,89729.63571428572,2025-12-09T10:35:00+00:00,90109.72142857143,2025-12-09T10:40:00+00:00,-104.13275441099424,stop_loss
BTCUSD,BUY,1.2115508823688512,90454.7,90370.03928571429,90708.68214285714,2025-12-09T12:00:00+00:00,90370.03928571429,2025-12-09T12:05:00+00:00,-102.57076309482932,stop_loss
BTCUSD,BUY,1.0847015514399754,90580.75,90487.60714285714,90860.17857142857,2025-12-09T12:15:00+00:00,90487.60714285714,2025-12-09T13:05:00+00:00,-101.03220164840688,stop_loss
BTCUSD,BUY,1.3059936827255194,92800.35,92724.15000000001,93028.95,2025-12-10T07:55:00+00:00,92724.15000000001,2025-12-10T08:00:00+00:00,-99.51671862368077,stop_loss
BTCUSD,BUY,1.0841217757399826,92836.8,92746.38214285714,93108.05357142858,2025-12-10T09:45:00+00:00,93108.05357142858,2025-12-10T10:00:00+00:00,294.0719035329609,take_profit
BTCUSD,BUY,0.8924301624583326,93130.1,93015.31785714286,93474.44642857143,2025-12-10T10:00:00+00:00,93015.31785714286,2025-12-10T10:05:00+00:00,-102.43504639732,stop_loss
BTCUSD,SELL,0.6397696006789347,92344.65,92502.3607142857,91871.51785714286,2025-12-10T10:30:00+00:00,91871.51785714286,2025-12-10T11:45:00+00:00,302.6955621040806,take_profit
BTCUSD,SELL,1.8200423621982873,90185.85,90243.78214285715,90012.05357142858,2025-12-11T12:05:00+00:00,90243.78214285715,2025-12-11T12:20:00+00:00,-105.43895413292141,stop_loss
BTCUSD,SELL,1.330834449217851,90036.35,90114.3892857143,89802.23214285716,2025-12-11T12:55:00+00:00,90114.3892857143,2025-12-11T13:00:00+00:00,-103.8573698209276,stop_loss
BTCUSD,SELL,1.2075827401606418,90001.4,90086.11428571428,89747.25714285715,2025-12-11T13:15:00+00:00,90086.11428571428,2025-12-11T13:20:00+00:00,-102.29950927361368,stop_loss
BTCUSD,SELL,1.0988123479246752,89927.3,90019.00357142858,89652.1892857143,2025-12-11T13:30:00+00:00,90019.00357142858,2025-12-11T13:35:00+00:00,-100.76501663450948,stop_loss
BTCUSD,BUY,0.9267988924097582,92539.1,92432.00714285715,92860.37857142858,2025-12-12T09:55:00+00:00,92432.00714285715,2025-12-12T10:45:00+00:00,-99.25354138499183,stop_loss
BTCUSD,BUY,1.149014721036818,92509.2,92424.11428571428,92764.45714285714,2025-12-12T13:15:00+00:00,92424.11428571428,2025-12-12T13:20:00+00:00,-97.76473826421697,stop_loss
BTCUSD,SELL,0.38542983280116344,91810.85,92060.69642857143,91061.31071428572,2025-12-12T15:15:00+00:00,91061.31071428572,2025-12-12T15:25:00+00:00,288.8948015707611,take_profit
BTCUSD,SELL,0.31618197607464354,90852.7,91170.97142857143,89897.88571428572,2025-12-12T15:25:00+00:00,89897.88571428572,2025-12-12T15:55:00+00:00,301.89506764144073,take_profit
BTCUSD,SELL,2.4111392289521296,90367.2,90410.81428571428,90236.35714285714,2025-12-13T11:40:00+00:00,90410.81428571428,2025-12-13T11:45:00+00:00,-105.16011522843672,stop_loss
BTCUSD,SELL,1.7637533313065246,90314.05,90372.77857142857,90137.8642857143,2025-12-13T12:45:00+00:00,90372.77857142857,2025-12-13T13:00:00+00:00,-103.58271350001017,stop_loss
BTCUSD,SELL,1.6455338046944483,90245.55,90307.55357142858,90059.53928571429,2025-12-13T13:25:00+00:00,90307.55357142858,2025-12-13T13:35:00+00:00,-102.02897279751002,stop_loss
BTCUSD,SELL,1.5220462298546864,90151.8,90217.82857142857,89953.71428571429,2025-12-13T14:20:00+00:00,89953.71428571429,2025-12-13T14:30:00+00:00,301.4956146166421,take_profit
BTCUSD,SELL,2.70423692099909,90075.3,90114.13571428572,89958.79285714286,2025-12-14T09:30:00+00:00,89958.79285714286,2025-12-14T10:10:00+00:00,315.062917274391,take_profit
BTCUSD,SELL,2.307165442713047,89825.8,89873.36785714286,89683.09642857143,2025-12-14T10:10:00+00:00,89873.36785714286,2025-12-14T10:15:00+00:00,-109.7469161839129,stop_loss
BTCUSD,SELL,1.0385026927717225,89667.6,89771.69285714286,89355.32142857143,2025-12-14T11:00:00+00:00,89771.69285714286,2025-12-14T11:05:00+00:00,-108.10071244115419,stop_loss
BTCUSD,SELL,0.8884901803334112,89529.6,89649.44285714287,89170.07142857142,2025-12-14T11:25:00+00:00,89170.07142857142,2025-12-14T11:40:00+00:00,319.4376052635977,take_profit
BTCUSD,BUY,1.2796046670519066,89924.5,89837.54285714286,90185.37142857142,2025-12-15T09:00:00+00:00,89837.54285714286,2025-12-15T09:10:00+00:00,-111.27076583349084,stop_loss
BTCUSD,SELL,0.7777701603486156,89075.6,89216.51785714287,88652.84642857143,2025-12-15T14:30:00+00:00,89216.51785714287,2025-12-15T14:35:00+00:00,-109.60170434598848,stop_loss
BTCUSD,SELL,0.4215626533522506,88714.0,88970.08928571429,87945.73214285714,2025-12-15T14:45:00+00:00,87945.73214285714,2025-12-15T14:55:00+00:00,323.8730363423898,take_profit
BTCUSD,SELL,0.3656066760562618,88049.9,88358.47142857143,87124.1857142857,2025-12-15T14:55:00+00:00,87124.1857142857,2025-12-15T15:15:00+00:00,338.44732297779814,take_profit
BTCUSD,SELL,1.016690143149264,85882.9,85998.85714285713,85535.02857142856,2025-12-16T07:40:00+00:00,85998.85714285713,2025-12-16T07:45:00+00:00,-117.89248417060148,stop_loss
BTCUSD,BUY,1.093373701467801,86733.8,86627.59285714285,87052.42142857143,2025-12-16T10:35:00+00:00,87052.42142857143,2025-12-16T10:40:00+00:00,348.37229072409554,take_profit
BTCUSD,BUY,0.8972013085287351,87117.5,86982.24642857142,87523.26071428572,2025-12-16T10:40:00+00:00,86982.24642857142,2025-12-16T10:45:00+00:00,-121.34968126890388,stop_loss
BTCUSD,BUY,0.9501544996014909,87357.8,87232.0,87735.2,2025-12-16T12:45:00+00:00,87232.0,2025-12-16T12:50:00+00:00,-119.52943604987033,stop_loss
BTCUSD,SELL,0.96341745463078,86489.75,86611.95714285714,86123.12857142858,2025-12-17T08:25:00+00:00,86611.95714285714,2025-12-17T10:10:00+00:00,-117.73649450912227,stop_loss
BTCUSD,BUY,1.179203442118451,87148.55,87050.20357142857,87443.58928571429,2025-12-17T12:00:00+00:00,87050.20357142857,2025-12-17T12:10:00+00:00,-115.97044709148544,stop_loss
BTCUSD,BUY,0.726197650254997,87349.45,87192.15,87821.35,2025-12-17T13:40:00+00:00,87821.35,2025-12-17T14:15:00+00:00,342.69267115533944,take_profit
BTCUSD,BUY,0.5764838739316644,87820.75,87613.68214285714,88441.95357142857,2025-12-17T14:15:00+00:00,87613.68214285714,2025-12-17T14:30:00+00:00,-119.37128045244324,stop_loss
BTCUSD,BUY,1.3284347798403433,86766.2,86677.68928571428,87031.73214285713,2025-12-18T07:10:00+00:00,86677.68928571428,2025-12-18T08:00:00+00:00,-117.5807112456566,stop_loss
BTCUSD,BUY,1.2470681495752183,86944.1,86851.22857142858,87222.71428571429,2025-12-18T08:20:00+00:00,86851.22857142858,2025-12-18T09:00:00+00:00,-115.81700057697175,stop_loss
BTCUSD,BUY,0.9726060763390475,87222.3,87105.00714285714,87574.17857142858,2025-12-18T09:30:00+00:00,87105.00714285714,2025-12-18T11:10:00+00:00,-114.07974556831718,stop_loss
BTCUSD,BUY,0.9565606782117769,87632.85,87515.37857142858,87985.2642857143,2025-12-18T13:00:00+00:00,87515.37857142858,2025-12-18T13:05:00+00:00,-112.36854938479242,stop_loss
BTCUSD,BUY,0.7634063927560388,87694.0,87549.01428571428,88128.95714285715,2025-12-19T07:00:00+00:00,88128.95714285715,2025-12-19T07:10:00+00:00,332.0490634320505,take_profit
BTCUSD,BUY,0.6369400146863323,88088.95,87907.35714285714,88633.72857142857,2025-12-19T07:10:00+00:00,87907.35714285714,2025-12-19T07:15:00+00:00,-115.6637570955013,stop_loss
BTCUSD,BUY,1.0827528411831895,88239.65,88134.42857142857,88555.3142857143,2025-12-19T10:00:00+00:00,88134.42857142857,2025-12-19T10:05:00+00:00,-113.92880073906876,stop_loss
BTCUSD,BUY,0.8067774987504833,88294.05,88154.95357142857,88711.33928571429,2025-12-19T11:10:00+00:00,88154.95357142857,2025-12-19T11:15:00+00:00,-112.21986872798274,stop_loss
BTCUSD,BUY,2.558082469227088,88282.25,88239.03928571429,88411.88214285714,2025-12-20T12:05:00+00:00,88239.03928571429,2025-12-20T12:10:00+00:00,-110.53657069706301,stop_loss
BTCUSD,SELL,1.9746088605639012,87994.9,88050.03928571429,87829.48214285713,2025-12-20T13:15:00+00:00,88050.03928571429,2025-12-20T13:20:00+00:00,-108.87852213660706,stop_loss
BTCUSD,SELL,1.482605727524279,87994.8,88067.13571428572,87777.79285714285,2025-12-20T13:20:00+00:00,88067.13571428572,2025-12-20T13:35:00+00:00,-107.24534430455796,stop_loss
BTCUSD,SELL,3.8033002390623363,88041.05,88068.82500000001,87957.725,2025-12-21T07:40:00+00:00,88068.82500000001,2025-12-21T07:45:00+00:00,-105.63666413998959,stop_loss
BTCUSD,BUY,3.230357242467042,88199.95,88167.73928571428,88296.58214285714,2025-12-21T08:20:00+00:00,88296.58214285714,2025-12-21T08:30:00+00:00,312.1563425336692,take_profit
BTCUSD,BUY,2.4618459293649213,88306.8,88262.63214285715,88439.30357142857,2025-12-21T08:30:00+00:00,88439.30357142857,2025-12-21T08:40:00+00:00,326.2033779477201,take_profit
BTCUSD,BUY,1.555399794467547,88574.45,88501.39642857143,88793.6107142857,2025-12-21T08:40:00+00:00,88501.39642857143,2025-12-21T08:45:00+00:00,-113.62750998511056,stop_loss
BTCUSD,BUY,1.192256695982252,88990.95,88897.075,89272.575,2025-12-22T07:00:00+00:00,89272.575,2025-12-22T08:15:00+00:00,335.7692920060017,take_profit
BTCUSD,BUY,1.1251914887586778,89437.9,89333.95357142857,89749.73928571427,2025-12-22T08:15:00+00:00,89749.73928571427,2025-12-22T08:20:00+00:00,350.87891014628815,take_profit
BTCUSD,BUY,0.9772520546826832,89586.6,89461.53214285715,89961.80357142857,2025-12-22T08:20:00+00:00,89461.53214285715,2025-12-22T08:45:00+00:00,-122.22282036761825,stop_loss
BTCUSD,BUY,1.269739862038028,89927.8,89832.9857142857,90212.24285714288,2025-12-22T11:30:00+00:00,89832.9857142857,2025-12-22T11:35:00+00:00,-120.38947806210399,stop_loss
BTCUSD,SELL,1.4484129318410646,87337.0,87418.87142857144,87091.38571428572,2025-12-23T09:20:00+00:00,87418.87142857144,2025-12-23T09:40:00+00:00,-118.5836358911724,stop_loss
BTCUSD,SELL,0.8948116765740833,87539.2,87669.73571428572,87147.59285714285,2025-12-23T13:35:00+00:00,87669.73571428572,2025-12-23T13:40:00+00:00,-116.80488135280483,stop_loss
BTCUSD,SELL,0.5955004210418906,87342.45,87535.65357142857,86762.83928571428,2025-12-23T14:35:00+00:00,87535.65357142857,2025-12-23T14:40:00+00:00,-115.05280813251275,stop_loss
BTCUSD,SELL,0.5737143047776351,87066.85,87264.38214285715,86474.25357142858,2025-12-23T14:45:00+00:00,87264.38214285715,2025-12-23T15:15:00+00:00,-113.32701601052507,stop_loss
BTCUSD,SELL,1.2697266418468627,86742.75,86830.66428571429,86479.00714285714,2025-12-24T08:20:00+00:00,86830.66428571429,2025-12-24T08:25:00+00:00,-111.6271107703672,stop_loss
BTCUSD,SELL,1.008211853237736,86726.1,86835.15714285715,86398.92857142858,2025-12-24T08:55:00+00:00,86835.15714285715,2025-12-24T10:05:00+00:00,-109.95270410881169,stop_loss
BTCUSD,BUY,1.7633863925805071,87351.35,87289.93214285714,87535.60357142858,2025-12-24T12:35:00+00:00,87289.93214285714,2025-12-24T12:45:00+00:00,-108.30341354717952,stop_loss
BTCUSD,SELL,1.3404874324062805,87054.8,87134.38214285715,86816.05357142857,2025-12-24T13:30:00+00:00,87134.38214285715,2025-12-24T13:35:00+00:00,-106.67886234397184,stop_loss
BTCUSD,SELL,1.6512532402327231,87328.4,87392.03571428571,87137.49285714285,2025-12-25T08:20:00+00:00,87392.03571428571,2025-12-25T08:25:00+00:00,-105.07867940881225,stop_loss
BTCUSD,SELL,2.1981720100842828,87224.15,87271.2357142857,87082.89285714286,2025-12-25T10:35:00+00:00,87271.2357142857,2025-12-25T10:40:00+00:00,-103.50249921768005,stop_loss
BTCUSD,BUY,1.7459320663142004,87496.7,87438.30714285714,87671.87857142858,2025-12-25T11:25:00+00:00,87438.30714285714,2025-12-25T11:45:00+00:00,-101.94996172941485,stop_loss
BTCUSD,BUY,2.1650727223357884,87528.25,87481.86785714286,87667.39642857143,2025-12-25T12:30:00+00:00,87481.86785714286,2025-12-25T12:40:00+00:00,-100.42071230347362,stop_loss
BTCUSD,BUY,1.231810729998978,89294.55,89214.25,89535.45000000001,2025-12-26T07:10:00+00:00,89214.25,2025-12-26T07:30:00+00:00,-98.91440161892152,stop_loss
BTCUSD,BUY,1.5207420684819781,88821.65,88757.58214285714,89013.85357142857,2025-12-26T09:45:00+00:00,88757.58214285714,2025-12-26T09:55:00+00:00,-97.43068559463771,stop_loss
BTCUSD,BUY,1.5994870885119687,88697.1,88637.1,88877.1,2025-12-26T13:05:00+00:00,88877.1,2025-12-26T13:35:00+00:00,287.90767593215435,take_profit
BTCUSD,BUY,1.5837899224993435,88888.4,88825.07857142856,89078.36428571428,2025-12-26T13:35:00+00:00,88825.07857142856,2025-12-26T14:30:00+00:00,-100.28784044970045,stop_loss
BTCUSD,SELL,2.301496621403644,87425.95,87468.87142857142,87297.18571428572,2025-12-27T10:30:00+00:00,87468.87142857142,2025-12-27T11:15:00+00:00,-98.78352284295494,stop_loss
BTCUSD,SELL,4.380143987151427,87350.4,87372.61428571428,87283.75714285714,2025-12-27T13:20:00+00:00,87372.61428571428,2025-12-27T13:35:00+00:00,-97.30177000031063,stop_loss
BTCUSD,BUY,3.8690640377857655,87476.25,87451.47857142857,87550.56428571428,2025-12-27T14:45:00+00:00,87451.47857142857,2025-12-27T15:00:00+00:00,-95.84224345030597,stop_loss
BTCUSD,BUY,3.2513272747353223,87491.45,87462.41428571429,87578.55714285714,2025-12-27T15:10:00+00:00,87462.41428571429,2025-12-27T15:20:00+00:00,-94.40460979855138,stop_loss
BTCUSD,BUY,3.0944605874064592,87742.45,87712.4,87832.59999999999,2025-12-28T08:05:00+00:00,87712.4,2025-12-28T08:30:00+00:00,-92.9885406515731,stop_loss
BTCUSD,BUY,3.1371546803300774,87796.45,87767.25357142856,87884.03928571429,2025-12-28T08:35:00+00:00,87884.03928571429,2025-12-28T08:40:00+00:00,274.78113762535287,take_profit
BTCUSD,BUY,2.0628325346155556,87908.55,87862.15,88047.75000000001,2025-12-28T14:00:00+00:00,87862.15,2025-12-28T14:50:00+00:00,-95.7154296061798,stop_loss
BTCUSD,SELL,2.1486501290396496,87709.0,87752.87857142858,87577.36428571428,2025-12-28T16:20:00+00:00,87752.87857142858,2025-12-28T16:25:00+00:00,-94.2796981620871,stop_loss
BTCUSD,SELL,0.5350606159454891,88427.05,88600.61071428572,87906.36785714286,2025-12-29T09:35:00+00:00,87906.36785714286,2025-12-29T09:45:00+00:00,278.59650806895957,take_profit
BTCUSD,SELL,0.46997329655626324,87976.85,88183.33928571429,87357.38214285715,2025-12-29T09:45:00+00:00,87357.38214285715,2025-12-29T12:05:00+00:00,291.1333509320706,take_profit
BTCUSD,SELL,0.8693119691680975,86937.2,87053.85714285714,86587.22857142857,2025-12-29T12:05:00+00:00,87053.85714285714,2025-12-29T12:20:00+00:00,-101.41145057467125,stop_loss
BTCUSD,BUY,1.392406933265046,87602.65,87530.91071428571,87817.86785714286,2025-12-30T08:00:00+00:00,87817.86785714286,2025-12-30T08:10:00+00:00,299.6708364481738,take_profit
BTCUSD,BUY,1.1228973676121654,87772.5,87679.53928571429,88051.38214285715,2025-12-30T08:10:00+00:00,88051.38214285715,2025-12-30T08:15:00+00:00,313.1560240883377,take_profit
BTCUSD,BUY,0.9823475776002139,87991.35,87880.30714285714,88324.47857142858,2025-12-30T08:15:00+00:00,87880.30714285714,2025-12-30T08:20:00+00:00,-109.08268172409885,stop_loss
BTCUSD,BUY,1.2091557260360888,88035.3,87946.43928571428,88301.88214285715,2025-12-30T10:40:00+00:00,87946.43928571428,2025-12-30T10:50:00+00:00,-107.44644149823735,stop_loss
BTCUSD,BUY,2.4649582902354608,88498.3,88455.36428571428,88627.10714285716,2025-12-31T07:35:00+00:00,88455.36428571428,2025-12-31T08:35:00+00:00,-105.8347448757638,stop_loss
BTCUSD,BUY,2.363882623642031,88685.8,88641.7,88818.1,2025-12-31T10:10:00+00:00,88641.7,2025-12-31T10:20:00+00:00,-104.24722370262734,stop_loss
BTCUSD,BUY,1.4488704040106233,88800.4,88729.52857142857,89013.01428571428,2025-12-31T11:05:00+00:00,88729.52857142857,2025-12-31T11:15:00+00:00,-102.68351534708792,stop_loss
BTCUSD,BUY,1.543246337132925,88894.55,88829.01071428572,89091.16785714286,2025-12-31T11:40:00+00:00,88829.01071428572,2025-12-31T12:00:00+00:00,-101.1432626168816,stop_loss
BTCUSD,BUY,3.399794251034964,87840.8,87811.49642857144,87928.71071428571,2026-01-01T11:50:00+00:00,87811.49642857144,2026-01-01T12:30:00+00:00,-99.62611367762837,stop_loss
BTCUSD,BUY,1.9846068726822998,87916.95,87867.50357142856,88065.28928571427,2026-01-01T15:15:00+00:00,87867.50357142856,2026-01-01T15:25:00+00:00,-98.13172197246395,stop_loss
BTCUSD,BUY,1.2218287625842172,88993.1,88913.98928571428,89230.43214285714,2026-01-02T08:20:00+00:00,89230.43214285714,2026-01-02T09:45:00+00:00,289.9792384285954,take_profit
BTCUSD,BUY,1.09427538966981,89356.25,89263.94285714286,89633.17142857143,2026-01-02T09:45:00+00:00,89263.94285714286,2026-01-02T09:50:00+00:00,-101.00943471930591,stop_loss
BTCUSD,BUY,0.9042000031024221,89389.9,89279.86428571428,89720.00714285714,2026-01-02T10:00:00+00:00,89720.00714285714,2026-01-02T10:10:00+00:00,298.48287959556217,take_profit
BTCUSD,BUY,0.7949979570683202,89721.2,89590.41785714285,90113.54642857143,2026-01-02T10:10:00+00:00,89590.41785714285,2026-01-02T10:25:00+00:00,-103.97153639244975,stop_loss
BTCUSD,SELL,1.1907378846042227,89591.3,89677.30714285714,89333.27857142857,2026-01-03T08:00:00+00:00,89677.30714285714,2026-01-03T08:25:00+00:00,-102.41196334656301,stop_loss
BTCUSD,SELL,2.486593845495334,89609.4,89649.96785714285,89487.69642857142,2026-01-03T12:05:00+00:00,89649.96785714285,2026-01-03T12:20:00+00:00,-100.87578389636455,stop_loss
BTCUSD,BUY,1.946515161171112,89909.55,89858.50357142858,90062.68928571428,2026-01-03T12:45:00+00:00,90062.68928571428,2026-01-03T14:20:00+00:00,298.0879414137573,take_profit
BTCUSD,BUY,1.8324411037788029,90137.0,90080.33571428571,90306.99285714286,2026-01-03T14:20:00+00:00,90080.33571428571,2026-01-03T14:45:00+00:00,-103.83396625912545,stop_loss
BTCUSD,BUY,1.5081845320340523,91505.1,91437.28571428571,91708.54285714286,2026-01-04T10:10:00+00:00,91437.28571428571,2026-01-04T10:15:00+00:00,-102.27645676523856,stop_loss
BTCUSD,BUY,1.6145525027675172,91359.5,91297.10357142857,91546.68928571428,2026-01-04T14:10:00+00:00,91297.10357142857,2026-01-04T14:15:00+00:00,-100.74230991375998,stop_loss
BTCUSD,BUY,1.7445048706107136,92587.4,92530.51785714286,92758.04642857143,2026-01-05T08:05:00+00:00,92530.51785714286,2026-01-05T08:35:00+00:00,-99.2311752650536,stop_loss
BTCUSD,BUY,0.9941139897602631,92736.35,92638.02857142857,93031.3142857143,2026-01-05T09:45:00+00:00,92638.02857142857,2026-01-05T10:00:00+00:00,-97.74270763607778,stop_loss
BTCUSD,BUY,0.9697966962633316,92873.85,92774.57500000001,93171.675,2026-01-05T10:10:00+00:00,92774.57500000001,2026-01-05T10:35:00+00:00,-96.27656702153661,stop_loss
BTCUSD,BUY,0.8258865100476026,92983.95,92869.125,93328.425,2026-01-05T10:45:00+00:00,92869.125,2026-01-05T11:10:00+00:00,-94.83241851621356,stop_loss
BTCUSD,SELL,1.0229498211347392,93536.3,93627.61428571428,93262.35714285713,2026-01-06T07:10:00+00:00,93262.35714285713,2026-01-06T07:35:00+00:00,280.22979671544084,take_profit
BTCUSD,SELL,0.9544207205005488,93267.5,93369.77500000001,92960.67499999999,2026-01-06T07:35:00+00:00,93369.77500000001,2026-01-06T08:05:00+00:00,-97.61337918920196,stop_loss
BTCUSD,BUY,1.3265876604111138,93681.35,93608.87142857144,93898.78571428572,2026-01-06T11:00:00+00:00,93898.78571428572,2026-01-06T12:05:00+00:00,288.44753550411116,take_profit
BTCUSD,BUY,1.3191376953862284,93910.55,93834.38214285715,94139.05357142858,2026-01-06T12:05:00+00:00,93834.38214285715,2026-01-06T12:30:00+00:00,-100.47589153392562,stop_loss
BTCUSD,SELL,1.1982207326958336,92466.2,92548.79642857143,92218.41071428571,2026-01-07T09:05:00+00:00,92218.41071428571,2026-01-07T09:10:00+00:00,296.90625948275016,take_profit
BTCUSD,SELL,1.0531041230228346,92219.1,92317.30714285716,91924.47857142857,2026-01-07T09:10:00+00:00,91924.47857142857,2026-01-07T09:20:00+00:00,310.26704115945864,take_profit
BTCUSD,SELL,0.8790523964488722,91886.95,92009.89642857143,91518.1107142857,2026-01-07T09:20:00+00:00,92009.89642857143,2026-01-07T11:05:00+00:00,-108.07635267054987,stop_loss
BTCUSD,SELL,1.3282589040834374,91789.2,91869.34642857143,91548.7607142857,2026-01-07T13:05:00+00:00,91869.34642857143,2026-01-07T13:10:00+00:00,-106.45520738049163,stop_loss
BTCUSD,SELL,0.557249206565821,89762.35,89950.52142857143,89197.83571428571,2026-01-08T07:00:00+00:00,89950.52142857143,2026-01-08T07:10:00+00:00,-104.85837926978424,stop_loss
BTCUSD,SELL,0.8248464391377214,89924.4,90049.61785714285,89548.74642857142,2026-01-08T09:25:00+00:00,90049.61785714285,2026-01-08T10:20:00+00:00,-103.28550358073748,stop_loss
BTCUSD,SELL,0.7120111449601846,89764.15,89907.03571428571,89335.49285714285,2026-01-08T12:10:00+00:00,89907.03571428571,2026-01-08T12:20:00+00:00,-101.73622102702642,stop_loss
BTCUSD,SELL,0.8557658216192658,89524.75,89641.85,89173.45,2026-01-08T14:25:00+00:00,89641.85,2026-01-08T14:30:00+00:00,-100.21017771162101,stop_loss
BTCUSD,SELL,1.5345900617913601,90642.15,90706.47142857143,90449.1857142857,2026-01-09T07:55:00+00:00,90706.47142857143,2026-01-09T08:00:00+00:00,-98.7070250459467,stop_loss
BTCUSD,SELL,1.1487635035729413,90443.55,90528.18571428572,90189.64285714286,2026-01-09T08:00:00+00:00,90528.18571428572,2026-01-09T08:05:00+00:00,-97.2264196702575,stop_loss
BTCUSD,SELL,0.7162329801826243,90320.55,90454.26071428572,89919.41785714285,2026-01-09T08:35:00+00:00,89919.41785714285,2026-01-09T08:45:00+00:00,287.30407012562137,take_profit
BTCUSD,SELL,0.5848947721635847,89791.5,89962.60357142857,89278.18928571428,2026-01-09T08:45:00+00:00,89962.60357142857,2026-01-09T09:00:00+00:00,-100.07758442708797,stop_loss
BTCUSD,BUY,2.6130263925955313,90589.0,90551.275,90702.17499999999,2026-01-10T08:00:00+00:00,90551.275,2026-01-10T08:05:00+00:00,-98.57642066068162,stop_loss
BTCUSD,BUY,2.4076670933593975,90634.85,90594.52142857143,90755.83571428571,2026-01-10T09:55:00+00:00,90594.52142857143,2026-01-10T12:00:00+00:00,-97.09777435077143,stop_loss
BTCUSD,SELL,2.327645907513259,90486.15,90527.23928571428,90362.88214285714,2026-01-10T14:10:00+00:00,90527.23928571428,2026-01-10T16:05:00+00:00,-95.64130773550984,stop_loss
BTCUSD,BUY,3.6488964827020007,90637.8,90611.98214285714,90715.25357142858,2026-01-11T08:30:00+00:00,90611.98214285714,2026-01-11T08:35:00+00:00,-94.20668811947719,stop_loss
BTCUSD,BUY,2.4002036566609335,90668.95,90630.28928571429,90784.93214285714,2026-01-11T08:55:00+00:00,90630.28928571429,2026-01-11T09:25:00+00:00,-92.79358779768503,stop_loss
BTCUSD,BUY,4.549772713705998,90633.55,90613.46071428571,90693.81785714286,2026-01-11T11:55:00+00:00,90613.46071428571,2026-01-11T12:00:00+00:00,-91.40168398071977,stop_loss
BTCUSD,BUY,4.139340630850986,90637.75,90616.0,90703.0,2026-01-11T12:05:00+00:00,90703.0,2026-01-11T12:15:00+00:00,270.09197616302686,take_profit
BTCUSD,SELL,0.6826372309345952,91031.55,91169.37142857144,90618.08571428571,2026-01-12T08:30:00+00:00,90618.08571428571,2026-01-12T08:35:00+00:00,282.24611509035316,take_profit
BTCUSD,SELL,0.5940655695018796,90658.45,90823.94642857142,90161.96071428571,2026-01-12T08:35:00+00:00,90581.75,2026-01-12T12:35:00+00:00,45.56482918079244,max_hold
BTCUSD,SELL,1.0762871950186528,90365.2,90457.18214285714,90089.25357142856,2026-01-12T14:15:00+00:00,90089.25357142856,2026-01-12T14:20:00+00:00,296.99760758256457,take_profit
BTCUSD,SELL,0.9290899563651064,90105.4,90216.75,89771.34999999999,2026-01-12T14:20:00+00:00,90216.75,2026-01-12T14:30:00+00:00,-103.45416664126,stop_loss
BTCUSD,BUY,1.2458588402609898,92298.1,92216.30714285714,92543.47857142858,2026-01-13T09:00:00+00:00,92543.47857142858,2026-01-13T09:20:00+00:00,305.7070624249052,take_profit
BTCUSD,BUY,0.9944843179855719,92449.15,92342.07142857142,92770.38571428572,2026-01-13T09:20:00+00:00,92342.07142857142,2026-01-13T09:35:00+00:00,-106.48796007801468,stop_loss
BTCUSD,BUY,1.1071504274707642,92199.55,92104.81071428572,92483.76785714286,2026-01-13T13:30:00+00:00,92104.81071428572,2026-01-13T13:35:00+00:00,-104.89064067684446,stop_loss
BTCUSD,BUY,0.46573781592996527,92643.95,92422.11428571428,93309.45714285715,2026-01-13T14:35:00+00:00,92422.11428571428,2026-01-13T14:50:00+00:00,-103.31728106669179,stop_loss
BTCUSD,BUY,0.8568865735910083,95169.35,95050.58571428573,95525.64285714287,2026-01-14T07:45:00+00:00,95050.58571428573,2026-01-14T08:35:00+00:00,-101.76752185069141,stop_loss
BTCUSD,BUY,1.232381230578233,95151.8,95070.46071428571,95395.81785714286,2026-01-14T13:20:00+00:00,95070.46071428571,2026-01-14T13:30:00+00:00,-100.24100902293104,stop_loss
BTCUSD,BUY,0.8820057517475334,95212.35,95100.40357142859,95548.1892857143,2026-01-14T14:00:00+00:00,95548.1892857143,2026-01-14T14:15:00+00:00,296.21218166278686,take_profit
BTCUSD,BUY,0.7304265530176661,95621.7,95480.43928571428,96045.48214285714,2026-01-14T14:15:00+00:00,95480.43928571428,2026-01-14T14:30:00+00:00,-103.18057661252888,stop_loss
BTCUSD,BUY,0.924415379084435,96590.95,96481.00714285714,96920.77857142857,2026-01-15T07:40:00+00:00,96481.00714285714,2026-01-15T08:00:00+00:00,-101.63286796334094,stop_loss
BTCUSD,BUY,1.0567519315471752,96752.7,96657.96785714285,97036.89642857143,2026-01-15T09:25:00+00:00,97036.89642857143,2026-01-15T09:40:00+00:00,300.32512483167255,take_profit
BTCUSD,BUY,1.070446956168084,97068.25,96970.52142857143,97361.43571428572,2026-01-15T09:40:00+00:00,96970.52142857143,2026-01-15T10:00:00+00:00,-104.61325181636592,stop_loss
BTCUSD,SELL,1.4431940201558662,96597.8,96669.2,96383.6,2026-01-15T11:45:00+00:00,96669.2,2026-01-15T12:10:00+00:00,-103.04405303912044,stop_loss
BTCUSD,SELL,1.6084413282127406,95541.55,95604.65357142857,95352.2392857143,2026-01-16T10:00:00+00:00,95352.2392857143,2026-01-16T10:30:00+00:00,304.49517673060086,take_profit
BTCUSD,SELL,1.7828328473079647,95355.7,95415.19285714286,95177.22142857143,2026-01-16T10:30:00+00:00,95415.19285714286,2026-01-16T11:50:00+00:00,-106.06581989449265,stop_loss
BTCUSD,BUY,1.010394899381687,95678.35,95574.95,95988.55000000002,2026-01-16T14:25:00+00:00,95574.95,2026-01-16T14:30:00+00:00,-104.47483259607525,stop_loss
BTCUSD,SELL,0.6912356682259219,95251.7,95400.575,94805.075,2026-01-16T14:35:00+00:00,95400.575,2026-01-16T14:45:00+00:00,-102.90771010713412,stop_loss
BTCUSD,SELL,2.0333820352159533,95103.15,95153.0,94953.6,2026-01-17T08:00:00+00:00,95153.0,2026-01-17T08:15:00+00:00,-101.36409445552711,stop_loss
BTCUSD,SELL,3.1183733687491566,95131.05,95163.06785714286,95034.99642857144,2026-01-17T10:40:00+00:00,95163.06785714286,2026-01-17T11:20:00+00:00,-99.8436330386942,stop_loss
BTCUSD,BUY,2.6572299519512326,95263.0,95225.98928571428,95374.03214285713,2026-01-17T12:00:00+00:00,95225.98928571428,2026-01-17T12:25:00+00:00,-98.34597854311379,stop_loss
BTCUSD,BUY,2.290282942007294,95384.6,95342.30357142858,95511.4892857143,2026-01-17T13:45:00+00:00,95342.30357142858,2026-01-17T14:00:00+00:00,-96.87078886496708,stop_loss
BTCUSD,SELL,3.1391098071854064,95013.2,95043.59642857143,94922.01071428572,2026-01-18T07:30:00+00:00,95043.59642857143,2026-01-18T07:45:00+00:00,-95.41772703199257,stop_loss
BTCUSD,BUY,3.2833698210135434,95199.35,95170.725,95285.22499999999,2026-01-18T09:30:00+00:00,95170.725,2026-01-18T10:00:00+00:00,-93.98646112651268,stop_loss
BTCUSD,SELL,4.204617352586317,95051.85,95073.86785714286,94985.79642857144,2026-01-18T11:35:00+00:00,95073.86785714286,2026-01-18T11:40:00+00:00,-92.57666420961499,stop_loss
BTCUSD,SELL,2.8951858474902137,95001.45,95032.94642857142,94906.96071428571,2026-01-18T13:05:00+00:00,94906.96071428571,2026-01-18T13:20:00+00:00,273.5640427394544,take_profit
BTCUSD,SELL,1.1199938281708872,92901.7,92986.78214285715,92646.45357142856,2026-01-19T13:15:00+00:00,92986.78214285715,2026-01-19T13:35:00+00:00,-95.29147488756259,stop_loss
BTCUSD,SELL,1.0504152187845384,92704.45,92793.80714285714,92436.37857142856,2026-01-19T14:35:00+00:00,92793.80714285714,2026-01-19T14:45:00+00:00,-93.86210276424914,stop_loss
BTCUSD,SELL,0.6358140229001757,90642.85,90788.26071428572,90206.61785714286,2026-01-20T08:35:00+00:00,90788.26071428572,2026-01-20T08:45:00+00:00,-92.4541712227854,stop_loss
BTCUSD,SELL,1.307097622680189,91025.1,91094.77142857143,90816.08571428573,2026-01-20T12:15:00+00:00,91094.77142857143,2026-01-20T12:25:00+00:00,-91.06735865444361,stop_loss
BTCUSD,SELL,0.9858451747417675,90934.65,91025.63928571428,90661.68214285714,2026-01-20T13:05:00+00:00,91025.63928571428,2026-01-20T14:00:00+00:00,-89.70134827462697,stop_loss
BTCUSD,SELL,0.640790298750047,90678.55,90816.43571428572,90264.89285714286,2026-01-20T14:15:00+00:00,90816.43571428572,2026-01-20T14:20:00+00:00,-88.35582805050754,stop_loss
BTCUSD,SELL,0.8059711386250874,89313.2,89421.18214285714,88989.25357142856,2026-01-21T07:30:00+00:00,88989.25357142856,2026-01-21T07:55:00+00:00,261.0914718892499,take_profit
BTCUSD,SELL,0.6744119695507154,88945.85,89080.70357142857,88541.2892857143,2026-01-21T08:35:00+00:00,89080.70357142857,2026-01-21T08:55:00+00:00,-90.94686270808869,stop_loss
BTCUSD,SELL,1.128549659628082,88861.05,88940.42857142857,88622.9142857143,2026-01-21T11:50:00+00:00,88622.9142857143,2026-01-21T11:55:00+00:00,268.74797930241846,take_profit
BTCUSD,SELL,0.9711343132140386,88696.8,88793.19642857143,88407.61071428572,2026-01-21T11:55:00+00:00,88407.61071428572,2026-01-21T12:10:00+00:00,280.8416383709968,take_profit
BTCUSD,BUY,1.2197275294615646,90019.75,89939.54642857143,90260.3607142857,2026-01-22T09:35:00+00:00,89939.54642857143,2026-01-22T10:00:00+00:00,-97.82650403256861,stop_loss
BTCUSD,BUY,1.8001434355606236,90030.2,89976.67142857143,90190.78571428571,2026-01-22T13:20:00+00:00,89976.67142857143,2026-01-22T13:30:00+00:00,-96.35910647208006,stop_loss
BTCUSD,SELL,0.8461218620458781,89531.7,89643.875,89195.17499999999,2026-01-22T13:40:00+00:00,89195.17499999999,2026-01-22T14:35:00+00:00,284.74115962499656,take_profit
BTCUSD,SELL,0.4296705258052783,89032.15,89262.98928571428,88339.63214285714,2026-01-22T14:45:00+00:00,89262.98928571428,2026-01-22T14:50:00+00:00,-99.1848372693738,stop_loss
BTCUSD,SELL,1.1824664182110782,89222.45,89305.07142857142,88974.5857142857,2026-01-23T08:25:00+00:00,88974.5857142857,2026-01-23T09:15:00+00:00,293.091194131034,take_profit
BTCUSD,SELL,0.8167474609783897,88947.15,89072.15,88572.15,2026-01-23T09:15:00+00:00,89072.15,2026-01-23T11:05:00+00:00,-102.0934326222987,stop_loss
BTCUSD,BUY,1.2731673321230106,89345.8,89266.8142857143,89582.75714285714,2026-01-23T14:10:00+00:00,89582.75714285714,2026-01-23T14:25:00+00:00,301.68609339891117,take_profit
BTCUSD,BUY,1.1407478603360137,89569.8,89477.67857142858,89846.16428571429,2026-01-23T14:25:00+00:00,89477.67857142858,2026-01-23T14:30:00+00:00,-105.0873225339479,stop_loss
BTCUSD,SELL,2.7692608021087253,89490.5,89527.87857142856,89378.36428571428,2026-01-24T08:00:00+00:00,89527.87857142856,2026-01-24T08:50:00+00:00,-103.51101269593866,stop_loss
BTCUSD,SELL,5.172737325881807,89409.85,89429.56071428572,89350.71785714287,2026-01-24T12:05:00+00:00,89429.56071428572,2026-01-24T12:30:00+00:00,-101.95834750549959,stop_loss
BTCUSD,SELL,4.881963930904212,89394.45,89415.02142857143,89332.7357142857,2026-01-24T12:30:00+00:00,89332.7357142857,2026-01-24T13:55:00+00:00,301.28691687868024,take_profit
BTCUSD,SELL,3.4177154329976283,89243.05,89273.75714285714,89150.92857142858,2026-01-24T13:55:00+00:00,89150.92857142858,2026-01-24T14:00:00+00:00,314.8448281383416,take_profit
BTCUSD,SELL,1.9765618930929574,88302.4,88357.8857142857,88135.94285714286,2026-01-25T08:35:00+00:00,88135.94285714286,2026-01-25T08:40:00+00:00,329.012845404546,take_profit
BTCUSD,SELL,1.2055193479013897,88171.6,88266.66785714286,87886.39642857143,2026-01-25T08:40:00+00:00,88266.66785714286,2026-01-25T09:20:00+00:00,-114.60614114924061,stop_loss
BTCUSD,SELL,2.11753022904521,88457.5,88510.81071428572,88297.56785714286,2026-01-25T15:45:00+00:00,88297.56785714286,2026-01-25T15:50:00+00:00,338.6611470959752,take_profit
BTCUSD,SELL,1.78941169872486,88284.25,88350.175,88086.475,2026-01-25T15:50:00+00:00,88350.175,2026-01-25T15:55:00+00:00,-117.9669662384416,stop_loss
BTCUSD,BUY,1.014223924952834,88022.1,87907.53214285715,88365.80357142858,2026-01-26T08:00:00+00:00,87907.53214285715,2026-01-26T08:10:00+00:00,-116.197461744865,stop_loss
BTCUSD,BUY,0.7487502616581903,88089.55,87936.68928571428,88548.13214285715,2026-01-26T08:20:00+00:00,87936.68928571428,2026-01-26T08:45:00+00:00,-114.45449981869204,stop_loss
BTCUSD,SELL,1.2266000019427505,87575.45,87667.3607142857,87299.71785714285,2026-01-26T09:35:00+00:00,87667.3607142857,2026-01-26T09:40:00+00:00,-112.73768232141163,stop_loss
BTCUSD,SELL,1.1220068123645064,87517.4,87616.37142857142,87220.48571428572,2026-01-26T09:50:00+00:00,87616.37142857142,2026-01-26T10:00:00+00:00,-111.04661708659047,stop_loss
BTCUSD,SELL,1.5156459144101055,88004.8,88076.96785714285,87788.29642857144,2026-01-27T08:45:00+00:00,88076.96785714285,2026-01-27T08:50:00+00:00,-109.38091783029161,stop_loss
BTCUSD,SELL,1.55565476163346,87984.9,88054.15714285713,87777.12857142858,2026-01-27T09:00:00+00:00,87777.12857142858,2026-01-27T09:55:00+00:00,323.2206121885117,take_profit
BTCUSD,SELL,1.536669934622816,87764.6,87837.86785714286,87544.79642857144,2026-01-27T09:55:00+00:00,87837.86785714286,2026-01-27T10:00:00+00:00,-112.58851324566491,stop_loss
BTCUSD,SELL,1.6094076890822087,87705.35,87774.25714285715,87498.62857142858,2026-01-27T10:35:00+00:00,87774.25714285715,2026-01-27T11:10:00+00:00,-110.89968554697994,stop_loss
BTCUSD,BUY,1.08403803912308,89214.3,89113.53214285715,89516.60357142857,2026-01-28T09:35:00+00:00,89516.60357142857,2026-01-28T10:15:00+00:00,327.70857079132577,take_profit
BTCUSD,BUY,1.1441743071838664,89701.15,89601.38214285714,90000.45357142856,2026-01-28T11:45:00+00:00,90000.45357142856,2026-01-28T11:55:00+00:00,342.45545647693547,take_profit
BTCUSD,BUY,0.8092656746149749,90060.15,89912.74642857142,90502.3607142857,2026-01-28T13:10:00+00:00,89912.74642857142,2026-01-28T14:20:00+00:00,-119.28865067279916,stop_loss
BTCUSD,SELL,0.5509563897169327,88971.65,89184.91428571429,88331.85714285713,2026-01-28T15:10:00+00:00,89184.91428571429,2026-01-28T15:25:00+00:00,-117.49932091270718,stop_loss
BTCUSD,SELL,1.2609950857123966,87879.7,87971.48214285714,87604.35357142857,2026-01-29T08:05:00+00:00,87971.48214285714,2026-01-29T08:25:00+00:00,-115.73683109901658,stop_loss
BTCUSD,SELL,1.2695974074101666,87778.5,87868.29285714286,87509.12142857142,2026-01-29T09:50:00+00:00,87868.29285714286,2026-01-29T11:05:00+00:00,-114.00077863253134,stop_loss
BTCUSD,SELL,1.302731085429868,87644.85,87731.04642857144,87386.26071428572,2026-01-29T11:25:00+00:00,87731.04642857144,2026-01-29T11:30:00+00:00,-112.29076695304335,stop_loss
BTCUSD,SELL,1.1947300951179893,87608.8,87701.37857142858,87331.06428571428,2026-01-29T11:45:00+00:00,87701.37857142858,2026-01-29T12:00:00+00:00,-110.6064054487477,stop_loss
BTCUSD,SELL,0.7126894522057768,82264.35,82417.21785714287,81805.74642857144,2026-01-30T09:25:00+00:00,82417.21785714287,2026-01-30T09:35:00+00:00,-108.94730936701647,stop_loss
BTCUSD,BUY,0.47101087756565363,83335.05,83107.21428571429,84018.55714285714,2026-01-30T14:35:00+00:00,83107.21428571429,2026-01-30T14:50:00+00:00,-107.31309972651123,stop_loss
BTCUSD,SELL,1.075080018328162,83356.3,83454.62142857142,83061.33571428573,2026-01-31T08:00:00+00:00,83061.33571428573,2026-01-31T08:10:00+00:00,317.1102096918563,take_profit
BTCUSD,SELL,0.9527111811630535,83197.55,83313.49285714286,82849.72142857144,2026-01-31T08:10:00+00:00,82849.72142857144,2026-01-31T08:30:00+00:00,331.38016912796036,take_profit
BTCUSD,SELL,0.7844808858159098,82820.6,82967.74285714286,82379.17142857144,2026-01-31T08:30:00+00:00,82967.74285714286,2026-01-31T08:55:00+00:00,-115.43075891291082,stop_loss
BTCUSD,SELL,1.2496390056595728,82698.3,82789.28571428571,82425.34285714287,2026-01-31T12:10:00+00:00,82789.28571428571,2026-01-31T12:15:00+00:00,-113.69929752921715,stop_loss
BTCUSD,SELL,0.9240413206788909,78066.6,78187.8,77703.0,2026-02-01T07:00:00+00:00,78187.8,2026-02-01T07:10:00+00:00,-111.99380806627889,stop_loss
BTCUSD,SELL,0.6404024768759411,78309.2,78481.45714285714,77792.42857142858,2026-02-01T10:40:00+00:00,78481.45714285714,2026-02-01T11:30:00+00:00,-110.31390094528471,stop_loss
BTCUSD,SELL,0.742316251420202,78008.5,78154.87857142858,77569.36428571428,2026-02-01T14:15:00+00:00,77569.36428571428,2026-02-01T14:30:00+00:00,325.9775772933055,take_profit
BTCUSD,SELL,0.5997788999102278,77423.9,77613.21785714285,76855.94642857142,2026-02-01T14:30:00+00:00,77613.21785714285,2026-02-01T14:40:00+00:00,-113.54885609050503,stop_loss
BTCUSD,BUY,0.4621992813885164,77270.95,77028.96428571428,77996.90714285715,2026-02-02T09:25:00+00:00,77996.90714285715,2026-02-02T12:20:00+00:00,335.5368697474356,take_profit
BTCUSD,BUY,0.8242086677756688,78060.2,77918.39285714286,78485.62142857142,2026-02-02T12:20:00+00:00,77918.39285714286,2026-02-02T12:30:00+00:00,-116.87867629535897,stop_loss
BTCUSD,BUY,0.42424704432971244,78495.45,78224.08571428571,79309.54285714286,2026-02-02T14:35:00+00:00,78224.08571428571,2026-02-02T14:45:00+00:00,-115.12549615092861,stop_loss
BTCUSD,BUY,0.2437743711203573,78998.75,78533.57142857143,80394.28571428571,2026-02-02T15:35:00+00:00,78533.57142857143,2026-02-02T16:55:00+00:00,-113.39861370866468,stop_loss
BTCUSD,BUY,0.6903743247726023,78910.2,78748.40714285713,79395.57857142857,2026-02-03T08:35:00+00:00,78748.40714285713,2026-02-03T08:50:00+00:00,-111.69763450303469,stop_loss
BTCUSD,SELL,0.6017425060247342,78126.05,78308.8892857143,77577.53214285713,2026-02-03T09:10:00+00:00,78308.8892857143,2026-02-03T09:20:00+00:00,-110.02216998548917,stop_loss
BTCUSD,SELL,0.5546863080522424,77888.55,78083.925,77302.42499999999,2026-02-03T09:25:00+00:00,78083.925,2026-02-03T09:30:00+00:00,-108.37183743570685,stop_loss
BTCUSD,SELL,0.7505449806585824,78053.45,78195.675,77626.775,2026-02-03T14:15:00+00:00,78195.675,2026-02-03T14:25:00+00:00,-106.74625987417126,stop_loss
BTCUSD,SELL,0.7102339687662358,76129.3,76277.34285714285,75685.17142857143,2026-02-04T08:00:00+00:00,76277.34285714285,2026-02-04T08:10:00+00:00,-105.1450659760587,stop_loss
BTCUSD,SELL,0.6819605671329932,76023.1,76174.96785714287,75567.49642857144,2026-02-04T08:25:00+00:00,76174.96785714287,2026-02-04T08:35:00+00:00,-103.56788998641781,stop_loss
BTCUSD,SELL,0.6920585370513127,75965.3,76112.70714285714,75523.07857142857,2026-02-04T09:35:00+00:00,76112.70714285714,2026-02-04T09:40:00+00:00,-102.01437163662153,stop_loss
BTCUSD,SELL,0.7779992173813497,75701.85,75831.00714285715,75314.37857142858,2026-02-04T11:05:00+00:00,75831.00714285715,2026-02-04T11:15:00+00:00,-100.4841560620722,stop_loss
BTCUSD,SELL,0.5084771524855435,70649.4,70844.05357142857,70065.43928571428,2026-02-05T10:50:00+00:00,70844.05357142857,2026-02-05T11:05:00+00:00,-98.97689372114114,stop_loss
BTCUSD,SELL,0.39039839950073774,69952.45,70202.175,69203.275,2026-02-05T11:20:00+00:00,70202.175,2026-02-05T11:25:00+00:00,-97.492240315324,stop_loss
BTCUSD,SELL,0.27242788558107756,69805.9,70158.39642857142,68748.41071428571,2026-02-05T12:10:00+00:00,70158.39642857142,2026-02-05T14:00:00+00:00,-96.02985671059415,stop_loss
BTCUSD,SELL,0.2083614673850584,68853.9,69307.86785714285,67491.99642857142,2026-02-05T15:00:00+00:00,67491.99642857142,2026-02-05T15:20:00+00:00,283.76822657980875,take_profit
BTCUSD,BUY,0.485380141218439,66449.35,66245.70357142857,67060.2892857143,2026-02-06T11:50:00+00:00,66245.70357142857,2026-02-06T12:05:00+00:00,-98.84593225863236,stop_loss
BTCUSD,BUY,0.48693795086148683,66795.35,66595.40000000001,67395.20000000001,2026-02-06T13:00:00+00:00,66595.40000000001,2026-02-06T13:05:00+00:00,-97.36324327475288,stop_loss
BTCUSD,BUY,0.430098704154423,66966.4,66743.42142857143,67635.33571428571,2026-02-06T13:10:00+00:00,66743.42142857143,2026-02-06T13:30:00+00:00,-95.90279462563159,stop_loss
BTCUSD,BUY,0.3050150576905218,67510.3,67200.59642857143,68439.41071428572,2026-02-06T13:45:00+00:00,67200.59642857143,2026-02-06T14:00:00+00:00,-94.46425270624711,stop_loss
BTCUSD,SELL,0.23679382773354699,68067.75,68460.69642857142,66888.91071428571,2026-02-07T08:00:00+00:00,68460.69642857142,2026-02-07T08:20:00+00:00,-93.04728891565341,stop_loss
BTCUSD,SELL,0.4553550097225916,67819.7,68020.975,67215.87499999999,2026-02-07T10:30:00+00:00,68020.975,2026-02-07T11:00:00+00:00,-91.6515795819186,stop_loss
BTCUSD,BUY,0.29969536242878486,69778.2,69476.97142857143,70681.8857142857,2026-02-07T12:15:00+00:00,69476.97142857143,2026-02-07T12:20:00+00:00,-90.27680588818983,stop_loss
BTCUSD,SELL,0.43563605458871485,68501.1,68705.22142857143,67888.73571428572,2026-02-07T14:35:00+00:00,68705.22142857143,2026-02-07T14:40:00+00:00,-88.92265379986696,stop_loss
BTCUSD,BUY,0.8018855583966799,69387.2,69277.97142857143,69714.8857142857,2026-02-08T07:15:00+00:00,69714.8857142857,2026-02-08T08:00:00+00:00,262.7664419786069,take_profit
BTCUSD,BUY,0.7864635276126763,69789.65,69673.26785714286,70138.79642857141,2026-02-08T08:00:00+00:00,69673.26785714286,2026-02-08T08:05:00+00:00,-91.53031062254807,stop_loss
BTCUSD,BUY,0.6131068069582324,70020.75,69873.7,70461.9,2026-02-08T08:20:00+00:00,70461.9,2026-02-08T08:30:00+00:00,270.47206788962063,take_profit
BTCUSD,BUY,0.4577960980639107,70659.05,70453.25,71276.45000000001,2026-02-08T08:30:00+00:00,70453.25,2026-02-08T08:35:00+00:00,-94.21443698155416,stop_loss
BTCUSD,SELL,0.5594406898080225,70164.35,70330.23214285714,69666.70357142857,2026-02-09T08:20:00+00:00,69666.70357142857,2026-02-09T08:30:00+00:00,278.40366128050067,take_profit
BTCUSD,SELL,0.47877346551863925,69555.15,69757.70357142857,68947.48928571427,2026-02-09T08:30:00+00:00,69757.70357142857,2026-02-09T08:35:00+00:00,-96.97727534603835,stop_loss
BTCUSD,SELL,0.46888840749688515,69161.75,69365.47142857143,68550.58571428571,2026-02-09T10:15:00+00:00,68550.58571428571,2026-02-09T10:35:00+00:00,286.5678486475433,take_profit
BTCUSD,SELL,0.5752195411557467,68546.8,68720.33571428571,68026.19285714286,2026-02-09T13:55:00+00:00,68720.33571428571,2026-02-09T14:00:00+00:00,-99.82113394556093,stop_loss
BTCUSD,SELL,1.0014065452562353,68874.6,68972.78571428572,68580.04285714286,2026-02-10T10:55:00+00:00,68972.78571428572,2026-02-10T11:30:00+00:00,-98.32381693637751,stop_loss
BTCUSD,SELL,0.8090974075382975,68610.75,68730.45,68251.65,2026-02-10T11:40:00+00:00,68730.45,2026-02-10T12:05:00+00:00,-96.84895968233185,stop_loss
BTCUSD,SELL,0.35178378875788624,68188.75,68459.92857142858,67375.21428571429,2026-02-10T14:40:00+00:00,68459.92857142858,2026-02-10T14:55:00+00:00,-95.39622528709687,stop_loss
BTCUSD,BUY,0.2632818209800839,69643.25,69286.35,70713.95000000001,2026-02-10T16:10:00+00:00,69286.35,2026-02-10T16:20:00+00:00,-93.96528190779041,stop_loss
BTCUSD,SELL,0.8058090466767263,66716.85,66831.71071428571,66372.26785714287,2026-02-11T09:45:00+00:00,66831.71071428571,2026-02-11T09:50:00+00:00,-92.55580267917357,stop_loss
BTCUSD,SELL,0.7561282695177083,66681.1,66801.67142857143,66319.38571428573,2026-02-11T10:00:00+00:00,66801.67142857143,2026-02-11T10:10:00+00:00,-91.16746563898597,stop_loss
BTCUSD,SELL,0.6022800379235257,66468.15,66617.25,66020.84999999999,2026-02-11T10:50:00+00:00,66617.25,2026-02-11T11:00:00+00:00,-89.7999536544012,stop_loss
BTCUSD,BUY,0.2577676070219522,68419.7,68076.54999999999,69449.15,2026-02-11T14:10:00+00:00,68076.54999999999,2026-02-11T14:20:00+00:00,-88.45295434958516,stop_loss
BTCUSD,SELL,0.7015593940590827,66882.0,67006.18928571428,66509.43214285714,2026-02-12T08:25:00+00:00,67006.18928571428,2026-02-12T08:40:00+00:00,-87.12616003434138,stop_loss
BTCUSD,BUY,0.7711120896434733,67419.1,67307.80714285714,67752.97857142857,2026-02-12T09:30:00+00:00,67752.97857142857,2026-02-12T10:30:00+00:00,257.4578029014563,take_profit
BTCUSD,BUY,0.6385758388133735,67693.2,67552.76071428572,68114.51785714287,2026-02-12T10:30:00+00:00,68114.51785714287,2026-02-12T11:25:00+00:00,269.0434040320629,take_profit
BTCUSD,BUY,0.5490490240535819,68172.7,68002.01071428572,68684.76785714286,2026-02-12T11:25:00+00:00,68002.01071428572,2026-02-12T11:50:00+00:00,-93.71678573782906,stop_loss
BTCUSD,BUY,0.6486909149578212,66614.4,66472.09642857143,67041.3107142857,2026-02-13T08:45:00+00:00,67041.3107142857,2026-02-13T10:40:00+00:00,276.9331018552943,take_profit
BTCUSD,BUY,0.8393737696722958,67118.6,67003.675,67463.37500000001,2026-02-13T11:55:00+00:00,67003.675,2026-02-13T12:00:00+00:00,-96.46503047959104,stop_loss
BTCUSD,BUY,0.7811919842109412,67182.5,67060.86785714286,67547.39642857143,2026-02-13T13:20:00+00:00,67547.39642857143,2026-02-13T13:30:00+00:00,285.05416506720286,take_profit
BTCUSD,BUY,0.7033033037250164,67456.35,67315.16785714286,67879.89642857145,2026-02-13T13:30:00+00:00,67315.16785714286,2026-02-13T13:35:00+00:00,-99.2938674984052,stop_loss
BTCUSD,BUY,1.0674429411834012,69361.0,69269.375,69635.875,2026-02-14T08:00:00+00:00,69635.875,2026-02-14T08:05:00+00:00,293.4133784577874,take_profit
BTCUSD,BUY,0.8804868883632468,69501.55,69385.47142857143,69849.78571428571,2026-02-14T08:05:00+00:00,69849.78571428571,2026-02-14T09:00:00+00:00,306.616980488375,take_profit
BTCUSD,BUY,1.404733719931987,70051.0,69974.96785714285,70279.09642857141,2026-02-14T11:10:00+00:00,69974.96785714285,2026-02-14T11:15:00+00:00,-106.80491487012154,stop_loss
BTCUSD,BUY,1.0209973838403927,70295.45,70192.41071428571,70604.56785714284,2026-02-14T11:20:00+00:00,70192.41071428571,2026-02-14T11:25:00+00:00,-105.20284114706975,stop_loss
BTCUSD,BUY,0.8631546508512075,70761.75,70641.69642857143,71121.91071428571,2026-02-15T07:15:00+00:00,70641.69642857143,2026-02-15T07:20:00+00:00,-103.62479852986368,stop_loss
BTCUSD,SELL,0.8424879708320756,69958.6,70079.75357142858,69595.1392857143,2026-02-15T12:45:00+00:00,69595.1392857143,2026-02-15T12:50:00+00:00,306.21127965574715,take_profit
BTCUSD,SELL,0.7157601210058447,69570.55,69719.57142857143,69123.48571428572,2026-02-15T12:50:00+00:00,69123.48571428572,2026-02-15T13:25:00+00:00,319.9907872402454,take_profit
BTCUSD,SELL,0.5110658301483386,69019.55,69237.65000000001,68365.25,2026-02-15T13:25:00+00:00,68958.15,2026-02-15T17:25:00+00:00,31.379441971112453,max_hold
BTCUSD,BUY,1.4763560116716712,68917.75,68841.93214285714,69145.20357142857,2026-02-16T09:00:00+00:00,68841.93214285714,2026-02-16T09:05:00+00:00,-111.93414918492233,stop_loss
BTCUSD,BUY,1.3270047431740903,68932.95,68849.86428571428,69182.20714285714,2026-02-16T09:25:00+00:00,68849.86428571428,2026-02-16T10:20:00+00:00,-110.25513694714849,stop_loss
BTCUSD,SELL,1.3296762766199863,68672.15,68753.825,68427.125,2026-02-16T11:05:00+00:00,68427.125,2026-02-16T11:20:00+00:00,325.8039296788044,take_profit
BTCUSD,SELL,1.0101644554367681,68391.95,68504.29642857143,68054.91071428571,2026-02-16T11:20:00+00:00,68504.29642857143,2026-02-16T11:25:00+00:00,-113.48836883812334,stop_loss
BTCUSD,SELL,1.3157380354598711,68071.55,68156.51071428572,67816.66785714286,2026-02-17T09:10:00+00:00,67816.66785714286,2026-02-17T10:15:00+00:00,335.35812991665443,take_profit
BTCUSD,SELL,1.081204425201717,67804.3,67912.34285714287,67480.17142857143,2026-02-17T10:15:00+00:00,67912.34285714287,2026-02-17T10:20:00+00:00,-116.81641525430128,stop_loss
BTCUSD,BUY,0.8332376591096586,68303.9,68165.80714285713,68718.17857142858,2026-02-17T13:20:00+00:00,68165.80714285713,2026-02-17T13:25:00+00:00,-115.06416902548676,stop_loss
BTCUSD,SELL,0.6191894524550865,67580.25,67763.29285714286,67031.12142857142,2026-02-17T14:35:00+00:00,67031.12142857142,2026-02-17T14:40:00+00:00,340.01461947030435,take_profit
BTCUSD,BUY,1.4872526333753626,68044.15,67964.51428571428,68283.05714285713,2026-02-18T07:40:00+00:00,68283.05714285713,2026-02-18T08:15:00+00:00,355.31527734645545,take_profit
BTCUSD,BUY,1.2092638489726315,68304.35,68202.0,68611.40000000001,2026-02-18T08:15:00+00:00,68202.0,2026-02-18T08:30:00+00:00,-123.76815494235588,stop_loss
BTCUSD,SELL,1.0017095734102488,67162.55,67284.25357142858,66797.4392857143,2026-02-18T11:05:00+00:00,67284.25357142858,2026-02-18T11:10:00+00:00,-121.91163261822052,stop_loss
BTCUSD,SELL,1.1893186755370126,67265.6,67366.56785714286,66962.69642857143,2026-02-18T13:40:00+00:00,66962.69642857143,2026-02-18T14:45:00+00:00,360.248874386859,take_profit
BTCUSD,SELL,1.4757559556691995,66925.85,67010.88214285715,66670.75357142856,2026-02-19T08:20:00+00:00,67010.88214285715,2026-02-19T09:20:00+00:00,-125.48669124475012,stop_loss
BTCUSD,SELL,1.2713698275402958,66757.05,66854.27142857143,66465.3857142857,2026-02-19T09:45:00+00:00,66854.27142857143,2026-02-19T10:10:00+00:00,-123.60439087607887,stop_loss
BTCUSD,SELL,1.67592994462519,66664.25,66736.89642857143,66446.3107142857,2026-02-19T11:35:00+00:00,66446.3107142857,2026-02-19T12:00:00+00:00,365.25097503881307,take_profit
BTCUSD,SELL,1.6970343511235406,66407.3,66482.27142857143,66182.38571428572,2026-02-19T12:00:00+00:00,66482.27142857143,2026-02-19T12:05:00+00:00,-127.22908963851987,stop_loss
BTCUSD,BUY,1.3620752628796369,68151.8,68059.79285714286,68427.82142857143,2026-02-20T09:00:00+00:00,68059.79285714286,2026-02-20T10:45:00+00:00,-125.32065329394206,stop_loss
BTCUSD,SELL,0.9008871443066356,67211.5,67348.52142857143,66800.43571428572,2026-02-20T13:00:00+00:00,66800.43571428572,2026-02-20T13:35:00+00:00,370.3225304835857,take_profit
BTCUSD,SELL,0.7063280429931792,66512.2,66694.82857142857,65964.31428571428,2026-02-20T13:35:00+00:00,66694.82857142857,2026-02-20T13:45:00+00:00,-128.9956814517867,stop_loss
BTCUSD,BUY,3.5336719253485653,67888.35,67852.39285714287,67996.22142857143,2026-02-21T08:10:00+00:00,67996.22142857143,2026-02-21T08:50:00+00:00,381.18223869008114,take_profit
BTCUSD,BUY,3.6545733163170184,67998.3,67961.96785714285,68107.29642857143,2026-02-21T08:50:00+00:00,67961.96785714285,2026-02-21T08:55:00+00:00,-132.77847981036112,stop_loss
BTCUSD,BUY,3.1441834576884378,68041.3,67999.70357142857,68166.08928571429,2026-02-21T08:55:00+00:00,67999.70357142857,2026-02-21T09:05:00+00:00,-130.7868026132057,stop_loss
BTCUSD,BUY,2.523153340845182,68100.25,68049.19285714286,68253.42142857143,2026-02-21T09:15:00+00:00,68253.42142857143,2026-02-21T09:25:00+00:00,386.47500172202285,take_profit
BTCUSD,SELL,4.365280274226931,67948.55,67979.3892857143,67856.03214285715,2026-02-22T08:20:00+00:00,67979.3892857143,2026-02-22T08:35:00+00:00,-134.62212559983797,stop_loss
BTCUSD,BUY,3.827314940772266,68170.75,68136.10357142857,68274.68928571428,2026-02-22T11:00:00+00:00,68136.10357142857,2026-02-22T12:00:00+00:00,-132.60279371584042,stop_loss
BTCUSD,SELL,3.027471068446238,67996.25,68039.39285714286,67866.82142857142,2026-02-22T12:10:00+00:00,68039.39285714286,2026-02-22T12:15:00+00:00,-130.61375181010283,stop_loss
BTCUSD,SELL,2.2507511870802754,67901.5,67958.66071428572,67730.01785714284,2026-02-22T12:35:00+00:00,67958.66071428572,2026-02-22T12:50:00+00:00,-128.6545455329513,stop_loss
BTCUSD,SELL,1.356640170445022,66127.85,66221.26071428572,65847.61785714286,2026-02-23T11:40:00+00:00,66221.26071428572,2026-02-23T12:05:00+00:00,-126.72472734995704,stop_loss
BTCUSD,SELL,1.4099838552169723,65948.35,66036.87857142858,65682.7642857143,2026-02-23T12:30:00+00:00,66036.87857142858,2026-02-23T12:35:00+00:00,-124.82385643970767,stop_loss
BTCUSD,SELL,0.8943785619367992,65836.3,65973.77142857143,65423.885714285716,2026-02-23T14:35:00+00:00,65973.77142857143,2026-02-23T14:50:00+00:00,-122.95149859311206,stop_loss
BTCUSD,SELL,0.5929258679159416,65395.15,65599.40357142857,64782.389285714286,2026-02-23T16:00:00+00:00,65599.40357142857,2026-02-23T16:25:00+00:00,-121.10722611421538,stop_loss
BTCUSD,SELL,1.4567940056830042,63011.7,63093.58571428571,62766.04285714286,2026-02-24T12:45:00+00:00,63093.58571428571,2026-02-24T12:50:00+00:00,-119.29061772250213,stop_loss
BTCUSD,SELL,1.2910706105193852,62958.0,63049.010714285716,62684.96785714286,2026-02-24T12:55:00+00:00,63049.010714285716,2026-02-24T13:10:00+00:00,-117.50125845666463,stop_loss
BTCUSD,SELL,0.8793066634743752,62692.65,62824.275,62297.775,2026-02-24T13:30:00+00:00,62824.275,2026-02-24T13:35:00+00:00,-115.73873957981465,stop_loss
BTCUSD,BUY,0.44341757481959576,63894.75,63637.65,64666.05,2026-02-24T15:20:00+00:00,64666.05,2026-02-24T19:05:00+00:00,342.0079754583555,take_profit
BTCUSD,BUY,1.186919224061961,65220.9,65120.52857142857,65522.014285714286,2026-02-25T08:20:00+00:00,65522.014285714286,2026-02-25T08:50:00+00:00,357.3983343539697,take_profit
BTCUSD,BUY,1.242319786069535,65572.3,65472.08928571429,65872.93214285714,2026-02-25T08:50:00+00:00,65472.08928571429,2026-02-25T09:05:00+00:00,-124.49375313330232,stop_loss
BTCUSD,BUY,1.2434046901632019,65707.7,65609.07857142857,66003.56428571428,2026-02-25T12:15:00+00:00,66003.56428571428,2026-02-25T12:45:00+00:00,367.8790405089264,take_profit
BTCUSD,BUY,1.0889698954232718,66010.75,65893.075,66363.775,2026-02-25T12:45:00+00:00,66363.775,2026-02-25T13:40:00+00:00,384.4335973317942,take_profit
BTCUSD,BUY,0.9346201254572988,68335.2,68191.92142857143,68765.03571428571,2026-02-26T09:10:00+00:00,68191.92142857143,2026-02-26T09:15:00+00:00,-133.91103640391358,stop_loss
BTCUSD,BUY,0.9366640588435595,68463.85,68323.02857142859,68886.3142857143,2026-02-26T09:35:00+00:00,68323.02857142859,2026-02-26T10:30:00+00:00,-131.9023708578549,stop_loss
BTCUSD,SELL,1.2837417560377855,68084.1,68185.30714285714,67780.47857142858,2026-02-26T11:40:00+00:00,68185.30714285714,2026-02-26T12:00:00+00:00,-129.92383529498704,stop_loss
BTCUSD,SELL,1.163484439715443,67903.85,68013.84285714287,67573.87142857144,2026-02-26T13:55:00+00:00,68013.84285714287,2026-02-26T14:10:00+00:00,-127.97497776556224,stop_loss
BTCUSD,SELL,1.4575280338511323,67514.4,67600.88571428572,67254.94285714284,2026-02-27T07:25:00+00:00,67600.88571428572,2026-02-27T07:30:00+00:00,-126.05535309907883,stop_loss
BTCUSD,BUY,1.0482441773119098,67995.1,67876.65000000001,68350.45000000001,2026-02-27T08:05:00+00:00,67876.65000000001,2026-02-27T08:15:00+00:00,-124.16452280259266,stop_loss
BTCUSD,SELL,0.8488145793415465,67464.3,67608.38571428572,67032.04285714286,2026-02-27T09:45:00+00:00,67032.04285714286,2026-02-27T10:10:00+00:00,366.9061648816613,take_profit
BTCUSD,SELL,0.6987324276375836,66884.15,67067.0607142857,66335.41785714285,2026-02-27T10:10:00+00:00,66335.41785714285,2026-02-27T11:35:00+00:00,383.4169423013462,take_profit
BTCUSD,SELL,0.6840677637171237,63814.55,64009.78928571429,63228.83214285715,2026-02-28T08:00:00+00:00,64009.78928571429,2026-02-28T10:30:00+00:00,-133.55690156829888,stop_loss
BTCUSD,BUY,0.9111257903565945,65169.1,65024.71428571428,65602.25714285714,2026-02-28T16:40:00+00:00,65024.71428571428,2026-02-28T16:50:00+00:00,-131.55354804477437,stop_loss
BTCUSD,BUY,1.0695221244766915,67270.85,67149.69285714286,67634.32142857143,2026-03-01T08:10:00+00:00,67149.69285714286,2026-03-01T08:20:00+00:00,-129.58024482410278,stop_loss
BTCUSD,SELL,1.3987018716482889,66293.6,66384.85357142858,66019.83928571429,2026-03-01T12:30:00+00:00,66384.85357142858,2026-03-01T12:40:00+00:00,-127.63654115174123,stop_loss
BTCUSD,BUY,0.727152053245121,67157.5,66984.60357142857,67676.18928571428,2026-03-01T13:50:00+00:00,66984.60357142857,2026-03-01T13:55:00+00:00,-125.7219930344651,stop_loss
BTCUSD,SELL,0.6039631025222564,66105.5,66310.53928571429,65490.38214285714,2026-03-01T16:45:00+00:00,66310.53928571429,2026-03-01T18:00:00+00:00,-123.83616313894811,stop_loss
BTCUSD,SELL,0.7637985015145029,65981.9,66141.59999999999,65502.799999999996,2026-03-02T07:00:00+00:00,66141.59999999999,2026-03-02T08:50:00+00:00,-121.9786206918639,stop_loss
BTCUSD,BUY,0.6619776384654873,66401.0,66219.5,66945.49999999999,2026-03-02T09:10:00+00:00,66219.5,2026-03-02T09:55:00+00:00,-120.14894138148594,stop_loss
BTCUSD,SELL,1.0084013886678986,65988.2,66105.5607142857,65636.11785714285,2026-03-02T12:40:00+00:00,66105.5607142857,2026-03-02T13:25:00+00:00,-118.34670726076365,stop_loss
BTCUSD,SELL,0.7255111663410616,65584.6,65745.27500000001,65102.575,2026-03-02T13:40:00+00:00,65745.27500000001,2026-03-02T14:30:00+00:00,-116.57150665185219,stop_loss
BTCUSD,SELL,0.8816305573417403,67748.45,67878.68928571428,67357.73214285714,2026-03-03T08:25:00+00:00,67357.73214285714,2026-03-03T08:40:00+00:00,344.4688021562232,take_profit
BTCUSD,SELL,0.7984882237768853,67338.8,67489.07142857143,66887.98571428572,2026-03-03T08:40:00+00:00,66887.98571428572,2026-03-03T09:05:00+00:00,359.96989825324164,take_profit
BTCUSD,SELL,0.6288340750161485,66613.55,66812.95,66015.35,2026-03-03T09:25:00+00:00,66812.95,2026-03-03T10:45:00+00:00,-125.38951455821635,stop_loss
BTCUSD,SELL,0.7256526452599947,66719.95,66890.15357142857,66209.33928571428,2026-03-03T13:45:00+00:00,66890.15357142857,2026-03-03T13:50:00+00:00,-123.50867183984313,stop_loss
BTCUSD,BUY,0.7953603178628518,68768.35,68615.39285714287,69227.22142857144,2026-03-04T07:25:00+00:00,69227.22142857144,2026-03-04T07:45:00+00:00,364.9681252867596,take_profit
BTCUSD,BUY,0.7173832692388611,69437.1,69259.88571428572,69968.74285714286,2026-03-04T07:45:00+00:00,69259.88571428572,2026-03-04T08:20:00+00:00,-127.13056364154687,stop_loss
BTCUSD,BUY,0.49250079997104207,69911.85,69657.58928571429,70674.63214285715,2026-03-04T08:40:00+00:00,70674.63214285715,2026-03-04T08:50:00+00:00,375.670815560771,take_profit
BTCUSD,BUY,0.42987032331049924,70663.2,70358.78571428571,71576.44285714286,2026-03-04T08:50:00+00:00,71576.44285714286,2026-03-04T09:35:00+00:00,392.57600226100567,take_profit
BTCUSD,SELL,0.9842993852747504,71825.8,71964.72857142858,71409.01428571428,2026-03-05T07:50:00+00:00,71964.72857142858,2026-03-05T07:55:00+00:00,-136.7473074542503,stop_loss
BTCUSD,BUY,0.7949519928310446,72952.8,72783.36071428572,73461.11785714286,2026-03-05T10:20:00+00:00,73461.11785714286,2026-03-05T10:30:00+00:00,404.0882935273212,take_profit
BTCUSD,BUY,0.7116277238267605,73531.1,73333.30357142858,74124.48928571428,2026-03-05T10:30:00+00:00,73333.30357142858,2026-03-05T10:35:00+00:00,-140.75742224534636,stop_loss
BTCUSD,SELL,0.8509249277818912,72513.8,72676.73571428572,72024.99285714286,2026-03-05T13:20:00+00:00,72676.73571428572,2026-03-05T13:45:00+00:00,-138.64606091166618,stop_loss
BTCUSD,SELL,1.094156564021945,70332.95,70457.76428571428,69958.50714285714,2026-03-06T09:30:00+00:00,70457.76428571428,2026-03-06T09:40:00+00:00,-136.5663699979912,stop_loss
BTCUSD,SELL,1.2844429424855808,70314.75,70419.47857142857,70000.5642857143,2026-03-06T11:45:00+00:00,70000.5642857143,2026-03-06T12:05:00+00:00,403.553623344064,take_profit
BTCUSD,SELL,1.137504481344727,69849.3,69972.87857142858,69478.5642857143,2026-03-06T12:05:00+00:00,69972.87857142858,2026-03-06T12:15:00+00:00,-140.57117879818227,stop_loss
BTCUSD,SELL,0.8864038390539194,69770.7,69926.90714285713,69302.07857142857,2026-03-06T12:35:00+00:00,69926.90714285713,2026-03-06T12:50:00+00:00,-138.46261111620956,stop_loss
BTCUSD,SELL,1.658544544879463,67803.2,67885.43214285714,67556.50357142856,2026-03-07T08:00:00+00:00,67885.43214285714,2026-03-07T08:15:00+00:00,-136.38567194946643,stop_loss
BTCUSD,SELL,1.9615753193401504,67889.95,67958.4357142857,67684.49285714285,2026-03-07T13:35:00+00:00,67684.49285714285,2026-03-07T14:10:00+00:00,403.0196606107304,take_profit
BTCUSD,BUY,1.885539928921504,67489.8,67415.34642857143,67713.16071428572,2026-03-08T08:40:00+00:00,67713.16071428572,2026-03-08T09:10:00+00:00,421.1555453381562,take_profit
BTCUSD,BUY,1.5016159454814677,67765.8,67668.10357142857,68058.8892857143,2026-03-08T09:10:00+00:00,68058.8892857143,2026-03-08T10:20:00+00:00,440.1075448783514,take_profit
BTCUSD,BUY,1.6288527255771843,68101.9,68007.78214285713,68384.25357142856,2026-03-08T10:20:00+00:00,68007.78214285713,2026-03-08T10:30:00+00:00,-153.30412813263302,stop_loss
BTCUSD,SELL,1.021385605831037,67308.3,67456.14285714286,66864.77142857143,2026-03-08T12:05:00+00:00,67456.14285714286,2026-03-08T12:40:00+00:00,-151.00456621064353,stop_loss
BTCUSD,SELL,1.1058698715054562,66993.25,67127.75,66589.75,2026-03-09T07:15:00+00:00,67127.75,2026-03-09T07:20:00+00:00,-148.73949771748386,stop_loss
BTCUSD,BUY,0.8774084243162695,67705.1,67538.12142857144,68206.03571428571,2026-03-09T08:20:00+00:00,68206.03571428571,2026-03-09T09:30:00+00:00,439.5252157551648,take_profit
BTCUSD,BUY,0.9536050045969872,68166.1,68005.55,68647.75,2026-03-09T09:30:00+00:00,68005.55,2026-03-09T09:55:00+00:00,-153.10128348804906,stop_loss
BTCUSD,BUY,1.1835449725595355,67983.8,67856.38214285715,68366.05357142858,2026-03-09T12:15:00+00:00,68366.05357142858,2026-03-09T13:10:00+00:00,452.41429270721943,take_profit
BTCUSD,BUY,0.8289276002287089,70922.35,70732.23571428572,71492.69285714286,2026-03-10T08:05:00+00:00,70732.23571428572,2026-03-10T08:50:00+00:00,-157.5909786263366,stop_loss
BTCUSD,BUY,0.935747328305701,71180.85,71014.96428571429,71678.50714285714,2026-03-10T09:20:00+00:00,71014.96428571429,2026-03-10T09:45:00+00:00,-155.22711394694156,stop_loss
BTCUSD,BUY,1.5839735839339448,70766.6,70670.07142857143,71056.18571428572,2026-03-10T13:10:00+00:00,70670.07142857143,2026-03-10T13:30:00+00:00,-152.89870723773743,stop_loss
BTCUSD,SELL,0.4992005049620934,69630.9,69932.59285714285,68725.82142857142,2026-03-10T14:05:00+00:00,69932.59285714285,2026-03-10T14:25:00+00:00,-150.6052266291714,stop_loss
BTCUSD,SELL,1.503326873120814,69513.1,69611.77857142857,69217.0642857143,2026-03-11T08:25:00+00:00,69611.77857142857,2026-03-11T08:30:00+00:00,-148.3461482297338,stop_loss
BTCUSD,SELL,1.4757030723809357,69339.2,69438.21785714285,69042.14642857142,2026-03-11T11:50:00+00:00,69042.14642857142,2026-03-11T12:05:00+00:00,438.36286801888485,take_profit
BTCUSD,SELL,1.2867932260109387,69035.45,69154.11428571428,68679.45714285714,2026-03-11T12:05:00+00:00,69154.11428571428,2026-03-11T12:10:00+00:00,-152.69639902657107,stop_loss
BTCUSD,BUY,0.7603391863134484,70092.35,69894.53571428572,70685.79285714286,2026-03-11T13:15:00+00:00,70685.79285714286,2026-03-11T13:30:00+00:00,451.2178591235286,take_profit
BTCUSD,BUY,1.3181412483855315,70018.95,69899.71071428571,70376.66785714286,2026-03-12T08:15:00+00:00,69899.71071428571,2026-03-12T08:25:00+00:00,-157.17422092802545,stop_loss
BTCUSD,BUY,1.2085268653140746,70285.95,70157.84642857143,70670.26071428572,2026-03-12T09:40:00+00:00,70157.84642857143,2026-03-12T09:45:00+00:00,-154.81660761410507,stop_loss
BTCUSD,BUY,1.1348115765685554,70662.9,70528.52142857142,71066.03571428572,2026-03-12T11:35:00+00:00,70528.52142857142,2026-03-12T11:50:00+00:00,-152.4943584998935,stop_loss
BTCUSD,SELL,1.1222334785140353,70119.6,70253.44642857143,69718.06071428572,2026-03-12T13:20:00+00:00,70253.44642857143,2026-03-12T13:30:00+00:00,-150.2069431223951,stop_loss
BTCUSD,BUY,1.2645241266492064,71716.85,71599.84642857143,72067.86071428572,2026-03-13T08:30:00+00:00,72067.86071428572,2026-03-13T08:35:00+00:00,443.8615169266591,take_profit
BTCUSD,BUY,1.088158387398173,72050.05,71907.96428571429,72476.30714285714,2026-03-13T08:35:00+00:00,71907.96428571429,2026-03-13T08:45:00+00:00,-154.61176172945906,stop_loss
BTCUSD,BUY,1.118271370108659,72192.65,72056.46428571428,72601.20714285714,2026-03-13T10:00:00+00:00,72601.20714285714,2026-03-13T12:45:00+00:00,456.87775591053537,take_profit
BTCUSD,BUY,1.1584466921387018,72760.7,72623.32142857142,73172.83571428571,2026-03-13T12:45:00+00:00,73172.83571428571,2026-03-13T13:15:00+00:00,477.43725492650873,take_profit
BTCUSD,SELL,1.5942362604163107,70678.2,70782.51785714286,70365.24642857142,2026-03-14T07:00:00+00:00,70655.8,2026-03-14T11:00:00+00:00,35.71089223331608,max_hold
BTCUSD,SELL,2.3865150793299152,70615.65,70685.5607142857,70405.91785714285,2026-03-14T14:40:00+00:00,70685.5607142857,2026-03-14T15:00:00+00:00,-166.84297384957256,stop_loss
BTCUSD,SELL,2.1988480043825267,70578.6,70653.33928571429,70354.38214285715,2026-03-14T15:30:00+00:00,70653.33928571429,2026-03-14T16:10:00+00:00,-164.34032924182898,stop_loss
BTCUSD,BUY,2.428215086515353,71723.95,71657.28571428571,71923.94285714286,2026-03-15T08:55:00+00:00,71923.94285714286,2026-03-15T09:20:00+00:00,485.62567290960453,take_profit
BTCUSD,BUY,2.084713496087939,71936.0,71854.85714285714,72179.42857142857,2026-03-15T09:20:00+00:00,71854.85714285714,2026-03-15T09:25:00+00:00,-169.15960939684558,stop_loss
BTCUSD,BUY,1.4320774839354067,73575.75,73459.4,73924.8,2026-03-16T10:50:00+00:00,73924.8,2026-03-16T12:30:00+00:00,499.8666457676579,take_profit
BTCUSD,BUY,1.1816204601035745,73915.15,73767.79285714285,74357.22142857143,2026-03-16T12:30:00+00:00,73767.79285714285,2026-03-16T12:40:00+00:00,-174.12021494240776,stop_loss
BTCUSD,BUY,0.9892745664898136,74326.25,74152.88214285714,74846.35357142857,2026-03-16T13:30:00+00:00,74152.88214285714,2026-03-16T13:40:00+00:00,-171.50841171827165,stop_loss
BTCUSD,SELL,1.342320155279678,73982.75,74108.60357142857,73605.18928571428,2026-03-17T09:50:00+00:00,73605.18928571428,2026-03-17T10:05:00+00:00,506.80735662751226,take_profit
BTCUSD,SELL,1.24366252829809,73671.9,73813.84999999999,73246.04999999999,2026-03-17T10:05:00+00:00,73813.84999999999,2026-03-17T10:25:00+00:00,-176.53789589191027,stop_loss
BTCUSD,SELL,0.9525972704450437,73571.85,73754.39285714287,73024.22142857143,2026-03-17T13:50:00+00:00,73754.39285714287,2026-03-17T14:05:00+00:00,-173.8898274535316,stop_loss
BTCUSD,BUY,0.7212502543339954,74270.45,74032.97142857143,74982.88571428572,2026-03-17T14:40:00+00:00,74032.97142857143,2026-03-17T15:25:00+00:00,-171.28148004172863,stop_loss
BTCUSD,SELL,2.115040617663308,73780.8,73860.56785714286,73541.49642857142,2026-03-18T07:30:00+00:00,73860.56785714286,2026-03-18T07:50:00+00:00,-168.71225784110268,stop_loss
BTCUSD,BUY,2.2337305320231406,74185.95,74111.55357142857,74409.13928571428,2026-03-18T09:10:00+00:00,74111.55357142857,2026-03-18T10:30:00+00:00,-166.18157397348617,stop_loss
BTCUSD,SELL,2.110266499465306,73902.85,73980.41785714286,73670.14642857143,2026-03-18T10:40:00+00:00,73980.41785714286,2026-03-18T11:10:00+00:00,-163.68885036388386,stop_loss
BTCUSD,SELL,1.411984641114721,73625.3,73739.48928571428,73282.73214285714,2026-03-18T11:25:00+00:00,73282.73214285714,2026-03-18T11:30:00+00:00,483.70055282529734,take_profit
BTCUSD,SELL,1.4324687937153624,70449.65,70567.27142857143,70096.78571428571,2026-03-19T07:00:00+00:00,70096.78571428571,2026-03-19T07:10:00+00:00,505.46707770237344,take_profit
BTCUSD,SELL,1.2002991984655837,70004.75,70151.43928571428,69564.68214285714,2026-03-19T07:10:00+00:00,69564.68214285714,2026-03-19T07:20:00+00:00,528.2130961990395,take_profit
BTCUSD,SELL,1.0982388399618979,69677.0,69844.53571428571,69174.39285714286,2026-03-19T07:20:00+00:00,69844.53571428571,2026-03-19T07:25:00+00:00,-183.99422850932626,stop_loss
BTCUSD,SELL,2.1336924787821094,70030.85,70115.78928571429,69776.03214285715,2026-03-19T11:35:00+00:00,69776.03214285715,2026-03-19T12:05:00+00:00,543.7029452450901,take_profit
BTCUSD,BUY,1.486118336263864,70742.05,70614.61071428572,71124.36785714286,2026-03-20T07:35:00+00:00,71124.36785714286,2026-03-20T08:05:00+00:00,568.1695777811096,take_profit
BTCUSD,BUY,1.331718562423888,71153.45,71004.83571428571,71599.29285714285,2026-03-20T08:05:00+00:00,71004.83571428571,2026-03-20T09:00:00+00:00,-197.9124029270793,stop_loss
BTCUSD,SELL,1.289675851226064,70006.6,70157.75714285714,69553.12857142859,2026-03-20T13:30:00+00:00,70157.75714285714,2026-03-20T13:35:00+00:00,-194.94371688317315,stop_loss
BTCUSD,SELL,0.7699370926433594,69505.55,69754.94642857143,68757.36071428572,2026-03-20T15:05:00+00:00,69754.94642857143,2026-03-20T15:10:00+00:00,-192.01956112992553,stop_loss
BTCUSD,BUY,3.583395017229072,70863.3,70810.51785714286,71021.64642857143,2026-03-21T07:25:00+00:00,70810.51785714286,2026-03-21T07:30:00+00:00,-189.13926771297665,stop_loss
BTCUSD,BUY,7.372047772079154,70705.4,70680.12857142856,70781.21428571428,2026-03-21T12:00:00+00:00,70680.12857142856,2026-03-21T12:05:00+00:00,-186.302178697282,stop_loss
BTCUSD,BUY,6.4412863087267604,70711.25,70682.76071428572,70796.71785714285,2026-03-21T12:10:00+00:00,70682.76071428572,2026-03-21T12:20:00+00:00,-183.50764601682275,stop_loss
BTCUSD,BUY,5.238733958330585,70757.1,70722.59642857143,70860.61071428572,2026-03-21T12:20:00+00:00,70722.59642857143,2026-03-21T12:30:00+00:00,-180.75503132657042,stop_loss
BTCUSD,SELL,3.1652214374519443,69003.65,69059.9,68834.9,2026-03-22T07:35:00+00:00,69059.9,2026-03-22T07:50:00+00:00,-178.04370585667186,stop_loss
BTCUSD,SELL,2.268104114331,68904.15,68981.47142857143,68672.1857142857,2026-03-22T07:55:00+00:00,68672.1857142857,2026-03-22T08:25:00+00:00,526.1191508064325,take_profit
BTCUSD,SELL,1.4199500389799917,68618.1,68747.16428571429,68230.90714285715,2026-03-22T08:25:00+00:00,68747.16428571429,2026-03-22T08:40:00+00:00,-183.2648375309183,stop_loss
BTCUSD,SELL,2.541326471467832,68412.9,68483.93214285714,68199.80357142857,2026-03-22T11:25:00+00:00,68483.93214285714,2026-03-22T11:30:00+00:00,-180.5158649679545,stop_loss
BTCUSD,SELL,0.9485268167612334,67647.55,67835.00714285714,67085.17857142858,2026-03-23T07:00:00+00:00,67835.00714285714,2026-03-23T07:05:00+00:00,-177.8081269934352,stop_loss
BTCUSD,BUY,0.5748386053779209,71198.8,70894.12142857144,72112.83571428573,2026-03-23T11:05:00+00:00,70894.12142857144,2026-03-23T11:10:00+00:00,-175.14100508853366,stop_loss
BTCUSD,BUY,0.7762404255868223,71113.65,70891.40714285713,71780.37857142856,2026-03-23T13:35:00+00:00,71780.37857142856,2026-03-23T14:10:00+00:00,517.5416700366058,take_profit
BTCUSD,BUY,2.3657292129900958,70551.55,70475.34642857143,70780.16071428571,2026-03-24T07:00:00+00:00,70780.16071428571,2026-03-24T07:05:00+00:00,540.8310451882297,take_profit
BTCUSD,BUY,2.0993813025298915,70785.1,70695.3642857143,71054.30714285714,2026-03-24T07:05:00+00:00,71054.30714285714,2026-03-24T07:55:00+00:00,565.1684422217652,take_profit
BTCUSD,BUY,1.4313882644688387,71278.25,71140.71428571429,71690.85714285713,2026-03-24T07:55:00+00:00,71140.71428571429,2026-03-24T08:00:00+00:00,-196.8670073739047,stop_loss
BTCUSD,SELL,1.6095787695645298,70711.7,70832.175,70350.275,2026-03-24T13:05:00+00:00,70832.175,2026-03-24T13:10:00+00:00,-193.9140022632961,stop_loss
BTCUSD,BUY,1.3947446035784232,71468.7,71331.75357142856,71879.53928571429,2026-03-25T08:30:00+00:00,71331.75357142856,2026-03-25T08:35:00+00:00,-191.00529222934668,stop_loss
BTCUSD,BUY,1.8382684718167845,71525.75,71423.40357142857,71832.78928571429,2026-03-25T10:45:00+00:00,71832.78928571429,2026-03-25T11:25:00+00:00,564.4206385377194,take_profit
BTCUSD,BUY,1.987214868193982,71869.75,71770.81428571428,72166.55714285714,2026-03-25T11:25:00+00:00,71770.81428571428,2026-03-25T11:45:00+00:00,-196.60652242397228,stop_loss
BTCUSD,SELL,0.9774507234706004,70677.7,70875.825,70083.325,2026-03-25T15:15:00+00:00,70875.825,2026-03-25T15:20:00+00:00,-193.6574245876127,stop_loss
BTCUSD,SELL,1.423792224062625,69434.6,69568.57500000001,69032.675,2026-03-26T09:30:00+00:00,69568.57500000001,2026-03-26T09:55:00+00:00,-190.75256321879849,stop_loss
BTCUSD,SELL,2.0109918174284274,69328.65,69422.08214285714,69048.35357142857,2026-03-26T11:20:00+00:00,69422.08214285714,2026-03-26T11:40:00+00:00,-187.8912747705165,stop_loss
BTCUSD,SELL,0.9211044203008888,69135.6,69336.52500000001,68532.825,2026-03-26T15:05:00+00:00,68532.825,2026-03-26T17:55:00+00:00,555.2187169468763,take_profit
BTCUSD,SELL,1.8719047389430987,68482.35,68585.66785714286,68172.39642857143,2026-03-27T07:55:00+00:00,68172.39642857143,2026-03-27T08:30:00+00:00,580.2035592094858,take_profit
BTCUSD,SELL,1.844738138661025,68182.95,68292.50714285714,67854.27857142857,2026-03-27T08:30:00+00:00,67854.27857142857,2026-03-27T08:35:00+00:00,606.3127193739126,take_profit
BTCUSD,SELL,1.4140192860747627,67637.1,67786.46071428573,67189.01785714286,2026-03-27T08:35:00+00:00,67786.46071428573,2026-03-27T08:40:00+00:00,-211.1989305819129,stop_loss
BTCUSD,SELL,1.3414242464706276,66951.4,67106.48214285713,66486.15357142857,2026-03-27T10:35:00+00:00,66486.15357142857,2026-03-27T10:55:00+00:00,624.092839869572,take_profit
BTCUSD,BUY,5.365346406518016,66505.45,66464.93214285714,66627.00357142858,2026-03-28T07:55:00+00:00,66464.93214285714,2026-03-28T08:00:00+00:00,-217.39233922122776,stop_loss
BTCUSD,SELL,4.5856066659431445,66319.55,66366.24642857144,66179.46071428571,2026-03-28T09:00:00+00:00,66179.46071428571,2026-03-28T10:20:00+00:00,642.3943623986613,take_profit
BTCUSD,SELL,4.505923299481787,66121.8,66171.46071428571,65972.81785714286,2026-03-28T10:25:00+00:00,66171.46071428571,2026-03-28T10:30:00+00:00,-223.7673695688893,stop_loss
BTCUSD,SELL,3.856466945391496,66092.8,66149.95357142857,65921.33928571429,2026-03-28T10:35:00+00:00,66149.95357142857,2026-03-28T10:45:00+00:00,-220.41085902535593,stop_loss
BTCUSD,SELL,4.196707968187139,66502.1,66553.83214285715,66346.90357142857,2026-03-29T09:30:00+00:00,66553.83214285715,2026-03-29T09:40:00+00:00,-217.10469613997554,stop_loss
BTCUSD,SELL,3.741173083124625,66480.95,66538.1107142857,66309.46785714285,2026-03-29T10:05:00+00:00,66538.1107142857,2026-03-29T11:00:00+00:00,-213.84812569787596,stop_loss
BTCUSD,BUY,2.732801087363186,66704.85,66627.77142857143,66936.08571428573,2026-03-29T11:05:00+00:00,66627.77142857143,2026-03-29T13:05:00+00:00,-210.6404038124078,stop_loss
BTCUSD,SELL,3.0227703507710295,66486.25,66554.88928571428,66280.33214285715,2026-03-29T13:05:00+00:00,66554.88928571428,2026-03-29T13:10:00+00:00,-207.48079775522172,stop_loss
BTCUSD,BUY,2.0605381160523795,67560.3,67461.11785714286,67857.84642857143,2026-03-30T07:55:00+00:00,67857.84642857143,2026-03-30T08:35:00+00:00,613.1057573666802,take_profit
BTCUSD,BUY,2.8836499108755613,67627.1,67553.03928571429,67849.28214285715,2026-03-30T11:25:00+00:00,67553.03928571429,2026-03-30T11:30:00+00:00,-213.5651721493936,stop_loss
BTCUSD,BUY,2.149524650711764,67989.95,67892.08571428571,68283.54285714285,2026-03-30T13:20:00+00:00,67892.08571428571,2026-03-30T13:25:00+00:00,-210.3616945671527,stop_loss
BTCUSD,SELL,2.3771923035982905,67239.15,67326.31428571428,66977.65714285713,2026-03-31T07:10:00+00:00,67326.31428571428,2026-03-31T07:45:00+00:00,-207.2062691486454,stop_loss
BTCUSD,SELL,1.8161085909428387,66982.3,67094.68214285714,66645.15357142857,2026-03-31T08:35:00+00:00,66645.15357142857,2026-03-31T08:45:00+00:00,612.2945253342737,take_profit
BTCUSD,SELL,1.4118664248333763,66485.45,66636.51428571428,66032.25714285714,2026-03-31T09:15:00+00:00,66032.25714285714,2026-03-31T09:55:00+00:00,639.8477789743099,take_profit
BTCUSD,SELL,1.405329941434735,66057.0,66215.59642857143,65581.21071428571,2026-03-31T09:55:00+00:00,66215.59642857143,2026-03-31T10:05:00+00:00,-222.88030967604445,stop_loss
BTCUSD,BUY,2.457439410276402,68692.65,68603.31428571428,68960.65714285713,2026-04-01T11:50:00+00:00,68603.31428571428,2026-04-01T12:00:00+00:00,-219.5371050309038,stop_loss
BTCUSD,SELL,1.0016929750111132,68084.8,68300.67857142858,67437.16428571429,2026-04-01T13:40:00+00:00,68300.67857142858,2026-04-01T14:15:00+00:00,-216.24404845544024,stop_loss
BTCUSD,BUY,1.1490907588149002,68784.4,68599.03571428571,69340.49285714285,2026-04-01T15:20:00+00:00,68599.03571428571,2026-04-01T16:15:00+00:00,-213.00038772860862,stop_loss
BTCUSD,SELL,2.7581345103314527,66499.0,66575.06785714286,66270.79642857143,2026-04-02T08:40:00+00:00,66270.79642857143,2026-04-02T10:10:00+00:00,629.4161457380384,take_profit
BTCUSD,SELL,2.501081880124381,66243.85,66331.51071428572,65980.86785714286,2026-04-02T10:10:00+00:00,66331.51071428572,2026-04-02T10:20:00+00:00,-219.24662409875006,stop_loss
BTCUSD,SELL,1.9587385872317806,66040.25,66150.50357142858,65709.48928571428,2026-04-02T12:15:00+00:00,66150.50357142858,2026-04-02T12:35:00+00:00,-215.9579247372688,stop_loss
BTCUSD,SELL,1.9353130895027961,65904.55,66014.46428571429,65574.80714285714,2026-04-02T13:15:00+00:00,66014.46428571429,2026-04-02T13:20:00+00:00,-212.71855586620975,stop_loss
BTCUSD,BUY,2.733947421030581,66882.3,66805.66071428571,67112.21785714287,2026-04-03T07:05:00+00:00,66805.66071428571,2026-04-03T07:10:00+00:00,-209.5277775282166,stop_loss
BTCUSD,BUY,2.6419677704146376,66937.4,66859.28214285713,67171.75357142858,2026-04-03T07:25:00+00:00,67171.75357142858,2026-04-03T07:35:00+00:00,619.15458259588,take_profit
BTCUSD,BUY,2.174741079270612,67270.25,67171.07857142857,67567.7642857143,2026-04-03T08:05:00+00:00,67171.07857142857,2026-04-03T08:15:00+00:00,-215.67217960423153,stop_loss
BTCUSD,SELL,3.3185888827747165,66729.6,66793.61428571428,66537.55714285714,2026-04-03T10:30:00+00:00,66793.61428571428,2026-04-03T10:40:00+00:00,-212.4370969101681,stop_loss
BTCUSD,BUY,6.545654265200183,66998.2,66966.23214285713,67094.10357142858,2026-04-04T07:00:00+00:00,66966.23214285713,2026-04-04T07:20:00+00:00,-209.25054045651558,stop_loss
BTCUSD,BUY,9.58022892727225,67000.95,66979.4357142857,67065.49285714286,2026-04-04T10:35:00+00:00,67065.49285714286,2026-04-04T10:45:00+00:00,618.3353470488642,take_profit
BTCUSD,BUY,6.951966284208435,67129.45,67098.46785714285,67222.39642857143,2026-04-04T10:45:00+00:00,67098.46785714285,2026-04-04T11:30:00+00:00,-215.38681255540078,stop_loss
BTCUSD,BUY,7.254082660006169,67232.15,67202.90357142857,67319.88928571428,2026-04-04T13:35:00+00:00,67202.90357142857,2026-04-04T13:45:00+00:00,-212.1560103670698,stop_loss
BTCUSD,SELL,6.690980864406399,66915.4,66946.63214285714,66821.70357142857,2026-04-05T12:00:00+00:00,66821.70357142857,2026-04-05T12:30:00+00:00,626.9210106345939,take_profit
BTCUSD,SELL,5.681629427977687,66749.9,66788.33571428571,66634.59285714285,2026-04-05T12:30:00+00:00,66788.33571428571,2026-04-05T13:00:00+00:00,-218.37748537108266,stop_loss
BTCUSD,BUY,2.8094276735398918,67480.85,67404.28571428572,67710.54285714286,2026-04-05T15:25:00+00:00,67404.28571428572,2026-04-05T15:30:00+00:00,-215.10182309051643,stop_loss
BTCUSD,BUY,2.433051011293482,69240.45,69153.36785714286,69501.69642857142,2026-04-06T08:30:00+00:00,69501.69642857142,2026-04-06T09:10:00+00:00,635.6258872325116,take_profit
BTCUSD,BUY,2.3951903386293725,69633.7,69541.26071428572,69911.01785714286,2026-04-06T09:10:00+00:00,69911.01785714286,2026-04-06T09:15:00+00:00,664.2290521579739,take_profit
BTCUSD,BUY,2.086658084639632,69928.65,69817.76785714286,70261.29642857143,2026-04-06T09:15:00+00:00,70261.29642857143,2026-04-06T09:20:00+00:00,694.1193595050783,take_profit
BTCUSD,BUY,1.7832624292415558,70051.8,69916.21428571429,70458.55714285714,2026-04-06T09:20:00+00:00,69916.21428571429,2026-04-06T09:25:00+00:00,-241.78491022759215,stop_loss
BTCUSD,BUY,2.350603766109816,69208.45,69107.13214285714,69512.40357142857,2026-04-07T09:05:00+00:00,69107.13214285714,2026-04-07T09:10:00+00:00,-238.1581365741783,stop_loss
BTCUSD,SELL,2.166645140096198,68736.2,68844.47142857143,68411.3857142857,2026-04-07T10:25:00+00:00,68411.3857142857,2026-04-07T10:45:00+00:00,703.7572935766967,take_profit
BTCUSD,SELL,2.0083621938782783,68425.2,68547.26071428572,68059.01785714286,2026-04-07T10:45:00+00:00,68547.26071428572,2026-04-07T12:55:00+00:00,-245.14212392921604,stop_loss
BTCUSD,SELL,1.6150732831606922,67848.1,67997.60714285716,67399.57857142857,2026-04-07T14:05:00+00:00,67997.60714285716,2026-04-07T14:20:00+00:00,-241.46499207027782,stop_loss
BTCUSD,BUY,2.6176661614314347,71841.05,71750.18928571428,72113.63214285715,2026-04-08T12:10:00+00:00,71750.18928571428,2026-04-08T12:20:00+00:00,-237.84301718922362,stop_loss
BTCUSD,BUY,2.062737151057815,71927.25,71813.675,72267.975,2026-04-08T12:35:00+00:00,72267.975,2026-04-08T13:05:00+00:00,702.826115794186,take_profit
BTCUSD,BUY,1.6134105450402292,72644.65,72492.91071428571,73099.86785714286,2026-04-08T13:05:00+00:00,72492.91071428571,2026-04-08T13:10:00+00:00,-244.81776366829808,stop_loss
BTCUSD,SELL,0.9689422288830682,70891.4,71140.275,70144.775,2026-04-08T14:50:00+00:00,71140.275,2026-04-08T15:15:00+00:00,-241.14549721327361,stop_loss
BTCUSD,BUY,2.987240753297473,71338.6,71259.08571428571,71577.14285714287,2026-04-09T08:40:00+00:00,71259.08571428571,2026-04-09T08:45:00+00:00,-237.5283147550745,stop_loss
BTCUSD,BUY,2.2064772384456757,71387.4,71281.36428571428,71705.50714285714,2026-04-09T09:15:00+00:00,71281.36428571428,2026-04-09T09:25:00+00:00,-233.96539003374838,stop_loss
BTCUSD,BUY,2.3833809031287303,71543.0,71446.30714285714,71833.07857142857,2026-04-09T09:55:00+00:00,71446.30714285714,2026-04-09T10:05:00+00:00,-230.45590918324214,stop_loss
BTCUSD,SELL,3.1308674327734325,71083.2,71155.70357142857,70865.68928571428,2026-04-09T11:25:00+00:00,71155.70357142857,2026-04-09T11:30:00+00:00,-226.99907054549354,stop_loss
BTCUSD,SELL,3.0109336630811194,71791.7,71865.96071428571,71568.91785714285,2026-04-10T07:00:00+00:00,71568.91785714285,2026-04-10T07:50:00+00:00,670.7822534619335,take_profit
BTCUSD,SELL,3.2043703345732117,71454.5,71527.41785714286,71235.74642857142,2026-04-10T07:50:00+00:00,71527.41785714286,2026-04-10T08:05:00+00:00,-233.65581828924013,stop_loss
BTCUSD,BUY,2.7537080029130205,71827.15,71743.57142857142,72077.88571428572,2026-04-10T09:15:00+00:00,71743.57142857142,2026-04-10T10:05:00+00:00,-230.15098101490153,stop_loss
BTCUSD,BUY,4.2162497883701295,71912.85,71859.08214285715,72074.15357142857,2026-04-10T10:50:00+00:00,72074.15357142857,2026-04-10T11:05:00+00:00,680.0961488990341,take_profit
BTCUSD,BUY,9.51679259530722,72956.9,72932.00714285714,73031.57857142856,2026-04-11T12:00:00+00:00,72932.00714285714,2026-04-11T12:10:00+00:00,-236.9001585331635,stop_loss
BTCUSD,BUY,6.312149910487422,72995.05,72958.08214285715,73105.95357142857,2026-04-11T12:40:00+00:00,72958.08214285715,2026-04-11T13:00:00+00:00,-233.34665615516602,stop_loss
BTCUSD,SELL,4.5802439518607825,72791.5,72841.68214285714,72640.95357142857,2026-04-11T13:05:00+00:00,72640.95357142857,2026-04-11T13:10:00+00:00,689.5393689385156,take_profit
BTCUSD,SELL,3.727170977451546,72637.4,72701.84285714285,72444.07142857142,2026-04-11T13:10:00+00:00,72701.84285714285,2026-04-11T13:15:00+00:00,-240.1895468469163,stop_loss
BTCUSD,SELL,5.257482303204723,71600.5,71645.5,71465.5,2026-04-12T09:00:00+00:00,71645.5,2026-04-12T09:20:00+00:00,-236.58670364421255,stop_loss
BTCUSD,SELL,5.563660714961735,71559.95,71601.83571428571,71434.29285714285,2026-04-12T09:45:00+00:00,71601.83571428571,2026-04-12T10:05:00+00:00,-233.03790308954933,stop_loss
BTCUSD,SELL,5.2699125674072596,71527.75,71571.30714285714,71397.07857142857,2026-04-12T10:45:00+00:00,71397.07857142857,2026-04-12T10:55:00+00:00,688.6270036296183,take_profit
BTCUSD,SELL,3.288005438260137,71176.2,71249.15357142857,70957.33928571429,2026-04-12T12:50:00+00:00,70957.33928571429,2026-04-12T13:45:00+00:00,719.6152187929034,take_profit
BTCUSD,SELL,3.255251194576661,70697.05,70774.05357142858,70466.03928571429,2026-04-13T08:15:00+00:00,70774.05357142858,2026-04-13T08:25:00+00:00,-250.66596787954398,stop_loss
BTCUSD,SELL,3.2627152740183853,70617.05,70692.725,70390.02500000001,2026-04-13T08:40:00+00:00,70692.725,2026-04-13T08:55:00+00:00,-246.9059783613508,stop_loss
BTCUSD,BUY,3.6304669633769926,71026.35,70959.36071428572,71227.31785714286,2026-04-13T12:05:00+00:00,70959.36071428572,2026-04-13T12:15:00+00:00,-243.20238868593057,stop_loss
BTCUSD,BUY,2.507391080691517,71216.55,71121.01071428572,71503.16785714286,2026-04-13T12:50:00+00:00,71121.01071428572,2026-04-13T12:55:00+00:00,-239.5543528556416,stop_loss
BTCUSD,BUY,3.3559755431290528,74624.6,74554.28928571429,74835.53214285715,2026-04-14T07:00:00+00:00,74835.53214285715,2026-04-14T07:05:00+00:00,707.8831126883722,take_profit
BTCUSD,BUY,2.723665611695661,74949.6,74859.06785714286,75221.19642857143,2026-04-14T07:05:00+00:00,74859.06785714286,2026-04-14T07:10:00+00:00,-246.57928425313253,stop_loss
BTCUSD,BUY,2.4269857106104684,74625.9,74525.825,74926.12499999999,2026-04-14T13:00:00+00:00,74926.12499999999,2026-04-14T13:35:00+00:00,728.6417849680067,take_profit
BTCUSD,BUY,1.6763424563352656,75254.7,75103.29285714285,75708.92142857143,2026-04-14T13:40:00+00:00,75708.92142857143,2026-04-14T14:15:00+00:00,761.4306652915426,take_profit
BTCUSD,SELL,4.069307993868197,73889.5,73954.67857142858,73693.96428571428,2026-04-15T07:05:00+00:00,73954.67857142858,2026-04-15T07:10:00+00:00,-265.2316817432288,stop_loss
BTCUSD,SELL,3.0571254523894913,73677.65,73763.10714285714,73421.27857142856,2026-04-15T07:15:00+00:00,73763.10714285714,2026-04-15T07:50:00+00:00,-261.2532065170804,stop_loss
BTCUSD,SELL,3.1192049505372625,73929.5,74012.0,73682.0,2026-04-15T10:25:00+00:00,74012.0,2026-04-15T10:40:00+00:00,-257.3344084193242,stop_loss
BTCUSD,BUY,2.386363264249788,74472.5,74366.28214285715,74791.15357142857,2026-04-15T12:35:00+00:00,74366.28214285715,2026-04-15T12:40:00+00:00,-253.47439229303433,stop_loss
BTCUSD,SELL,3.152569893773448,74557.3,74636.49642857142,74319.71071428573,2026-04-16T08:05:00+00:00,74636.49642857142,2026-04-16T08:15:00+00:00,-249.67227640863882,stop_loss
BTCUSD,SELL,2.885622672484511,74442.1,74527.32500000001,74186.425,2026-04-16T10:10:00+00:00,74527.32500000001,2026-04-16T10:25:00+00:00,-245.92719226250924,stop_loss
BTCUSD,SELL,2.4142777684203347,74294.95,74395.28571428571,73993.94285714284,2026-04-16T10:45:00+00:00,74395.28571428571,2026-04-16T10:55:00+00:00,-242.23828437857156,stop_loss
BTCUSD,BUY,3.1354101197492827,74755.05,74678.95000000001,74983.34999999999,2026-04-16T12:00:00+00:00,74678.95000000001,2026-04-16T12:05:00+00:00,-238.60471011289303,stop_loss
BTCUSD,BUY,3.593467976253826,75013.6,74948.19642857143,75209.81071428572,2026-04-17T07:00:00+00:00,75209.81071428572,2026-04-17T08:30:00+00:00,705.0769183835989,take_profit
BTCUSD,BUY,2.8157270649123323,75377.4,75290.175,75639.07499999998,2026-04-17T08:30:00+00:00,75290.175,2026-04-17T08:35:00+00:00,-245.6017932369536,stop_loss
BTCUSD,BUY,1.8424810840700223,75565.45,75434.15,75959.34999999999,2026-04-17T08:45:00+00:00,75959.34999999999,2026-04-17T09:15:00+00:00,725.753299015171,take_profit
BTCUSD,BUY,1.1761454610962256,76299.8,76084.85714285714,76944.62857142858,2026-04-17T09:25:00+00:00,76084.85714285714,2026-04-17T09:30:00+00:00,-252.80406582362684,stop_loss
BTCUSD,SELL,4.379057992347589,76839.25,76896.11428571428,76668.65714285715,2026-04-18T08:10:00+00:00,76668.65714285715,2026-04-18T08:30:00+00:00,747.0360145088173,take_profit
BTCUSD,SELL,2.842132649988063,76635.05,76726.60714285714,76360.37857142858,2026-04-18T08:30:00+00:00,76726.60714285714,2026-04-18T08:50:00+00:00,-260.2175450539047,stop_loss
BTCUSD,SELL,1.9608207132556394,76502.35,76633.06785714286,76110.19642857142,2026-04-18T09:05:00+00:00,76633.06785714286,2026-04-18T09:30:00+00:00,-256.31428187809615,stop_loss
BTCUSD,SELL,2.3740295846451502,76419.95,76526.29642857143,76100.9107142857,2026-04-18T10:00:00+00:00,76100.9107142857,2026-04-18T11:00:00+00:00,757.4087029498087,take_profit
BTCUSD,SELL,4.218157682542743,75273.9,75336.44642857142,75086.2607142857,2026-04-19T07:05:00+00:00,75086.2607142857,2026-04-19T07:20:00+00:00,791.4920945825769,take_profit
BTCUSD,SELL,3.6961056349526045,75043.5,75118.09285714285,74819.72142857143,2026-04-19T07:20:00+00:00,75118.09285714285,2026-04-19T07:30:00+00:00,-275.70307961291047,stop_loss
BTCUSD,BUY,3.060654860620011,75646.05,75557.32142857143,75912.23571428572,2026-04-19T11:50:00+00:00,75557.32142857143,2026-04-19T12:10:00+00:00,-271.5675334187168,stop_loss
BTCUSD,BUY,2.724070766207577,75707.3,75609.10357142857,76001.8892857143,2026-04-19T12:10:00+00:00,75609.10357142857,2026-04-19T12:25:00+00:00,-267.49402041743605,stop_loss
BTCUSD,BUY,2.13456544271555,74937.85,74814.4142857143,75308.15714285715,2026-04-20T07:15:00+00:00,75308.15714285715,2026-04-20T07:20:00+00:00,790.4448303335857,take_profit
BTCUSD,BUY,1.6723729173850501,75408.05,75243.41071428572,75901.96785714285,2026-04-20T07:20:00+00:00,75243.41071428572,2026-04-20T07:25:00+00:00,-275.3382825661783,stop_loss
BTCUSD,BUY,2.1590554512610307,75187.6,75061.98571428572,75564.44285714287,2026-04-20T09:40:00+00:00,75061.98571428572,2026-04-20T09:50:00+00:00,-271.2082083276856,stop_loss
BTCUSD,BUY,2.115901215150137,75294.15,75167.89642857142,75672.91071428571,2026-04-20T10:05:00+00:00,75167.89642857142,2026-04-20T10:45:00+00:00,-267.1400852027703,stop_loss
BTCUSD,BUY,2.8564818167301618,76158.55,76066.43214285714,76434.90357142857,2026-04-21T07:20:00+00:00,76066.43214285714,2026-04-21T07:30:00+00:00,-263.13298392472876,stop_loss
BTCUSD,BUY,2.1636825666032444,76361.6,76241.81071428572,76720.96785714287,2026-04-21T08:20:00+00:00,76720.96785714287,2026-04-21T08:45:00+00:00,777.5579674975734,take_profit
BTCUSD,BUY,2.026069846649314,76683.85,76550.16785714286,77084.89642857143,2026-04-21T08:45:00+00:00,76550.16785714286,2026-04-21T08:55:00+00:00,-270.84935867832144,stop_loss
BTCUSD,BUY,2.790238051825875,76866.65,76771.03571428571,77153.49285714286,2026-04-21T10:50:00+00:00,76771.03571428571,2026-04-21T11:00:00+00:00,-266.78661829814655,stop_loss
BTCUSD,BUY,3.489672721206304,78243.2,78167.89642857143,78469.11071428572,2026-04-22T11:00:00+00:00,78167.89642857143,2026-04-22T11:05:00+00:00,-262.7848190236744,stop_loss
BTCUSD,BUY,3.0791083816268734,78336.95,78252.88571428572,78589.14285714286,2026-04-22T11:25:00+00:00,78252.88571428572,2026-04-22T11:35:00+00:00,-258.8430467383193,stop_loss
BTCUSD,BUY,2.425719072049849,78450.55,78345.44285714286,78765.87142857142,2026-04-22T12:10:00+00:00,78345.44285714286,2026-04-22T12:15:00+00:00,-254.96040103724454,stop_loss
BTCUSD,BUY,1.5977024131161952,78873.15,78715.96428571428,79344.70714285714,2026-04-22T13:55:00+00:00,78715.96428571428,2026-04-22T14:30:00+00:00,-251.13599502168583,stop_loss
BTCUSD,SELL,2.538047175777867,77889.3,77986.7642857143,77596.90714285713,2026-04-23T08:30:00+00:00,77596.90714285713,2026-04-23T09:05:00+00:00,742.1068652890816,take_profit
BTCUSD,SELL,2.2291393982504624,77564.6,77680.5642857143,77216.70714285714,2026-04-23T09:05:00+00:00,77680.5642857143,2026-04-23T09:15:00+00:00,-258.5005580756968,stop_loss
BTCUSD,SELL,1.8279223115472774,77331.75,77471.04642857143,76913.8607142857,2026-04-23T10:05:00+00:00,77471.04642857143,2026-04-23T10:45:00+00:00,-254.62304970456137,stop_loss
BTCUSD,SELL,1.7190109935503972,77445.4,77591.29999999999,77007.69999999998,2026-04-23T13:50:00+00:00,77591.29999999999,2026-04-23T13:55:00+00:00,-250.80370395899294,stop_loss
BTCUSD,SELL,2.15985953762215,77465.95,77580.32857142857,77122.81428571428,2026-04-24T09:05:00+00:00,77580.32857142857,2026-04-24T09:15:00+00:00,-247.041648399608,stop_loss
BTCUSD,BUY,2.9537471985353525,77975.85,77893.46785714287,78222.99642857144,2026-04-24T11:00:00+00:00,78222.99642857144,2026-04-24T11:05:00+00:00,730.0080710208846,take_profit
BTCUSD,BUY,2.4374420775359145,78142.55,78038.225,78455.52500000001,2026-04-24T11:05:00+00:00,78455.52500000001,2026-04-24T13:10:00+00:00,762.858434216817,take_profit
BTCUSD,SELL,1.717705373317288,78022.5,78177.2,77558.40000000001,2026-04-24T13:50:00+00:00,78177.2,2026-04-24T15:45:00+00:00,-265.72902125217945,stop_loss
BTCUSD,SELL,7.292344682721923,77481.75,77517.64285714286,77374.07142857143,2026-04-25T07:00:00+00:00,77517.64285714286,2026-04-25T07:15:00+00:00,-261.74308593339674,stop_loss
BTCUSD,BUY,8.059477849774987,77750.85,77718.86071428572,77846.81785714286,2026-04-25T09:35:00+00:00,77846.81785714286,2026-04-25T10:25:00+00:00,773.4508189331873,take_profit
BTCUSD,BUY,6.831226708318296,77848.1,77808.66071428572,77966.41785714285,2026-04-25T10:25:00+00:00,77808.66071428572,2026-04-25T11:00:00+00:00,-269.41870192839355,stop_loss
BTCUSD,SELL,6.51404207871079,77634.9,77675.63928571428,77512.68214285713,2026-04-25T12:25:00+00:00,77675.63928571428,2026-04-25T13:40:00+00:00,-265.37742139946766,stop_loss
BTCUSD,BUY,6.874339515542817,78079.8,78041.77500000001,78193.875,2026-04-26T07:50:00+00:00,78193.875,2026-04-26T08:35:00+00:00,784.1902802355269,take_profit
BTCUSD,BUY,6.830820040990048,78167.25,78127.26071428572,78287.21785714285,2026-04-26T08:35:00+00:00,78127.26071428572,2026-04-26T08:40:00+00:00,-273.15961428200853,stop_loss
BTCUSD,BUY,9.468068570938835,78121.1,78092.68214285714,78206.35357142858,2026-04-26T11:20:00+00:00,78092.68214285714,2026-04-26T11:35:00+00:00,-269.06222006777836,stop_loss
BTCUSD,BUY,4.1806963546307445,78076.7,78013.30714285714,78266.87857142856,2026-04-26T14:20:00+00:00,78013.30714285714,2026-04-26T16:45:00+00:00,-265.0262867667617,stop_loss
BTCUSD,SELL,4.361492325930958,77664.4,77724.25357142856,77484.83928571429,2026-04-27T12:35:00+00:00,77724.25357142856,2026-04-27T12:40:00+00:00,-261.05089246526023,stop_loss
BTCUSD,BUY,1.7450213563566834,78222.4,78075.04642857143,78664.4607142857,2026-04-27T14:45:00+00:00,78075.04642857143,2026-04-27T14:50:00+00:00,-257.13512907828135,stop_loss
BTCUSD,SELL,1.4247115856679253,77365.35,77543.125,76832.02500000001,2026-04-27T15:00:00+00:00,77543.125,2026-04-27T15:05:00+00:00,-253.27810214210714,stop_loss
BTCUSD,SELL,1.1732888887715938,76981.5,77194.13214285714,76343.60357142858,2026-04-27T15:15:00+00:00,76803.65,2026-04-27T19:15:00+00:00,208.66942886803477,max_hold
BTCUSD,SELL,3.0185435375569747,76556.7,76640.38571428572,76305.64285714286,2026-04-28T07:10:00+00:00,76640.38571428572,2026-04-28T07:20:00+00:00,-252.60897204299607,stop_loss
BTCUSD,SELL,3.6813503032736605,76580.5,76648.08928571429,76377.73214285714,2026-04-28T09:45:00+00:00,76648.08928571429,2026-04-28T10:00:00+00:00,-248.8198374623511,stop_loss
BTCUSD,SELL,3.783257686317391,76475.2,76539.98214285714,76280.85357142857,2026-04-28T11:05:00+00:00,76280.85357142857,2026-04-28T11:25:00+00:00,735.2626197011925,take_profit
BTCUSD,SELL,3.155115234935935,76211.45,76292.625,75967.925,2026-04-28T11:35:00+00:00,76292.625,2026-04-28T12:10:00+00:00,-256.1164791959337,stop_loss
BTCUSD,BUY,4.773732848701626,77215.75,77162.90357142857,77374.28928571429,2026-04-29T09:30:00+00:00,77374.28928571429,2026-04-29T09:45:00+00:00,756.8241960239841,take_profit
BTCUSD,BUY,3.4199215430661805,77644.0,77566.91428571429,77875.25714285714,2026-04-29T09:45:00+00:00,77875.25714285714,2026-04-29T10:25:00+00:00,790.8812848450633,take_profit
BTCUSD,BUY,2.1798199333622743,77884.85,77758.46785714287,78263.99642857144,2026-04-29T10:25:00+00:00,77758.46785714287,2026-04-29T10:35:00+00:00,-275.4903142210304,stop_loss
BTCUSD,SELL,2.524931166494745,76657.65,76765.12142857142,76335.2357142857,2026-04-29T13:30:00+00:00,76765.12142857142,2026-04-29T13:35:00+00:00,-271.3579595077149,stop_loss
BTCUSD,BUY,3.8868099315621936,76174.5,76105.73214285714,76380.80357142858,2026-04-30T09:25:00+00:00,76105.73214285714,2026-04-30T09:40:00+00:00,-267.2875901150992,stop_loss
BTCUSD,SELL,3.1436212091148983,75962.55,76046.3,75711.3,2026-04-30T10:25:00+00:00,76046.3,2026-04-30T10:30:00+00:00,-263.27827626337273,stop_loss
BTCUSD,SELL,3.786221117605289,75904.45,75972.94285714286,75698.97142857143,2026-04-30T11:40:00+00:00,75972.94285714286,2026-04-30T11:45:00+00:00,-259.32910211942215,stop_loss
BTCUSD,BUY,2.9883415377512916,76331.3,76245.82142857143,76587.73571428572,2026-04-30T12:20:00+00:00,76245.82142857143,2026-04-30T12:40:00+00:00,-255.4391655876308,stop_loss
BTCUSD,BUY,3.818848756996249,77238.1,77172.21428571429,77435.75714285715,2026-05-01T08:10:00+00:00,77435.75714285715,2026-05-01T08:20:00+00:00,754.822734311449,take_profit
BTCUSD,BUY,3.3718227238792613,77467.65,77389.67142857143,77701.58571428571,2026-05-01T08:20:00+00:00,77389.67142857143,2026-05-01T08:35:00+00:00,-262.92991911848804,stop_loss
BTCUSD,BUY,4.174307603780292,77413.25,77351.20714285714,77599.37857142858,2026-05-01T11:15:00+00:00,77351.20714285714,2026-05-01T11:25:00+00:00,-258.98597033171075,stop_loss
BTCUSD,BUY,2.6686217820178415,77675.8,77580.20714285715,77962.57857142857,2026-05-01T12:15:00+00:00,77962.57857142857,2026-05-01T12:30:00+00:00,765.303542330244,take_profit
BTCUSD,SELL,11.017358744686877,78173.1,78197.29642857144,78100.51071428572,2026-05-02T11:10:00+00:00,78197.29642857144,2026-05-02T11:20:00+00:00,-266.5807339116887,stop_loss
BTCUSD,SELL,9.371952378948274,78163.55,78191.56785714286,78079.49642857142,2026-05-02T11:35:00+00:00,78191.56785714286,2026-05-02T12:25:00+00:00,-262.5820229030134,stop_loss
BTCUSD,BUY,6.0420592288213335,78307.3,78264.49285714286,78435.72142857143,2026-05-02T13:00:00+00:00,78435.72142857143,2026-05-02T14:25:00+00:00,775.9298776784046,take_profit
BTCUSD,BUY,8.967771940144882,78478.65,78448.5107142857,78569.06785714286,2026-05-02T15:55:00+00:00,78569.06785714286,2026-05-02T16:15:00+00:00,810.8467221738024,take_profit
BTCUSD,BUY,6.207581133126403,78355.1,78309.6,78491.60000000002,2026-05-03T07:00:00+00:00,78491.60000000002,2026-05-03T09:25:00+00:00,847.3348246718443,take_profit
BTCUSD,BUY,8.585434230175993,78497.6,78463.22142857144,78600.7357142857,2026-05-03T09:25:00+00:00,78463.22142857144,2026-05-03T09:30:00+00:00,-295.154963927329,stop_loss
BTCUSD,BUY,7.146948116871801,78593.25,78552.57142857143,78715.28571428571,2026-05-03T09:35:00+00:00,78552.57142857143,2026-05-03T09:40:00+00:00,-290.72763946841906,stop_loss
BTCUSD,BUY,6.271621663308352,78712.65,78666.98928571428,78849.63214285714,2026-05-03T11:40:00+00:00,78666.98928571428,2026-05-03T11:55:00+00:00,-286.36672487639277,stop_loss
BTCUSD,BUY,3.67331485609543,79905.2,79828.41071428571,80135.56785714286,2026-05-04T09:50:00+00:00,79828.41071428571,2026-05-04T09:55:00+00:00,-282.07122400324687,stop_loss
BTCUSD,SELL,1.7503317189420633,78817.75,78976.4857142857,78341.54285714286,2026-05-04T10:05:00+00:00,78341.54285714286,2026-05-04T10:20:00+00:00,833.5204669296199,take_profit
BTCUSD,SELL,1.4420325943877166,78253.25,78454.59285714285,77649.22142857143,2026-05-04T10:20:00+00:00,78454.59285714285,2026-05-04T10:25:00+00:00,-290.3429626471425,stop_loss
BTCUSD,SELL,1.915891212031776,78532.95,78682.22142857143,78085.1357142857,2026-05-04T14:05:00+00:00,78682.22142857143,2026-05-04T14:10:00+00:00,-285.98781820743534,stop_loss
BTCUSD,BUY,4.685762505887587,80847.95,80787.83214285714,81028.30357142857,2026-05-05T11:05:00+00:00,81028.30357142857,2026-05-05T11:35:00+00:00,845.0940028029032,take_profit
BTCUSD,BUY,3.5509579128635473,81029.7,80946.8,81278.4,2026-05-05T11:35:00+00:00,80946.8,2026-05-05T11:50:00+00:00,-294.3744109763674,stop_loss
BTCUSD,BUY,3.280739586506872,81233.1,81144.71785714287,81498.24642857144,2026-05-05T12:25:00+00:00,81498.24642857144,2026-05-05T13:00:00+00:00,869.8763844352134,take_profit
BTCUSD,BUY,3.172610252109541,81485.85,81390.34285714287,81772.37142857142,2026-05-05T13:00:00+00:00,81390.34285714287,2026-05-05T13:30:00+00:00,-303.00694057825007,stop_loss
BTCUSD,BUY,4.069207489481467,81557.35,81484.00357142858,81777.3892857143,2026-05-06T07:05:00+00:00,81484.00357142858,2026-05-06T07:10:00+00:00,-298.4618364695763,stop_loss
BTCUSD,BUY,3.1806713484665647,81724.2,81631.77142857143,82001.48571428572,2026-05-06T08:30:00+00:00,81631.77142857143,2026-05-06T08:35:00+00:00,-293.98490892253267,stop_loss
BTCUSD,BUY,2.3247043374286798,81923.55,81798.98571428572,82297.24285714286,2026-05-06T08:50:00+00:00,81798.98571428572,2026-05-06T09:00:00+00:00,-289.5751352886947,stop_loss
BTCUSD,BUY,1.7694262298968326,82009.7,81848.5,82493.3,2026-05-06T09:35:00+00:00,81848.5,2026-05-06T09:45:00+00:00,-285.23150825936426,stop_loss
BTCUSD,BUY,2.7053734774719125,81659.1,81555.25,81970.65000000001,2026-05-07T07:10:00+00:00,81555.25,2026-05-07T07:30:00+00:00,-280.95303563547384,stop_loss
BTCUSD,SELL,3.1510246524446446,81260.25,81348.075,80996.775,2026-05-07T08:40:00+00:00,80996.775,2026-05-07T09:25:00+00:00,830.2162203028711,take_profit
BTCUSD,SELL,3.5857654483013723,81029.2,81109.84999999999,80787.25,2026-05-07T09:25:00+00:00,80787.25,2026-05-07T10:25:00+00:00,867.5759502165066,take_profit
BTCUSD,SELL,2.8685868311221228,80610.35,80715.70000000001,80294.30000000002,2026-05-07T10:25:00+00:00,80715.70000000001,2026-05-07T10:30:00+00:00,-302.20562265873235,stop_loss
BTCUSD,SELL,3.7625636840592334,79426.9,79506.01428571428,79189.55714285714,2026-05-08T07:00:00+00:00,79506.01428571428,2026-05-08T07:35:00+00:00,-297.67253831885137,stop_loss
BTCUSD,BUY,3.7268185604583133,80053.0,79974.325,80289.025,2026-05-08T10:35:00+00:00,80289.025,2026-05-08T11:00:00+00:00,879.6223507321517,take_profit
BTCUSD,SELL,2.7062172715101234,79891.95,80005.17142857143,79552.28571428571,2026-05-08T13:05:00+00:00,79552.28571428571,2026-05-08T13:45:00+00:00,919.2053565151526,take_profit
BTCUSD,SELL,8.245485370988655,80175.4,80214.23214285714,80058.90357142856,2026-05-09T10:05:00+00:00,80214.23214285714,2026-05-09T10:15:00+00:00,-320.18986585277815,stop_loss
BTCUSD,BUY,10.144556576931006,80388.6,80357.51071428572,80481.86785714286,2026-05-09T12:20:00+00:00,80357.51071428572,2026-05-09T12:30:00+00:00,-315.3870178649865,stop_loss
BTCUSD,BUY,8.892224445629921,80417.3,80382.36428571428,80522.10714285716,2026-05-09T13:10:00+00:00,80382.36428571428,2026-05-09T13:20:00+00:00,-310.6562125970117,stop_loss
BTCUSD,BUY,5.534818051308932,80437.95,80382.66428571429,80603.80714285714,2026-05-09T15:30:00+00:00,80603.80714285714,2026-05-09T16:10:00+00:00,917.98910822425,take_profit
BTCUSD,BUY,9.847617431675816,80817.85,80785.37857142858,80915.2642857143,2026-05-10T08:20:00+00:00,80785.37857142858,2026-05-10T09:35:00+00:00,-319.76620603142027,stop_loss
BTCUSD,BUY,5.946030179575581,80931.0,80878.02857142857,81089.91428571429,2026-05-10T11:00:00+00:00,80878.02857142857,2026-05-10T11:05:00+00:00,-314.96971294094897,stop_loss
BTCUSD,BUY,8.394728143518492,80959.55,80922.59285714287,81070.42142857143,2026-05-10T13:20:00+00:00,80922.59285714287,2026-05-10T14:05:00+00:00,-310.2451672468347,stop_loss
BTCUSD,BUY,5.122462711127266,81040.15,80980.49285714285,81219.12142857142,2026-05-10T15:00:00+00:00,80980.49285714285,2026-05-10T15:05:00+00:00,-305.59148973813217,stop_loss
BTCUSD,SELL,3.921011066284212,80734.05,80810.81785714286,80503.74642857144,2026-05-11T07:00:00+00:00,80810.81785714286,2026-05-11T07:15:00+00:00,-301.0076173920602,stop_loss
BTCUSD,SELL,4.08955176732661,80646.4,80718.9,80428.9,2026-05-11T08:05:00+00:00,80718.9,2026-05-11T08:10:00+00:00,-296.49250313117926,stop_loss
BTCUSD,BUY,4.588812141615147,81120.4,81056.75714285714,81311.32857142856,2026-05-11T10:15:00+00:00,81056.75714285714,2026-05-11T10:35:00+00:00,-292.0451155842116,stop_loss
BTCUSD,BUY,3.813010929659376,81297.15,81221.70714285714,81523.47857142857,2026-05-11T12:20:00+00:00,81221.70714285714,2026-05-11T12:35:00+00:00,-287.6644388504484,stop_loss
BTCUSD,SELL,4.612129533481441,80901.1,80962.53571428572,80716.79285714286,2026-05-12T07:00:00+00:00,80962.53571428572,2026-05-12T07:05:00+00:00,-283.3494722676916,stop_loss
BTCUSD,SELL,2.992677381052655,80855.05,80948.31071428572,80575.26785714286,2026-05-12T07:45:00+00:00,80575.26785714286,2026-05-12T11:05:00+00:00,837.297690551029,take_profit
BTCUSD,SELL,3.6371279896560966,80510.9,80591.08928571428,80270.33214285714,2026-05-12T11:15:00+00:00,80591.08928571428,2026-05-12T11:25:00+00:00,-291.6586955419417,stop_loss
BTCUSD,SELL,2.5811663531788414,80434.5,80545.8,80100.59999999999,2026-05-12T13:55:00+00:00,80545.8,2026-05-12T14:00:00+00:00,-287.2838151088126,stop_loss
BTCUSD,BUY,4.588156593144176,81127.7,81066.025,81312.72499999999,2026-05-13T08:40:00+00:00,81066.025,2026-05-13T10:25:00+00:00,-282.9745578821804,stop_loss
BTCUSD,SELL,4.320915904324543,80822.1,80886.60714285714,80628.57857142857,2026-05-13T10:40:00+00:00,80628.57857142857,2026-05-13T11:05:00+00:00,836.189818541906,take_profit
BTCUSD,SELL,3.979524753673291,80637.9,80711.09285714285,80418.32142857142,2026-05-13T11:05:00+00:00,80418.32142857142,2026-05-13T12:20:00+00:00,873.8183603762287,take_profit
BTCUSD,SELL,3.1825840179004152,80246.2,80341.83928571429,79959.28214285713,2026-05-13T12:20:00+00:00,80341.83928571429,2026-05-13T12:25:00+00:00,-304.3800621977197,stop_loss
BTCUSD,SELL,4.186098591509795,79634.25,79705.87142857142,79419.38571428572,2026-05-14T08:00:00+00:00,79705.87142857142,2026-05-14T08:05:00+00:00,-299.8143612647539,stop_loss
BTCUSD,SELL,4.134440041841318,79585.15,79656.57857142856,79370.86428571428,2026-05-14T09:35:00+00:00,79656.57857142856,2026-05-14T10:00:00+00:00,-295.3171458457826,stop_loss
BTCUSD,SELL,2.87346864788376,79415.5,79516.73214285714,79111.80357142857,2026-05-14T10:40:00+00:00,79516.73214285714,2026-05-14T10:50:00+00:00,-290.88738865809586,stop_loss
BTCUSD,SELL,3.1304331899447173,79325.9,79417.42857142857,79051.31428571428,2026-05-14T11:25:00+00:00,79417.42857142857,2026-05-14T12:25:00+00:00,-286.52407782822445,stop_loss
BTCUSD,BUY,2.78065170009601,80898.45,80796.95357142857,81202.93928571428,2026-05-15T07:20:00+00:00,80796.95357142857,2026-05-15T07:30:00+00:00,-282.2262166608011,stop_loss
BTCUSD,SELL,3.2936144609253724,80389.8,80474.20357142857,80136.58928571429,2026-05-15T09:50:00+00:00,80474.20357142857,2026-05-15T09:55:00+00:00,-277.99282341088906,stop_loss
BTCUSD,SELL,2.551852910525134,80352.9,80460.20357142856,80030.98928571428,2026-05-15T12:50:00+00:00,80030.98928571428,2026-05-15T13:25:00+00:00,821.4687931792142,take_profit
BTCUSD,SELL,2.710439432614045,79997.05,80102.62142857144,79680.33571428573,2026-05-15T13:25:00+00:00,79680.33571428573,2026-05-15T13:30:00+00:00,858.434888872163,take_profit
BTCUSD,SELL,3.4762722093145526,78614.1,78700.11785714286,78356.04642857144,2026-05-16T07:00:00+00:00,78356.04642857144,2026-05-16T07:10:00+00:00,897.064458871489,take_profit
BTCUSD,SELL,2.6649717306385794,78217.15,78334.40357142857,77865.38928571428,2026-05-16T07:10:00+00:00,78334.40357142857,2026-05-16T07:20:00+00:00,-312.4774531735687,stop_loss
BTCUSD,SELL,3.6044032448880112,77934.9,78020.29285714285,77678.72142857143,2026-05-16T09:15:00+00:00,78020.29285714285,2026-05-16T09:20:00+00:00,-307.7902913759652,stop_loss
BTCUSD,SELL,2.3774978955746415,77851.95,77979.46785714285,77469.39642857143,2026-05-16T10:05:00+00:00,77979.46785714285,2026-05-16T11:00:00+00:00,-303.1734370053257,stop_loss
