timestamp_utc,group,strategy_kind,symbol,candle_time,event,reason,broker_order_id,broker_deal_reference,broker_deal_id
2026-05-17T08:10:03.595986+00:00,forex_pullback_core3,forex_pullback,GBPJPY,,skip,insufficient_1m_candles,,,
2026-05-17T08:10:05.336467+00:00,forex_pullback_core3,forex_pullback,EURJPY,,skip,insufficient_1m_candles,,,
2026-05-17T08:10:07.094724+00:00,forex_pullback_core3,forex_pullback,EURUSD,,skip,insufficient_1m_candles,,,
2026-05-17T08:10:09.986316+00:00,btc_gold_hybrid,asset_hybrid,BTCUSD,2026-05-17T08:09:00+00:00,reject,NO_BREAKOUT,,,
2026-05-17T08:10:11.728073+00:00,btc_gold_hybrid,asset_hybrid,GOLD,,skip,insufficient_1m_candles,,,
2026-05-17T08:13:21.388801+00:00,forex_pullback_core3,forex_pullback,GBPJPY,,skip,insufficient_1m_candles,,,
2026-05-17T08:13:22.768379+00:00,forex_pullback_core3,forex_pullback,EURJPY,,skip,insufficient_1m_candles,,,
2026-05-17T08:13:24.146933+00:00,forex_pullback_core3,forex_pullback,EURUSD,,skip,insufficient_1m_candles,,,
2026-05-17T08:13:26.613194+00:00,btc_gold_hybrid,asset_hybrid,BTCUSD,2026-05-17T08:12:00+00:00,reject,NO_BREAKOUT,,,
2026-05-17T08:13:27.960111+00:00,btc_gold_hybrid,asset_hybrid,GOLD,,skip,insufficient_1m_candles,,,
2026-05-17T08:13:49.758277+00:00,forex_pullback_core3,forex_pullback,GBPJPY,,skip,insufficient_1m_candles,,,
2026-05-17T08:13:51.136995+00:00,forex_pullback_core3,forex_pullback,EURJPY,,skip,insufficient_1m_candles,,,
2026-05-17T08:13:52.516989+00:00,forex_pullback_core3,forex_pullback,EURUSD,,skip,insufficient_1m_candles,,,
2026-05-17T08:13:54.939264+00:00,btc_gold_hybrid,asset_hybrid,BTCUSD,2026-05-17T08:12:00+00:00,skip,duplicate_candle,,,
2026-05-17T08:13:56.334990+00:00,btc_gold_hybrid,asset_hybrid,GOLD,,skip,insufficient_1m_candles,,,
2026-05-17T08:14:18.136176+00:00,forex_pullback_core3,forex_pullback,GBPJPY,,skip,insufficient_1m_candles,,,
2026-05-17T08:14:19.498460+00:00,forex_pullback_core3,forex_pullback,EURJPY,,skip,insufficient_1m_candles,,,
2026-05-17T08:14:20.853815+00:00,forex_pullback_core3,forex_pullback,EURUSD,,skip,insufficient_1m_candles,,,
2026-05-17T08:14:23.317361+00:00,btc_gold_hybrid,asset_hybrid,BTCUSD,2026-05-17T08:13:00+00:00,reject,NO_BREAKOUT,,,
2026-05-17T08:14:24.644947+00:00,btc_gold_hybrid,asset_hybrid,GOLD,,skip,insufficient_1m_candles,,,
2026-05-17T08:14:37.165170+00:00,forex_pullback_core3,forex_pullback,GBPJPY,,skip,insufficient_1m_candles,,,
2026-05-17T08:14:38.516911+00:00,forex_pullback_core3,forex_pullback,EURJPY,,skip,insufficient_1m_candles,,,
2026-05-17T08:14:39.888409+00:00,forex_pullback_core3,forex_pullback,EURUSD,,skip,insufficient_1m_candles,,,
2026-05-17T08:14:42.368800+00:00,btc_gold_hybrid,asset_hybrid,BTCUSD,2026-05-17T08:13:00+00:00,skip,duplicate_candle,,,
2026-05-17T08:14:43.690721+00:00,btc_gold_hybrid,asset_hybrid,GOLD,,skip,insufficient_1m_candles,,,
2026-05-17T08:15:05.514134+00:00,forex_pullback_core3,forex_pullback,GBPJPY,,skip,insufficient_1m_candles,,,
2026-05-17T08:15:06.873847+00:00,forex_pullback_core3,forex_pullback,EURJPY,,skip,insufficient_1m_candles,,,
2026-05-17T08:15:08.206815+00:00,forex_pullback_core3,forex_pullback,EURUSD,,skip,insufficient_1m_candles,,,
2026-05-17T08:15:10.618091+00:00,btc_gold_hybrid,asset_hybrid,BTCUSD,2026-05-17T08:14:00+00:00,reject,NO_BREAKOUT,,,
2026-05-17T08:15:11.984544+00:00,btc_gold_hybrid,asset_hybrid,GOLD,,skip,insufficient_1m_candles,,,
2026-05-17T08:15:33.798674+00:00,forex_pullback_core3,forex_pullback,GBPJPY,,skip,insufficient_1m_candles,,,
2026-05-17T08:15:35.165959+00:00,forex_pullback_core3,forex_pullback,EURJPY,,skip,insufficient_1m_candles,,,
2026-05-17T08:15:36.513852+00:00,forex_pullback_core3,forex_pullback,EURUSD,,skip,insufficient_1m_candles,,,
2026-05-17T08:15:39.001873+00:00,btc_gold_hybrid,asset_hybrid,BTCUSD,2026-05-17T08:14:00+00:00,skip,duplicate_candle,,,
2026-05-17T08:15:40.365219+00:00,btc_gold_hybrid,asset_hybrid,GOLD,,skip,insufficient_1m_candles,,,
2026-05-17T08:16:02.227216+00:00,forex_pullback_core3,forex_pullback,GBPJPY,,skip,insufficient_1m_candles,,,
2026-05-17T08:16:03.598697+00:00,forex_pullback_core3,forex_pullback,EURJPY,,skip,insufficient_1m_candles,,,
2026-05-17T08:16:05.005792+00:00,forex_pullback_core3,forex_pullback,EURUSD,,skip,insufficient_1m_candles,,,
2026-05-17T08:16:07.501229+00:00,btc_gold_hybrid,asset_hybrid,BTCUSD,2026-05-17T08:15:00+00:00,reject,NO_BREAKOUT,,,
2026-05-17T08:16:08.863533+00:00,btc_gold_hybrid,asset_hybrid,GOLD,,skip,insufficient_1m_candles,,,
2026-05-17T08:16:30.653770+00:00,forex_pullback_core3,forex_pullback,GBPJPY,,skip,insufficient_1m_candles,,,
2026-05-17T08:16:32.004098+00:00,forex_pullback_core3,forex_pullback,EURJPY,,skip,insufficient_1m_candles,,,
2026-05-17T08:16:33.336113+00:00,forex_pullback_core3,forex_pullback,EURUSD,,skip,insufficient_1m_candles,,,
2026-05-17T08:16:35.764834+00:00,btc_gold_hybrid,asset_hybrid,BTCUSD,2026-05-17T08:15:00+00:00,skip,duplicate_candle,,,
2026-05-17T08:16:37.125721+00:00,btc_gold_hybrid,asset_hybrid,GOLD,,skip,insufficient_1m_candles,,,
2026-05-17T08:16:58.880353+00:00,forex_pullback_core3,forex_pullback,GBPJPY,,skip,insufficient_1m_candles,,,
2026-05-17T08:17:00.230038+00:00,forex_pullback_core3,forex_pullback,EURJPY,,skip,insufficient_1m_candles,,,
2026-05-17T08:17:01.613093+00:00,forex_pullback_core3,forex_pullback,EURUSD,,skip,insufficient_1m_candles,,,
2026-05-17T08:17:03.989757+00:00,btc_gold_hybrid,asset_hybrid,BTCUSD,2026-05-17T08:16:00+00:00,reject,NO_BREAKOUT,,,
2026-05-17T08:17:05.383477+00:00,btc_gold_hybrid,asset_hybrid,GOLD,,skip,insufficient_1m_candles,,,
2026-05-17T08:17:27.221744+00:00,forex_pullback_core3,forex_pullback,GBPJPY,,skip,insufficient_1m_candles,,,
2026-05-17T08:17:28.587758+00:00,forex_pullback_core3,forex_pullback,EURJPY,,skip,insufficient_1m_candles,,,
2026-05-17T08:17:29.918203+00:00,forex_pullback_core3,forex_pullback,EURUSD,,skip,insufficient_1m_candles,,,
2026-05-17T08:17:32.390178+00:00,btc_gold_hybrid,asset_hybrid,BTCUSD,2026-05-17T08:16:00+00:00,skip,duplicate_candle,,,
2026-05-17T08:17:33.750900+00:00,btc_gold_hybrid,asset_hybrid,GOLD,,skip,insufficient_1m_candles,,,
2026-05-17T08:17:55.571732+00:00,forex_pullback_core3,forex_pullback,GBPJPY,,skip,insufficient_1m_candles,,,
2026-05-17T08:17:56.920084+00:00,forex_pullback_core3,forex_pullback,EURJPY,,skip,insufficient_1m_candles,,,
2026-05-17T08:17:58.272678+00:00,forex_pullback_core3,forex_pullback,EURUSD,,skip,insufficient_1m_candles,,,
2026-05-17T08:18:00.691180+00:00,btc_gold_hybrid,asset_hybrid,BTCUSD,2026-05-17T08:16:00+00:00,skip,duplicate_candle,,,
2026-05-17T08:18:02.038026+00:00,btc_gold_hybrid,asset_hybrid,GOLD,,skip,insufficient_1m_candles,,,
2026-05-17T08:18:23.852974+00:00,forex_pullback_core3,forex_pullback,GBPJPY,,skip,insufficient_1m_candles,,,
2026-05-17T08:18:25.220466+00:00,forex_pullback_core3,forex_pullback,EURJPY,,skip,insufficient_1m_candles,,,
2026-05-17T08:18:26.578123+00:00,forex_pullback_core3,forex_pullback,EURUSD,,skip,insufficient_1m_candles,,,
2026-05-17T08:18:28.985655+00:00,btc_gold_hybrid,asset_hybrid,BTCUSD,2026-05-17T08:17:00+00:00,reject,NO_BREAKOUT,,,
2026-05-17T08:18:30.328117+00:00,btc_gold_hybrid,asset_hybrid,GOLD,,skip,insufficient_1m_candles,,,
2026-05-17T08:18:52.138771+00:00,forex_pullback_core3,forex_pullback,GBPJPY,,skip,insufficient_1m_candles,,,
2026-05-17T08:18:53.496014+00:00,forex_pullback_core3,forex_pullback,EURJPY,,skip,insufficient_1m_candles,,,
2026-05-17T08:18:54.889652+00:00,forex_pullback_core3,forex_pullback,EURUSD,,skip,insufficient_1m_candles,,,
2026-05-17T08:18:57.343744+00:00,btc_gold_hybrid,asset_hybrid,BTCUSD,2026-05-17T08:17:00+00:00,skip,duplicate_candle,,,
2026-05-17T08:18:58.710857+00:00,btc_gold_hybrid,asset_hybrid,GOLD,,skip,insufficient_1m_candles,,,
2026-05-17T08:19:20.517199+00:00,forex_pullback_core3,forex_pullback,GBPJPY,,skip,insufficient_1m_candles,,,
2026-05-17T08:19:21.855996+00:00,forex_pullback_core3,forex_pullback,EURJPY,,skip,insufficient_1m_candles,,,
2026-05-17T08:19:23.216918+00:00,forex_pullback_core3,forex_pullback,EURUSD,,skip,insufficient_1m_candles,,,
2026-05-17T08:19:25.656413+00:00,btc_gold_hybrid,asset_hybrid,BTCUSD,2026-05-17T08:18:00+00:00,reject,NO_BREAKOUT,,,
2026-05-17T08:19:27.005769+00:00,btc_gold_hybrid,asset_hybrid,GOLD,,skip,insufficient_1m_candles,,,
2026-05-17T08:19:48.823887+00:00,forex_pullback_core3,forex_pullback,GBPJPY,,skip,insufficient_1m_candles,,,
2026-05-17T08:19:50.170525+00:00,forex_pullback_core3,forex_pullback,EURJPY,,skip,insufficient_1m_candles,,,
2026-05-17T08:19:51.563015+00:00,forex_pullback_core3,forex_pullback,EURUSD,,skip,insufficient_1m_candles,,,
2026-05-17T08:19:53.994133+00:00,btc_gold_hybrid,asset_hybrid,BTCUSD,2026-05-17T08:18:00+00:00,skip,duplicate_candle,,,
2026-05-17T08:19:55.389126+00:00,btc_gold_hybrid,asset_hybrid,GOLD,,skip,insufficient_1m_candles,,,
2026-05-17T08:20:17.228380+00:00,forex_pullback_core3,forex_pullback,GBPJPY,,skip,insufficient_1m_candles,,,
2026-05-17T08:20:18.567417+00:00,forex_pullback_core3,forex_pullback,EURJPY,,skip,insufficient_1m_candles,,,
2026-05-17T08:20:19.924953+00:00,forex_pullback_core3,forex_pullback,EURUSD,,skip,insufficient_1m_candles,,,
2026-05-17T08:20:22.409793+00:00,btc_gold_hybrid,asset_hybrid,BTCUSD,2026-05-17T08:19:00+00:00,reject,NO_BREAKOUT,,,
2026-05-17T08:20:23.768540+00:00,btc_gold_hybrid,asset_hybrid,GOLD,,skip,insufficient_1m_candles,,,
2026-05-17T08:20:45.609247+00:00,forex_pullback_core3,forex_pullback,GBPJPY,,skip,insufficient_1m_candles,,,
2026-05-17T08:20:46.971477+00:00,forex_pullback_core3,forex_pullback,EURJPY,,skip,insufficient_1m_candles,,,
2026-05-17T08:20:48.302636+00:00,forex_pullback_core3,forex_pullback,EURUSD,,skip,insufficient_1m_candles,,,
2026-05-17T08:20:50.722283+00:00,btc_gold_hybrid,asset_hybrid,BTCUSD,2026-05-17T08:19:00+00:00,skip,duplicate_candle,,,
2026-05-17T08:20:52.105747+00:00,btc_gold_hybrid,asset_hybrid,GOLD,,skip,insufficient_1m_candles,,,
2026-05-17T08:21:13.931694+00:00,forex_pullback_core3,forex_pullback,GBPJPY,,skip,insufficient_1m_candles,,,
2026-05-17T08:21:15.277146+00:00,forex_pullback_core3,forex_pullback,EURJPY,,skip,insufficient_1m_candles,,,
2026-05-17T08:21:16.645054+00:00,forex_pullback_core3,forex_pullback,EURUSD,,skip,insufficient_1m_candles,,,
2026-05-17T08:21:19.038379+00:00,btc_gold_hybrid,asset_hybrid,BTCUSD,2026-05-17T08:20:00+00:00,reject,NO_BREAKOUT,,,
2026-05-17T08:21:20.384801+00:00,btc_gold_hybrid,asset_hybrid,GOLD,,skip,insufficient_1m_candles,,,
2026-05-17T08:21:42.225987+00:00,forex_pullback_core3,forex_pullback,GBPJPY,,skip,insufficient_1m_candles,,,
2026-05-17T08:21:43.585021+00:00,forex_pullback_core3,forex_pullback,EURJPY,,skip,insufficient_1m_candles,,,
2026-05-17T08:21:44.927862+00:00,forex_pullback_core3,forex_pullback,EURUSD,,skip,insufficient_1m_candles,,,
2026-05-17T08:21:47.387793+00:00,btc_gold_hybrid,asset_hybrid,BTCUSD,2026-05-17T08:20:00+00:00,skip,duplicate_candle,,,
2026-05-17T08:21:48.761849+00:00,btc_gold_hybrid,asset_hybrid,GOLD,,skip,insufficient_1m_candles,,,
2026-05-17T08:22:10.608350+00:00,forex_pullback_core3,forex_pullback,GBPJPY,,skip,insufficient_1m_candles,,,
2026-05-17T08:22:11.985671+00:00,forex_pullback_core3,forex_pullback,EURJPY,,skip,insufficient_1m_candles,,,
2026-05-17T08:22:13.338852+00:00,forex_pullback_core3,forex_pullback,EURUSD,,skip,insufficient_1m_candles,,,
2026-05-17T08:22:15.804069+00:00,btc_gold_hybrid,asset_hybrid,BTCUSD,2026-05-17T08:21:00+00:00,reject,NO_BREAKOUT,,,
2026-05-17T08:22:17.184554+00:00,btc_gold_hybrid,asset_hybrid,GOLD,,skip,insufficient_1m_candles,,,
2026-05-17T08:22:39.026926+00:00,forex_pullback_core3,forex_pullback,GBPJPY,,skip,insufficient_1m_candles,,,
2026-05-17T08:22:40.387064+00:00,forex_pullback_core3,forex_pullback,EURJPY,,skip,insufficient_1m_candles,,,
2026-05-17T08:22:41.721561+00:00,forex_pullback_core3,forex_pullback,EURUSD,,skip,insufficient_1m_candles,,,
2026-05-17T08:22:44.141769+00:00,btc_gold_hybrid,asset_hybrid,BTCUSD,2026-05-17T08:21:00+00:00,skip,duplicate_candle,,,
2026-05-17T08:22:45.521829+00:00,btc_gold_hybrid,asset_hybrid,GOLD,,skip,insufficient_1m_candles,,,
2026-05-17T08:23:07.308196+00:00,forex_pullback_core3,forex_pullback,GBPJPY,,skip,insufficient_1m_candles,,,
2026-05-17T08:23:08.674881+00:00,forex_pullback_core3,forex_pullback,EURJPY,,skip,insufficient_1m_candles,,,
2026-05-17T08:23:10.051322+00:00,forex_pullback_core3,forex_pullback,EURUSD,,skip,insufficient_1m_candles,,,
2026-05-17T08:23:12.445991+00:00,btc_gold_hybrid,asset_hybrid,BTCUSD,2026-05-17T08:22:00+00:00,reject,NO_BREAKOUT,,,
2026-05-17T08:23:13.835698+00:00,btc_gold_hybrid,asset_hybrid,GOLD,,skip,insufficient_1m_candles,,,
2026-05-17T08:23:32.629232+00:00,forex_pullback_core3,forex_pullback,GBPJPY,,skip,insufficient_1m_candles,,,
2026-05-17T08:23:33.962271+00:00,forex_pullback_core3,forex_pullback,EURJPY,,skip,insufficient_1m_candles,,,
2026-05-17T08:23:35.308021+00:00,forex_pullback_core3,forex_pullback,EURUSD,,skip,insufficient_1m_candles,,,
2026-05-17T08:23:39.087307+00:00,btc_gold_hybrid,asset_hybrid,GOLD,,skip,insufficient_1m_candles,,,
2026-05-17T08:24:00.928017+00:00,forex_pullback_core3,forex_pullback,GBPJPY,,skip,insufficient_1m_candles,,,
2026-05-17T08:24:02.272237+00:00,forex_pullback_core3,forex_pullback,EURJPY,,skip,insufficient_1m_candles,,,
2026-05-17T08:24:03.605631+00:00,forex_pullback_core3,forex_pullback,EURUSD,,skip,insufficient_1m_candles,,,
2026-05-17T08:24:06.010342+00:00,btc_gold_hybrid,asset_hybrid,BTCUSD,2026-05-17T08:23:00+00:00,reject,NO_BREAKOUT,,,
2026-05-17T08:24:07.359878+00:00,btc_gold_hybrid,asset_hybrid,GOLD,,skip,insufficient_1m_candles,,,
2026-05-17T08:24:29.204162+00:00,forex_pullback_core3,forex_pullback,GBPJPY,,skip,insufficient_1m_candles,,,
2026-05-17T08:24:30.561839+00:00,forex_pullback_core3,forex_pullback,EURJPY,,skip,insufficient_1m_candles,,,
2026-05-17T08:24:31.922670+00:00,forex_pullback_core3,forex_pullback,EURUSD,,skip,insufficient_1m_candles,,,
2026-05-17T08:24:35.723551+00:00,btc_gold_hybrid,asset_hybrid,GOLD,,skip,insufficient_1m_candles,,,
2026-05-17T08:24:57.528007+00:00,forex_pullback_core3,forex_pullback,GBPJPY,,skip,insufficient_1m_candles,,,
2026-05-17T08:24:58.887015+00:00,forex_pullback_core3,forex_pullback,EURJPY,,skip,insufficient_1m_candles,,,
2026-05-17T08:25:00.285602+00:00,forex_pullback_core3,forex_pullback,EURUSD,,skip,insufficient_1m_candles,,,
2026-05-17T08:25:02.723071+00:00,btc_gold_hybrid,asset_hybrid,BTCUSD,2026-05-17T08:24:00+00:00,reject,NO_BREAKOUT,,,
2026-05-17T08:25:04.099521+00:00,btc_gold_hybrid,asset_hybrid,GOLD,,skip,insufficient_1m_candles,,,
2026-05-17T08:25:25.919735+00:00,forex_pullback_core3,forex_pullback,GBPJPY,,skip,insufficient_1m_candles,,,
2026-05-17T08:25:27.373909+00:00,forex_pullback_core3,forex_pullback,EURJPY,,skip,insufficient_1m_candles,,,
2026-05-17T08:25:28.714196+00:00,forex_pullback_core3,forex_pullback,EURUSD,,skip,insufficient_1m_candles,,,
2026-05-17T08:25:32.467671+00:00,btc_gold_hybrid,asset_hybrid,GOLD,,skip,insufficient_1m_candles,,,
2026-05-17T08:25:54.283141+00:00,forex_pullback_core3,forex_pullback,GBPJPY,,skip,insufficient_1m_candles,,,
2026-05-17T08:25:55.688711+00:00,forex_pullback_core3,forex_pullback,EURJPY,,skip,insufficient_1m_candles,,,
2026-05-17T08:25:57.017012+00:00,forex_pullback_core3,forex_pullback,EURUSD,,skip,insufficient_1m_candles,,,
2026-05-17T08:26:00.796620+00:00,btc_gold_hybrid,asset_hybrid,GOLD,,skip,insufficient_1m_candles,,,
2026-05-17T08:26:22.682472+00:00,forex_pullback_core3,forex_pullback,GBPJPY,,skip,insufficient_1m_candles,,,
2026-05-17T08:26:24.074461+00:00,forex_pullback_core3,forex_pullback,EURJPY,,skip,insufficient_1m_candles,,,
2026-05-17T08:26:25.438563+00:00,forex_pullback_core3,forex_pullback,EURUSD,,skip,insufficient_1m_candles,,,
2026-05-17T08:26:27.830401+00:00,btc_gold_hybrid,asset_hybrid,BTCUSD,2026-05-17T08:25:00+00:00,reject,NO_BREAKOUT,,,
2026-05-17T08:26:29.183091+00:00,btc_gold_hybrid,asset_hybrid,GOLD,,skip,insufficient_1m_candles,,,
2026-05-17T08:26:51.020600+00:00,forex_pullback_core3,forex_pullback,GBPJPY,,skip,insufficient_1m_candles,,,
2026-05-17T08:26:52.387003+00:00,forex_pullback_core3,forex_pullback,EURJPY,,skip,insufficient_1m_candles,,,
2026-05-17T08:26:53.750629+00:00,forex_pullback_core3,forex_pullback,EURUSD,,skip,insufficient_1m_candles,,,
2026-05-17T08:26:57.602435+00:00,btc_gold_hybrid,asset_hybrid,GOLD,,skip,insufficient_1m_candles,,,
2026-05-17T08:27:19.426863+00:00,forex_pullback_core3,forex_pullback,GBPJPY,,skip,insufficient_1m_candles,,,
2026-05-17T08:27:20.813325+00:00,forex_pullback_core3,forex_pullback,EURJPY,,skip,insufficient_1m_candles,,,
2026-05-17T08:27:22.176585+00:00,forex_pullback_core3,forex_pullback,EURUSD,,skip,insufficient_1m_candles,,,
2026-05-17T08:27:24.602167+00:00,btc_gold_hybrid,asset_hybrid,BTCUSD,2026-05-17T08:26:00+00:00,reject,NO_BREAKOUT,,,
2026-05-17T08:27:25.945270+00:00,btc_gold_hybrid,asset_hybrid,GOLD,,skip,insufficient_1m_candles,,,
2026-05-17T08:27:47.765015+00:00,forex_pullback_core3,forex_pullback,GBPJPY,,skip,insufficient_1m_candles,,,
2026-05-17T08:27:49.172517+00:00,forex_pullback_core3,forex_pullback,EURJPY,,skip,insufficient_1m_candles,,,
2026-05-17T08:27:50.536336+00:00,forex_pullback_core3,forex_pullback,EURUSD,,skip,insufficient_1m_candles,,,
2026-05-17T08:27:54.526735+00:00,btc_gold_hybrid,asset_hybrid,GOLD,,skip,insufficient_1m_candles,,,
2026-05-17T08:28:16.373763+00:00,forex_pullback_core3,forex_pullback,GBPJPY,,skip,insufficient_1m_candles,,,
2026-05-17T08:28:17.761912+00:00,forex_pullback_core3,forex_pullback,EURJPY,,skip,insufficient_1m_candles,,,
2026-05-17T08:28:19.112433+00:00,forex_pullback_core3,forex_pullback,EURUSD,,skip,insufficient_1m_candles,,,
2026-05-17T08:28:21.521033+00:00,btc_gold_hybrid,asset_hybrid,BTCUSD,2026-05-17T08:27:00+00:00,reject,NO_BREAKOUT,,,
2026-05-17T08:28:22.863258+00:00,btc_gold_hybrid,asset_hybrid,GOLD,,skip,insufficient_1m_candles,,,
2026-05-17T08:28:44.797556+00:00,forex_pullback_core3,forex_pullback,GBPJPY,,skip,insufficient_1m_candles,,,
2026-05-17T08:28:46.416075+00:00,forex_pullback_core3,forex_pullback,EURJPY,,skip,insufficient_1m_candles,,,
2026-05-17T08:28:47.914515+00:00,forex_pullback_core3,forex_pullback,EURUSD,,skip,insufficient_1m_candles,,,
2026-05-17T08:28:51.928034+00:00,btc_gold_hybrid,asset_hybrid,GOLD,,skip,insufficient_1m_candles,,,
2026-05-17T08:29:13.723223+00:00,forex_pullback_core3,forex_pullback,GBPJPY,,skip,insufficient_1m_candles,,,
2026-05-17T08:29:15.063009+00:00,forex_pullback_core3,forex_pullback,EURJPY,,skip,insufficient_1m_candles,,,
2026-05-17T08:29:16.444419+00:00,forex_pullback_core3,forex_pullback,EURUSD,,skip,insufficient_1m_candles,,,
2026-05-17T08:29:18.910826+00:00,btc_gold_hybrid,asset_hybrid,BTCUSD,2026-05-17T08:28:00+00:00,reject,NO_BREAKOUT,,,
2026-05-17T08:29:20.265620+00:00,btc_gold_hybrid,asset_hybrid,GOLD,,skip,insufficient_1m_candles,,,
2026-05-17T08:29:42.111386+00:00,forex_pullback_core3,forex_pullback,GBPJPY,,skip,insufficient_1m_candles,,,
2026-05-17T08:29:43.483468+00:00,forex_pullback_core3,forex_pullback,EURJPY,,skip,insufficient_1m_candles,,,
2026-05-17T08:29:44.954869+00:00,forex_pullback_core3,forex_pullback,EURUSD,,skip,insufficient_1m_candles,,,
2026-05-17T08:29:48.833522+00:00,btc_gold_hybrid,asset_hybrid,GOLD,,skip,insufficient_1m_candles,,,
2026-05-17T08:30:10.782887+00:00,forex_pullback_core3,forex_pullback,GBPJPY,,skip,insufficient_1m_candles,,,
2026-05-17T08:30:12.151415+00:00,forex_pullback_core3,forex_pullback,EURJPY,,skip,insufficient_1m_candles,,,
2026-05-17T08:30:13.493903+00:00,forex_pullback_core3,forex_pullback,EURUSD,,skip,insufficient_1m_candles,,,
2026-05-17T08:30:15.935018+00:00,btc_gold_hybrid,asset_hybrid,BTCUSD,2026-05-17T08:29:00+00:00,reject,NO_BREAKOUT,,,
2026-05-17T08:30:17.304221+00:00,btc_gold_hybrid,asset_hybrid,GOLD,,skip,insufficient_1m_candles,,,
2026-05-17T08:30:39.340965+00:00,forex_pullback_core3,forex_pullback,GBPJPY,,skip,insufficient_1m_candles,,,
2026-05-17T08:30:40.751418+00:00,forex_pullback_core3,forex_pullback,EURJPY,,skip,insufficient_1m_candles,,,
2026-05-17T08:30:42.655522+00:00,forex_pullback_core3,forex_pullback,EURUSD,,skip,insufficient_1m_candles,,,
2026-05-17T08:30:47.173681+00:00,btc_gold_hybrid,asset_hybrid,GOLD,,skip,insufficient_1m_candles,,,
2026-05-17T08:31:09.080874+00:00,forex_pullback_core3,forex_pullback,GBPJPY,,skip,insufficient_1m_candles,,,
2026-05-17T08:31:10.396048+00:00,forex_pullback_core3,forex_pullback,EURJPY,,skip,insufficient_1m_candles,,,
2026-05-17T08:31:11.761439+00:00,forex_pullback_core3,forex_pullback,EURUSD,,skip,insufficient_1m_candles,,,
2026-05-17T08:31:14.175627+00:00,btc_gold_hybrid,asset_hybrid,BTCUSD,2026-05-17T08:30:00+00:00,reject,NO_BREAKOUT,,,
2026-05-17T08:31:15.611412+00:00,btc_gold_hybrid,asset_hybrid,GOLD,,skip,insufficient_1m_candles,,,
2026-05-17T08:31:37.447718+00:00,forex_pullback_core3,forex_pullback,GBPJPY,,skip,insufficient_1m_candles,,,
2026-05-17T08:31:39.120679+00:00,forex_pullback_core3,forex_pullback,EURJPY,,skip,insufficient_1m_candles,,,
2026-05-17T08:31:40.774389+00:00,forex_pullback_core3,forex_pullback,EURUSD,,skip,insufficient_1m_candles,,,
2026-05-17T08:31:44.760896+00:00,btc_gold_hybrid,asset_hybrid,GOLD,,skip,insufficient_1m_candles,,,
2026-05-17T08:32:06.640505+00:00,forex_pullback_core3,forex_pullback,GBPJPY,,skip,insufficient_1m_candles,,,
2026-05-17T08:32:08.105210+00:00,forex_pullback_core3,forex_pullback,EURJPY,,skip,insufficient_1m_candles,,,
2026-05-17T08:32:09.660387+00:00,forex_pullback_core3,forex_pullback,EURUSD,,skip,insufficient_1m_candles,,,
2026-05-17T08:32:12.094362+00:00,btc_gold_hybrid,asset_hybrid,BTCUSD,2026-05-17T08:31:00+00:00,reject,NO_BREAKOUT,,,
2026-05-17T08:32:13.473236+00:00,btc_gold_hybrid,asset_hybrid,GOLD,,skip,insufficient_1m_candles,,,
2026-05-17T08:32:35.362664+00:00,forex_pullback_core3,forex_pullback,GBPJPY,,skip,insufficient_1m_candles,,,
2026-05-17T08:32:36.860427+00:00,forex_pullback_core3,forex_pullback,EURJPY,,skip,insufficient_1m_candles,,,
2026-05-17T08:32:38.283972+00:00,forex_pullback_core3,forex_pullback,EURUSD,,skip,insufficient_1m_candles,,,
2026-05-17T08:32:42.211418+00:00,btc_gold_hybrid,asset_hybrid,GOLD,,skip,insufficient_1m_candles,,,
2026-05-17T08:33:10.587404+00:00,forex_pullback_core3,forex_pullback,GBPJPY,,skip,insufficient_1m_candles,,,
2026-05-17T08:33:11.972268+00:00,forex_pullback_core3,forex_pullback,EURJPY,,skip,insufficient_1m_candles,,,
2026-05-17T08:33:13.334090+00:00,forex_pullback_core3,forex_pullback,EURUSD,,skip,insufficient_1m_candles,,,
2026-05-17T08:33:15.775194+00:00,btc_gold_hybrid,asset_hybrid,BTCUSD,2026-05-17T08:32:00+00:00,reject,NO_BREAKOUT,,,
2026-05-17T08:33:17.230634+00:00,btc_gold_hybrid,asset_hybrid,GOLD,,skip,insufficient_1m_candles,,,
2026-05-17T08:33:39.074941+00:00,forex_pullback_core3,forex_pullback,GBPJPY,,skip,insufficient_1m_candles,,,
2026-05-17T08:33:40.433850+00:00,forex_pullback_core3,forex_pullback,EURJPY,,skip,insufficient_1m_candles,,,
2026-05-17T08:33:41.802777+00:00,forex_pullback_core3,forex_pullback,EURUSD,,skip,insufficient_1m_candles,,,
2026-05-17T08:33:45.635308+00:00,btc_gold_hybrid,asset_hybrid,GOLD,,skip,insufficient_1m_candles,,,
2026-05-17T08:34:07.450836+00:00,forex_pullback_core3,forex_pullback,GBPJPY,,skip,insufficient_1m_candles,,,
2026-05-17T08:34:08.866760+00:00,forex_pullback_core3,forex_pullback,EURJPY,,skip,insufficient_1m_candles,,,
2026-05-17T08:34:10.257269+00:00,forex_pullback_core3,forex_pullback,EURUSD,,skip,insufficient_1m_candles,,,
2026-05-17T08:34:12.785777+00:00,btc_gold_hybrid,asset_hybrid,BTCUSD,2026-05-17T08:33:00+00:00,reject,NO_BREAKOUT,,,
2026-05-17T08:34:14.155299+00:00,btc_gold_hybrid,asset_hybrid,GOLD,,skip,insufficient_1m_candles,,,
2026-05-17T08:34:35.979987+00:00,forex_pullback_core3,forex_pullback,GBPJPY,,skip,insufficient_1m_candles,,,
2026-05-17T08:34:37.322465+00:00,forex_pullback_core3,forex_pullback,EURJPY,,skip,insufficient_1m_candles,,,
2026-05-17T08:34:38.693483+00:00,forex_pullback_core3,forex_pullback,EURUSD,,skip,insufficient_1m_candles,,,
2026-05-17T08:34:42.434517+00:00,btc_gold_hybrid,asset_hybrid,GOLD,,skip,insufficient_1m_candles,,,
2026-05-17T08:35:04.281832+00:00,forex_pullback_core3,forex_pullback,GBPJPY,,skip,insufficient_1m_candles,,,
2026-05-17T08:35:05.614906+00:00,forex_pullback_core3,forex_pullback,EURJPY,,skip,insufficient_1m_candles,,,
2026-05-17T08:35:06.974171+00:00,forex_pullback_core3,forex_pullback,EURUSD,,skip,insufficient_1m_candles,,,
2026-05-17T08:35:09.412992+00:00,btc_gold_hybrid,asset_hybrid,BTCUSD,2026-05-17T08:34:00+00:00,reject,NO_BREAKOUT,,,
2026-05-17T08:35:10.769862+00:00,btc_gold_hybrid,asset_hybrid,GOLD,,skip,insufficient_1m_candles,,,
2026-05-17T08:35:32.569828+00:00,forex_pullback_core3,forex_pullback,GBPJPY,,skip,insufficient_1m_candles,,,
2026-05-17T08:35:33.952274+00:00,forex_pullback_core3,forex_pullback,EURJPY,,skip,insufficient_1m_candles,,,
2026-05-17T08:35:35.305164+00:00,forex_pullback_core3,forex_pullback,EURUSD,,skip,insufficient_1m_candles,,,
2026-05-17T08:35:39.056805+00:00,btc_gold_hybrid,asset_hybrid,GOLD,,skip,insufficient_1m_candles,,,
2026-05-17T08:36:00.880294+00:00,forex_pullback_core3,forex_pullback,GBPJPY,,skip,insufficient_1m_candles,,,
2026-05-17T08:36:02.187285+00:00,forex_pullback_core3,forex_pullback,EURJPY,,skip,insufficient_1m_candles,,,
2026-05-17T08:36:03.522727+00:00,forex_pullback_core3,forex_pullback,EURUSD,,skip,insufficient_1m_candles,,,
2026-05-17T08:36:05.959429+00:00,btc_gold_hybrid,asset_hybrid,BTCUSD,2026-05-17T08:35:00+00:00,reject,NO_BREAKOUT,,,
2026-05-17T08:36:07.310804+00:00,btc_gold_hybrid,asset_hybrid,GOLD,,skip,insufficient_1m_candles,,,
2026-05-17T08:36:29.169268+00:00,forex_pullback_core3,forex_pullback,GBPJPY,,skip,insufficient_1m_candles,,,
2026-05-17T08:36:30.512539+00:00,forex_pullback_core3,forex_pullback,EURJPY,,skip,insufficient_1m_candles,,,
2026-05-17T08:36:31.834872+00:00,forex_pullback_core3,forex_pullback,EURUSD,,skip,insufficient_1m_candles,,,
2026-05-17T08:36:35.667247+00:00,btc_gold_hybrid,asset_hybrid,GOLD,,skip,insufficient_1m_candles,,,
2026-05-17T08:36:57.469840+00:00,forex_pullback_core3,forex_pullback,GBPJPY,,skip,insufficient_1m_candles,,,
2026-05-17T08:36:58.872284+00:00,forex_pullback_core3,forex_pullback,EURJPY,,skip,insufficient_1m_candles,,,
2026-05-17T08:37:00.235483+00:00,forex_pullback_core3,forex_pullback,EURUSD,,skip,insufficient_1m_candles,,,
2026-05-17T08:37:02.704521+00:00,btc_gold_hybrid,asset_hybrid,BTCUSD,2026-05-17T08:36:00+00:00,reject,NO_BREAKOUT,,,
2026-05-17T08:37:04.052923+00:00,btc_gold_hybrid,asset_hybrid,GOLD,,skip,insufficient_1m_candles,,,
2026-05-17T08:37:25.882749+00:00,forex_pullback_core3,forex_pullback,GBPJPY,,skip,insufficient_1m_candles,,,
2026-05-17T08:37:27.233011+00:00,forex_pullback_core3,forex_pullback,EURJPY,,skip,insufficient_1m_candles,,,
2026-05-17T08:37:28.600976+00:00,forex_pullback_core3,forex_pullback,EURUSD,,skip,insufficient_1m_candles,,,
2026-05-17T08:37:32.451391+00:00,btc_gold_hybrid,asset_hybrid,GOLD,,skip,insufficient_1m_candles,,,
2026-05-17T08:37:54.332115+00:00,forex_pullback_core3,forex_pullback,GBPJPY,,skip,insufficient_1m_candles,,,
2026-05-17T08:37:55.681989+00:00,forex_pullback_core3,forex_pullback,EURJPY,,skip,insufficient_1m_candles,,,
2026-05-17T08:37:57.038585+00:00,forex_pullback_core3,forex_pullback,EURUSD,,skip,insufficient_1m_candles,,,
2026-05-17T08:38:00.849029+00:00,btc_gold_hybrid,asset_hybrid,GOLD,,skip,insufficient_1m_candles,,,
2026-05-17T08:38:22.684417+00:00,forex_pullback_core3,forex_pullback,GBPJPY,,skip,insufficient_1m_candles,,,
2026-05-17T08:38:24.032784+00:00,forex_pullback_core3,forex_pullback,EURJPY,,skip,insufficient_1m_candles,,,
2026-05-17T08:38:25.419282+00:00,forex_pullback_core3,forex_pullback,EURUSD,,skip,insufficient_1m_candles,,,
2026-05-17T08:38:27.869768+00:00,btc_gold_hybrid,asset_hybrid,BTCUSD,2026-05-17T08:37:00+00:00,reject,NO_BREAKOUT,,,
2026-05-17T08:38:29.228490+00:00,btc_gold_hybrid,asset_hybrid,GOLD,,skip,insufficient_1m_candles,,,
2026-05-17T08:38:51.044888+00:00,forex_pullback_core3,forex_pullback,GBPJPY,,skip,insufficient_1m_candles,,,
2026-05-17T08:38:52.400129+00:00,forex_pullback_core3,forex_pullback,EURJPY,,skip,insufficient_1m_candles,,,
2026-05-17T08:38:53.770837+00:00,forex_pullback_core3,forex_pullback,EURUSD,,skip,insufficient_1m_candles,,,
2026-05-17T08:38:57.608000+00:00,btc_gold_hybrid,asset_hybrid,GOLD,,skip,insufficient_1m_candles,,,
2026-05-17T08:39:19.416103+00:00,forex_pullback_core3,forex_pullback,GBPJPY,,skip,insufficient_1m_candles,,,
2026-05-17T08:39:20.798074+00:00,forex_pullback_core3,forex_pullback,EURJPY,,skip,insufficient_1m_candles,,,
2026-05-17T08:39:22.161571+00:00,forex_pullback_core3,forex_pullback,EURUSD,,skip,insufficient_1m_candles,,,
2026-05-17T08:39:24.615176+00:00,btc_gold_hybrid,asset_hybrid,BTCUSD,2026-05-17T08:38:00+00:00,reject,NO_BREAKOUT,,,
2026-05-17T08:39:25.961774+00:00,btc_gold_hybrid,asset_hybrid,GOLD,,skip,insufficient_1m_candles,,,
2026-05-17T08:39:47.794369+00:00,forex_pullback_core3,forex_pullback,GBPJPY,,skip,insufficient_1m_candles,,,
2026-05-17T08:39:49.141533+00:00,forex_pullback_core3,forex_pullback,EURJPY,,skip,insufficient_1m_candles,,,
2026-05-17T08:39:50.483793+00:00,forex_pullback_core3,forex_pullback,EURUSD,,skip,insufficient_1m_candles,,,
2026-05-17T08:39:54.319989+00:00,btc_gold_hybrid,asset_hybrid,GOLD,,skip,insufficient_1m_candles,,,
2026-05-17T08:40:16.144382+00:00,forex_pullback_core3,forex_pullback,GBPJPY,,skip,insufficient_1m_candles,,,
2026-05-17T08:40:17.512798+00:00,forex_pullback_core3,forex_pullback,EURJPY,,skip,insufficient_1m_candles,,,
2026-05-17T08:40:18.863608+00:00,forex_pullback_core3,forex_pullback,EURUSD,,skip,insufficient_1m_candles,,,
2026-05-17T08:40:21.244104+00:00,btc_gold_hybrid,asset_hybrid,BTCUSD,2026-05-17T08:39:00+00:00,reject,NO_BREAKOUT,,,
2026-05-17T08:40:22.624658+00:00,btc_gold_hybrid,asset_hybrid,GOLD,,skip,insufficient_1m_candles,,,
2026-05-17T08:40:44.479752+00:00,forex_pullback_core3,forex_pullback,GBPJPY,,skip,insufficient_1m_candles,,,
2026-05-17T08:40:46.107817+00:00,forex_pullback_core3,forex_pullback,EURJPY,,skip,insufficient_1m_candles,,,
2026-05-17T08:40:48.067913+00:00,forex_pullback_core3,forex_pullback,EURUSD,,skip,insufficient_1m_candles,,,
2026-05-17T08:40:51.818494+00:00,btc_gold_hybrid,asset_hybrid,GOLD,,skip,insufficient_1m_candles,,,
2026-05-17T08:41:13.598380+00:00,forex_pullback_core3,forex_pullback,GBPJPY,,skip,insufficient_1m_candles,,,
2026-05-17T08:41:14.948020+00:00,forex_pullback_core3,forex_pullback,EURJPY,,skip,insufficient_1m_candles,,,
2026-05-17T08:41:16.302128+00:00,forex_pullback_core3,forex_pullback,EURUSD,,skip,insufficient_1m_candles,,,
2026-05-17T08:41:18.773306+00:00,btc_gold_hybrid,asset_hybrid,BTCUSD,2026-05-17T08:40:00+00:00,reject,NO_BREAKOUT,,,
2026-05-17T08:41:20.163755+00:00,btc_gold_hybrid,asset_hybrid,GOLD,,skip,insufficient_1m_candles,,,
2026-05-17T08:41:41.971913+00:00,forex_pullback_core3,forex_pullback,GBPJPY,,skip,insufficient_1m_candles,,,
2026-05-17T08:41:43.355913+00:00,forex_pullback_core3,forex_pullback,EURJPY,,skip,insufficient_1m_candles,,,
2026-05-17T08:41:44.701651+00:00,forex_pullback_core3,forex_pullback,EURUSD,,skip,insufficient_1m_candles,,,
2026-05-17T08:41:48.430661+00:00,btc_gold_hybrid,asset_hybrid,GOLD,,skip,insufficient_1m_candles,,,
2026-05-17T08:42:10.393740+00:00,forex_pullback_core3,forex_pullback,GBPJPY,,skip,insufficient_1m_candles,,,
2026-05-17T08:42:11.717425+00:00,forex_pullback_core3,forex_pullback,EURJPY,,skip,insufficient_1m_candles,,,
2026-05-17T08:42:13.083305+00:00,forex_pullback_core3,forex_pullback,EURUSD,,skip,insufficient_1m_candles,,,
2026-05-17T08:42:15.554945+00:00,btc_gold_hybrid,asset_hybrid,BTCUSD,2026-05-17T08:41:00+00:00,reject,NO_BREAKOUT,,,
2026-05-17T08:42:16.927484+00:00,btc_gold_hybrid,asset_hybrid,GOLD,,skip,insufficient_1m_candles,,,
2026-05-17T08:42:38.766683+00:00,forex_pullback_core3,forex_pullback,GBPJPY,,skip,insufficient_1m_candles,,,
2026-05-17T08:42:40.116756+00:00,forex_pullback_core3,forex_pullback,EURJPY,,skip,insufficient_1m_candles,,,
2026-05-17T08:42:41.510711+00:00,forex_pullback_core3,forex_pullback,EURUSD,,skip,insufficient_1m_candles,,,
2026-05-17T08:42:45.301085+00:00,btc_gold_hybrid,asset_hybrid,GOLD,,skip,insufficient_1m_candles,,,
2026-05-17T08:43:07.136511+00:00,forex_pullback_core3,forex_pullback,GBPJPY,,skip,insufficient_1m_candles,,,
2026-05-17T08:43:08.478853+00:00,forex_pullback_core3,forex_pullback,EURJPY,,skip,insufficient_1m_candles,,,
2026-05-17T08:43:09.849330+00:00,forex_pullback_core3,forex_pullback,EURUSD,,skip,insufficient_1m_candles,,,
2026-05-17T08:43:12.221472+00:00,btc_gold_hybrid,asset_hybrid,BTCUSD,2026-05-17T08:42:00+00:00,reject,NO_BREAKOUT,,,
2026-05-17T08:43:13.586390+00:00,btc_gold_hybrid,asset_hybrid,GOLD,,skip,insufficient_1m_candles,,,
2026-05-17T08:43:35.396655+00:00,forex_pullback_core3,forex_pullback,GBPJPY,,skip,insufficient_1m_candles,,,
2026-05-17T08:43:36.763374+00:00,forex_pullback_core3,forex_pullback,EURJPY,,skip,insufficient_1m_candles,,,
2026-05-17T08:43:38.112385+00:00,forex_pullback_core3,forex_pullback,EURUSD,,skip,insufficient_1m_candles,,,
2026-05-17T08:43:41.913209+00:00,btc_gold_hybrid,asset_hybrid,GOLD,,skip,insufficient_1m_candles,,,
2026-05-17T08:44:03.747397+00:00,forex_pullback_core3,forex_pullback,GBPJPY,,skip,insufficient_1m_candles,,,
2026-05-17T08:44:05.141199+00:00,forex_pullback_core3,forex_pullback,EURJPY,,skip,insufficient_1m_candles,,,
2026-05-17T08:44:06.511937+00:00,forex_pullback_core3,forex_pullback,EURUSD,,skip,insufficient_1m_candles,,,
2026-05-17T08:44:08.916941+00:00,btc_gold_hybrid,asset_hybrid,BTCUSD,2026-05-17T08:43:00+00:00,reject,NO_BREAKOUT,,,
2026-05-17T08:44:10.292229+00:00,btc_gold_hybrid,asset_hybrid,GOLD,,skip,insufficient_1m_candles,,,
2026-05-17T08:44:32.102065+00:00,forex_pullback_core3,forex_pullback,GBPJPY,,skip,insufficient_1m_candles,,,
2026-05-17T08:44:33.452850+00:00,forex_pullback_core3,forex_pullback,EURJPY,,skip,insufficient_1m_candles,,,
2026-05-17T08:44:34.807082+00:00,forex_pullback_core3,forex_pullback,EURUSD,,skip,insufficient_1m_candles,,,
2026-05-17T08:44:38.566137+00:00,btc_gold_hybrid,asset_hybrid,GOLD,,skip,insufficient_1m_candles,,,
2026-05-17T08:45:00.399209+00:00,forex_pullback_core3,forex_pullback,GBPJPY,,skip,insufficient_1m_candles,,,
2026-05-17T08:45:01.776085+00:00,forex_pullback_core3,forex_pullback,EURJPY,,skip,insufficient_1m_candles,,,
2026-05-17T08:45:03.136045+00:00,forex_pullback_core3,forex_pullback,EURUSD,,skip,insufficient_1m_candles,,,
2026-05-17T08:45:05.598273+00:00,btc_gold_hybrid,asset_hybrid,BTCUSD,2026-05-17T08:44:00+00:00,reject,NO_BREAKOUT,,,
2026-05-17T08:45:06.942467+00:00,btc_gold_hybrid,asset_hybrid,GOLD,,skip,insufficient_1m_candles,,,
2026-05-17T08:45:28.757697+00:00,forex_pullback_core3,forex_pullback,GBPJPY,,skip,insufficient_1m_candles,,,
2026-05-17T08:45:30.129936+00:00,forex_pullback_core3,forex_pullback,EURJPY,,skip,insufficient_1m_candles,,,
2026-05-17T08:45:31.502388+00:00,forex_pullback_core3,forex_pullback,EURUSD,,skip,insufficient_1m_candles,,,
2026-05-17T08:45:35.312018+00:00,btc_gold_hybrid,asset_hybrid,GOLD,,skip,insufficient_1m_candles,,,
2026-05-17T08:45:57.147859+00:00,forex_pullback_core3,forex_pullback,GBPJPY,,skip,insufficient_1m_candles,,,
2026-05-17T08:45:58.505965+00:00,forex_pullback_core3,forex_pullback,EURJPY,,skip,insufficient_1m_candles,,,
2026-05-17T08:45:59.891315+00:00,forex_pullback_core3,forex_pullback,EURUSD,,skip,insufficient_1m_candles,,,
2026-05-17T08:46:03.671024+00:00,btc_gold_hybrid,asset_hybrid,GOLD,,skip,insufficient_1m_candles,,,
2026-05-17T08:46:25.515312+00:00,forex_pullback_core3,forex_pullback,GBPJPY,,skip,insufficient_1m_candles,,,
2026-05-17T08:46:26.877258+00:00,forex_pullback_core3,forex_pullback,EURJPY,,skip,insufficient_1m_candles,,,
2026-05-17T08:46:28.246203+00:00,forex_pullback_core3,forex_pullback,EURUSD,,skip,insufficient_1m_candles,,,
2026-05-17T08:46:30.770363+00:00,btc_gold_hybrid,asset_hybrid,BTCUSD,2026-05-17T08:45:00+00:00,reject,NO_BREAKOUT,,,
2026-05-17T08:46:32.124913+00:00,btc_gold_hybrid,asset_hybrid,GOLD,,skip,insufficient_1m_candles,,,
2026-05-17T08:46:53.943262+00:00,forex_pullback_core3,forex_pullback,GBPJPY,,skip,insufficient_1m_candles,,,
2026-05-17T08:46:55.319298+00:00,forex_pullback_core3,forex_pullback,EURJPY,,skip,insufficient_1m_candles,,,
2026-05-17T08:46:56.654896+00:00,forex_pullback_core3,forex_pullback,EURUSD,,skip,insufficient_1m_candles,,,
2026-05-17T08:47:00.443486+00:00,btc_gold_hybrid,asset_hybrid,GOLD,,skip,insufficient_1m_candles,,,
2026-05-17T08:47:22.274722+00:00,forex_pullback_core3,forex_pullback,GBPJPY,,skip,insufficient_1m_candles,,,
2026-05-17T08:47:23.610716+00:00,forex_pullback_core3,forex_pullback,EURJPY,,skip,insufficient_1m_candles,,,
2026-05-17T08:47:24.975395+00:00,forex_pullback_core3,forex_pullback,EURUSD,,skip,insufficient_1m_candles,,,
2026-05-17T08:47:27.389996+00:00,btc_gold_hybrid,asset_hybrid,BTCUSD,2026-05-17T08:46:00+00:00,reject,NO_BREAKOUT,,,
2026-05-17T08:47:28.727191+00:00,btc_gold_hybrid,asset_hybrid,GOLD,,skip,insufficient_1m_candles,,,
2026-05-17T08:47:50.584872+00:00,forex_pullback_core3,forex_pullback,GBPJPY,,skip,insufficient_1m_candles,,,
2026-05-17T08:47:51.924298+00:00,forex_pullback_core3,forex_pullback,EURJPY,,skip,insufficient_1m_candles,,,
2026-05-17T08:47:53.307557+00:00,forex_pullback_core3,forex_pullback,EURUSD,,skip,insufficient_1m_candles,,,
2026-05-17T08:47:57.139783+00:00,btc_gold_hybrid,asset_hybrid,GOLD,,skip,insufficient_1m_candles,,,
2026-05-17T08:48:18.971134+00:00,forex_pullback_core3,forex_pullback,GBPJPY,,skip,insufficient_1m_candles,,,
2026-05-17T08:48:20.356105+00:00,forex_pullback_core3,forex_pullback,EURJPY,,skip,insufficient_1m_candles,,,
2026-05-17T08:48:21.704482+00:00,forex_pullback_core3,forex_pullback,EURUSD,,skip,insufficient_1m_candles,,,
2026-05-17T08:48:24.160821+00:00,btc_gold_hybrid,asset_hybrid,BTCUSD,2026-05-17T08:47:00+00:00,reject,NO_BREAKOUT,,,
2026-05-17T08:48:25.496038+00:00,btc_gold_hybrid,asset_hybrid,GOLD,,skip,insufficient_1m_candles,,,
2026-05-17T08:48:47.363440+00:00,forex_pullback_core3,forex_pullback,GBPJPY,,skip,insufficient_1m_candles,,,
2026-05-17T08:48:48.679690+00:00,forex_pullback_core3,forex_pullback,EURJPY,,skip,insufficient_1m_candles,,,
2026-05-17T08:48:50.077440+00:00,forex_pullback_core3,forex_pullback,EURUSD,,skip,insufficient_1m_candles,,,
2026-05-17T08:48:53.855142+00:00,btc_gold_hybrid,asset_hybrid,GOLD,,skip,insufficient_1m_candles,,,
2026-05-17T08:49:15.697751+00:00,forex_pullback_core3,forex_pullback,GBPJPY,,skip,insufficient_1m_candles,,,
2026-05-17T08:49:17.055051+00:00,forex_pullback_core3,forex_pullback,EURJPY,,skip,insufficient_1m_candles,,,
2026-05-17T08:49:18.380768+00:00,forex_pullback_core3,forex_pullback,EURUSD,,skip,insufficient_1m_candles,,,
2026-05-17T08:49:20.857353+00:00,btc_gold_hybrid,asset_hybrid,BTCUSD,2026-05-17T08:48:00+00:00,reject,NO_BREAKOUT,,,
2026-05-17T08:49:22.200818+00:00,btc_gold_hybrid,asset_hybrid,GOLD,,skip,insufficient_1m_candles,,,
2026-05-17T08:49:44.018118+00:00,forex_pullback_core3,forex_pullback,GBPJPY,,skip,insufficient_1m_candles,,,
2026-05-17T08:49:58.242025+00:00,forex_pullback_core3,forex_pullback,EURJPY,,skip,insufficient_1m_candles,,,
2026-05-17T08:49:59.612873+00:00,forex_pullback_core3,forex_pullback,EURUSD,,skip,insufficient_1m_candles,,,
2026-05-17T08:50:05.503355+00:00,btc_gold_hybrid,asset_hybrid,GOLD,,skip,insufficient_1m_candles,,,
2026-05-17T08:50:27.311948+00:00,forex_pullback_core3,forex_pullback,GBPJPY,,skip,insufficient_1m_candles,,,
2026-05-17T08:50:28.634230+00:00,forex_pullback_core3,forex_pullback,EURJPY,,skip,insufficient_1m_candles,,,
2026-05-17T08:50:30.001254+00:00,forex_pullback_core3,forex_pullback,EURUSD,,skip,insufficient_1m_candles,,,
2026-05-17T08:50:34.440887+00:00,btc_gold_hybrid,asset_hybrid,BTCUSD,2026-05-17T08:49:00+00:00,reject,NO_BREAKOUT,,,
2026-05-17T08:50:35.801188+00:00,btc_gold_hybrid,asset_hybrid,GOLD,,skip,insufficient_1m_candles,,,
2026-05-17T08:50:57.648035+00:00,forex_pullback_core3,forex_pullback,GBPJPY,,skip,insufficient_1m_candles,,,
2026-05-17T08:50:59.021216+00:00,forex_pullback_core3,forex_pullback,EURJPY,,skip,insufficient_1m_candles,,,
2026-05-17T08:51:00.381169+00:00,forex_pullback_core3,forex_pullback,EURUSD,,skip,insufficient_1m_candles,,,
2026-05-17T08:51:06.624840+00:00,btc_gold_hybrid,asset_hybrid,BTCUSD,2026-05-17T08:50:00+00:00,reject,NO_BREAKOUT,,,
2026-05-17T08:51:07.993916+00:00,btc_gold_hybrid,asset_hybrid,GOLD,,skip,insufficient_1m_candles,,,
2026-05-17T08:51:29.800564+00:00,forex_pullback_core3,forex_pullback,GBPJPY,,skip,insufficient_1m_candles,,,
2026-05-17T08:51:31.142863+00:00,forex_pullback_core3,forex_pullback,EURJPY,,skip,insufficient_1m_candles,,,
2026-05-17T08:51:32.530864+00:00,forex_pullback_core3,forex_pullback,EURUSD,,skip,insufficient_1m_candles,,,
2026-05-17T08:51:38.474892+00:00,btc_gold_hybrid,asset_hybrid,GOLD,,skip,insufficient_1m_candles,,,
2026-05-17T08:52:00.300291+00:00,forex_pullback_core3,forex_pullback,GBPJPY,,skip,insufficient_1m_candles,,,
2026-05-17T08:52:01.652480+00:00,forex_pullback_core3,forex_pullback,EURJPY,,skip,insufficient_1m_candles,,,
2026-05-17T08:52:02.974206+00:00,forex_pullback_core3,forex_pullback,EURUSD,,skip,insufficient_1m_candles,,,
2026-05-17T08:52:07.529121+00:00,btc_gold_hybrid,asset_hybrid,BTCUSD,2026-05-17T08:51:00+00:00,reject,NO_BREAKOUT,,,
2026-05-17T08:52:08.892858+00:00,btc_gold_hybrid,asset_hybrid,GOLD,,skip,insufficient_1m_candles,,,
2026-05-17T08:52:30.714758+00:00,forex_pullback_core3,forex_pullback,GBPJPY,,skip,insufficient_1m_candles,,,
2026-05-17T08:52:32.071629+00:00,forex_pullback_core3,forex_pullback,EURJPY,,skip,insufficient_1m_candles,,,
2026-05-17T08:52:33.455656+00:00,forex_pullback_core3,forex_pullback,EURUSD,,skip,insufficient_1m_candles,,,
2026-05-17T08:52:39.229428+00:00,btc_gold_hybrid,asset_hybrid,GOLD,,skip,insufficient_1m_candles,,,
2026-05-17T08:53:01.097505+00:00,forex_pullback_core3,forex_pullback,GBPJPY,,skip,insufficient_1m_candles,,,
2026-05-17T08:53:02.432042+00:00,forex_pullback_core3,forex_pullback,EURJPY,,skip,insufficient_1m_candles,,,
2026-05-17T08:53:03.791566+00:00,forex_pullback_core3,forex_pullback,EURUSD,,skip,insufficient_1m_candles,,,
2026-05-17T08:53:08.401887+00:00,btc_gold_hybrid,asset_hybrid,BTCUSD,2026-05-17T08:52:00+00:00,reject,NO_BREAKOUT,,,
2026-05-17T08:53:09.735756+00:00,btc_gold_hybrid,asset_hybrid,GOLD,,skip,insufficient_1m_candles,,,
2026-05-17T08:53:31.545730+00:00,forex_pullback_core3,forex_pullback,GBPJPY,,skip,insufficient_1m_candles,,,
2026-05-17T08:53:32.909940+00:00,forex_pullback_core3,forex_pullback,EURJPY,,skip,insufficient_1m_candles,,,
2026-05-17T08:53:34.290014+00:00,forex_pullback_core3,forex_pullback,EURUSD,,skip,insufficient_1m_candles,,,
2026-05-17T08:53:40.180135+00:00,btc_gold_hybrid,asset_hybrid,GOLD,,skip,insufficient_1m_candles,,,
2026-05-17T08:54:01.972787+00:00,forex_pullback_core3,forex_pullback,GBPJPY,,skip,insufficient_1m_candles,,,
2026-05-17T08:54:03.352365+00:00,forex_pullback_core3,forex_pullback,EURJPY,,skip,insufficient_1m_candles,,,
2026-05-17T08:54:04.735516+00:00,forex_pullback_core3,forex_pullback,EURUSD,,skip,insufficient_1m_candles,,,
2026-05-17T08:54:09.175892+00:00,btc_gold_hybrid,asset_hybrid,BTCUSD,2026-05-17T08:53:00+00:00,reject,NO_BREAKOUT,,,
2026-05-17T08:54:10.527203+00:00,btc_gold_hybrid,asset_hybrid,GOLD,,skip,insufficient_1m_candles,,,
2026-05-17T08:54:32.383521+00:00,forex_pullback_core3,forex_pullback,GBPJPY,,skip,insufficient_1m_candles,,,
2026-05-17T08:54:33.728096+00:00,forex_pullback_core3,forex_pullback,EURJPY,,skip,insufficient_1m_candles,,,
2026-05-17T08:54:35.075794+00:00,forex_pullback_core3,forex_pullback,EURUSD,,skip,insufficient_1m_candles,,,
2026-05-17T08:54:38.873218+00:00,btc_gold_hybrid,asset_hybrid,GOLD,,skip,insufficient_1m_candles,,,
2026-05-17T08:55:00.979542+00:00,forex_pullback_core3,forex_pullback,GBPJPY,,skip,insufficient_1m_candles,,,
2026-05-17T08:55:02.512761+00:00,forex_pullback_core3,forex_pullback,EURJPY,,skip,insufficient_1m_candles,,,
2026-05-17T08:55:04.049408+00:00,forex_pullback_core3,forex_pullback,EURUSD,,skip,insufficient_1m_candles,,,
2026-05-17T08:55:06.596630+00:00,btc_gold_hybrid,asset_hybrid,BTCUSD,2026-05-17T08:54:00+00:00,reject,NO_BREAKOUT,,,
2026-05-17T08:55:08.139403+00:00,btc_gold_hybrid,asset_hybrid,GOLD,,skip,insufficient_1m_candles,,,
2026-05-17T08:55:30.069756+00:00,forex_pullback_core3,forex_pullback,GBPJPY,,skip,insufficient_1m_candles,,,
2026-05-17T08:55:31.447546+00:00,forex_pullback_core3,forex_pullback,EURJPY,,skip,insufficient_1m_candles,,,
2026-05-17T08:55:32.819385+00:00,forex_pullback_core3,forex_pullback,EURUSD,,skip,insufficient_1m_candles,,,
2026-05-17T08:55:36.609398+00:00,btc_gold_hybrid,asset_hybrid,GOLD,,skip,insufficient_1m_candles,,,
2026-05-17T08:55:58.556198+00:00,forex_pullback_core3,forex_pullback,GBPJPY,,skip,insufficient_1m_candles,,,
2026-05-17T08:56:00.059601+00:00,forex_pullback_core3,forex_pullback,EURJPY,,skip,insufficient_1m_candles,,,
2026-05-17T08:56:01.599021+00:00,forex_pullback_core3,forex_pullback,EURUSD,,skip,insufficient_1m_candles,,,
2026-05-17T08:56:06.053091+00:00,btc_gold_hybrid,asset_hybrid,BTCUSD,2026-05-17T08:55:00+00:00,reject,NO_BREAKOUT,,,
2026-05-17T08:56:07.539016+00:00,btc_gold_hybrid,asset_hybrid,GOLD,,skip,insufficient_1m_candles,,,
2026-05-17T08:56:29.519310+00:00,forex_pullback_core3,forex_pullback,GBPJPY,,skip,insufficient_1m_candles,,,
2026-05-17T08:56:30.955285+00:00,forex_pullback_core3,forex_pullback,EURJPY,,skip,insufficient_1m_candles,,,
2026-05-17T08:56:32.528958+00:00,forex_pullback_core3,forex_pullback,EURUSD,,skip,insufficient_1m_candles,,,
2026-05-17T08:56:38.495469+00:00,btc_gold_hybrid,asset_hybrid,GOLD,,skip,insufficient_1m_candles,,,
2026-05-17T08:57:00.319539+00:00,forex_pullback_core3,forex_pullback,GBPJPY,,skip,insufficient_1m_candles,,,
2026-05-17T08:57:01.679133+00:00,forex_pullback_core3,forex_pullback,EURJPY,,skip,insufficient_1m_candles,,,
2026-05-17T08:57:03.023390+00:00,forex_pullback_core3,forex_pullback,EURUSD,,skip,insufficient_1m_candles,,,
2026-05-17T08:57:07.425923+00:00,btc_gold_hybrid,asset_hybrid,BTCUSD,2026-05-17T08:56:00+00:00,reject,NO_BREAKOUT,,,
2026-05-17T08:57:08.778488+00:00,btc_gold_hybrid,asset_hybrid,GOLD,,skip,insufficient_1m_candles,,,
2026-05-17T08:57:30.600913+00:00,forex_pullback_core3,forex_pullback,GBPJPY,,skip,insufficient_1m_candles,,,
2026-05-17T08:57:31.958760+00:00,forex_pullback_core3,forex_pullback,EURJPY,,skip,insufficient_1m_candles,,,
2026-05-17T08:57:33.329344+00:00,forex_pullback_core3,forex_pullback,EURUSD,,skip,insufficient_1m_candles,,,
2026-05-17T08:57:39.198552+00:00,btc_gold_hybrid,asset_hybrid,GOLD,,skip,insufficient_1m_candles,,,
2026-05-17T08:58:01.022812+00:00,forex_pullback_core3,forex_pullback,GBPJPY,,skip,insufficient_1m_candles,,,
2026-05-17T08:58:02.372288+00:00,forex_pullback_core3,forex_pullback,EURJPY,,skip,insufficient_1m_candles,,,
2026-05-17T08:58:03.768415+00:00,forex_pullback_core3,forex_pullback,EURUSD,,skip,insufficient_1m_candles,,,
2026-05-17T08:58:08.342157+00:00,btc_gold_hybrid,asset_hybrid,BTCUSD,2026-05-17T08:57:00+00:00,reject,NO_BREAKOUT,,,
2026-05-17T08:58:09.733790+00:00,btc_gold_hybrid,asset_hybrid,GOLD,,skip,insufficient_1m_candles,,,
2026-05-17T08:58:31.548530+00:00,forex_pullback_core3,forex_pullback,GBPJPY,,skip,insufficient_1m_candles,,,
2026-05-17T08:58:32.948242+00:00,forex_pullback_core3,forex_pullback,EURJPY,,skip,insufficient_1m_candles,,,
2026-05-17T08:58:34.312353+00:00,forex_pullback_core3,forex_pullback,EURUSD,,skip,insufficient_1m_candles,,,
2026-05-17T08:58:40.290836+00:00,btc_gold_hybrid,asset_hybrid,GOLD,,skip,insufficient_1m_candles,,,
2026-05-17T08:59:02.079416+00:00,forex_pullback_core3,forex_pullback,GBPJPY,,skip,insufficient_1m_candles,,,
2026-05-17T08:59:03.484167+00:00,forex_pullback_core3,forex_pullback,EURJPY,,skip,insufficient_1m_candles,,,
2026-05-17T08:59:04.934171+00:00,forex_pullback_core3,forex_pullback,EURUSD,,skip,insufficient_1m_candles,,,
2026-05-17T08:59:09.550957+00:00,btc_gold_hybrid,asset_hybrid,BTCUSD,2026-05-17T08:58:00+00:00,reject,NO_BREAKOUT,,,
2026-05-17T08:59:10.958492+00:00,btc_gold_hybrid,asset_hybrid,GOLD,,skip,insufficient_1m_candles,,,
2026-05-17T08:59:33.083710+00:00,forex_pullback_core3,forex_pullback,GBPJPY,,skip,insufficient_1m_candles,,,
2026-05-17T08:59:34.445162+00:00,forex_pullback_core3,forex_pullback,EURJPY,,skip,insufficient_1m_candles,,,
2026-05-17T08:59:35.881995+00:00,forex_pullback_core3,forex_pullback,EURUSD,,skip,insufficient_1m_candles,,,
2026-05-17T08:59:42.100827+00:00,btc_gold_hybrid,asset_hybrid,GOLD,,skip,insufficient_1m_candles,,,
2026-05-17T09:00:03.944086+00:00,forex_pullback_core3,forex_pullback,GBPJPY,,skip,insufficient_1m_candles,,,
2026-05-17T09:00:05.381986+00:00,forex_pullback_core3,forex_pullback,EURJPY,,skip,insufficient_1m_candles,,,
2026-05-17T09:00:06.728576+00:00,forex_pullback_core3,forex_pullback,EURUSD,,skip,insufficient_1m_candles,,,
2026-05-17T09:00:11.171990+00:00,btc_gold_hybrid,asset_hybrid,BTCUSD,2026-05-17T08:59:00+00:00,reject,NO_BREAKOUT,,,
2026-05-17T09:00:12.530637+00:00,btc_gold_hybrid,asset_hybrid,GOLD,,skip,insufficient_1m_candles,,,
2026-05-17T09:00:34.390997+00:00,forex_pullback_core3,forex_pullback,GBPJPY,,skip,insufficient_1m_candles,,,
2026-05-17T09:00:35.742225+00:00,forex_pullback_core3,forex_pullback,EURJPY,,skip,insufficient_1m_candles,,,
2026-05-17T09:00:37.097549+00:00,forex_pullback_core3,forex_pullback,EURUSD,,skip,insufficient_1m_candles,,,
2026-05-17T09:00:42.890443+00:00,btc_gold_hybrid,asset_hybrid,GOLD,,skip,insufficient_1m_candles,,,
2026-05-17T09:01:04.720733+00:00,forex_pullback_core3,forex_pullback,GBPJPY,,skip,insufficient_1m_candles,,,
2026-05-17T09:01:06.073133+00:00,forex_pullback_core3,forex_pullback,EURJPY,,skip,insufficient_1m_candles,,,
2026-05-17T09:01:07.497490+00:00,forex_pullback_core3,forex_pullback,EURUSD,,skip,insufficient_1m_candles,,,
2026-05-17T09:01:11.965645+00:00,btc_gold_hybrid,asset_hybrid,BTCUSD,2026-05-17T09:00:00+00:00,reject,NO_BREAKOUT,,,
2026-05-17T09:01:13.324125+00:00,btc_gold_hybrid,asset_hybrid,GOLD,,skip,insufficient_1m_candles,,,
2026-05-17T09:01:35.207931+00:00,forex_pullback_core3,forex_pullback,GBPJPY,,skip,insufficient_1m_candles,,,
2026-05-17T09:01:36.577378+00:00,forex_pullback_core3,forex_pullback,EURJPY,,skip,insufficient_1m_candles,,,
2026-05-17T09:01:37.931694+00:00,forex_pullback_core3,forex_pullback,EURUSD,,skip,insufficient_1m_candles,,,
2026-05-17T09:01:43.787094+00:00,btc_gold_hybrid,asset_hybrid,GOLD,,skip,insufficient_1m_candles,,,
2026-05-17T09:02:05.593560+00:00,forex_pullback_core3,forex_pullback,GBPJPY,,skip,insufficient_1m_candles,,,
2026-05-17T09:02:06.934337+00:00,forex_pullback_core3,forex_pullback,EURJPY,,skip,insufficient_1m_candles,,,
2026-05-17T09:02:08.311758+00:00,forex_pullback_core3,forex_pullback,EURUSD,,skip,insufficient_1m_candles,,,
2026-05-17T09:02:12.768317+00:00,btc_gold_hybrid,asset_hybrid,BTCUSD,2026-05-17T09:01:00+00:00,reject,NO_BREAKOUT,,,
2026-05-17T09:02:14.096693+00:00,btc_gold_hybrid,asset_hybrid,GOLD,,skip,insufficient_1m_candles,,,
2026-05-17T09:02:35.919756+00:00,forex_pullback_core3,forex_pullback,GBPJPY,,skip,insufficient_1m_candles,,,
2026-05-17T09:02:37.277290+00:00,forex_pullback_core3,forex_pullback,EURJPY,,skip,insufficient_1m_candles,,,
2026-05-17T09:02:38.639659+00:00,forex_pullback_core3,forex_pullback,EURUSD,,skip,insufficient_1m_candles,,,
2026-05-17T09:02:44.477499+00:00,btc_gold_hybrid,asset_hybrid,GOLD,,skip,insufficient_1m_candles,,,
2026-05-17T09:03:06.316429+00:00,forex_pullback_core3,forex_pullback,GBPJPY,,skip,insufficient_1m_candles,,,
2026-05-17T09:03:07.667983+00:00,forex_pullback_core3,forex_pullback,EURJPY,,skip,insufficient_1m_candles,,,
2026-05-17T09:03:09.080278+00:00,forex_pullback_core3,forex_pullback,EURUSD,,skip,insufficient_1m_candles,,,
2026-05-17T09:03:13.502864+00:00,btc_gold_hybrid,asset_hybrid,BTCUSD,2026-05-17T09:02:00+00:00,reject,NO_BREAKOUT,,,
2026-05-17T09:03:15.236517+00:00,btc_gold_hybrid,asset_hybrid,GOLD,,skip,insufficient_1m_candles,,,
2026-05-17T09:03:37.083721+00:00,forex_pullback_core3,forex_pullback,GBPJPY,,skip,insufficient_1m_candles,,,
2026-05-17T09:03:38.440706+00:00,forex_pullback_core3,forex_pullback,EURJPY,,skip,insufficient_1m_candles,,,
2026-05-17T09:03:39.778960+00:00,forex_pullback_core3,forex_pullback,EURUSD,,skip,insufficient_1m_candles,,,
2026-05-17T09:03:43.561087+00:00,btc_gold_hybrid,asset_hybrid,GOLD,,skip,insufficient_1m_candles,,,
2026-05-17T09:04:05.506589+00:00,forex_pullback_core3,forex_pullback,GBPJPY,,skip,insufficient_1m_candles,,,
2026-05-17T09:04:06.940387+00:00,forex_pullback_core3,forex_pullback,EURJPY,,skip,insufficient_1m_candles,,,
2026-05-17T09:04:08.296345+00:00,forex_pullback_core3,forex_pullback,EURUSD,,skip,insufficient_1m_candles,,,
2026-05-17T09:04:10.731766+00:00,btc_gold_hybrid,asset_hybrid,BTCUSD,2026-05-17T09:03:00+00:00,reject,NO_BREAKOUT,,,
2026-05-17T09:04:12.086634+00:00,btc_gold_hybrid,asset_hybrid,GOLD,,skip,insufficient_1m_candles,,,
2026-05-17T09:04:33.906074+00:00,forex_pullback_core3,forex_pullback,GBPJPY,,skip,insufficient_1m_candles,,,
2026-05-17T09:04:35.256288+00:00,forex_pullback_core3,forex_pullback,EURJPY,,skip,insufficient_1m_candles,,,
2026-05-17T09:04:36.623292+00:00,forex_pullback_core3,forex_pullback,EURUSD,,skip,insufficient_1m_candles,,,
2026-05-17T09:04:40.492562+00:00,btc_gold_hybrid,asset_hybrid,GOLD,,skip,insufficient_1m_candles,,,
2026-05-17T09:05:02.322267+00:00,forex_pullback_core3,forex_pullback,GBPJPY,,skip,insufficient_1m_candles,,,
2026-05-17T09:05:03.680460+00:00,forex_pullback_core3,forex_pullback,EURJPY,,skip,insufficient_1m_candles,,,
2026-05-17T09:05:05.053266+00:00,forex_pullback_core3,forex_pullback,EURUSD,,skip,insufficient_1m_candles,,,
2026-05-17T09:05:09.717704+00:00,btc_gold_hybrid,asset_hybrid,BTCUSD,2026-05-17T09:04:00+00:00,reject,NO_BREAKOUT,,,
2026-05-17T09:05:11.104489+00:00,btc_gold_hybrid,asset_hybrid,GOLD,,skip,insufficient_1m_candles,,,
2026-05-17T09:05:33.148024+00:00,forex_pullback_core3,forex_pullback,GBPJPY,,skip,insufficient_1m_candles,,,
2026-05-17T09:05:34.523703+00:00,forex_pullback_core3,forex_pullback,EURJPY,,skip,insufficient_1m_candles,,,
2026-05-17T09:05:35.892465+00:00,forex_pullback_core3,forex_pullback,EURUSD,,skip,insufficient_1m_candles,,,
2026-05-17T09:05:41.706027+00:00,btc_gold_hybrid,asset_hybrid,GOLD,,skip,insufficient_1m_candles,,,
2026-05-17T09:06:03.610158+00:00,forex_pullback_core3,forex_pullback,GBPJPY,,skip,insufficient_1m_candles,,,
2026-05-17T09:06:04.964743+00:00,forex_pullback_core3,forex_pullback,EURJPY,,skip,insufficient_1m_candles,,,
2026-05-17T09:06:06.449254+00:00,forex_pullback_core3,forex_pullback,EURUSD,,skip,insufficient_1m_candles,,,
2026-05-17T09:06:10.921176+00:00,btc_gold_hybrid,asset_hybrid,BTCUSD,2026-05-17T09:05:00+00:00,reject,NO_BREAKOUT,,,
2026-05-17T09:06:12.346186+00:00,btc_gold_hybrid,asset_hybrid,GOLD,,skip,insufficient_1m_candles,,,
2026-05-17T09:06:34.242707+00:00,forex_pullback_core3,forex_pullback,GBPJPY,,skip,insufficient_1m_candles,,,
2026-05-17T09:06:35.568295+00:00,forex_pullback_core3,forex_pullback,EURJPY,,skip,insufficient_1m_candles,,,
2026-05-17T09:06:36.909223+00:00,forex_pullback_core3,forex_pullback,EURUSD,,skip,insufficient_1m_candles,,,
2026-05-17T09:06:40.765380+00:00,btc_gold_hybrid,asset_hybrid,GOLD,,skip,insufficient_1m_candles,,,
2026-05-17T09:07:02.619690+00:00,forex_pullback_core3,forex_pullback,GBPJPY,,skip,insufficient_1m_candles,,,
2026-05-17T09:07:03.985456+00:00,forex_pullback_core3,forex_pullback,EURJPY,,skip,insufficient_1m_candles,,,
2026-05-17T09:07:05.343951+00:00,forex_pullback_core3,forex_pullback,EURUSD,,skip,insufficient_1m_candles,,,
2026-05-17T09:07:07.735867+00:00,btc_gold_hybrid,asset_hybrid,BTCUSD,2026-05-17T09:06:00+00:00,reject,NO_BREAKOUT,,,
2026-05-17T09:07:09.122713+00:00,btc_gold_hybrid,asset_hybrid,GOLD,,skip,insufficient_1m_candles,,,
2026-05-17T09:07:30.953424+00:00,forex_pullback_core3,forex_pullback,GBPJPY,,skip,insufficient_1m_candles,,,
2026-05-17T09:07:32.288090+00:00,forex_pullback_core3,forex_pullback,EURJPY,,skip,insufficient_1m_candles,,,
2026-05-17T09:07:33.672778+00:00,forex_pullback_core3,forex_pullback,EURUSD,,skip,insufficient_1m_candles,,,
2026-05-17T09:07:37.530845+00:00,btc_gold_hybrid,asset_hybrid,GOLD,,skip,insufficient_1m_candles,,,
2026-05-17T09:07:59.443451+00:00,forex_pullback_core3,forex_pullback,GBPJPY,,skip,insufficient_1m_candles,,,
2026-05-17T09:08:00.843399+00:00,forex_pullback_core3,forex_pullback,EURJPY,,skip,insufficient_1m_candles,,,
2026-05-17T09:08:02.185044+00:00,forex_pullback_core3,forex_pullback,EURUSD,,skip,insufficient_1m_candles,,,
2026-05-17T09:08:04.596855+00:00,btc_gold_hybrid,asset_hybrid,BTCUSD,2026-05-17T09:07:00+00:00,reject,NO_BREAKOUT,,,
2026-05-17T09:08:06.022548+00:00,btc_gold_hybrid,asset_hybrid,GOLD,,skip,insufficient_1m_candles,,,
2026-05-17T09:08:28.027715+00:00,forex_pullback_core3,forex_pullback,GBPJPY,,skip,insufficient_1m_candles,,,
2026-05-17T09:08:29.552863+00:00,forex_pullback_core3,forex_pullback,EURJPY,,skip,insufficient_1m_candles,,,
2026-05-17T09:08:30.939558+00:00,forex_pullback_core3,forex_pullback,EURUSD,,skip,insufficient_1m_candles,,,
2026-05-17T09:08:34.843186+00:00,btc_gold_hybrid,asset_hybrid,GOLD,,skip,insufficient_1m_candles,,,
2026-05-17T09:08:56.669228+00:00,forex_pullback_core3,forex_pullback,GBPJPY,,skip,insufficient_1m_candles,,,
2026-05-17T09:08:58.145175+00:00,forex_pullback_core3,forex_pullback,EURJPY,,skip,insufficient_1m_candles,,,
2026-05-17T09:08:59.576213+00:00,forex_pullback_core3,forex_pullback,EURUSD,,skip,insufficient_1m_candles,,,
2026-05-17T09:09:03.403797+00:00,btc_gold_hybrid,asset_hybrid,GOLD,,skip,insufficient_1m_candles,,,
2026-05-17T09:09:25.263032+00:00,forex_pullback_core3,forex_pullback,GBPJPY,,skip,insufficient_1m_candles,,,
2026-05-17T09:09:26.622902+00:00,forex_pullback_core3,forex_pullback,EURJPY,,skip,insufficient_1m_candles,,,
2026-05-17T09:09:27.959487+00:00,forex_pullback_core3,forex_pullback,EURUSD,,skip,insufficient_1m_candles,,,
2026-05-17T09:09:32.461701+00:00,btc_gold_hybrid,asset_hybrid,BTCUSD,2026-05-17T09:08:00+00:00,reject,NO_BREAKOUT,,,
2026-05-17T09:09:33.837931+00:00,btc_gold_hybrid,asset_hybrid,GOLD,,skip,insufficient_1m_candles,,,
2026-05-17T09:09:55.664551+00:00,forex_pullback_core3,forex_pullback,GBPJPY,,skip,insufficient_1m_candles,,,
2026-05-17T09:09:57.010078+00:00,forex_pullback_core3,forex_pullback,EURJPY,,skip,insufficient_1m_candles,,,
2026-05-17T09:09:58.350144+00:00,forex_pullback_core3,forex_pullback,EURUSD,,skip,insufficient_1m_candles,,,
2026-05-17T09:10:04.173026+00:00,btc_gold_hybrid,asset_hybrid,GOLD,,skip,insufficient_1m_candles,,,
2026-05-17T09:10:25.993073+00:00,forex_pullback_core3,forex_pullback,GBPJPY,,skip,insufficient_1m_candles,,,
2026-05-17T09:10:27.365413+00:00,forex_pullback_core3,forex_pullback,EURJPY,,skip,insufficient_1m_candles,,,
2026-05-17T09:10:28.798144+00:00,forex_pullback_core3,forex_pullback,EURUSD,,skip,insufficient_1m_candles,,,
2026-05-17T09:10:33.189339+00:00,btc_gold_hybrid,asset_hybrid,BTCUSD,2026-05-17T09:09:00+00:00,reject,NO_BREAKOUT,,,
2026-05-17T09:10:34.643014+00:00,btc_gold_hybrid,asset_hybrid,GOLD,,skip,insufficient_1m_candles,,,
2026-05-17T09:10:56.523254+00:00,forex_pullback_core3,forex_pullback,GBPJPY,,skip,insufficient_1m_candles,,,
2026-05-17T09:10:57.869484+00:00,forex_pullback_core3,forex_pullback,EURJPY,,skip,insufficient_1m_candles,,,
2026-05-17T09:10:59.206209+00:00,forex_pullback_core3,forex_pullback,EURUSD,,skip,insufficient_1m_candles,,,
2026-05-17T09:11:03.043326+00:00,btc_gold_hybrid,asset_hybrid,GOLD,,skip,insufficient_1m_candles,,,
2026-05-17T09:11:24.945828+00:00,forex_pullback_core3,forex_pullback,GBPJPY,,skip,insufficient_1m_candles,,,
2026-05-17T09:11:26.416439+00:00,forex_pullback_core3,forex_pullback,EURJPY,,skip,insufficient_1m_candles,,,
2026-05-17T09:11:27.783288+00:00,forex_pullback_core3,forex_pullback,EURUSD,,skip,insufficient_1m_candles,,,
2026-05-17T09:11:30.198349+00:00,btc_gold_hybrid,asset_hybrid,BTCUSD,2026-05-17T09:10:00+00:00,reject,NO_BREAKOUT,,,
2026-05-17T09:11:31.556167+00:00,btc_gold_hybrid,asset_hybrid,GOLD,,skip,insufficient_1m_candles,,,
2026-05-17T09:11:53.368684+00:00,forex_pullback_core3,forex_pullback,GBPJPY,,skip,insufficient_1m_candles,,,
2026-05-17T09:11:54.763800+00:00,forex_pullback_core3,forex_pullback,EURJPY,,skip,insufficient_1m_candles,,,
2026-05-17T09:11:56.163427+00:00,forex_pullback_core3,forex_pullback,EURUSD,,skip,insufficient_1m_candles,,,
2026-05-17T09:11:59.928296+00:00,btc_gold_hybrid,asset_hybrid,GOLD,,skip,insufficient_1m_candles,,,
2026-05-17T09:12:21.773601+00:00,forex_pullback_core3,forex_pullback,GBPJPY,,skip,insufficient_1m_candles,,,
2026-05-17T09:12:23.219904+00:00,forex_pullback_core3,forex_pullback,EURJPY,,skip,insufficient_1m_candles,,,
2026-05-17T09:12:24.785177+00:00,forex_pullback_core3,forex_pullback,EURUSD,,skip,insufficient_1m_candles,,,
2026-05-17T09:12:29.288798+00:00,btc_gold_hybrid,asset_hybrid,BTCUSD,2026-05-17T09:11:00+00:00,reject,NO_BREAKOUT,,,
2026-05-17T09:12:30.701284+00:00,btc_gold_hybrid,asset_hybrid,GOLD,,skip,insufficient_1m_candles,,,
2026-05-17T09:12:52.537078+00:00,forex_pullback_core3,forex_pullback,GBPJPY,,skip,insufficient_1m_candles,,,
2026-05-17T09:12:53.885291+00:00,forex_pullback_core3,forex_pullback,EURJPY,,skip,insufficient_1m_candles,,,
2026-05-17T09:12:55.265424+00:00,forex_pullback_core3,forex_pullback,EURUSD,,skip,insufficient_1m_candles,,,
2026-05-17T09:13:01.145096+00:00,btc_gold_hybrid,asset_hybrid,GOLD,,skip,insufficient_1m_candles,,,
2026-05-17T09:13:22.966309+00:00,forex_pullback_core3,forex_pullback,GBPJPY,,skip,insufficient_1m_candles,,,
2026-05-17T09:13:24.338968+00:00,forex_pullback_core3,forex_pullback,EURJPY,,skip,insufficient_1m_candles,,,
2026-05-17T09:13:25.710071+00:00,forex_pullback_core3,forex_pullback,EURUSD,,skip,insufficient_1m_candles,,,
2026-05-17T09:13:30.036430+00:00,btc_gold_hybrid,asset_hybrid,BTCUSD,2026-05-17T09:12:00+00:00,reject,NO_BREAKOUT,,,
2026-05-17T09:13:31.379953+00:00,btc_gold_hybrid,asset_hybrid,GOLD,,skip,insufficient_1m_candles,,,
2026-05-17T09:13:53.218440+00:00,forex_pullback_core3,forex_pullback,GBPJPY,,skip,insufficient_1m_candles,,,
2026-05-17T09:13:54.592607+00:00,forex_pullback_core3,forex_pullback,EURJPY,,skip,insufficient_1m_candles,,,
2026-05-17T09:13:55.953778+00:00,forex_pullback_core3,forex_pullback,EURUSD,,skip,insufficient_1m_candles,,,
2026-05-17T09:14:01.973607+00:00,btc_gold_hybrid,asset_hybrid,GOLD,,skip,insufficient_1m_candles,,,
2026-05-17T09:14:23.926437+00:00,forex_pullback_core3,forex_pullback,GBPJPY,,skip,insufficient_1m_candles,,,
2026-05-17T09:14:25.348958+00:00,forex_pullback_core3,forex_pullback,EURJPY,,skip,insufficient_1m_candles,,,
2026-05-17T09:14:26.715822+00:00,forex_pullback_core3,forex_pullback,EURUSD,,skip,insufficient_1m_candles,,,
2026-05-17T09:14:31.290656+00:00,btc_gold_hybrid,asset_hybrid,BTCUSD,2026-05-17T09:13:00+00:00,reject,NO_BREAKOUT,,,
2026-05-17T09:14:32.667954+00:00,btc_gold_hybrid,asset_hybrid,GOLD,,skip,insufficient_1m_candles,,,
2026-05-17T09:14:54.805399+00:00,forex_pullback_core3,forex_pullback,GBPJPY,,skip,insufficient_1m_candles,,,
2026-05-17T09:14:56.443920+00:00,forex_pullback_core3,forex_pullback,EURJPY,,skip,insufficient_1m_candles,,,
2026-05-17T09:14:57.851061+00:00,forex_pullback_core3,forex_pullback,EURUSD,,skip,insufficient_1m_candles,,,
2026-05-17T09:15:04.017518+00:00,btc_gold_hybrid,asset_hybrid,GOLD,,skip,insufficient_1m_candles,,,
2026-05-17T09:15:26.093968+00:00,forex_pullback_core3,forex_pullback,GBPJPY,,skip,insufficient_1m_candles,,,
2026-05-17T09:15:27.613753+00:00,forex_pullback_core3,forex_pullback,EURJPY,,skip,insufficient_1m_candles,,,
2026-05-17T09:15:29.113870+00:00,forex_pullback_core3,forex_pullback,EURUSD,,skip,insufficient_1m_candles,,,
2026-05-17T09:15:31.622672+00:00,btc_gold_hybrid,asset_hybrid,BTCUSD,2026-05-17T09:14:00+00:00,reject,NO_BREAKOUT,,,
2026-05-17T09:15:33.103888+00:00,btc_gold_hybrid,asset_hybrid,GOLD,,skip,insufficient_1m_candles,,,
2026-05-17T09:15:55.217792+00:00,forex_pullback_core3,forex_pullback,GBPJPY,,skip,insufficient_1m_candles,,,
2026-05-17T09:15:56.704006+00:00,forex_pullback_core3,forex_pullback,EURJPY,,skip,insufficient_1m_candles,,,
2026-05-17T09:15:58.123986+00:00,forex_pullback_core3,forex_pullback,EURUSD,,skip,insufficient_1m_candles,,,
2026-05-17T09:16:02.185548+00:00,btc_gold_hybrid,asset_hybrid,GOLD,,skip,insufficient_1m_candles,,,
2026-05-17T09:16:24.305649+00:00,forex_pullback_core3,forex_pullback,GBPJPY,,skip,insufficient_1m_candles,,,
2026-05-17T09:16:25.741597+00:00,forex_pullback_core3,forex_pullback,EURJPY,,skip,insufficient_1m_candles,,,
2026-05-17T09:16:27.171161+00:00,forex_pullback_core3,forex_pullback,EURUSD,,skip,insufficient_1m_candles,,,
2026-05-17T09:16:29.799012+00:00,btc_gold_hybrid,asset_hybrid,BTCUSD,2026-05-17T09:15:00+00:00,reject,NO_BREAKOUT,,,
2026-05-17T09:16:31.330658+00:00,btc_gold_hybrid,asset_hybrid,GOLD,,skip,insufficient_1m_candles,,,
2026-05-17T09:16:53.594285+00:00,forex_pullback_core3,forex_pullback,GBPJPY,,skip,insufficient_1m_candles,,,
2026-05-17T09:16:55.124555+00:00,forex_pullback_core3,forex_pullback,EURJPY,,skip,insufficient_1m_candles,,,
2026-05-17T09:16:56.620460+00:00,forex_pullback_core3,forex_pullback,EURUSD,,skip,insufficient_1m_candles,,,
2026-05-17T09:17:02.748915+00:00,btc_gold_hybrid,asset_hybrid,GOLD,,skip,insufficient_1m_candles,,,
2026-05-17T09:17:24.816337+00:00,forex_pullback_core3,forex_pullback,GBPJPY,,skip,insufficient_1m_candles,,,
2026-05-17T09:17:26.348871+00:00,forex_pullback_core3,forex_pullback,EURJPY,,skip,insufficient_1m_candles,,,
2026-05-17T09:17:27.750743+00:00,forex_pullback_core3,forex_pullback,EURUSD,,skip,insufficient_1m_candles,,,
2026-05-17T09:17:32.158193+00:00,btc_gold_hybrid,asset_hybrid,BTCUSD,2026-05-17T09:16:00+00:00,reject,NO_BREAKOUT,,,
2026-05-17T09:17:33.628135+00:00,btc_gold_hybrid,asset_hybrid,GOLD,,skip,insufficient_1m_candles,,,
2026-05-17T09:17:55.454535+00:00,forex_pullback_core3,forex_pullback,GBPJPY,,skip,insufficient_1m_candles,,,
2026-05-17T09:17:56.836782+00:00,forex_pullback_core3,forex_pullback,EURJPY,,skip,insufficient_1m_candles,,,
2026-05-17T09:17:58.196440+00:00,forex_pullback_core3,forex_pullback,EURUSD,,skip,insufficient_1m_candles,,,
2026-05-17T09:18:03.964930+00:00,btc_gold_hybrid,asset_hybrid,GOLD,,skip,insufficient_1m_candles,,,
2026-05-17T09:18:25.810864+00:00,forex_pullback_core3,forex_pullback,GBPJPY,,skip,insufficient_1m_candles,,,
2026-05-17T09:18:27.187265+00:00,forex_pullback_core3,forex_pullback,EURJPY,,skip,insufficient_1m_candles,,,
2026-05-17T09:18:28.558062+00:00,forex_pullback_core3,forex_pullback,EURUSD,,skip,insufficient_1m_candles,,,
2026-05-17T09:18:33.029496+00:00,btc_gold_hybrid,asset_hybrid,BTCUSD,2026-05-17T09:17:00+00:00,reject,NO_BREAKOUT,,,
2026-05-17T09:18:34.421659+00:00,btc_gold_hybrid,asset_hybrid,GOLD,,skip,insufficient_1m_candles,,,
2026-05-17T09:18:56.264708+00:00,forex_pullback_core3,forex_pullback,GBPJPY,,skip,insufficient_1m_candles,,,
2026-05-17T09:18:57.606205+00:00,forex_pullback_core3,forex_pullback,EURJPY,,skip,insufficient_1m_candles,,,
2026-05-17T09:18:58.960577+00:00,forex_pullback_core3,forex_pullback,EURUSD,,skip,insufficient_1m_candles,,,
2026-05-17T09:19:04.834580+00:00,btc_gold_hybrid,asset_hybrid,GOLD,,skip,insufficient_1m_candles,,,
2026-05-17T09:19:26.615841+00:00,forex_pullback_core3,forex_pullback,GBPJPY,,skip,insufficient_1m_candles,,,
2026-05-17T09:19:27.966527+00:00,forex_pullback_core3,forex_pullback,EURJPY,,skip,insufficient_1m_candles,,,
2026-05-17T09:19:29.335367+00:00,forex_pullback_core3,forex_pullback,EURUSD,,skip,insufficient_1m_candles,,,
2026-05-17T09:19:33.731164+00:00,btc_gold_hybrid,asset_hybrid,BTCUSD,2026-05-17T09:18:00+00:00,reject,NO_BREAKOUT,,,
2026-05-17T09:19:35.276136+00:00,btc_gold_hybrid,asset_hybrid,GOLD,,skip,insufficient_1m_candles,,,
2026-05-17T09:19:57.394430+00:00,forex_pullback_core3,forex_pullback,GBPJPY,,skip,insufficient_1m_candles,,,
2026-05-17T09:19:58.855293+00:00,forex_pullback_core3,forex_pullback,EURJPY,,skip,insufficient_1m_candles,,,
2026-05-17T09:20:00.367269+00:00,forex_pullback_core3,forex_pullback,EURUSD,,skip,insufficient_1m_candles,,,
2026-05-17T09:20:02.839000+00:00,btc_gold_hybrid,asset_hybrid,BTCUSD,2026-05-17T09:19:00+00:00,reject,NO_BREAKOUT,,,
2026-05-17T09:20:04.264424+00:00,btc_gold_hybrid,asset_hybrid,GOLD,,skip,insufficient_1m_candles,,,
2026-05-17T09:20:26.377409+00:00,forex_pullback_core3,forex_pullback,GBPJPY,,skip,insufficient_1m_candles,,,
2026-05-17T09:20:28.014312+00:00,forex_pullback_core3,forex_pullback,EURJPY,,skip,insufficient_1m_candles,,,
2026-05-17T09:20:29.380174+00:00,forex_pullback_core3,forex_pullback,EURUSD,,skip,insufficient_1m_candles,,,
2026-05-17T09:20:33.444247+00:00,btc_gold_hybrid,asset_hybrid,GOLD,,skip,insufficient_1m_candles,,,
2026-05-17T09:20:55.558919+00:00,forex_pullback_core3,forex_pullback,GBPJPY,,skip,insufficient_1m_candles,,,
2026-05-17T09:20:57.096008+00:00,forex_pullback_core3,forex_pullback,EURJPY,,skip,insufficient_1m_candles,,,
2026-05-17T09:20:58.634318+00:00,forex_pullback_core3,forex_pullback,EURUSD,,skip,insufficient_1m_candles,,,
2026-05-17T09:21:02.624467+00:00,btc_gold_hybrid,asset_hybrid,GOLD,,skip,insufficient_1m_candles,,,
2026-05-17T09:21:24.591937+00:00,forex_pullback_core3,forex_pullback,GBPJPY,,skip,insufficient_1m_candles,,,
2026-05-17T09:21:26.281784+00:00,forex_pullback_core3,forex_pullback,EURJPY,,skip,insufficient_1m_candles,,,
2026-05-17T09:21:27.684915+00:00,forex_pullback_core3,forex_pullback,EURUSD,,skip,insufficient_1m_candles,,,
2026-05-17T09:21:32.119904+00:00,btc_gold_hybrid,asset_hybrid,BTCUSD,2026-05-17T09:20:00+00:00,reject,NO_BREAKOUT,,,
2026-05-17T09:21:33.648796+00:00,btc_gold_hybrid,asset_hybrid,GOLD,,skip,insufficient_1m_candles,,,
2026-05-17T09:21:55.476830+00:00,forex_pullback_core3,forex_pullback,GBPJPY,,skip,insufficient_1m_candles,,,
2026-05-17T09:21:56.819132+00:00,forex_pullback_core3,forex_pullback,EURJPY,,skip,insufficient_1m_candles,,,
2026-05-17T09:21:58.185133+00:00,forex_pullback_core3,forex_pullback,EURUSD,,skip,insufficient_1m_candles,,,
2026-05-17T09:22:04.084622+00:00,btc_gold_hybrid,asset_hybrid,GOLD,,skip,insufficient_1m_candles,,,
2026-05-17T09:22:25.927538+00:00,forex_pullback_core3,forex_pullback,GBPJPY,,skip,insufficient_1m_candles,,,
2026-05-17T09:22:27.266201+00:00,forex_pullback_core3,forex_pullback,EURJPY,,skip,insufficient_1m_candles,,,
2026-05-17T09:22:28.628481+00:00,forex_pullback_core3,forex_pullback,EURUSD,,skip,insufficient_1m_candles,,,
2026-05-17T09:22:33.070179+00:00,btc_gold_hybrid,asset_hybrid,BTCUSD,2026-05-17T09:21:00+00:00,reject,NO_BREAKOUT,,,
2026-05-17T09:22:34.440122+00:00,btc_gold_hybrid,asset_hybrid,GOLD,,skip,insufficient_1m_candles,,,
2026-05-17T09:22:56.250245+00:00,forex_pullback_core3,forex_pullback,GBPJPY,,skip,insufficient_1m_candles,,,
2026-05-17T09:22:57.599196+00:00,forex_pullback_core3,forex_pullback,EURJPY,,skip,insufficient_1m_candles,,,
2026-05-17T09:22:58.978835+00:00,forex_pullback_core3,forex_pullback,EURUSD,,skip,insufficient_1m_candles,,,
2026-05-17T09:23:02.729483+00:00,btc_gold_hybrid,asset_hybrid,GOLD,,skip,insufficient_1m_candles,,,
2026-05-17T09:23:24.655456+00:00,forex_pullback_core3,forex_pullback,GBPJPY,,skip,insufficient_1m_candles,,,
2026-05-17T09:23:26.079410+00:00,forex_pullback_core3,forex_pullback,EURJPY,,skip,insufficient_1m_candles,,,
2026-05-17T09:23:27.569484+00:00,forex_pullback_core3,forex_pullback,EURUSD,,skip,insufficient_1m_candles,,,
2026-05-17T09:23:30.030279+00:00,btc_gold_hybrid,asset_hybrid,BTCUSD,2026-05-17T09:22:00+00:00,reject,NO_BREAKOUT,,,
2026-05-17T09:23:31.398687+00:00,btc_gold_hybrid,asset_hybrid,GOLD,,skip,insufficient_1m_candles,,,
2026-05-17T09:23:53.342783+00:00,forex_pullback_core3,forex_pullback,GBPJPY,,skip,insufficient_1m_candles,,,
2026-05-17T09:23:54.675125+00:00,forex_pullback_core3,forex_pullback,EURJPY,,skip,insufficient_1m_candles,,,
2026-05-17T09:23:56.297718+00:00,forex_pullback_core3,forex_pullback,EURUSD,,skip,insufficient_1m_candles,,,
2026-05-17T09:24:00.265431+00:00,btc_gold_hybrid,asset_hybrid,GOLD,,skip,insufficient_1m_candles,,,
2026-05-17T09:24:22.245040+00:00,forex_pullback_core3,forex_pullback,GBPJPY,,skip,insufficient_1m_candles,,,
2026-05-17T09:24:23.836212+00:00,forex_pullback_core3,forex_pullback,EURJPY,,skip,insufficient_1m_candles,,,
2026-05-17T09:24:25.370746+00:00,forex_pullback_core3,forex_pullback,EURUSD,,skip,insufficient_1m_candles,,,
2026-05-17T09:24:27.832292+00:00,btc_gold_hybrid,asset_hybrid,BTCUSD,2026-05-17T09:23:00+00:00,reject,NO_BREAKOUT,,,
2026-05-17T09:24:29.275174+00:00,btc_gold_hybrid,asset_hybrid,GOLD,,skip,insufficient_1m_candles,,,
2026-05-17T09:24:51.225149+00:00,forex_pullback_core3,forex_pullback,GBPJPY,,skip,insufficient_1m_candles,,,
2026-05-17T09:24:52.817874+00:00,forex_pullback_core3,forex_pullback,EURJPY,,skip,insufficient_1m_candles,,,
2026-05-17T09:24:54.294746+00:00,forex_pullback_core3,forex_pullback,EURUSD,,skip,insufficient_1m_candles,,,
2026-05-17T09:24:58.295751+00:00,btc_gold_hybrid,asset_hybrid,GOLD,,skip,insufficient_1m_candles,,,
2026-05-17T09:25:20.570679+00:00,forex_pullback_core3,forex_pullback,GBPJPY,,skip,insufficient_1m_candles,,,
2026-05-17T09:25:22.009730+00:00,forex_pullback_core3,forex_pullback,EURJPY,,skip,insufficient_1m_candles,,,
2026-05-17T09:25:23.536729+00:00,forex_pullback_core3,forex_pullback,EURUSD,,skip,insufficient_1m_candles,,,
2026-05-17T09:25:28.301119+00:00,btc_gold_hybrid,asset_hybrid,BTCUSD,2026-05-17T09:24:00+00:00,reject,NO_BREAKOUT,,,
2026-05-17T09:25:29.754984+00:00,btc_gold_hybrid,asset_hybrid,GOLD,,skip,insufficient_1m_candles,,,
2026-05-17T09:25:51.565485+00:00,forex_pullback_core3,forex_pullback,GBPJPY,,skip,insufficient_1m_candles,,,
2026-05-17T09:25:52.949354+00:00,forex_pullback_core3,forex_pullback,EURJPY,,skip,insufficient_1m_candles,,,
2026-05-17T09:25:54.305252+00:00,forex_pullback_core3,forex_pullback,EURUSD,,skip,insufficient_1m_candles,,,
2026-05-17T09:26:00.410127+00:00,btc_gold_hybrid,asset_hybrid,GOLD,,skip,insufficient_1m_candles,,,
2026-05-17T09:26:22.467700+00:00,forex_pullback_core3,forex_pullback,GBPJPY,,skip,insufficient_1m_candles,,,
2026-05-17T09:26:23.875540+00:00,forex_pullback_core3,forex_pullback,EURJPY,,skip,insufficient_1m_candles,,,
2026-05-17T09:26:25.387387+00:00,forex_pullback_core3,forex_pullback,EURUSD,,skip,insufficient_1m_candles,,,
2026-05-17T09:26:27.794962+00:00,btc_gold_hybrid,asset_hybrid,BTCUSD,2026-05-17T09:25:00+00:00,reject,NO_BREAKOUT,,,
2026-05-17T09:26:29.380946+00:00,btc_gold_hybrid,asset_hybrid,GOLD,,skip,insufficient_1m_candles,,,
2026-05-17T09:26:41.725525+00:00,btc_gold_dynamic_1_5,asset_hybrid,BTCUSD,2026-05-17T09:25:00+00:00,reject,NO_BREAKOUT,,,
2026-05-17T09:26:43.536011+00:00,btc_gold_dynamic_1_5,asset_hybrid,GOLD,,skip,insufficient_1m_candles,,,
2026-05-17T09:44:45.292297+00:00,btc_gold_dynamic_1_5,asset_hybrid,BTCUSD,2026-05-17T09:43:00+00:00,reject,NO_BREAKOUT,,,
2026-05-17T09:44:46.791568+00:00,btc_gold_dynamic_1_5,asset_hybrid,GOLD,,skip,insufficient_1m_candles,,,
2026-05-17T09:45:12.008832+00:00,btc_gold_dynamic_1_5,asset_hybrid,BTCUSD,2026-05-17T09:44:00+00:00,reject,NO_BREAKOUT,,,
2026-05-17T09:45:13.396866+00:00,btc_gold_dynamic_1_5,asset_hybrid,GOLD,,skip,insufficient_1m_candles,,,
2026-05-17T09:45:40.034680+00:00,btc_gold_dynamic_1_5,asset_hybrid,GOLD,,skip,insufficient_1m_candles,,,
2026-05-17T09:46:03.896559+00:00,btc_gold_dynamic_1_5,asset_hybrid,BTCUSD,2026-05-17T09:45:00+00:00,reject,NO_BREAKOUT,,,
2026-05-17T09:46:05.428633+00:00,btc_gold_dynamic_1_5,asset_hybrid,GOLD,,skip,insufficient_1m_candles,,,
2026-05-17T09:46:32.156011+00:00,btc_gold_dynamic_1_5,asset_hybrid,GOLD,,skip,insufficient_1m_candles,,,
2026-05-17T09:46:58.957344+00:00,btc_gold_dynamic_1_5,asset_hybrid,GOLD,,skip,insufficient_1m_candles,,,
2026-05-17T09:47:22.907383+00:00,btc_gold_dynamic_1_5,asset_hybrid,BTCUSD,2026-05-17T09:46:00+00:00,reject,NO_BREAKOUT,,,
2026-05-17T09:47:24.375423+00:00,btc_gold_dynamic_1_5,asset_hybrid,GOLD,,skip,insufficient_1m_candles,,,
2026-05-17T09:47:49.984108+00:00,btc_gold_dynamic_1_5,asset_hybrid,GOLD,,skip,insufficient_1m_candles,,,
2026-05-17T09:48:14.165187+00:00,btc_gold_dynamic_1_5,asset_hybrid,BTCUSD,2026-05-17T09:47:00+00:00,reject,NO_BREAKOUT,,,
2026-05-17T09:48:15.684990+00:00,btc_gold_dynamic_1_5,asset_hybrid,GOLD,,skip,insufficient_1m_candles,,,
2026-05-17T09:48:39.967321+00:00,btc_gold_dynamic_1_5,asset_hybrid,GOLD,,skip,insufficient_1m_candles,,,
2026-05-17T09:49:03.051124+00:00,btc_gold_dynamic_1_5,asset_hybrid,BTCUSD,2026-05-17T09:48:00+00:00,reject,NO_BREAKOUT,,,
2026-05-17T09:49:04.391782+00:00,btc_gold_dynamic_1_5,asset_hybrid,GOLD,,skip,insufficient_1m_candles,,,
2026-05-17T09:49:30.235326+00:00,btc_gold_dynamic_1_5,asset_hybrid,GOLD,,skip,insufficient_1m_candles,,,
2026-05-17T09:49:56.655650+00:00,btc_gold_dynamic_1_5,asset_hybrid,GOLD,,skip,insufficient_1m_candles,,,
2026-05-17T09:50:21.799022+00:00,btc_gold_dynamic_1_5,asset_hybrid,BTCUSD,2026-05-17T09:49:00+00:00,reject,NO_BREAKOUT,,,
2026-05-17T09:50:23.274941+00:00,btc_gold_dynamic_1_5,asset_hybrid,GOLD,,skip,insufficient_1m_candles,,,
2026-05-17T09:50:49.183613+00:00,btc_gold_dynamic_1_5,asset_hybrid,GOLD,,skip,insufficient_1m_candles,,,
2026-05-17T09:51:14.225329+00:00,btc_gold_dynamic_1_5,asset_hybrid,BTCUSD,2026-05-17T09:50:00+00:00,reject,NO_BREAKOUT,,,
2026-05-17T09:51:16.451141+00:00,btc_gold_dynamic_1_5,asset_hybrid,GOLD,,skip,insufficient_1m_candles,,,
2026-05-17T09:51:42.909525+00:00,btc_gold_dynamic_1_5,asset_hybrid,GOLD,,skip,insufficient_1m_candles,,,
2026-05-17T09:52:06.851216+00:00,btc_gold_dynamic_1_5,asset_hybrid,BTCUSD,2026-05-17T09:51:00+00:00,reject,NO_BREAKOUT,,,
2026-05-17T09:52:08.250527+00:00,btc_gold_dynamic_1_5,asset_hybrid,GOLD,,skip,insufficient_1m_candles,,,
2026-05-17T09:52:33.628721+00:00,btc_gold_dynamic_1_5,asset_hybrid,GOLD,,skip,insufficient_1m_candles,,,
2026-05-17T09:52:58.155372+00:00,btc_gold_dynamic_1_5,asset_hybrid,GOLD,,skip,insufficient_1m_candles,,,
2026-05-17T09:53:21.031375+00:00,btc_gold_dynamic_1_5,asset_hybrid,BTCUSD,2026-05-17T09:52:00+00:00,reject,NO_BREAKOUT,,,
2026-05-17T09:53:22.546384+00:00,btc_gold_dynamic_1_5,asset_hybrid,GOLD,,skip,insufficient_1m_candles,,,
2026-05-17T09:53:48.366849+00:00,btc_gold_dynamic_1_5,asset_hybrid,GOLD,,skip,insufficient_1m_candles,,,
2026-05-17T09:54:13.434123+00:00,btc_gold_dynamic_1_5,asset_hybrid,BTCUSD,2026-05-17T09:53:00+00:00,reject,NO_BREAKOUT,,,
2026-05-17T09:54:14.882743+00:00,btc_gold_dynamic_1_5,asset_hybrid,GOLD,,skip,insufficient_1m_candles,,,
2026-05-17T09:54:41.809526+00:00,btc_gold_dynamic_1_5,asset_hybrid,GOLD,,skip,insufficient_1m_candles,,,
2026-05-17T09:55:07.206004+00:00,btc_gold_dynamic_1_5,asset_hybrid,BTCUSD,2026-05-17T09:54:00+00:00,risk_reject,invalid_position_size,,,
2026-05-17T09:55:08.842344+00:00,btc_gold_dynamic_1_5,asset_hybrid,GOLD,,skip,insufficient_1m_candles,,,
2026-05-17T09:55:33.211863+00:00,btc_gold_dynamic_1_5,asset_hybrid,GOLD,,skip,insufficient_1m_candles,,,
2026-05-17T09:55:58.923623+00:00,btc_gold_dynamic_1_5,asset_hybrid,GOLD,,skip,insufficient_1m_candles,,,
2026-05-17T09:56:23.441761+00:00,btc_gold_dynamic_1_5,asset_hybrid,BTCUSD,2026-05-17T09:55:00+00:00,risk_reject,invalid_position_size,,,
2026-05-17T09:56:24.779439+00:00,btc_gold_dynamic_1_5,asset_hybrid,GOLD,,skip,insufficient_1m_candles,,,
2026-05-17T09:56:49.393878+00:00,btc_gold_dynamic_1_5,asset_hybrid,GOLD,,skip,insufficient_1m_candles,,,
2026-05-17T09:57:14.843761+00:00,btc_gold_dynamic_1_5,asset_hybrid,BTCUSD,2026-05-17T09:56:00+00:00,risk_reject,invalid_position_size,,,
2026-05-17T09:57:16.433864+00:00,btc_gold_dynamic_1_5,asset_hybrid,GOLD,,skip,insufficient_1m_candles,,,
2026-05-17T09:57:42.951644+00:00,btc_gold_dynamic_1_5,asset_hybrid,GOLD,,skip,insufficient_1m_candles,,,
2026-05-17T09:58:09.475743+00:00,btc_gold_dynamic_1_5,asset_hybrid,BTCUSD,2026-05-17T09:57:00+00:00,risk_reject,invalid_position_size,,,
2026-05-17T09:58:11.015474+00:00,btc_gold_dynamic_1_5,asset_hybrid,GOLD,,skip,insufficient_1m_candles,,,
2026-05-17T09:58:36.378772+00:00,btc_gold_dynamic_1_5,asset_hybrid,GOLD,,skip,insufficient_1m_candles,,,
2026-05-17T09:59:02.921650+00:00,btc_gold_dynamic_1_5,asset_hybrid,GOLD,,skip,insufficient_1m_candles,,,
2026-05-17T09:59:29.201549+00:00,btc_gold_dynamic_1_5,asset_hybrid,BTCUSD,2026-05-17T09:58:00+00:00,risk_reject,invalid_position_size,,,
2026-05-17T09:59:30.710881+00:00,btc_gold_dynamic_1_5,asset_hybrid,GOLD,,skip,insufficient_1m_candles,,,
2026-05-17T09:59:55.918902+00:00,btc_gold_dynamic_1_5,asset_hybrid,GOLD,,skip,insufficient_1m_candles,,,
2026-05-17T10:00:20.339673+00:00,btc_gold_dynamic_1_5,asset_hybrid,BTCUSD,2026-05-17T09:59:00+00:00,risk_reject,invalid_position_size,,,
2026-05-17T10:00:21.774202+00:00,btc_gold_dynamic_1_5,asset_hybrid,GOLD,,skip,insufficient_1m_candles,,,
2026-05-17T10:00:46.488031+00:00,btc_gold_dynamic_1_5,asset_hybrid,GOLD,,skip,insufficient_1m_candles,,,
2026-05-17T10:01:11.894424+00:00,btc_gold_dynamic_1_5,asset_hybrid,BTCUSD,2026-05-17T10:00:00+00:00,risk_reject,invalid_position_size,,,
2026-05-17T10:01:13.753852+00:00,btc_gold_dynamic_1_5,asset_hybrid,GOLD,,skip,insufficient_1m_candles,,,
2026-05-17T10:01:40.752589+00:00,btc_gold_dynamic_1_5,asset_hybrid,GOLD,,skip,insufficient_1m_candles,,,
2026-05-17T10:02:07.553231+00:00,btc_gold_dynamic_1_5,asset_hybrid,BTCUSD,2026-05-17T10:01:00+00:00,risk_reject,invalid_position_size,,,
2026-05-17T10:02:09.088693+00:00,btc_gold_dynamic_1_5,asset_hybrid,GOLD,,skip,insufficient_1m_candles,,,
2026-05-17T10:02:34.332705+00:00,btc_gold_dynamic_1_5,asset_hybrid,GOLD,,skip,insufficient_1m_candles,,,
2026-05-17T10:02:58.579270+00:00,btc_gold_dynamic_1_5,asset_hybrid,GOLD,,skip,insufficient_1m_candles,,,
2026-05-17T10:03:23.054155+00:00,btc_gold_dynamic_1_5,asset_hybrid,BTCUSD,2026-05-17T10:02:00+00:00,risk_reject,invalid_position_size,,,
2026-05-17T10:03:24.553796+00:00,btc_gold_dynamic_1_5,asset_hybrid,GOLD,,skip,insufficient_1m_candles,,,
2026-05-17T10:03:50.425645+00:00,btc_gold_dynamic_1_5,asset_hybrid,GOLD,,skip,insufficient_1m_candles,,,
2026-05-17T10:04:17.292271+00:00,btc_gold_dynamic_1_5,asset_hybrid,BTCUSD,2026-05-17T10:03:00+00:00,risk_reject,invalid_position_size,,,
2026-05-17T10:04:18.650433+00:00,btc_gold_dynamic_1_5,asset_hybrid,GOLD,,skip,insufficient_1m_candles,,,
2026-05-17T10:04:45.251862+00:00,btc_gold_dynamic_1_5,asset_hybrid,GOLD,,skip,insufficient_1m_candles,,,
2026-05-17T10:05:10.602721+00:00,btc_gold_dynamic_1_5,asset_hybrid,BTCUSD,2026-05-17T10:04:00+00:00,risk_reject,invalid_position_size,,,
2026-05-17T10:05:12.137988+00:00,btc_gold_dynamic_1_5,asset_hybrid,GOLD,,skip,insufficient_1m_candles,,,
2026-05-17T10:05:37.537893+00:00,btc_gold_dynamic_1_5,asset_hybrid,GOLD,,skip,insufficient_1m_candles,,,
2026-05-17T10:06:02.039256+00:00,btc_gold_dynamic_1_5,asset_hybrid,GOLD,,skip,insufficient_1m_candles,,,
2026-05-17T10:06:26.553030+00:00,btc_gold_dynamic_1_5,asset_hybrid,BTCUSD,2026-05-17T10:05:00+00:00,risk_reject,invalid_position_size,,,
2026-05-17T10:06:27.937876+00:00,btc_gold_dynamic_1_5,asset_hybrid,GOLD,,skip,insufficient_1m_candles,,,
2026-05-17T10:06:54.593820+00:00,btc_gold_dynamic_1_5,asset_hybrid,GOLD,,skip,insufficient_1m_candles,,,
2026-05-17T10:07:20.172434+00:00,btc_gold_dynamic_1_5,asset_hybrid,BTCUSD,2026-05-17T10:06:00+00:00,risk_reject,invalid_position_size,,,
2026-05-17T10:07:21.720578+00:00,btc_gold_dynamic_1_5,asset_hybrid,GOLD,,skip,insufficient_1m_candles,,,
2026-05-17T10:07:48.149271+00:00,btc_gold_dynamic_1_5,asset_hybrid,GOLD,,skip,insufficient_1m_candles,,,
2026-05-17T10:08:12.602471+00:00,btc_gold_dynamic_1_5,asset_hybrid,BTCUSD,2026-05-17T10:07:00+00:00,risk_reject,invalid_position_size,,,
2026-05-17T10:08:14.047559+00:00,btc_gold_dynamic_1_5,asset_hybrid,GOLD,,skip,insufficient_1m_candles,,,
2026-05-17T10:08:39.570012+00:00,btc_gold_dynamic_1_5,asset_hybrid,GOLD,,skip,insufficient_1m_candles,,,
2026-05-17T10:09:05.105743+00:00,btc_gold_dynamic_1_5,asset_hybrid,BTCUSD,2026-05-17T10:08:00+00:00,risk_reject,invalid_position_size,,,
2026-05-17T10:09:06.596685+00:00,btc_gold_dynamic_1_5,asset_hybrid,GOLD,,skip,insufficient_1m_candles,,,
2026-05-17T10:09:33.120444+00:00,btc_gold_dynamic_1_5,asset_hybrid,GOLD,,skip,insufficient_1m_candles,,,
2026-05-17T10:09:58.484472+00:00,btc_gold_dynamic_1_5,asset_hybrid,GOLD,,skip,insufficient_1m_candles,,,
2026-05-17T10:10:24.858203+00:00,btc_gold_dynamic_1_5,asset_hybrid,BTCUSD,2026-05-17T10:09:00+00:00,risk_reject,invalid_position_size,,,
2026-05-17T10:10:26.216335+00:00,btc_gold_dynamic_1_5,asset_hybrid,GOLD,,skip,insufficient_1m_candles,,,
2026-05-17T10:10:52.988721+00:00,btc_gold_dynamic_1_5,asset_hybrid,GOLD,,skip,insufficient_1m_candles,,,
2026-05-17T10:11:18.580782+00:00,btc_gold_dynamic_1_5,asset_hybrid,BTCUSD,2026-05-17T10:10:00+00:00,risk_reject,invalid_position_size,,,
2026-05-17T10:11:19.909476+00:00,btc_gold_dynamic_1_5,asset_hybrid,GOLD,,skip,insufficient_1m_candles,,,
2026-05-17T10:11:45.312082+00:00,btc_gold_dynamic_1_5,asset_hybrid,GOLD,,skip,insufficient_1m_candles,,,
2026-05-17T10:12:10.574472+00:00,btc_gold_dynamic_1_5,asset_hybrid,BTCUSD,2026-05-17T10:11:00+00:00,risk_reject,invalid_position_size,,,
2026-05-17T10:12:11.964946+00:00,btc_gold_dynamic_1_5,asset_hybrid,GOLD,,skip,insufficient_1m_candles,,,
2026-05-17T10:12:36.513469+00:00,btc_gold_dynamic_1_5,asset_hybrid,GOLD,,skip,insufficient_1m_candles,,,
2026-05-17T10:13:00.801676+00:00,btc_gold_dynamic_1_5,asset_hybrid,GOLD,,skip,insufficient_1m_candles,,,
2026-05-17T10:13:27.360844+00:00,btc_gold_dynamic_1_5,asset_hybrid,BTCUSD,2026-05-17T10:12:00+00:00,risk_reject,invalid_position_size,,,
2026-05-17T10:13:28.713830+00:00,btc_gold_dynamic_1_5,asset_hybrid,GOLD,,skip,insufficient_1m_candles,,,
2026-05-17T10:13:53.994463+00:00,btc_gold_dynamic_1_5,asset_hybrid,GOLD,,skip,insufficient_1m_candles,,,
2026-05-17T10:14:19.376096+00:00,btc_gold_dynamic_1_5,asset_hybrid,BTCUSD,2026-05-17T10:13:00+00:00,risk_reject,invalid_position_size,,,
2026-05-17T10:14:20.765894+00:00,btc_gold_dynamic_1_5,asset_hybrid,GOLD,,skip,insufficient_1m_candles,,,
2026-05-17T10:14:47.272482+00:00,btc_gold_dynamic_1_5,asset_hybrid,GOLD,,skip,insufficient_1m_candles,,,
2026-05-17T10:14:56.228206+00:00,btc_gold_dynamic_1_5,asset_hybrid,BTCUSD,2026-05-17T10:13:00+00:00,submitted,LONG_RANGE_BREAKOUT,,,
2026-05-17T10:14:58.045371+00:00,btc_gold_dynamic_1_5,asset_hybrid,GOLD,,skip,insufficient_1m_candles,,,
2026-05-17T10:15:13.753919+00:00,btc_gold_dynamic_1_5,asset_hybrid,BTCUSD,2026-05-17T10:14:00+00:00,risk_reject,invalid_position_size,,,
2026-05-17T10:15:15.128426+00:00,btc_gold_dynamic_1_5,asset_hybrid,GOLD,,skip,insufficient_1m_candles,,,
2026-05-17T10:15:40.481253+00:00,btc_gold_dynamic_1_5,asset_hybrid,GOLD,,skip,insufficient_1m_candles,,,
2026-05-17T10:15:49.501285+00:00,btc_gold_dynamic_1_5,asset_hybrid,BTCUSD,2026-05-17T10:14:00+00:00,submitted,LONG_RANGE_BREAKOUT,,,
2026-05-17T10:15:51.331191+00:00,btc_gold_dynamic_1_5,asset_hybrid,GOLD,,skip,insufficient_1m_candles,,,
2026-05-17T10:16:07.197010+00:00,btc_gold_dynamic_1_5,asset_hybrid,BTCUSD,2026-05-17T10:15:00+00:00,risk_reject,invalid_position_size,,,
2026-05-17T10:16:08.611687+00:00,btc_gold_dynamic_1_5,asset_hybrid,GOLD,,skip,insufficient_1m_candles,,,
2026-05-17T10:16:35.402283+00:00,btc_gold_dynamic_1_5,asset_hybrid,GOLD,,skip,insufficient_1m_candles,,,
2026-05-17T10:18:26.444942+00:00,btc_gold_dynamic_1_5,asset_hybrid,BTCUSD,2026-05-17T10:17:00+00:00,risk_reject,invalid_position_size,,,
2026-05-17T10:18:28.214919+00:00,btc_gold_dynamic_1_5,asset_hybrid,GOLD,,skip,insufficient_1m_candles,,,
2026-05-17T10:20:03.750836+00:00,btc_gold_dynamic_1_5,asset_hybrid,BTCUSD,2026-05-17T10:19:00+00:00,reject,NO_BREAKOUT,,,
2026-05-17T10:20:05.783600+00:00,btc_gold_dynamic_1_5,asset_hybrid,GOLD,,skip,insufficient_1m_candles,,,
2026-05-17T10:21:00.625720+00:00,btc_gold_dynamic_1_5,asset_hybrid,GOLD,,skip,insufficient_1m_candles,,,
2026-05-17T10:21:26.560075+00:00,btc_gold_dynamic_1_5,asset_hybrid,BTCUSD,2026-05-17T10:20:00+00:00,reject,NO_BREAKOUT,,,
2026-05-17T10:21:27.951564+00:00,btc_gold_dynamic_1_5,asset_hybrid,GOLD,,skip,insufficient_1m_candles,,,
2026-05-17T10:25:21.381957+00:00,btc_gold_dynamic_1_5,asset_hybrid,BTCUSD,2026-05-17T10:24:00+00:00,reject,NO_BREAKOUT,,,
2026-05-17T10:25:22.793154+00:00,btc_gold_dynamic_1_5,asset_hybrid,GOLD,,skip,insufficient_1m_candles,,,
2026-05-17T13:36:21.062389+00:00,btc_gold_dynamic_1_5,asset_hybrid,BTCUSD,2026-05-17T13:35:00+00:00,reject,NO_BREAKOUT,,,
2026-05-17T13:36:23.031383+00:00,btc_gold_dynamic_1_5,asset_hybrid,GOLD,,skip,insufficient_1m_candles,,,
2026-05-17T13:46:27.025052+00:00,btc_gold_dynamic_1_5,asset_hybrid,BTCUSD,2026-05-17T13:45:00+00:00,reject,NO_BREAKOUT,,,
2026-05-17T13:46:28.776954+00:00,btc_gold_dynamic_1_5,asset_hybrid,GOLD,,skip,insufficient_1m_candles,,,
2026-05-17T15:12:09.176029+00:00,capital_commodities_forward,asset_hybrid,CRUDEOIL,2026-05-15T20:59:00+00:00,reject,NO_BREAKOUT,,,
2026-05-17T15:12:55.097137+00:00,capital_commodities_forward,asset_hybrid,NATURALGAS,2026-05-15T20:59:00+00:00,skip,insufficient_derived_candles,,,
2026-05-17T15:17:02.608490+00:00,capital_commodities_forward,asset_hybrid,CRUDEOIL,2026-05-15T20:59:00+00:00,reject,NO_BREAKOUT,,,
2026-05-17T15:17:47.362160+00:00,capital_commodities_forward,asset_hybrid,NATURALGAS,2026-05-15T20:59:00+00:00,skip,insufficient_derived_candles,,,
2026-05-17T15:20:37.371598+00:00,capital_commodities_forward,asset_hybrid,CRUDEOIL,2026-05-15T20:59:00+00:00,reject,NO_BREAKOUT,,,
2026-05-17T15:22:13.572913+00:00,capital_commodities_forward,asset_hybrid,NATURALGAS,2026-05-15T20:59:00+00:00,submitted,SHORT_ATR_MEAN_REVERSION,,,
2026-05-17T15:24:30.376145+00:00,capital_commodities_forward,asset_hybrid,CRUDEOIL,2026-05-15T20:59:00+00:00,reject,NO_BREAKOUT,,,
2026-05-17T15:26:04.570228+00:00,capital_commodities_forward,asset_hybrid,NATURALGAS,2026-05-15T20:59:00+00:00,submitted,SHORT_ATR_MEAN_REVERSION,,,
2026-05-17T16:28:04.361113+00:00,btc_gold_dynamic_1_5,asset_hybrid,BTCUSD,2026-05-17T16:26:00+00:00,reject,NO_BREAKOUT,,,
2026-05-17T16:28:05.732846+00:00,btc_gold_dynamic_1_5,asset_hybrid,GOLD,,skip,insufficient_1m_candles,,,
2026-05-17T16:28:36.572703+00:00,btc_gold_dynamic_1_5,asset_hybrid,BTCUSD,2026-05-17T16:27:00+00:00,reject,NO_BREAKOUT,,,
2026-05-17T16:28:37.949447+00:00,btc_gold_dynamic_1_5,asset_hybrid,GOLD,,skip,insufficient_1m_candles,,,
2026-05-17T16:29:05.265140+00:00,btc_gold_dynamic_1_5,asset_hybrid,GOLD,,skip,insufficient_1m_candles,,,
2026-05-17T16:29:31.276137+00:00,btc_gold_dynamic_1_5,asset_hybrid,BTCUSD,2026-05-17T16:28:00+00:00,reject,NO_BREAKOUT,,,
2026-05-17T16:29:32.671808+00:00,btc_gold_dynamic_1_5,asset_hybrid,GOLD,,skip,insufficient_1m_candles,,,
2026-05-17T16:30:00.565406+00:00,btc_gold_dynamic_1_5,asset_hybrid,GOLD,,skip,insufficient_1m_candles,,,
2026-05-17T16:30:26.491848+00:00,btc_gold_dynamic_1_5,asset_hybrid,BTCUSD,2026-05-17T16:29:00+00:00,reject,NO_BREAKOUT,,,
2026-05-17T16:30:27.859797+00:00,btc_gold_dynamic_1_5,asset_hybrid,GOLD,,skip,insufficient_1m_candles,,,
2026-05-17T16:41:16.526317+00:00,btc_gold_dynamic_1_5,asset_hybrid,BTCUSD,2026-05-17T16:40:00+00:00,reject,NO_BREAKOUT,,,
2026-05-17T16:41:17.884332+00:00,btc_gold_dynamic_1_5,asset_hybrid,GOLD,,skip,insufficient_1m_candles,,,
2026-05-17T16:41:45.099720+00:00,btc_gold_dynamic_1_5,asset_hybrid,GOLD,,skip,insufficient_1m_candles,,,
2026-05-17T16:42:11.008755+00:00,btc_gold_dynamic_1_5,asset_hybrid,BTCUSD,2026-05-17T16:41:00+00:00,reject,NO_BREAKOUT,,,
2026-05-17T16:42:12.367246+00:00,btc_gold_dynamic_1_5,asset_hybrid,GOLD,,skip,insufficient_1m_candles,,,
2026-05-17T16:42:39.741614+00:00,btc_gold_dynamic_1_5,asset_hybrid,GOLD,,skip,insufficient_1m_candles,,,
2026-05-17T16:43:05.503689+00:00,btc_gold_dynamic_1_5,asset_hybrid,BTCUSD,2026-05-17T16:42:00+00:00,reject,NO_BREAKOUT,,,
2026-05-17T16:43:06.901576+00:00,btc_gold_dynamic_1_5,asset_hybrid,GOLD,,skip,insufficient_1m_candles,,,
2026-05-17T16:43:34.450276+00:00,btc_gold_dynamic_1_5,asset_hybrid,GOLD,,skip,insufficient_1m_candles,,,
2026-05-17T16:44:01.729174+00:00,btc_gold_dynamic_1_5,asset_hybrid,GOLD,,skip,insufficient_1m_candles,,,
2026-05-17T16:44:27.569917+00:00,btc_gold_dynamic_1_5,asset_hybrid,BTCUSD,2026-05-17T16:43:00+00:00,reject,NO_BREAKOUT,,,
2026-05-17T16:44:28.926903+00:00,btc_gold_dynamic_1_5,asset_hybrid,GOLD,,skip,insufficient_1m_candles,,,
2026-05-17T16:44:56.330253+00:00,btc_gold_dynamic_1_5,asset_hybrid,GOLD,,skip,insufficient_1m_candles,,,
2026-05-17T16:45:24.120746+00:00,btc_gold_dynamic_1_5,asset_hybrid,BTCUSD,2026-05-17T16:44:00+00:00,broker_reject,Capital.com API error 400: error.invalid.stoploss.maxvalue: 78108.65,,,
2026-05-17T16:45:25.485572+00:00,btc_gold_dynamic_1_5,asset_hybrid,GOLD,,skip,insufficient_1m_candles,,,
2026-05-17T16:45:52.732493+00:00,btc_gold_dynamic_1_5,asset_hybrid,GOLD,,skip,insufficient_1m_candles,,,
2026-05-17T16:46:20.390923+00:00,btc_gold_dynamic_1_5,asset_hybrid,BTCUSD,2026-05-17T16:45:00+00:00,broker_reject,Capital.com API error 400: error.invalid.stoploss.maxvalue: 78080.1,,,
2026-05-17T16:46:21.732698+00:00,btc_gold_dynamic_1_5,asset_hybrid,GOLD,,skip,insufficient_1m_candles,,,
2026-05-17T16:46:48.927269+00:00,btc_gold_dynamic_1_5,asset_hybrid,GOLD,,skip,insufficient_1m_candles,,,
2026-05-17T16:47:16.543113+00:00,btc_gold_dynamic_1_5,asset_hybrid,BTCUSD,2026-05-17T16:46:00+00:00,broker_reject,Capital.com API error 400: error.invalid.stoploss.maxvalue: 78056.6,,,
2026-05-17T16:47:17.931499+00:00,btc_gold_dynamic_1_5,asset_hybrid,GOLD,,skip,insufficient_1m_candles,,,
2026-05-17T16:47:45.117586+00:00,btc_gold_dynamic_1_5,asset_hybrid,GOLD,,skip,insufficient_1m_candles,,,
2026-05-17T16:48:12.787978+00:00,btc_gold_dynamic_1_5,asset_hybrid,BTCUSD,2026-05-17T16:47:00+00:00,broker_reject,Capital.com API error 400: error.invalid.stoploss.maxvalue: 78036.9,,,
2026-05-17T16:48:14.145850+00:00,btc_gold_dynamic_1_5,asset_hybrid,GOLD,,skip,insufficient_1m_candles,,,
2026-05-17T16:48:41.405505+00:00,btc_gold_dynamic_1_5,asset_hybrid,GOLD,,skip,insufficient_1m_candles,,,
2026-05-17T16:49:09.135006+00:00,btc_gold_dynamic_1_5,asset_hybrid,BTCUSD,2026-05-17T16:48:00+00:00,broker_reject,Capital.com API error 400: error.invalid.stoploss.maxvalue: 78041.55,,,
2026-05-17T16:49:10.519540+00:00,btc_gold_dynamic_1_5,asset_hybrid,GOLD,,skip,insufficient_1m_candles,,,
2026-05-17T16:49:37.872778+00:00,btc_gold_dynamic_1_5,asset_hybrid,GOLD,,skip,insufficient_1m_candles,,,
2026-05-17T16:50:05.015561+00:00,btc_gold_dynamic_1_5,asset_hybrid,GOLD,,skip,insufficient_1m_candles,,,
2026-05-17T16:50:30.833744+00:00,btc_gold_dynamic_1_5,asset_hybrid,BTCUSD,2026-05-17T16:49:00+00:00,reject,NO_BREAKOUT,,,
2026-05-17T16:50:32.187116+00:00,btc_gold_dynamic_1_5,asset_hybrid,GOLD,,skip,insufficient_1m_candles,,,
2026-05-17T16:51:00.178118+00:00,btc_gold_dynamic_1_5,asset_hybrid,GOLD,,skip,insufficient_1m_candles,,,
2026-05-17T16:51:26.007317+00:00,btc_gold_dynamic_1_5,asset_hybrid,BTCUSD,2026-05-17T16:50:00+00:00,reject,NO_BREAKOUT,,,
2026-05-17T16:51:27.386079+00:00,btc_gold_dynamic_1_5,asset_hybrid,GOLD,,skip,insufficient_1m_candles,,,
2026-05-17T16:51:54.803995+00:00,btc_gold_dynamic_1_5,asset_hybrid,GOLD,,skip,insufficient_1m_candles,,,
2026-05-17T16:52:20.569619+00:00,btc_gold_dynamic_1_5,asset_hybrid,BTCUSD,2026-05-17T16:51:00+00:00,reject,NO_BREAKOUT,,,
2026-05-17T16:52:21.927925+00:00,btc_gold_dynamic_1_5,asset_hybrid,GOLD,,skip,insufficient_1m_candles,,,
2026-05-17T16:52:49.088174+00:00,btc_gold_dynamic_1_5,asset_hybrid,GOLD,,skip,insufficient_1m_candles,,,
2026-05-17T16:53:14.960939+00:00,btc_gold_dynamic_1_5,asset_hybrid,BTCUSD,2026-05-17T16:52:00+00:00,reject,NO_BREAKOUT,,,
2026-05-17T16:53:16.381860+00:00,btc_gold_dynamic_1_5,asset_hybrid,GOLD,,skip,insufficient_1m_candles,,,
2026-05-17T16:53:43.600916+00:00,btc_gold_dynamic_1_5,asset_hybrid,GOLD,,skip,insufficient_1m_candles,,,
2026-05-17T16:54:09.421201+00:00,btc_gold_dynamic_1_5,asset_hybrid,BTCUSD,2026-05-17T16:53:00+00:00,reject,NO_BREAKOUT,,,
2026-05-17T16:54:10.807807+00:00,btc_gold_dynamic_1_5,asset_hybrid,GOLD,,skip,insufficient_1m_candles,,,
2026-05-17T16:54:37.847730+00:00,btc_gold_dynamic_1_5,asset_hybrid,GOLD,,skip,insufficient_1m_candles,,,
2026-05-17T16:55:05.000149+00:00,btc_gold_dynamic_1_5,asset_hybrid,GOLD,,skip,insufficient_1m_candles,,,
2026-05-17T16:55:30.777941+00:00,btc_gold_dynamic_1_5,asset_hybrid,BTCUSD,2026-05-17T16:54:00+00:00,reject,NO_BREAKOUT,,,
2026-05-17T16:55:32.148151+00:00,btc_gold_dynamic_1_5,asset_hybrid,GOLD,,skip,insufficient_1m_candles,,,
2026-05-17T16:55:59.445868+00:00,btc_gold_dynamic_1_5,asset_hybrid,GOLD,,skip,insufficient_1m_candles,,,
2026-05-17T16:56:25.330257+00:00,btc_gold_dynamic_1_5,asset_hybrid,BTCUSD,2026-05-17T16:55:00+00:00,reject,NO_BREAKOUT,,,
2026-05-17T16:56:26.720267+00:00,btc_gold_dynamic_1_5,asset_hybrid,GOLD,,skip,insufficient_1m_candles,,,
2026-05-17T16:56:53.959367+00:00,btc_gold_dynamic_1_5,asset_hybrid,GOLD,,skip,insufficient_1m_candles,,,
2026-05-17T16:57:23.588851+00:00,btc_gold_dynamic_1_5,asset_hybrid,BTCUSD,2026-05-17T16:56:00+00:00,reject,NO_BREAKOUT,,,
2026-05-17T16:57:25.038289+00:00,btc_gold_dynamic_1_5,asset_hybrid,GOLD,,skip,insufficient_1m_candles,,,
2026-05-17T16:57:52.321643+00:00,btc_gold_dynamic_1_5,asset_hybrid,GOLD,,skip,insufficient_1m_candles,,,
2026-05-17T16:58:18.348862+00:00,btc_gold_dynamic_1_5,asset_hybrid,BTCUSD,2026-05-17T16:57:00+00:00,reject,NO_BREAKOUT,,,
2026-05-17T16:58:19.750847+00:00,btc_gold_dynamic_1_5,asset_hybrid,GOLD,,skip,insufficient_1m_candles,,,
2026-05-17T16:58:46.904381+00:00,btc_gold_dynamic_1_5,asset_hybrid,GOLD,,skip,insufficient_1m_candles,,,
2026-05-17T16:59:12.624806+00:00,btc_gold_dynamic_1_5,asset_hybrid,BTCUSD,2026-05-17T16:58:00+00:00,reject,NO_BREAKOUT,,,
2026-05-17T16:59:13.985081+00:00,btc_gold_dynamic_1_5,asset_hybrid,GOLD,,skip,insufficient_1m_candles,,,
2026-05-17T16:59:41.358266+00:00,btc_gold_dynamic_1_5,asset_hybrid,GOLD,,skip,insufficient_1m_candles,,,
2026-05-17T17:00:07.247053+00:00,btc_gold_dynamic_1_5,asset_hybrid,BTCUSD,2026-05-17T16:59:00+00:00,reject,NO_BREAKOUT,,,
2026-05-17T17:00:08.649615+00:00,btc_gold_dynamic_1_5,asset_hybrid,GOLD,,skip,insufficient_1m_candles,,,
2026-05-17T17:00:37.489306+00:00,btc_gold_dynamic_1_5,asset_hybrid,GOLD,,skip,insufficient_1m_candles,,,
2026-05-17T17:01:04.963392+00:00,btc_gold_dynamic_1_5,asset_hybrid,GOLD,,skip,insufficient_1m_candles,,,
2026-05-17T17:01:30.896250+00:00,btc_gold_dynamic_1_5,asset_hybrid,BTCUSD,2026-05-17T17:00:00+00:00,reject,NO_BREAKOUT,,,
2026-05-17T17:01:32.272391+00:00,btc_gold_dynamic_1_5,asset_hybrid,GOLD,,skip,insufficient_1m_candles,,,
2026-05-17T17:01:59.385283+00:00,btc_gold_dynamic_1_5,asset_hybrid,GOLD,,skip,insufficient_1m_candles,,,
2026-05-17T17:02:25.113147+00:00,btc_gold_dynamic_1_5,asset_hybrid,BTCUSD,2026-05-17T17:01:00+00:00,reject,NO_BREAKOUT,,,
2026-05-17T17:02:26.497353+00:00,btc_gold_dynamic_1_5,asset_hybrid,GOLD,,skip,insufficient_1m_candles,,,
2026-05-17T17:02:53.883817+00:00,btc_gold_dynamic_1_5,asset_hybrid,GOLD,,skip,insufficient_1m_candles,,,
2026-05-17T17:03:19.782669+00:00,btc_gold_dynamic_1_5,asset_hybrid,BTCUSD,2026-05-17T17:02:00+00:00,reject,NO_BREAKOUT,,,
2026-05-17T17:03:21.177417+00:00,btc_gold_dynamic_1_5,asset_hybrid,GOLD,,skip,insufficient_1m_candles,,,
2026-05-17T17:03:48.345616+00:00,btc_gold_dynamic_1_5,asset_hybrid,GOLD,,skip,insufficient_1m_candles,,,
2026-05-17T17:04:15.088627+00:00,btc_gold_dynamic_1_5,asset_hybrid,BTCUSD,2026-05-17T17:03:00+00:00,reject,NO_BREAKOUT,,,
2026-05-17T17:04:16.469743+00:00,btc_gold_dynamic_1_5,asset_hybrid,GOLD,,skip,insufficient_1m_candles,,,
2026-05-17T17:04:43.565448+00:00,btc_gold_dynamic_1_5,asset_hybrid,GOLD,,skip,insufficient_1m_candles,,,
2026-05-17T17:05:09.335106+00:00,btc_gold_dynamic_1_5,asset_hybrid,BTCUSD,2026-05-17T17:04:00+00:00,reject,OUTSIDE_SESSION,,,
2026-05-17T17:05:10.773495+00:00,btc_gold_dynamic_1_5,asset_hybrid,GOLD,,skip,insufficient_1m_candles,,,
2026-05-17T17:05:38.287243+00:00,btc_gold_dynamic_1_5,asset_hybrid,GOLD,,skip,insufficient_1m_candles,,,
2026-05-17T17:06:05.473593+00:00,btc_gold_dynamic_1_5,asset_hybrid,GOLD,,skip,insufficient_1m_candles,,,
2026-05-17T17:06:31.226049+00:00,btc_gold_dynamic_1_5,asset_hybrid,BTCUSD,2026-05-17T17:05:00+00:00,reject,OUTSIDE_SESSION,,,
2026-05-17T17:06:32.606007+00:00,btc_gold_dynamic_1_5,asset_hybrid,GOLD,,skip,insufficient_1m_candles,,,
2026-05-17T17:06:59.725809+00:00,btc_gold_dynamic_1_5,asset_hybrid,GOLD,,skip,insufficient_1m_candles,,,
2026-05-17T17:07:25.712148+00:00,btc_gold_dynamic_1_5,asset_hybrid,BTCUSD,2026-05-17T17:06:00+00:00,reject,OUTSIDE_SESSION,,,
2026-05-17T17:07:27.092162+00:00,btc_gold_dynamic_1_5,asset_hybrid,GOLD,,skip,insufficient_1m_candles,,,
2026-05-17T17:07:54.131595+00:00,btc_gold_dynamic_1_5,asset_hybrid,GOLD,,skip,insufficient_1m_candles,,,
2026-05-17T17:08:19.927245+00:00,btc_gold_dynamic_1_5,asset_hybrid,BTCUSD,2026-05-17T17:07:00+00:00,reject,OUTSIDE_SESSION,,,
2026-05-17T17:08:21.304885+00:00,btc_gold_dynamic_1_5,asset_hybrid,GOLD,,skip,insufficient_1m_candles,,,
2026-05-17T17:08:48.678686+00:00,btc_gold_dynamic_1_5,asset_hybrid,GOLD,,skip,insufficient_1m_candles,,,
2026-05-17T17:09:14.488763+00:00,btc_gold_dynamic_1_5,asset_hybrid,BTCUSD,2026-05-17T17:08:00+00:00,reject,OUTSIDE_SESSION,,,
2026-05-17T17:09:15.884310+00:00,btc_gold_dynamic_1_5,asset_hybrid,GOLD,,skip,insufficient_1m_candles,,,
2026-05-17T17:09:43.066260+00:00,btc_gold_dynamic_1_5,asset_hybrid,GOLD,,skip,insufficient_1m_candles,,,
2026-05-17T17:10:09.167036+00:00,btc_gold_dynamic_1_5,asset_hybrid,BTCUSD,2026-05-17T17:09:00+00:00,reject,OUTSIDE_SESSION,,,
2026-05-17T17:10:10.533502+00:00,btc_gold_dynamic_1_5,asset_hybrid,GOLD,,skip,insufficient_1m_candles,,,
2026-05-17T17:10:37.730600+00:00,btc_gold_dynamic_1_5,asset_hybrid,GOLD,,skip,insufficient_1m_candles,,,
2026-05-17T17:11:05.353852+00:00,btc_gold_dynamic_1_5,asset_hybrid,GOLD,,skip,insufficient_1m_candles,,,
2026-05-17T17:11:31.214130+00:00,btc_gold_dynamic_1_5,asset_hybrid,BTCUSD,2026-05-17T17:10:00+00:00,reject,OUTSIDE_SESSION,,,
2026-05-17T17:11:32.601992+00:00,btc_gold_dynamic_1_5,asset_hybrid,GOLD,,skip,insufficient_1m_candles,,,
2026-05-17T17:12:00.719662+00:00,btc_gold_dynamic_1_5,asset_hybrid,GOLD,,skip,insufficient_1m_candles,,,
2026-05-17T17:12:26.516901+00:00,btc_gold_dynamic_1_5,asset_hybrid,BTCUSD,2026-05-17T17:11:00+00:00,reject,OUTSIDE_SESSION,,,
2026-05-17T17:12:27.939887+00:00,btc_gold_dynamic_1_5,asset_hybrid,GOLD,,skip,insufficient_1m_candles,,,
2026-05-17T17:12:55.134723+00:00,btc_gold_dynamic_1_5,asset_hybrid,GOLD,,skip,insufficient_1m_candles,,,
2026-05-17T17:13:21.246138+00:00,btc_gold_dynamic_1_5,asset_hybrid,BTCUSD,2026-05-17T17:12:00+00:00,reject,OUTSIDE_SESSION,,,
2026-05-17T17:13:22.609702+00:00,btc_gold_dynamic_1_5,asset_hybrid,GOLD,,skip,insufficient_1m_candles,,,
2026-05-17T17:13:50.020495+00:00,btc_gold_dynamic_1_5,asset_hybrid,GOLD,,skip,insufficient_1m_candles,,,
2026-05-17T17:14:15.913238+00:00,btc_gold_dynamic_1_5,asset_hybrid,BTCUSD,2026-05-17T17:13:00+00:00,reject,OUTSIDE_SESSION,,,
2026-05-17T17:14:17.340349+00:00,btc_gold_dynamic_1_5,asset_hybrid,GOLD,,skip,insufficient_1m_candles,,,
2026-05-17T17:14:44.418409+00:00,btc_gold_dynamic_1_5,asset_hybrid,GOLD,,skip,insufficient_1m_candles,,,
2026-05-17T17:15:10.224597+00:00,btc_gold_dynamic_1_5,asset_hybrid,BTCUSD,2026-05-17T17:14:00+00:00,reject,OUTSIDE_SESSION,,,
2026-05-17T17:15:11.634486+00:00,btc_gold_dynamic_1_5,asset_hybrid,GOLD,,skip,insufficient_1m_candles,,,
2026-05-17T17:15:38.790917+00:00,btc_gold_dynamic_1_5,asset_hybrid,GOLD,,skip,insufficient_1m_candles,,,
2026-05-17T17:16:04.785377+00:00,btc_gold_dynamic_1_5,asset_hybrid,BTCUSD,2026-05-17T17:15:00+00:00,reject,OUTSIDE_SESSION,,,
2026-05-17T17:16:06.149019+00:00,btc_gold_dynamic_1_5,asset_hybrid,GOLD,,skip,insufficient_1m_candles,,,
2026-05-17T17:16:33.475961+00:00,btc_gold_dynamic_1_5,asset_hybrid,GOLD,,skip,insufficient_1m_candles,,,
2026-05-17T17:17:00.676021+00:00,btc_gold_dynamic_1_5,asset_hybrid,GOLD,,skip,insufficient_1m_candles,,,
2026-05-17T17:17:26.419557+00:00,btc_gold_dynamic_1_5,asset_hybrid,BTCUSD,2026-05-17T17:16:00+00:00,reject,OUTSIDE_SESSION,,,
2026-05-17T17:17:27.772813+00:00,btc_gold_dynamic_1_5,asset_hybrid,GOLD,,skip,insufficient_1m_candles,,,
2026-05-17T17:17:55.039683+00:00,btc_gold_dynamic_1_5,asset_hybrid,GOLD,,skip,insufficient_1m_candles,,,
2026-05-17T17:18:20.827833+00:00,btc_gold_dynamic_1_5,asset_hybrid,BTCUSD,2026-05-17T17:17:00+00:00,reject,OUTSIDE_SESSION,,,
2026-05-17T17:18:22.238063+00:00,btc_gold_dynamic_1_5,asset_hybrid,GOLD,,skip,insufficient_1m_candles,,,
2026-05-17T17:18:49.363502+00:00,btc_gold_dynamic_1_5,asset_hybrid,GOLD,,skip,insufficient_1m_candles,,,
2026-05-17T17:19:15.218402+00:00,btc_gold_dynamic_1_5,asset_hybrid,BTCUSD,2026-05-17T17:18:00+00:00,reject,OUTSIDE_SESSION,,,
2026-05-17T17:19:16.600804+00:00,btc_gold_dynamic_1_5,asset_hybrid,GOLD,,skip,insufficient_1m_candles,,,
2026-05-17T17:19:43.845837+00:00,btc_gold_dynamic_1_5,asset_hybrid,GOLD,,skip,insufficient_1m_candles,,,
2026-05-17T17:20:09.756720+00:00,btc_gold_dynamic_1_5,asset_hybrid,BTCUSD,2026-05-17T17:19:00+00:00,reject,OUTSIDE_SESSION,,,
2026-05-17T17:20:11.178291+00:00,btc_gold_dynamic_1_5,asset_hybrid,GOLD,,skip,insufficient_1m_candles,,,
2026-05-17T17:20:38.579888+00:00,btc_gold_dynamic_1_5,asset_hybrid,GOLD,,skip,insufficient_1m_candles,,,
2026-05-17T17:21:05.956795+00:00,btc_gold_dynamic_1_5,asset_hybrid,GOLD,,skip,insufficient_1m_candles,,,
2026-05-17T17:21:31.682310+00:00,btc_gold_dynamic_1_5,asset_hybrid,BTCUSD,2026-05-17T17:20:00+00:00,reject,OUTSIDE_SESSION,,,
2026-05-17T17:21:33.048665+00:00,btc_gold_dynamic_1_5,asset_hybrid,GOLD,,skip,insufficient_1m_candles,,,
2026-05-17T17:22:00.123516+00:00,btc_gold_dynamic_1_5,asset_hybrid,GOLD,,skip,insufficient_1m_candles,,,
2026-05-17T17:22:26.053516+00:00,btc_gold_dynamic_1_5,asset_hybrid,BTCUSD,2026-05-17T17:21:00+00:00,reject,OUTSIDE_SESSION,,,
2026-05-17T17:22:27.462967+00:00,btc_gold_dynamic_1_5,asset_hybrid,GOLD,,skip,insufficient_1m_candles,,,
2026-05-17T17:22:54.576753+00:00,btc_gold_dynamic_1_5,asset_hybrid,GOLD,,skip,insufficient_1m_candles,,,
2026-05-17T17:23:20.550052+00:00,btc_gold_dynamic_1_5,asset_hybrid,BTCUSD,2026-05-17T17:22:00+00:00,reject,OUTSIDE_SESSION,,,
2026-05-17T17:23:21.936894+00:00,btc_gold_dynamic_1_5,asset_hybrid,GOLD,,skip,insufficient_1m_candles,,,
2026-05-17T17:23:49.001231+00:00,btc_gold_dynamic_1_5,asset_hybrid,GOLD,,skip,insufficient_1m_candles,,,
2026-05-17T17:24:14.743721+00:00,btc_gold_dynamic_1_5,asset_hybrid,BTCUSD,2026-05-17T17:23:00+00:00,reject,OUTSIDE_SESSION,,,
2026-05-17T17:24:16.269433+00:00,btc_gold_dynamic_1_5,asset_hybrid,GOLD,,skip,insufficient_1m_candles,,,
2026-05-17T17:24:43.486442+00:00,btc_gold_dynamic_1_5,asset_hybrid,GOLD,,skip,insufficient_1m_candles,,,
2026-05-17T17:25:09.280580+00:00,btc_gold_dynamic_1_5,asset_hybrid,BTCUSD,2026-05-17T17:24:00+00:00,reject,OUTSIDE_SESSION,,,
2026-05-17T17:25:10.661542+00:00,btc_gold_dynamic_1_5,asset_hybrid,GOLD,,skip,insufficient_1m_candles,,,
2026-05-17T17:25:38.892152+00:00,btc_gold_dynamic_1_5,asset_hybrid,GOLD,,skip,insufficient_1m_candles,,,
2026-05-17T17:26:04.868579+00:00,btc_gold_dynamic_1_5,asset_hybrid,BTCUSD,2026-05-17T17:25:00+00:00,reject,OUTSIDE_SESSION,,,
2026-05-17T17:26:06.238334+00:00,btc_gold_dynamic_1_5,asset_hybrid,GOLD,,skip,insufficient_1m_candles,,,
2026-05-17T17:26:33.380656+00:00,btc_gold_dynamic_1_5,asset_hybrid,GOLD,,skip,insufficient_1m_candles,,,
2026-05-17T17:27:00.607414+00:00,btc_gold_dynamic_1_5,asset_hybrid,GOLD,,skip,insufficient_1m_candles,,,
2026-05-17T17:27:26.477750+00:00,btc_gold_dynamic_1_5,asset_hybrid,BTCUSD,2026-05-17T17:26:00+00:00,reject,OUTSIDE_SESSION,,,
2026-05-17T17:27:27.808359+00:00,btc_gold_dynamic_1_5,asset_hybrid,GOLD,,skip,insufficient_1m_candles,,,
2026-05-17T17:27:55.246100+00:00,btc_gold_dynamic_1_5,asset_hybrid,GOLD,,skip,insufficient_1m_candles,,,
2026-05-17T17:28:21.097083+00:00,btc_gold_dynamic_1_5,asset_hybrid,BTCUSD,2026-05-17T17:27:00+00:00,reject,OUTSIDE_SESSION,,,
2026-05-17T17:28:22.504291+00:00,btc_gold_dynamic_1_5,asset_hybrid,GOLD,,skip,insufficient_1m_candles,,,
2026-05-17T17:28:50.175892+00:00,btc_gold_dynamic_1_5,asset_hybrid,GOLD,,skip,insufficient_1m_candles,,,
2026-05-17T17:29:15.943800+00:00,btc_gold_dynamic_1_5,asset_hybrid,BTCUSD,2026-05-17T17:28:00+00:00,reject,OUTSIDE_SESSION,,,
2026-05-17T17:29:17.370197+00:00,btc_gold_dynamic_1_5,asset_hybrid,GOLD,,skip,insufficient_1m_candles,,,
2026-05-17T17:29:44.917676+00:00,btc_gold_dynamic_1_5,asset_hybrid,GOLD,,skip,insufficient_1m_candles,,,
2026-05-17T17:30:10.747735+00:00,btc_gold_dynamic_1_5,asset_hybrid,BTCUSD,2026-05-17T17:29:00+00:00,reject,OUTSIDE_SESSION,,,
2026-05-17T17:30:12.279835+00:00,btc_gold_dynamic_1_5,asset_hybrid,GOLD,,skip,insufficient_1m_candles,,,
2026-05-17T17:30:39.685472+00:00,btc_gold_dynamic_1_5,asset_hybrid,GOLD,,skip,insufficient_1m_candles,,,
2026-05-17T17:31:05.651552+00:00,btc_gold_dynamic_1_5,asset_hybrid,BTCUSD,2026-05-17T17:30:00+00:00,reject,OUTSIDE_SESSION,,,
2026-05-17T17:31:07.047038+00:00,btc_gold_dynamic_1_5,asset_hybrid,GOLD,,skip,insufficient_1m_candles,,,
2026-05-17T17:31:34.395064+00:00,btc_gold_dynamic_1_5,asset_hybrid,GOLD,,skip,insufficient_1m_candles,,,
2026-05-17T17:32:01.572889+00:00,btc_gold_dynamic_1_5,asset_hybrid,GOLD,,skip,insufficient_1m_candles,,,
2026-05-17T17:32:27.445116+00:00,btc_gold_dynamic_1_5,asset_hybrid,BTCUSD,2026-05-17T17:31:00+00:00,reject,OUTSIDE_SESSION,,,
2026-05-17T17:32:28.858682+00:00,btc_gold_dynamic_1_5,asset_hybrid,GOLD,,skip,insufficient_1m_candles,,,
2026-05-17T17:32:56.149954+00:00,btc_gold_dynamic_1_5,asset_hybrid,GOLD,,skip,insufficient_1m_candles,,,
2026-05-17T17:33:21.919805+00:00,btc_gold_dynamic_1_5,asset_hybrid,BTCUSD,2026-05-17T17:32:00+00:00,reject,OUTSIDE_SESSION,,,
2026-05-17T17:33:23.307023+00:00,btc_gold_dynamic_1_5,asset_hybrid,GOLD,,skip,insufficient_1m_candles,,,
2026-05-17T17:33:50.566467+00:00,btc_gold_dynamic_1_5,asset_hybrid,GOLD,,skip,insufficient_1m_candles,,,
2026-05-17T17:34:16.567816+00:00,btc_gold_dynamic_1_5,asset_hybrid,BTCUSD,2026-05-17T17:33:00+00:00,reject,OUTSIDE_SESSION,,,
2026-05-17T17:34:17.927770+00:00,btc_gold_dynamic_1_5,asset_hybrid,GOLD,,skip,insufficient_1m_candles,,,
2026-05-17T17:34:45.192886+00:00,btc_gold_dynamic_1_5,asset_hybrid,GOLD,,skip,insufficient_1m_candles,,,
2026-05-17T17:35:11.126974+00:00,btc_gold_dynamic_1_5,asset_hybrid,BTCUSD,2026-05-17T17:34:00+00:00,reject,OUTSIDE_SESSION,,,
2026-05-17T17:35:12.522554+00:00,btc_gold_dynamic_1_5,asset_hybrid,GOLD,,skip,insufficient_1m_candles,,,
2026-05-17T17:35:39.785272+00:00,btc_gold_dynamic_1_5,asset_hybrid,GOLD,,skip,insufficient_1m_candles,,,
2026-05-17T17:36:05.555725+00:00,btc_gold_dynamic_1_5,asset_hybrid,BTCUSD,2026-05-17T17:35:00+00:00,reject,OUTSIDE_SESSION,,,
2026-05-17T17:36:06.937093+00:00,btc_gold_dynamic_1_5,asset_hybrid,GOLD,,skip,insufficient_1m_candles,,,
2026-05-17T17:36:34.033806+00:00,btc_gold_dynamic_1_5,asset_hybrid,GOLD,,skip,insufficient_1m_candles,,,
2026-05-17T17:37:01.306834+00:00,btc_gold_dynamic_1_5,asset_hybrid,GOLD,,skip,insufficient_1m_candles,,,
2026-05-17T17:37:27.091477+00:00,btc_gold_dynamic_1_5,asset_hybrid,BTCUSD,2026-05-17T17:36:00+00:00,reject,OUTSIDE_SESSION,,,
2026-05-17T17:37:28.515460+00:00,btc_gold_dynamic_1_5,asset_hybrid,GOLD,,skip,insufficient_1m_candles,,,
2026-05-17T17:37:55.549506+00:00,btc_gold_dynamic_1_5,asset_hybrid,GOLD,,skip,insufficient_1m_candles,,,
2026-05-17T17:38:21.882183+00:00,btc_gold_dynamic_1_5,asset_hybrid,BTCUSD,2026-05-17T17:37:00+00:00,reject,OUTSIDE_SESSION,,,
2026-05-17T17:38:23.307303+00:00,btc_gold_dynamic_1_5,asset_hybrid,GOLD,,skip,insufficient_1m_candles,,,
2026-05-17T17:38:50.484129+00:00,btc_gold_dynamic_1_5,asset_hybrid,GOLD,,skip,insufficient_1m_candles,,,
2026-05-17T17:39:16.178148+00:00,btc_gold_dynamic_1_5,asset_hybrid,BTCUSD,2026-05-17T17:38:00+00:00,reject,OUTSIDE_SESSION,,,
2026-05-17T17:39:17.574698+00:00,btc_gold_dynamic_1_5,asset_hybrid,GOLD,,skip,insufficient_1m_candles,,,
2026-05-17T17:39:44.765618+00:00,btc_gold_dynamic_1_5,asset_hybrid,GOLD,,skip,insufficient_1m_candles,,,
2026-05-17T17:40:11.084847+00:00,btc_gold_dynamic_1_5,asset_hybrid,BTCUSD,2026-05-17T17:39:00+00:00,reject,OUTSIDE_SESSION,,,
2026-05-17T17:40:12.500070+00:00,btc_gold_dynamic_1_5,asset_hybrid,GOLD,,skip,insufficient_1m_candles,,,
2026-05-17T17:40:40.410230+00:00,btc_gold_dynamic_1_5,asset_hybrid,GOLD,,skip,insufficient_1m_candles,,,
2026-05-17T17:41:06.882074+00:00,btc_gold_dynamic_1_5,asset_hybrid,BTCUSD,2026-05-17T17:40:00+00:00,reject,OUTSIDE_SESSION,,,
2026-05-17T17:41:08.243415+00:00,btc_gold_dynamic_1_5,asset_hybrid,GOLD,,skip,insufficient_1m_candles,,,
2026-05-17T17:41:35.601756+00:00,btc_gold_dynamic_1_5,asset_hybrid,GOLD,,skip,insufficient_1m_candles,,,
2026-05-17T17:42:02.684090+00:00,btc_gold_dynamic_1_5,asset_hybrid,GOLD,,skip,insufficient_1m_candles,,,
2026-05-17T17:42:28.602356+00:00,btc_gold_dynamic_1_5,asset_hybrid,BTCUSD,2026-05-17T17:41:00+00:00,reject,OUTSIDE_SESSION,,,
2026-05-17T17:42:30.003654+00:00,btc_gold_dynamic_1_5,asset_hybrid,GOLD,,skip,insufficient_1m_candles,,,
2026-05-17T17:42:57.363852+00:00,btc_gold_dynamic_1_5,asset_hybrid,GOLD,,skip,insufficient_1m_candles,,,
2026-05-17T17:43:23.095042+00:00,btc_gold_dynamic_1_5,asset_hybrid,BTCUSD,2026-05-17T17:42:00+00:00,reject,OUTSIDE_SESSION,,,
2026-05-17T17:43:24.436104+00:00,btc_gold_dynamic_1_5,asset_hybrid,GOLD,,skip,insufficient_1m_candles,,,
2026-05-17T17:43:51.567971+00:00,btc_gold_dynamic_1_5,asset_hybrid,GOLD,,skip,insufficient_1m_candles,,,
2026-05-17T17:44:17.539130+00:00,btc_gold_dynamic_1_5,asset_hybrid,BTCUSD,2026-05-17T17:43:00+00:00,reject,OUTSIDE_SESSION,,,
2026-05-17T17:44:18.910665+00:00,btc_gold_dynamic_1_5,asset_hybrid,GOLD,,skip,insufficient_1m_candles,,,
2026-05-17T17:44:45.961345+00:00,btc_gold_dynamic_1_5,asset_hybrid,GOLD,,skip,insufficient_1m_candles,,,
2026-05-17T17:45:12.346997+00:00,btc_gold_dynamic_1_5,asset_hybrid,BTCUSD,2026-05-17T17:44:00+00:00,reject,OUTSIDE_SESSION,,,
2026-05-17T17:45:13.745143+00:00,btc_gold_dynamic_1_5,asset_hybrid,GOLD,,skip,insufficient_1m_candles,,,
2026-05-17T17:45:40.916324+00:00,btc_gold_dynamic_1_5,asset_hybrid,GOLD,,skip,insufficient_1m_candles,,,
2026-05-17T17:46:06.879598+00:00,btc_gold_dynamic_1_5,asset_hybrid,BTCUSD,2026-05-17T17:45:00+00:00,reject,OUTSIDE_SESSION,,,
2026-05-17T17:46:08.252476+00:00,btc_gold_dynamic_1_5,asset_hybrid,GOLD,,skip,insufficient_1m_candles,,,
2026-05-17T17:46:35.639061+00:00,btc_gold_dynamic_1_5,asset_hybrid,GOLD,,skip,insufficient_1m_candles,,,
2026-05-17T17:47:02.704709+00:00,btc_gold_dynamic_1_5,asset_hybrid,GOLD,,skip,insufficient_1m_candles,,,
2026-05-17T17:47:28.591716+00:00,btc_gold_dynamic_1_5,asset_hybrid,BTCUSD,2026-05-17T17:46:00+00:00,reject,OUTSIDE_SESSION,,,
2026-05-17T17:47:30.039395+00:00,btc_gold_dynamic_1_5,asset_hybrid,GOLD,,skip,insufficient_1m_candles,,,
2026-05-17T17:47:57.149105+00:00,btc_gold_dynamic_1_5,asset_hybrid,GOLD,,skip,insufficient_1m_candles,,,
2026-05-17T17:48:23.050057+00:00,btc_gold_dynamic_1_5,asset_hybrid,BTCUSD,2026-05-17T17:47:00+00:00,reject,OUTSIDE_SESSION,,,
2026-05-17T17:48:24.484469+00:00,btc_gold_dynamic_1_5,asset_hybrid,GOLD,,skip,insufficient_1m_candles,,,
2026-05-17T17:48:51.806378+00:00,btc_gold_dynamic_1_5,asset_hybrid,GOLD,,skip,insufficient_1m_candles,,,
2026-05-17T17:49:17.688572+00:00,btc_gold_dynamic_1_5,asset_hybrid,BTCUSD,2026-05-17T17:48:00+00:00,reject,OUTSIDE_SESSION,,,
2026-05-17T17:49:19.056985+00:00,btc_gold_dynamic_1_5,asset_hybrid,GOLD,,skip,insufficient_1m_candles,,,
2026-05-17T17:49:46.540468+00:00,btc_gold_dynamic_1_5,asset_hybrid,GOLD,,skip,insufficient_1m_candles,,,
2026-05-17T17:50:12.507167+00:00,btc_gold_dynamic_1_5,asset_hybrid,BTCUSD,2026-05-17T17:49:00+00:00,reject,OUTSIDE_SESSION,,,
2026-05-17T17:50:13.884857+00:00,btc_gold_dynamic_1_5,asset_hybrid,GOLD,,skip,insufficient_1m_candles,,,
2026-05-17T17:50:41.853347+00:00,btc_gold_dynamic_1_5,asset_hybrid,GOLD,,skip,insufficient_1m_candles,,,
2026-05-17T17:51:07.919533+00:00,btc_gold_dynamic_1_5,asset_hybrid,BTCUSD,2026-05-17T17:50:00+00:00,reject,OUTSIDE_SESSION,,,
2026-05-17T17:51:09.546664+00:00,btc_gold_dynamic_1_5,asset_hybrid,GOLD,,skip,insufficient_1m_candles,,,
2026-05-17T17:51:36.803117+00:00,btc_gold_dynamic_1_5,asset_hybrid,GOLD,,skip,insufficient_1m_candles,,,
2026-05-17T17:52:04.044793+00:00,btc_gold_dynamic_1_5,asset_hybrid,GOLD,,skip,insufficient_1m_candles,,,
2026-05-17T17:52:30.041474+00:00,btc_gold_dynamic_1_5,asset_hybrid,BTCUSD,2026-05-17T17:51:00+00:00,reject,OUTSIDE_SESSION,,,
2026-05-17T17:52:31.417330+00:00,btc_gold_dynamic_1_5,asset_hybrid,GOLD,,skip,insufficient_1m_candles,,,
2026-05-17T17:52:58.827482+00:00,btc_gold_dynamic_1_5,asset_hybrid,GOLD,,skip,insufficient_1m_candles,,,
2026-05-17T17:53:24.729939+00:00,btc_gold_dynamic_1_5,asset_hybrid,BTCUSD,2026-05-17T17:52:00+00:00,reject,OUTSIDE_SESSION,,,
2026-05-17T17:53:26.123261+00:00,btc_gold_dynamic_1_5,asset_hybrid,GOLD,,skip,insufficient_1m_candles,,,
2026-05-17T17:53:53.238782+00:00,btc_gold_dynamic_1_5,asset_hybrid,GOLD,,skip,insufficient_1m_candles,,,
2026-05-17T17:54:18.977125+00:00,btc_gold_dynamic_1_5,asset_hybrid,BTCUSD,2026-05-17T17:53:00+00:00,reject,OUTSIDE_SESSION,,,
2026-05-17T17:54:20.347365+00:00,btc_gold_dynamic_1_5,asset_hybrid,GOLD,,skip,insufficient_1m_candles,,,
2026-05-17T17:54:47.413449+00:00,btc_gold_dynamic_1_5,asset_hybrid,GOLD,,skip,insufficient_1m_candles,,,
2026-05-17T17:55:13.319450+00:00,btc_gold_dynamic_1_5,asset_hybrid,BTCUSD,2026-05-17T17:54:00+00:00,reject,OUTSIDE_SESSION,,,
2026-05-17T17:55:14.718580+00:00,btc_gold_dynamic_1_5,asset_hybrid,GOLD,,skip,insufficient_1m_candles,,,
2026-05-17T17:55:41.922712+00:00,btc_gold_dynamic_1_5,asset_hybrid,GOLD,,skip,insufficient_1m_candles,,,
2026-05-17T17:56:07.651185+00:00,btc_gold_dynamic_1_5,asset_hybrid,BTCUSD,2026-05-17T17:55:00+00:00,reject,OUTSIDE_SESSION,,,
2026-05-17T17:56:09.018886+00:00,btc_gold_dynamic_1_5,asset_hybrid,GOLD,,skip,insufficient_1m_candles,,,
2026-05-17T17:56:36.075634+00:00,btc_gold_dynamic_1_5,asset_hybrid,GOLD,,skip,insufficient_1m_candles,,,
2026-05-17T17:57:03.341765+00:00,btc_gold_dynamic_1_5,asset_hybrid,GOLD,,skip,insufficient_1m_candles,,,
2026-05-17T17:57:29.136334+00:00,btc_gold_dynamic_1_5,asset_hybrid,BTCUSD,2026-05-17T17:56:00+00:00,reject,OUTSIDE_SESSION,,,
2026-05-17T17:57:30.476682+00:00,btc_gold_dynamic_1_5,asset_hybrid,GOLD,,skip,insufficient_1m_candles,,,
2026-05-17T17:57:57.591954+00:00,btc_gold_dynamic_1_5,asset_hybrid,GOLD,,skip,insufficient_1m_candles,,,
2026-05-17T17:58:23.450170+00:00,btc_gold_dynamic_1_5,asset_hybrid,BTCUSD,2026-05-17T17:57:00+00:00,reject,OUTSIDE_SESSION,,,
2026-05-17T17:58:24.864497+00:00,btc_gold_dynamic_1_5,asset_hybrid,GOLD,,skip,insufficient_1m_candles,,,
2026-05-17T17:58:52.010388+00:00,btc_gold_dynamic_1_5,asset_hybrid,GOLD,,skip,insufficient_1m_candles,,,
2026-05-17T17:59:17.915265+00:00,btc_gold_dynamic_1_5,asset_hybrid,BTCUSD,2026-05-17T17:58:00+00:00,reject,OUTSIDE_SESSION,,,
2026-05-17T17:59:19.263718+00:00,btc_gold_dynamic_1_5,asset_hybrid,GOLD,,skip,insufficient_1m_candles,,,
2026-05-17T17:59:46.682044+00:00,btc_gold_dynamic_1_5,asset_hybrid,GOLD,,skip,insufficient_1m_candles,,,
2026-05-17T18:00:12.694501+00:00,btc_gold_dynamic_1_5,asset_hybrid,BTCUSD,2026-05-17T17:59:00+00:00,reject,OUTSIDE_SESSION,,,
2026-05-17T18:00:14.088439+00:00,btc_gold_dynamic_1_5,asset_hybrid,GOLD,,skip,insufficient_1m_candles,,,
2026-05-17T18:00:46.097869+00:00,btc_gold_dynamic_1_5,asset_hybrid,GOLD,,skip,insufficient_1m_candles,,,
2026-05-17T18:01:12.024081+00:00,btc_gold_dynamic_1_5,asset_hybrid,BTCUSD,2026-05-17T18:00:00+00:00,reject,OUTSIDE_SESSION,,,
2026-05-17T18:01:13.435200+00:00,btc_gold_dynamic_1_5,asset_hybrid,GOLD,,skip,insufficient_1m_candles,,,
2026-05-17T18:01:40.629607+00:00,btc_gold_dynamic_1_5,asset_hybrid,GOLD,,skip,insufficient_1m_candles,,,
2026-05-17T18:02:06.507110+00:00,btc_gold_dynamic_1_5,asset_hybrid,BTCUSD,2026-05-17T18:01:00+00:00,reject,OUTSIDE_SESSION,,,
2026-05-17T18:02:07.895924+00:00,btc_gold_dynamic_1_5,asset_hybrid,GOLD,,skip,insufficient_1m_candles,,,
2026-05-17T18:02:35.011358+00:00,btc_gold_dynamic_1_5,asset_hybrid,GOLD,,skip,insufficient_1m_candles,,,
2026-05-17T18:03:02.397507+00:00,btc_gold_dynamic_1_5,asset_hybrid,GOLD,,skip,insufficient_1m_candles,,,
2026-05-17T18:03:28.316794+00:00,btc_gold_dynamic_1_5,asset_hybrid,BTCUSD,2026-05-17T18:02:00+00:00,reject,OUTSIDE_SESSION,,,
2026-05-17T18:03:29.767136+00:00,btc_gold_dynamic_1_5,asset_hybrid,GOLD,,skip,insufficient_1m_candles,,,
2026-05-17T18:03:57.169838+00:00,btc_gold_dynamic_1_5,asset_hybrid,GOLD,,skip,insufficient_1m_candles,,,
2026-05-17T18:04:23.015867+00:00,btc_gold_dynamic_1_5,asset_hybrid,BTCUSD,2026-05-17T18:03:00+00:00,reject,OUTSIDE_SESSION,,,
2026-05-17T18:04:24.425806+00:00,btc_gold_dynamic_1_5,asset_hybrid,GOLD,,skip,insufficient_1m_candles,,,
2026-05-17T18:04:51.737483+00:00,btc_gold_dynamic_1_5,asset_hybrid,GOLD,,skip,insufficient_1m_candles,,,
2026-05-17T18:05:17.762238+00:00,btc_gold_dynamic_1_5,asset_hybrid,BTCUSD,2026-05-17T18:04:00+00:00,reject,OUTSIDE_SESSION,,,
2026-05-17T18:05:19.219561+00:00,btc_gold_dynamic_1_5,asset_hybrid,GOLD,,skip,insufficient_1m_candles,,,
2026-05-17T18:05:46.549683+00:00,btc_gold_dynamic_1_5,asset_hybrid,GOLD,,skip,insufficient_1m_candles,,,
2026-05-17T18:06:12.445472+00:00,btc_gold_dynamic_1_5,asset_hybrid,BTCUSD,2026-05-17T18:05:00+00:00,reject,OUTSIDE_SESSION,,,
2026-05-17T18:06:13.809685+00:00,btc_gold_dynamic_1_5,asset_hybrid,GOLD,,skip,insufficient_1m_candles,,,
2026-05-17T18:06:41.150807+00:00,btc_gold_dynamic_1_5,asset_hybrid,GOLD,,skip,insufficient_1m_candles,,,
2026-05-17T18:07:07.053322+00:00,btc_gold_dynamic_1_5,asset_hybrid,BTCUSD,2026-05-17T18:06:00+00:00,reject,OUTSIDE_SESSION,,,
2026-05-17T18:07:08.408039+00:00,btc_gold_dynamic_1_5,asset_hybrid,GOLD,,skip,insufficient_1m_candles,,,
2026-05-17T18:07:35.578548+00:00,btc_gold_dynamic_1_5,asset_hybrid,GOLD,,skip,insufficient_1m_candles,,,
2026-05-17T18:08:02.926110+00:00,btc_gold_dynamic_1_5,asset_hybrid,GOLD,,skip,insufficient_1m_candles,,,
2026-05-17T18:08:28.981019+00:00,btc_gold_dynamic_1_5,asset_hybrid,BTCUSD,2026-05-17T18:07:00+00:00,reject,OUTSIDE_SESSION,,,
2026-05-17T18:08:30.427367+00:00,btc_gold_dynamic_1_5,asset_hybrid,GOLD,,skip,insufficient_1m_candles,,,
2026-05-17T18:08:57.628687+00:00,btc_gold_dynamic_1_5,asset_hybrid,GOLD,,skip,insufficient_1m_candles,,,
2026-05-17T18:09:23.596817+00:00,btc_gold_dynamic_1_5,asset_hybrid,BTCUSD,2026-05-17T18:08:00+00:00,reject,OUTSIDE_SESSION,,,
2026-05-17T18:09:24.953124+00:00,btc_gold_dynamic_1_5,asset_hybrid,GOLD,,skip,insufficient_1m_candles,,,
2026-05-17T18:09:52.126255+00:00,btc_gold_dynamic_1_5,asset_hybrid,GOLD,,skip,insufficient_1m_candles,,,
2026-05-17T18:10:17.753901+00:00,btc_gold_dynamic_1_5,asset_hybrid,BTCUSD,2026-05-17T18:09:00+00:00,reject,OUTSIDE_SESSION,,,
2026-05-17T18:10:19.137505+00:00,btc_gold_dynamic_1_5,asset_hybrid,GOLD,,skip,insufficient_1m_candles,,,
2026-05-17T18:10:46.361900+00:00,btc_gold_dynamic_1_5,asset_hybrid,GOLD,,skip,insufficient_1m_candles,,,
2026-05-17T18:11:12.483630+00:00,btc_gold_dynamic_1_5,asset_hybrid,BTCUSD,2026-05-17T18:10:00+00:00,reject,OUTSIDE_SESSION,,,
2026-05-17T18:11:13.858603+00:00,btc_gold_dynamic_1_5,asset_hybrid,GOLD,,skip,insufficient_1m_candles,,,
2026-05-17T18:11:41.076866+00:00,btc_gold_dynamic_1_5,asset_hybrid,GOLD,,skip,insufficient_1m_candles,,,
2026-05-17T18:12:06.939078+00:00,btc_gold_dynamic_1_5,asset_hybrid,BTCUSD,2026-05-17T18:11:00+00:00,reject,OUTSIDE_SESSION,,,
2026-05-17T18:12:08.291491+00:00,btc_gold_dynamic_1_5,asset_hybrid,GOLD,,skip,insufficient_1m_candles,,,
2026-05-17T18:12:35.630426+00:00,btc_gold_dynamic_1_5,asset_hybrid,GOLD,,skip,insufficient_1m_candles,,,
2026-05-17T18:13:02.770561+00:00,btc_gold_dynamic_1_5,asset_hybrid,GOLD,,skip,insufficient_1m_candles,,,
2026-05-17T18:13:28.546426+00:00,btc_gold_dynamic_1_5,asset_hybrid,BTCUSD,2026-05-17T18:12:00+00:00,reject,OUTSIDE_SESSION,,,
2026-05-17T18:13:29.909752+00:00,btc_gold_dynamic_1_5,asset_hybrid,GOLD,,skip,insufficient_1m_candles,,,
2026-05-17T18:13:57.639791+00:00,btc_gold_dynamic_1_5,asset_hybrid,GOLD,,skip,insufficient_1m_candles,,,
2026-05-17T18:14:23.712298+00:00,btc_gold_dynamic_1_5,asset_hybrid,BTCUSD,2026-05-17T18:13:00+00:00,reject,OUTSIDE_SESSION,,,
2026-05-17T18:14:25.081661+00:00,btc_gold_dynamic_1_5,asset_hybrid,GOLD,,skip,insufficient_1m_candles,,,
2026-05-17T18:14:52.199851+00:00,btc_gold_dynamic_1_5,asset_hybrid,GOLD,,skip,insufficient_1m_candles,,,
2026-05-17T18:15:18.180542+00:00,btc_gold_dynamic_1_5,asset_hybrid,BTCUSD,2026-05-17T18:14:00+00:00,reject,OUTSIDE_SESSION,,,
2026-05-17T18:15:19.558639+00:00,btc_gold_dynamic_1_5,asset_hybrid,GOLD,,skip,insufficient_1m_candles,,,
2026-05-17T18:15:46.771759+00:00,btc_gold_dynamic_1_5,asset_hybrid,GOLD,,skip,insufficient_1m_candles,,,
2026-05-17T18:16:12.602675+00:00,btc_gold_dynamic_1_5,asset_hybrid,BTCUSD,2026-05-17T18:15:00+00:00,reject,OUTSIDE_SESSION,,,
2026-05-17T18:16:13.972868+00:00,btc_gold_dynamic_1_5,asset_hybrid,GOLD,,skip,insufficient_1m_candles,,,
2026-05-17T18:16:41.262693+00:00,btc_gold_dynamic_1_5,asset_hybrid,GOLD,,skip,insufficient_1m_candles,,,
2026-05-17T18:17:07.218715+00:00,btc_gold_dynamic_1_5,asset_hybrid,BTCUSD,2026-05-17T18:16:00+00:00,reject,OUTSIDE_SESSION,,,
2026-05-17T18:17:08.565381+00:00,btc_gold_dynamic_1_5,asset_hybrid,GOLD,,skip,insufficient_1m_candles,,,
2026-05-17T18:17:35.795452+00:00,btc_gold_dynamic_1_5,asset_hybrid,GOLD,,skip,insufficient_1m_candles,,,
2026-05-17T18:18:02.896901+00:00,btc_gold_dynamic_1_5,asset_hybrid,GOLD,,skip,insufficient_1m_candles,,,
2026-05-17T18:18:29.183387+00:00,btc_gold_dynamic_1_5,asset_hybrid,BTCUSD,2026-05-17T18:17:00+00:00,reject,OUTSIDE_SESSION,,,
2026-05-17T18:18:30.653651+00:00,btc_gold_dynamic_1_5,asset_hybrid,GOLD,,skip,insufficient_1m_candles,,,
2026-05-17T18:18:57.882798+00:00,btc_gold_dynamic_1_5,asset_hybrid,GOLD,,skip,insufficient_1m_candles,,,
2026-05-17T18:19:23.666102+00:00,btc_gold_dynamic_1_5,asset_hybrid,BTCUSD,2026-05-17T18:18:00+00:00,reject,OUTSIDE_SESSION,,,
2026-05-17T18:19:25.021377+00:00,btc_gold_dynamic_1_5,asset_hybrid,GOLD,,skip,insufficient_1m_candles,,,
2026-05-17T18:19:52.437904+00:00,btc_gold_dynamic_1_5,asset_hybrid,GOLD,,skip,insufficient_1m_candles,,,
2026-05-17T18:20:18.276504+00:00,btc_gold_dynamic_1_5,asset_hybrid,BTCUSD,2026-05-17T18:19:00+00:00,reject,OUTSIDE_SESSION,,,
2026-05-17T18:20:19.696294+00:00,btc_gold_dynamic_1_5,asset_hybrid,GOLD,,skip,insufficient_1m_candles,,,
2026-05-17T18:20:48.047713+00:00,btc_gold_dynamic_1_5,asset_hybrid,GOLD,,skip,insufficient_1m_candles,,,
2026-05-17T18:21:13.900941+00:00,btc_gold_dynamic_1_5,asset_hybrid,BTCUSD,2026-05-17T18:20:00+00:00,reject,OUTSIDE_SESSION,,,
2026-05-17T18:21:15.298415+00:00,btc_gold_dynamic_1_5,asset_hybrid,GOLD,,skip,insufficient_1m_candles,,,
2026-05-17T18:21:42.699468+00:00,btc_gold_dynamic_1_5,asset_hybrid,GOLD,,skip,insufficient_1m_candles,,,
2026-05-17T18:22:08.571297+00:00,btc_gold_dynamic_1_5,asset_hybrid,BTCUSD,2026-05-17T18:21:00+00:00,reject,OUTSIDE_SESSION,,,
2026-05-17T18:22:09.971703+00:00,btc_gold_dynamic_1_5,asset_hybrid,GOLD,,skip,insufficient_1m_candles,,,
2026-05-17T18:22:37.227562+00:00,btc_gold_dynamic_1_5,asset_hybrid,GOLD,,skip,insufficient_1m_candles,,,
2026-05-17T18:23:04.405453+00:00,btc_gold_dynamic_1_5,asset_hybrid,GOLD,,skip,insufficient_1m_candles,,,
2026-05-17T18:23:30.246507+00:00,btc_gold_dynamic_1_5,asset_hybrid,BTCUSD,2026-05-17T18:22:00+00:00,reject,OUTSIDE_SESSION,,,
2026-05-17T18:23:31.607053+00:00,btc_gold_dynamic_1_5,asset_hybrid,GOLD,,skip,insufficient_1m_candles,,,
2026-05-17T18:24:02.010903+00:00,btc_gold_dynamic_1_5,asset_hybrid,GOLD,,skip,insufficient_1m_candles,,,
2026-05-17T18:24:27.949020+00:00,btc_gold_dynamic_1_5,asset_hybrid,BTCUSD,2026-05-17T18:23:00+00:00,reject,OUTSIDE_SESSION,,,
2026-05-17T18:24:29.311234+00:00,btc_gold_dynamic_1_5,asset_hybrid,GOLD,,skip,insufficient_1m_candles,,,
2026-05-17T18:24:56.528200+00:00,btc_gold_dynamic_1_5,asset_hybrid,GOLD,,skip,insufficient_1m_candles,,,
2026-05-17T18:25:22.328489+00:00,btc_gold_dynamic_1_5,asset_hybrid,BTCUSD,2026-05-17T18:24:00+00:00,reject,OUTSIDE_SESSION,,,
2026-05-17T18:25:23.673649+00:00,btc_gold_dynamic_1_5,asset_hybrid,GOLD,,skip,insufficient_1m_candles,,,
2026-05-17T18:25:50.877434+00:00,btc_gold_dynamic_1_5,asset_hybrid,GOLD,,skip,insufficient_1m_candles,,,
2026-05-17T18:26:16.591694+00:00,btc_gold_dynamic_1_5,asset_hybrid,BTCUSD,2026-05-17T18:25:00+00:00,reject,OUTSIDE_SESSION,,,
2026-05-17T18:26:17.950434+00:00,btc_gold_dynamic_1_5,asset_hybrid,GOLD,,skip,insufficient_1m_candles,,,
2026-05-17T18:26:45.083542+00:00,btc_gold_dynamic_1_5,asset_hybrid,GOLD,,skip,insufficient_1m_candles,,,
2026-05-17T18:27:10.830256+00:00,btc_gold_dynamic_1_5,asset_hybrid,BTCUSD,2026-05-17T18:26:00+00:00,reject,OUTSIDE_SESSION,,,
2026-05-17T18:27:12.192139+00:00,btc_gold_dynamic_1_5,asset_hybrid,GOLD,,skip,insufficient_1m_candles,,,
2026-05-17T18:27:39.334447+00:00,btc_gold_dynamic_1_5,asset_hybrid,GOLD,,skip,insufficient_1m_candles,,,
2026-05-17T18:28:05.370935+00:00,btc_gold_dynamic_1_5,asset_hybrid,BTCUSD,2026-05-17T18:27:00+00:00,reject,OUTSIDE_SESSION,,,
2026-05-17T18:28:06.812188+00:00,btc_gold_dynamic_1_5,asset_hybrid,GOLD,,skip,insufficient_1m_candles,,,
2026-05-17T18:28:34.222836+00:00,btc_gold_dynamic_1_5,asset_hybrid,GOLD,,skip,insufficient_1m_candles,,,
2026-05-17T18:29:02.859060+00:00,btc_gold_dynamic_1_5,asset_hybrid,GOLD,,skip,insufficient_1m_candles,,,
2026-05-17T18:29:28.707987+00:00,btc_gold_dynamic_1_5,asset_hybrid,BTCUSD,2026-05-17T18:28:00+00:00,reject,OUTSIDE_SESSION,,,
2026-05-17T18:29:30.099259+00:00,btc_gold_dynamic_1_5,asset_hybrid,GOLD,,skip,insufficient_1m_candles,,,
2026-05-17T18:29:57.371703+00:00,btc_gold_dynamic_1_5,asset_hybrid,GOLD,,skip,insufficient_1m_candles,,,
2026-05-17T18:30:23.382368+00:00,btc_gold_dynamic_1_5,asset_hybrid,BTCUSD,2026-05-17T18:29:00+00:00,reject,OUTSIDE_SESSION,,,
2026-05-17T18:30:24.821594+00:00,btc_gold_dynamic_1_5,asset_hybrid,GOLD,,skip,insufficient_1m_candles,,,
2026-05-17T18:30:52.184985+00:00,btc_gold_dynamic_1_5,asset_hybrid,GOLD,,skip,insufficient_1m_candles,,,
2026-05-17T18:31:18.023079+00:00,btc_gold_dynamic_1_5,asset_hybrid,BTCUSD,2026-05-17T18:30:00+00:00,reject,OUTSIDE_SESSION,,,
2026-05-17T18:31:19.413834+00:00,btc_gold_dynamic_1_5,asset_hybrid,GOLD,,skip,insufficient_1m_candles,,,
2026-05-17T18:31:46.498297+00:00,btc_gold_dynamic_1_5,asset_hybrid,GOLD,,skip,insufficient_1m_candles,,,
2026-05-17T18:32:12.536969+00:00,btc_gold_dynamic_1_5,asset_hybrid,BTCUSD,2026-05-17T18:31:00+00:00,reject,OUTSIDE_SESSION,,,
2026-05-17T18:32:13.904905+00:00,btc_gold_dynamic_1_5,asset_hybrid,GOLD,,skip,insufficient_1m_candles,,,
2026-05-17T18:32:41.162124+00:00,btc_gold_dynamic_1_5,asset_hybrid,GOLD,,skip,insufficient_1m_candles,,,
2026-05-17T18:33:06.991530+00:00,btc_gold_dynamic_1_5,asset_hybrid,BTCUSD,2026-05-17T18:32:00+00:00,reject,OUTSIDE_SESSION,,,
2026-05-17T18:33:08.425770+00:00,btc_gold_dynamic_1_5,asset_hybrid,GOLD,,skip,insufficient_1m_candles,,,
2026-05-17T18:33:35.880094+00:00,btc_gold_dynamic_1_5,asset_hybrid,GOLD,,skip,insufficient_1m_candles,,,
2026-05-17T18:34:03.161794+00:00,btc_gold_dynamic_1_5,asset_hybrid,GOLD,,skip,insufficient_1m_candles,,,
2026-05-17T18:34:29.276148+00:00,btc_gold_dynamic_1_5,asset_hybrid,BTCUSD,2026-05-17T18:33:00+00:00,reject,OUTSIDE_SESSION,,,
2026-05-17T18:34:30.685249+00:00,btc_gold_dynamic_1_5,asset_hybrid,GOLD,,skip,insufficient_1m_candles,,,
2026-05-17T18:34:57.802251+00:00,btc_gold_dynamic_1_5,asset_hybrid,GOLD,,skip,insufficient_1m_candles,,,
2026-05-17T18:35:23.875615+00:00,btc_gold_dynamic_1_5,asset_hybrid,BTCUSD,2026-05-17T18:34:00+00:00,reject,OUTSIDE_SESSION,,,
2026-05-17T18:35:25.272474+00:00,btc_gold_dynamic_1_5,asset_hybrid,GOLD,,skip,insufficient_1m_candles,,,
2026-05-17T18:35:52.672701+00:00,btc_gold_dynamic_1_5,asset_hybrid,GOLD,,skip,insufficient_1m_candles,,,
2026-05-17T18:36:18.364351+00:00,btc_gold_dynamic_1_5,asset_hybrid,BTCUSD,2026-05-17T18:35:00+00:00,reject,OUTSIDE_SESSION,,,
2026-05-17T18:36:19.709080+00:00,btc_gold_dynamic_1_5,asset_hybrid,GOLD,,skip,insufficient_1m_candles,,,
2026-05-17T18:36:46.832900+00:00,btc_gold_dynamic_1_5,asset_hybrid,GOLD,,skip,insufficient_1m_candles,,,
2026-05-17T18:37:12.813504+00:00,btc_gold_dynamic_1_5,asset_hybrid,BTCUSD,2026-05-17T18:36:00+00:00,reject,OUTSIDE_SESSION,,,
2026-05-17T18:37:14.255090+00:00,btc_gold_dynamic_1_5,asset_hybrid,GOLD,,skip,insufficient_1m_candles,,,
2026-05-17T18:37:41.885562+00:00,btc_gold_dynamic_1_5,asset_hybrid,GOLD,,skip,insufficient_1m_candles,,,
2026-05-17T18:38:10.780555+00:00,btc_gold_dynamic_1_5,asset_hybrid,BTCUSD,2026-05-17T18:37:00+00:00,reject,OUTSIDE_SESSION,,,
2026-05-17T18:38:12.216312+00:00,btc_gold_dynamic_1_5,asset_hybrid,GOLD,,skip,insufficient_1m_candles,,,
2026-05-17T18:38:39.144289+00:00,btc_gold_dynamic_1_5,asset_hybrid,GOLD,,skip,insufficient_1m_candles,,,
2026-05-17T18:39:05.649361+00:00,btc_gold_dynamic_1_5,asset_hybrid,BTCUSD,2026-05-17T18:38:00+00:00,reject,OUTSIDE_SESSION,,,
2026-05-17T18:39:07.014690+00:00,btc_gold_dynamic_1_5,asset_hybrid,GOLD,,skip,insufficient_1m_candles,,,
2026-05-17T18:39:34.169832+00:00,btc_gold_dynamic_1_5,asset_hybrid,GOLD,,skip,insufficient_1m_candles,,,
2026-05-17T18:40:01.421353+00:00,btc_gold_dynamic_1_5,asset_hybrid,GOLD,,skip,insufficient_1m_candles,,,
2026-05-17T18:40:27.333109+00:00,btc_gold_dynamic_1_5,asset_hybrid,BTCUSD,2026-05-17T18:39:00+00:00,reject,OUTSIDE_SESSION,,,
2026-05-17T18:40:28.727673+00:00,btc_gold_dynamic_1_5,asset_hybrid,GOLD,,skip,insufficient_1m_candles,,,
2026-05-17T18:40:56.114920+00:00,btc_gold_dynamic_1_5,asset_hybrid,GOLD,,skip,insufficient_1m_candles,,,
2026-05-17T18:41:22.009035+00:00,btc_gold_dynamic_1_5,asset_hybrid,BTCUSD,2026-05-17T18:40:00+00:00,reject,OUTSIDE_SESSION,,,
2026-05-17T18:41:23.408430+00:00,btc_gold_dynamic_1_5,asset_hybrid,GOLD,,skip,insufficient_1m_candles,,,
2026-05-17T18:41:57.813557+00:00,btc_gold_dynamic_1_5,asset_hybrid,GOLD,,skip,insufficient_1m_candles,,,
2026-05-17T18:42:23.720137+00:00,btc_gold_dynamic_1_5,asset_hybrid,BTCUSD,2026-05-17T18:41:00+00:00,reject,OUTSIDE_SESSION,,,
2026-05-17T18:42:25.095583+00:00,btc_gold_dynamic_1_5,asset_hybrid,GOLD,,skip,insufficient_1m_candles,,,
2026-05-17T18:42:52.382860+00:00,btc_gold_dynamic_1_5,asset_hybrid,GOLD,,skip,insufficient_1m_candles,,,
2026-05-17T18:43:18.340018+00:00,btc_gold_dynamic_1_5,asset_hybrid,BTCUSD,2026-05-17T18:42:00+00:00,reject,OUTSIDE_SESSION,,,
2026-05-17T18:43:19.756675+00:00,btc_gold_dynamic_1_5,asset_hybrid,GOLD,,skip,insufficient_1m_candles,,,
2026-05-17T18:43:46.907712+00:00,btc_gold_dynamic_1_5,asset_hybrid,GOLD,,skip,insufficient_1m_candles,,,
2026-05-17T18:44:12.608342+00:00,btc_gold_dynamic_1_5,asset_hybrid,BTCUSD,2026-05-17T18:43:00+00:00,reject,OUTSIDE_SESSION,,,
2026-05-17T18:44:14.004661+00:00,btc_gold_dynamic_1_5,asset_hybrid,GOLD,,skip,insufficient_1m_candles,,,
2026-05-17T18:44:41.220660+00:00,btc_gold_dynamic_1_5,asset_hybrid,GOLD,,skip,insufficient_1m_candles,,,
2026-05-17T18:45:07.079531+00:00,btc_gold_dynamic_1_5,asset_hybrid,BTCUSD,2026-05-17T18:44:00+00:00,reject,OUTSIDE_SESSION,,,
2026-05-17T18:45:08.405965+00:00,btc_gold_dynamic_1_5,asset_hybrid,GOLD,,skip,insufficient_1m_candles,,,
2026-05-17T18:45:35.797187+00:00,btc_gold_dynamic_1_5,asset_hybrid,GOLD,,skip,insufficient_1m_candles,,,
2026-05-17T18:46:03.013877+00:00,btc_gold_dynamic_1_5,asset_hybrid,GOLD,,skip,insufficient_1m_candles,,,
2026-05-17T18:46:28.809159+00:00,btc_gold_dynamic_1_5,asset_hybrid,BTCUSD,2026-05-17T18:45:00+00:00,reject,OUTSIDE_SESSION,,,
2026-05-17T18:46:30.208330+00:00,btc_gold_dynamic_1_5,asset_hybrid,GOLD,,skip,insufficient_1m_candles,,,
2026-05-17T18:46:57.486251+00:00,btc_gold_dynamic_1_5,asset_hybrid,GOLD,,skip,insufficient_1m_candles,,,
2026-05-17T18:47:23.166359+00:00,btc_gold_dynamic_1_5,asset_hybrid,BTCUSD,2026-05-17T18:46:00+00:00,reject,OUTSIDE_SESSION,,,
2026-05-17T18:47:24.558883+00:00,btc_gold_dynamic_1_5,asset_hybrid,GOLD,,skip,insufficient_1m_candles,,,
2026-05-17T18:47:51.621136+00:00,btc_gold_dynamic_1_5,asset_hybrid,GOLD,,skip,insufficient_1m_candles,,,
2026-05-17T18:48:17.372142+00:00,btc_gold_dynamic_1_5,asset_hybrid,BTCUSD,2026-05-17T18:47:00+00:00,reject,OUTSIDE_SESSION,,,
2026-05-17T18:48:18.767094+00:00,btc_gold_dynamic_1_5,asset_hybrid,GOLD,,skip,insufficient_1m_candles,,,
2026-05-17T18:48:46.074172+00:00,btc_gold_dynamic_1_5,asset_hybrid,GOLD,,skip,insufficient_1m_candles,,,
2026-05-17T18:49:11.858865+00:00,btc_gold_dynamic_1_5,asset_hybrid,BTCUSD,2026-05-17T18:48:00+00:00,reject,OUTSIDE_SESSION,,,
2026-05-17T18:49:13.263984+00:00,btc_gold_dynamic_1_5,asset_hybrid,GOLD,,skip,insufficient_1m_candles,,,
2026-05-17T18:49:40.523014+00:00,btc_gold_dynamic_1_5,asset_hybrid,GOLD,,skip,insufficient_1m_candles,,,
2026-05-17T18:50:06.578113+00:00,btc_gold_dynamic_1_5,asset_hybrid,BTCUSD,2026-05-17T18:49:00+00:00,reject,OUTSIDE_SESSION,,,
2026-05-17T18:50:07.993003+00:00,btc_gold_dynamic_1_5,asset_hybrid,GOLD,,skip,insufficient_1m_candles,,,
2026-05-17T18:50:35.236835+00:00,btc_gold_dynamic_1_5,asset_hybrid,GOLD,,skip,insufficient_1m_candles,,,
2026-05-17T18:51:02.499916+00:00,btc_gold_dynamic_1_5,asset_hybrid,GOLD,,skip,insufficient_1m_candles,,,
2026-05-17T18:51:28.261121+00:00,btc_gold_dynamic_1_5,asset_hybrid,BTCUSD,2026-05-17T18:50:00+00:00,reject,OUTSIDE_SESSION,,,
2026-05-17T18:51:29.664691+00:00,btc_gold_dynamic_1_5,asset_hybrid,GOLD,,skip,insufficient_1m_candles,,,
2026-05-17T18:51:56.766159+00:00,btc_gold_dynamic_1_5,asset_hybrid,GOLD,,skip,insufficient_1m_candles,,,
2026-05-17T18:52:22.656302+00:00,btc_gold_dynamic_1_5,asset_hybrid,BTCUSD,2026-05-17T18:51:00+00:00,reject,OUTSIDE_SESSION,,,
2026-05-17T18:52:24.028801+00:00,btc_gold_dynamic_1_5,asset_hybrid,GOLD,,skip,insufficient_1m_candles,,,
2026-05-17T18:52:51.098681+00:00,btc_gold_dynamic_1_5,asset_hybrid,GOLD,,skip,insufficient_1m_candles,,,
2026-05-17T18:53:17.069044+00:00,btc_gold_dynamic_1_5,asset_hybrid,BTCUSD,2026-05-17T18:52:00+00:00,reject,OUTSIDE_SESSION,,,
2026-05-17T18:53:18.501539+00:00,btc_gold_dynamic_1_5,asset_hybrid,GOLD,,skip,insufficient_1m_candles,,,
2026-05-17T18:53:45.604519+00:00,btc_gold_dynamic_1_5,asset_hybrid,GOLD,,skip,insufficient_1m_candles,,,
2026-05-17T18:54:11.360126+00:00,btc_gold_dynamic_1_5,asset_hybrid,BTCUSD,2026-05-17T18:53:00+00:00,reject,OUTSIDE_SESSION,,,
2026-05-17T18:54:12.740937+00:00,btc_gold_dynamic_1_5,asset_hybrid,GOLD,,skip,insufficient_1m_candles,,,
2026-05-17T18:54:39.989198+00:00,btc_gold_dynamic_1_5,asset_hybrid,GOLD,,skip,insufficient_1m_candles,,,
2026-05-17T18:55:05.915115+00:00,btc_gold_dynamic_1_5,asset_hybrid,BTCUSD,2026-05-17T18:54:00+00:00,reject,OUTSIDE_SESSION,,,
2026-05-17T18:55:07.273715+00:00,btc_gold_dynamic_1_5,asset_hybrid,GOLD,,skip,insufficient_1m_candles,,,
2026-05-17T18:55:34.412925+00:00,btc_gold_dynamic_1_5,asset_hybrid,GOLD,,skip,insufficient_1m_candles,,,
2026-05-17T18:56:01.799873+00:00,btc_gold_dynamic_1_5,asset_hybrid,GOLD,,skip,insufficient_1m_candles,,,
2026-05-17T18:56:27.809118+00:00,btc_gold_dynamic_1_5,asset_hybrid,BTCUSD,2026-05-17T18:55:00+00:00,reject,OUTSIDE_SESSION,,,
2026-05-17T18:56:29.182857+00:00,btc_gold_dynamic_1_5,asset_hybrid,GOLD,,skip,insufficient_1m_candles,,,
2026-05-17T18:56:56.480655+00:00,btc_gold_dynamic_1_5,asset_hybrid,GOLD,,skip,insufficient_1m_candles,,,
2026-05-17T18:57:22.164227+00:00,btc_gold_dynamic_1_5,asset_hybrid,BTCUSD,2026-05-17T18:56:00+00:00,reject,OUTSIDE_SESSION,,,
2026-05-17T18:57:23.555529+00:00,btc_gold_dynamic_1_5,asset_hybrid,GOLD,,skip,insufficient_1m_candles,,,
2026-05-17T18:57:50.697824+00:00,btc_gold_dynamic_1_5,asset_hybrid,GOLD,,skip,insufficient_1m_candles,,,
2026-05-17T18:58:16.539797+00:00,btc_gold_dynamic_1_5,asset_hybrid,BTCUSD,2026-05-17T18:57:00+00:00,reject,OUTSIDE_SESSION,,,
2026-05-17T18:58:17.966209+00:00,btc_gold_dynamic_1_5,asset_hybrid,GOLD,,skip,insufficient_1m_candles,,,
2026-05-17T18:58:45.139939+00:00,btc_gold_dynamic_1_5,asset_hybrid,GOLD,,skip,insufficient_1m_candles,,,
2026-05-17T18:59:11.018946+00:00,btc_gold_dynamic_1_5,asset_hybrid,BTCUSD,2026-05-17T18:58:00+00:00,reject,OUTSIDE_SESSION,,,
2026-05-17T18:59:12.434007+00:00,btc_gold_dynamic_1_5,asset_hybrid,GOLD,,skip,insufficient_1m_candles,,,
2026-05-17T18:59:39.666217+00:00,btc_gold_dynamic_1_5,asset_hybrid,GOLD,,skip,insufficient_1m_candles,,,
2026-05-17T19:00:05.462891+00:00,btc_gold_dynamic_1_5,asset_hybrid,BTCUSD,2026-05-17T18:59:00+00:00,reject,OUTSIDE_SESSION,,,
2026-05-17T19:00:06.877831+00:00,btc_gold_dynamic_1_5,asset_hybrid,GOLD,,skip,insufficient_1m_candles,,,
2026-05-17T19:00:34.168972+00:00,btc_gold_dynamic_1_5,asset_hybrid,GOLD,,skip,insufficient_1m_candles,,,
2026-05-17T19:01:03.199853+00:00,btc_gold_dynamic_1_5,asset_hybrid,GOLD,,skip,insufficient_1m_candles,,,
2026-05-17T19:01:29.076654+00:00,btc_gold_dynamic_1_5,asset_hybrid,BTCUSD,2026-05-17T19:00:00+00:00,reject,OUTSIDE_SESSION,,,
2026-05-17T19:01:30.486955+00:00,btc_gold_dynamic_1_5,asset_hybrid,GOLD,,skip,insufficient_1m_candles,,,
2026-05-17T19:01:57.702270+00:00,btc_gold_dynamic_1_5,asset_hybrid,GOLD,,skip,insufficient_1m_candles,,,
2026-05-17T19:02:23.511553+00:00,btc_gold_dynamic_1_5,asset_hybrid,BTCUSD,2026-05-17T19:01:00+00:00,reject,OUTSIDE_SESSION,,,
2026-05-17T19:02:24.885736+00:00,btc_gold_dynamic_1_5,asset_hybrid,GOLD,,skip,insufficient_1m_candles,,,
2026-05-17T19:02:52.012235+00:00,btc_gold_dynamic_1_5,asset_hybrid,GOLD,,skip,insufficient_1m_candles,,,
2026-05-17T19:03:17.995192+00:00,btc_gold_dynamic_1_5,asset_hybrid,BTCUSD,2026-05-17T19:02:00+00:00,reject,OUTSIDE_SESSION,,,
2026-05-17T19:03:19.406034+00:00,btc_gold_dynamic_1_5,asset_hybrid,GOLD,,skip,insufficient_1m_candles,,,
2026-05-17T19:03:46.917767+00:00,btc_gold_dynamic_1_5,asset_hybrid,GOLD,,skip,insufficient_1m_candles,,,
2026-05-17T19:04:12.865848+00:00,btc_gold_dynamic_1_5,asset_hybrid,BTCUSD,2026-05-17T19:03:00+00:00,reject,OUTSIDE_SESSION,,,
2026-05-17T19:04:14.217369+00:00,btc_gold_dynamic_1_5,asset_hybrid,GOLD,,skip,insufficient_1m_candles,,,
2026-05-17T19:04:41.341025+00:00,btc_gold_dynamic_1_5,asset_hybrid,GOLD,,skip,insufficient_1m_candles,,,
2026-05-17T19:05:07.159820+00:00,btc_gold_dynamic_1_5,asset_hybrid,BTCUSD,2026-05-17T19:04:00+00:00,reject,OUTSIDE_SESSION,,,
2026-05-17T19:05:08.559962+00:00,btc_gold_dynamic_1_5,asset_hybrid,GOLD,,skip,insufficient_1m_candles,,,
2026-05-17T19:05:35.711373+00:00,btc_gold_dynamic_1_5,asset_hybrid,GOLD,,skip,insufficient_1m_candles,,,
2026-05-17T19:06:02.881836+00:00,btc_gold_dynamic_1_5,asset_hybrid,GOLD,,skip,insufficient_1m_candles,,,
2026-05-17T19:06:28.851621+00:00,btc_gold_dynamic_1_5,asset_hybrid,BTCUSD,2026-05-17T19:05:00+00:00,reject,OUTSIDE_SESSION,,,
2026-05-17T19:06:30.224715+00:00,btc_gold_dynamic_1_5,asset_hybrid,GOLD,,skip,insufficient_1m_candles,,,
2026-05-17T19:06:57.524842+00:00,btc_gold_dynamic_1_5,asset_hybrid,GOLD,,skip,insufficient_1m_candles,,,
2026-05-17T19:07:23.322969+00:00,btc_gold_dynamic_1_5,asset_hybrid,BTCUSD,2026-05-17T19:06:00+00:00,reject,OUTSIDE_SESSION,,,
2026-05-17T19:07:24.699568+00:00,btc_gold_dynamic_1_5,asset_hybrid,GOLD,,skip,insufficient_1m_candles,,,
2026-05-17T19:07:51.974370+00:00,btc_gold_dynamic_1_5,asset_hybrid,GOLD,,skip,insufficient_1m_candles,,,
2026-05-17T19:08:17.771485+00:00,btc_gold_dynamic_1_5,asset_hybrid,BTCUSD,2026-05-17T19:07:00+00:00,reject,OUTSIDE_SESSION,,,
2026-05-17T19:08:19.142994+00:00,btc_gold_dynamic_1_5,asset_hybrid,GOLD,,skip,insufficient_1m_candles,,,
2026-05-17T19:08:46.570374+00:00,btc_gold_dynamic_1_5,asset_hybrid,GOLD,,skip,insufficient_1m_candles,,,
2026-05-17T19:09:12.488983+00:00,btc_gold_dynamic_1_5,asset_hybrid,BTCUSD,2026-05-17T19:08:00+00:00,reject,OUTSIDE_SESSION,,,
2026-05-17T19:09:13.905242+00:00,btc_gold_dynamic_1_5,asset_hybrid,GOLD,,skip,insufficient_1m_candles,,,
2026-05-17T19:09:41.153930+00:00,btc_gold_dynamic_1_5,asset_hybrid,GOLD,,skip,insufficient_1m_candles,,,
2026-05-17T19:10:06.911996+00:00,btc_gold_dynamic_1_5,asset_hybrid,BTCUSD,2026-05-17T19:09:00+00:00,reject,OUTSIDE_SESSION,,,
2026-05-17T19:10:08.300201+00:00,btc_gold_dynamic_1_5,asset_hybrid,GOLD,,skip,insufficient_1m_candles,,,
2026-05-17T19:10:35.525333+00:00,btc_gold_dynamic_1_5,asset_hybrid,GOLD,,skip,insufficient_1m_candles,,,
2026-05-17T19:11:03.777618+00:00,btc_gold_dynamic_1_5,asset_hybrid,GOLD,,skip,insufficient_1m_candles,,,
2026-05-17T19:11:29.948876+00:00,btc_gold_dynamic_1_5,asset_hybrid,BTCUSD,2026-05-17T19:10:00+00:00,reject,OUTSIDE_SESSION,,,
2026-05-17T19:11:31.331362+00:00,btc_gold_dynamic_1_5,asset_hybrid,GOLD,,skip,insufficient_1m_candles,,,
2026-05-17T19:11:58.511963+00:00,btc_gold_dynamic_1_5,asset_hybrid,GOLD,,skip,insufficient_1m_candles,,,
2026-05-17T19:12:24.266059+00:00,btc_gold_dynamic_1_5,asset_hybrid,BTCUSD,2026-05-17T19:11:00+00:00,reject,OUTSIDE_SESSION,,,
2026-05-17T19:12:25.713341+00:00,btc_gold_dynamic_1_5,asset_hybrid,GOLD,,skip,insufficient_1m_candles,,,
2026-05-17T19:12:52.930559+00:00,btc_gold_dynamic_1_5,asset_hybrid,GOLD,,skip,insufficient_1m_candles,,,
2026-05-17T19:13:18.760931+00:00,btc_gold_dynamic_1_5,asset_hybrid,BTCUSD,2026-05-17T19:12:00+00:00,reject,OUTSIDE_SESSION,,,
2026-05-17T19:13:20.174135+00:00,btc_gold_dynamic_1_5,asset_hybrid,GOLD,,skip,insufficient_1m_candles,,,
2026-05-17T19:13:47.547947+00:00,btc_gold_dynamic_1_5,asset_hybrid,GOLD,,skip,insufficient_1m_candles,,,
2026-05-17T19:14:13.312067+00:00,btc_gold_dynamic_1_5,asset_hybrid,BTCUSD,2026-05-17T19:13:00+00:00,reject,OUTSIDE_SESSION,,,
2026-05-17T19:14:14.725065+00:00,btc_gold_dynamic_1_5,asset_hybrid,GOLD,,skip,insufficient_1m_candles,,,
2026-05-17T19:14:41.808304+00:00,btc_gold_dynamic_1_5,asset_hybrid,GOLD,,skip,insufficient_1m_candles,,,
2026-05-17T19:15:07.662894+00:00,btc_gold_dynamic_1_5,asset_hybrid,BTCUSD,2026-05-17T19:14:00+00:00,reject,OUTSIDE_SESSION,,,
2026-05-17T19:15:09.069849+00:00,btc_gold_dynamic_1_5,asset_hybrid,GOLD,,skip,insufficient_1m_candles,,,
2026-05-17T19:15:36.414241+00:00,btc_gold_dynamic_1_5,asset_hybrid,GOLD,,skip,insufficient_1m_candles,,,
2026-05-17T19:16:03.810805+00:00,btc_gold_dynamic_1_5,asset_hybrid,GOLD,,skip,insufficient_1m_candles,,,
2026-05-17T19:16:29.703639+00:00,btc_gold_dynamic_1_5,asset_hybrid,BTCUSD,2026-05-17T19:15:00+00:00,reject,OUTSIDE_SESSION,,,
2026-05-17T19:16:31.052386+00:00,btc_gold_dynamic_1_5,asset_hybrid,GOLD,,skip,insufficient_1m_candles,,,
2026-05-17T19:16:59.402188+00:00,btc_gold_dynamic_1_5,asset_hybrid,GOLD,,skip,insufficient_1m_candles,,,
2026-05-17T19:17:25.237211+00:00,btc_gold_dynamic_1_5,asset_hybrid,BTCUSD,2026-05-17T19:16:00+00:00,reject,OUTSIDE_SESSION,,,
2026-05-17T19:17:26.598065+00:00,btc_gold_dynamic_1_5,asset_hybrid,GOLD,,skip,insufficient_1m_candles,,,
2026-05-17T19:17:53.895273+00:00,btc_gold_dynamic_1_5,asset_hybrid,GOLD,,skip,insufficient_1m_candles,,,
2026-05-17T19:18:19.824765+00:00,btc_gold_dynamic_1_5,asset_hybrid,BTCUSD,2026-05-17T19:17:00+00:00,reject,OUTSIDE_SESSION,,,
2026-05-17T19:18:21.230481+00:00,btc_gold_dynamic_1_5,asset_hybrid,GOLD,,skip,insufficient_1m_candles,,,
2026-05-17T19:18:48.632800+00:00,btc_gold_dynamic_1_5,asset_hybrid,GOLD,,skip,insufficient_1m_candles,,,
2026-05-17T19:19:14.466599+00:00,btc_gold_dynamic_1_5,asset_hybrid,BTCUSD,2026-05-17T19:18:00+00:00,reject,OUTSIDE_SESSION,,,
2026-05-17T19:19:15.854822+00:00,btc_gold_dynamic_1_5,asset_hybrid,GOLD,,skip,insufficient_1m_candles,,,
2026-05-17T19:19:42.938803+00:00,btc_gold_dynamic_1_5,asset_hybrid,GOLD,,skip,insufficient_1m_candles,,,
2026-05-17T19:20:08.673882+00:00,btc_gold_dynamic_1_5,asset_hybrid,BTCUSD,2026-05-17T19:19:00+00:00,reject,OUTSIDE_SESSION,,,
2026-05-17T19:20:10.138782+00:00,btc_gold_dynamic_1_5,asset_hybrid,GOLD,,skip,insufficient_1m_candles,,,
2026-05-17T19:20:37.270650+00:00,btc_gold_dynamic_1_5,asset_hybrid,GOLD,,skip,insufficient_1m_candles,,,
2026-05-17T19:21:04.648124+00:00,btc_gold_dynamic_1_5,asset_hybrid,GOLD,,skip,insufficient_1m_candles,,,
2026-05-17T19:21:30.440073+00:00,btc_gold_dynamic_1_5,asset_hybrid,BTCUSD,2026-05-17T19:20:00+00:00,reject,OUTSIDE_SESSION,,,
2026-05-17T19:21:31.846537+00:00,btc_gold_dynamic_1_5,asset_hybrid,GOLD,,skip,insufficient_1m_candles,,,
2026-05-17T19:21:59.136086+00:00,btc_gold_dynamic_1_5,asset_hybrid,GOLD,,skip,insufficient_1m_candles,,,
2026-05-17T19:22:24.981412+00:00,btc_gold_dynamic_1_5,asset_hybrid,BTCUSD,2026-05-17T19:21:00+00:00,reject,OUTSIDE_SESSION,,,
2026-05-17T19:22:26.380003+00:00,btc_gold_dynamic_1_5,asset_hybrid,GOLD,,skip,insufficient_1m_candles,,,
2026-05-17T19:22:53.529249+00:00,btc_gold_dynamic_1_5,asset_hybrid,GOLD,,skip,insufficient_1m_candles,,,
2026-05-17T19:23:19.446374+00:00,btc_gold_dynamic_1_5,asset_hybrid,BTCUSD,2026-05-17T19:22:00+00:00,reject,OUTSIDE_SESSION,,,
2026-05-17T19:23:20.812940+00:00,btc_gold_dynamic_1_5,asset_hybrid,GOLD,,skip,insufficient_1m_candles,,,
2026-05-17T19:23:48.074951+00:00,btc_gold_dynamic_1_5,asset_hybrid,GOLD,,skip,insufficient_1m_candles,,,
2026-05-17T19:24:13.930668+00:00,btc_gold_dynamic_1_5,asset_hybrid,BTCUSD,2026-05-17T19:23:00+00:00,reject,OUTSIDE_SESSION,,,
2026-05-17T19:24:15.385787+00:00,btc_gold_dynamic_1_5,asset_hybrid,GOLD,,skip,insufficient_1m_candles,,,
2026-05-17T19:24:42.598440+00:00,btc_gold_dynamic_1_5,asset_hybrid,GOLD,,skip,insufficient_1m_candles,,,
2026-05-17T19:25:08.382512+00:00,btc_gold_dynamic_1_5,asset_hybrid,BTCUSD,2026-05-17T19:24:00+00:00,reject,OUTSIDE_SESSION,,,
2026-05-17T19:25:09.737435+00:00,btc_gold_dynamic_1_5,asset_hybrid,GOLD,,skip,insufficient_1m_candles,,,
2026-05-17T19:25:36.926945+00:00,btc_gold_dynamic_1_5,asset_hybrid,GOLD,,skip,insufficient_1m_candles,,,
2026-05-17T19:26:04.084397+00:00,btc_gold_dynamic_1_5,asset_hybrid,GOLD,,skip,insufficient_1m_candles,,,
2026-05-17T19:26:29.975739+00:00,btc_gold_dynamic_1_5,asset_hybrid,BTCUSD,2026-05-17T19:25:00+00:00,reject,OUTSIDE_SESSION,,,
2026-05-17T19:26:31.331504+00:00,btc_gold_dynamic_1_5,asset_hybrid,GOLD,,skip,insufficient_1m_candles,,,
2026-05-17T19:26:58.661860+00:00,btc_gold_dynamic_1_5,asset_hybrid,GOLD,,skip,insufficient_1m_candles,,,
2026-05-17T19:27:24.547011+00:00,btc_gold_dynamic_1_5,asset_hybrid,BTCUSD,2026-05-17T19:26:00+00:00,reject,OUTSIDE_SESSION,,,
2026-05-17T19:27:25.890992+00:00,btc_gold_dynamic_1_5,asset_hybrid,GOLD,,skip,insufficient_1m_candles,,,
2026-05-17T19:27:53.235031+00:00,btc_gold_dynamic_1_5,asset_hybrid,GOLD,,skip,insufficient_1m_candles,,,
2026-05-17T19:28:19.156512+00:00,btc_gold_dynamic_1_5,asset_hybrid,BTCUSD,2026-05-17T19:27:00+00:00,reject,OUTSIDE_SESSION,,,
2026-05-17T19:28:20.582881+00:00,btc_gold_dynamic_1_5,asset_hybrid,GOLD,,skip,insufficient_1m_candles,,,
2026-05-17T19:28:47.844500+00:00,btc_gold_dynamic_1_5,asset_hybrid,GOLD,,skip,insufficient_1m_candles,,,
2026-05-17T19:29:14.277935+00:00,btc_gold_dynamic_1_5,asset_hybrid,BTCUSD,2026-05-17T19:28:00+00:00,reject,OUTSIDE_SESSION,,,
2026-05-17T19:29:15.641846+00:00,btc_gold_dynamic_1_5,asset_hybrid,GOLD,,skip,insufficient_1m_candles,,,
2026-05-17T19:29:43.015646+00:00,btc_gold_dynamic_1_5,asset_hybrid,GOLD,,skip,insufficient_1m_candles,,,
2026-05-17T19:30:08.972838+00:00,btc_gold_dynamic_1_5,asset_hybrid,BTCUSD,2026-05-17T19:29:00+00:00,reject,OUTSIDE_SESSION,,,
2026-05-17T19:30:10.340349+00:00,btc_gold_dynamic_1_5,asset_hybrid,GOLD,,skip,insufficient_1m_candles,,,
2026-05-17T19:30:37.934619+00:00,btc_gold_dynamic_1_5,asset_hybrid,GOLD,,skip,insufficient_1m_candles,,,
2026-05-17T19:31:05.558598+00:00,btc_gold_dynamic_1_5,asset_hybrid,GOLD,,skip,insufficient_1m_candles,,,
2026-05-17T19:31:31.371275+00:00,btc_gold_dynamic_1_5,asset_hybrid,BTCUSD,2026-05-17T19:30:00+00:00,reject,OUTSIDE_SESSION,,,
2026-05-17T19:31:32.778360+00:00,btc_gold_dynamic_1_5,asset_hybrid,GOLD,,skip,insufficient_1m_candles,,,
2026-05-17T19:32:00.090929+00:00,btc_gold_dynamic_1_5,asset_hybrid,GOLD,,skip,insufficient_1m_candles,,,
2026-05-17T19:32:25.815820+00:00,btc_gold_dynamic_1_5,asset_hybrid,BTCUSD,2026-05-17T19:31:00+00:00,reject,OUTSIDE_SESSION,,,
2026-05-17T19:32:27.228631+00:00,btc_gold_dynamic_1_5,asset_hybrid,GOLD,,skip,insufficient_1m_candles,,,
2026-05-17T19:32:54.632887+00:00,btc_gold_dynamic_1_5,asset_hybrid,GOLD,,skip,insufficient_1m_candles,,,
2026-05-17T19:33:20.417439+00:00,btc_gold_dynamic_1_5,asset_hybrid,BTCUSD,2026-05-17T19:32:00+00:00,reject,OUTSIDE_SESSION,,,
2026-05-17T19:33:21.820668+00:00,btc_gold_dynamic_1_5,asset_hybrid,GOLD,,skip,insufficient_1m_candles,,,
2026-05-17T19:33:49.124734+00:00,btc_gold_dynamic_1_5,asset_hybrid,GOLD,,skip,insufficient_1m_candles,,,
2026-05-17T19:34:14.895328+00:00,btc_gold_dynamic_1_5,asset_hybrid,BTCUSD,2026-05-17T19:33:00+00:00,reject,OUTSIDE_SESSION,,,
2026-05-17T19:34:16.278694+00:00,btc_gold_dynamic_1_5,asset_hybrid,GOLD,,skip,insufficient_1m_candles,,,
2026-05-17T19:34:43.482799+00:00,btc_gold_dynamic_1_5,asset_hybrid,GOLD,,skip,insufficient_1m_candles,,,
2026-05-17T19:35:09.371863+00:00,btc_gold_dynamic_1_5,asset_hybrid,BTCUSD,2026-05-17T19:34:00+00:00,reject,OUTSIDE_SESSION,,,
2026-05-17T19:35:10.796241+00:00,btc_gold_dynamic_1_5,asset_hybrid,GOLD,,skip,insufficient_1m_candles,,,
2026-05-17T19:35:38.088979+00:00,btc_gold_dynamic_1_5,asset_hybrid,GOLD,,skip,insufficient_1m_candles,,,
2026-05-17T19:36:05.472852+00:00,btc_gold_dynamic_1_5,asset_hybrid,GOLD,,skip,insufficient_1m_candles,,,
2026-05-17T19:36:31.346905+00:00,btc_gold_dynamic_1_5,asset_hybrid,BTCUSD,2026-05-17T19:35:00+00:00,reject,OUTSIDE_SESSION,,,
2026-05-17T19:36:32.737339+00:00,btc_gold_dynamic_1_5,asset_hybrid,GOLD,,skip,insufficient_1m_candles,,,
2026-05-17T19:36:59.857088+00:00,btc_gold_dynamic_1_5,asset_hybrid,GOLD,,skip,insufficient_1m_candles,,,
2026-05-17T19:37:25.665585+00:00,btc_gold_dynamic_1_5,asset_hybrid,BTCUSD,2026-05-17T19:36:00+00:00,reject,OUTSIDE_SESSION,,,
2026-05-17T19:37:27.047391+00:00,btc_gold_dynamic_1_5,asset_hybrid,GOLD,,skip,insufficient_1m_candles,,,
2026-05-17T19:37:54.315632+00:00,btc_gold_dynamic_1_5,asset_hybrid,GOLD,,skip,insufficient_1m_candles,,,
2026-05-17T19:38:20.331658+00:00,btc_gold_dynamic_1_5,asset_hybrid,BTCUSD,2026-05-17T19:37:00+00:00,reject,OUTSIDE_SESSION,,,
2026-05-17T19:38:21.730977+00:00,btc_gold_dynamic_1_5,asset_hybrid,GOLD,,skip,insufficient_1m_candles,,,
2026-05-17T19:38:48.902813+00:00,btc_gold_dynamic_1_5,asset_hybrid,GOLD,,skip,insufficient_1m_candles,,,
2026-05-17T19:39:14.784204+00:00,btc_gold_dynamic_1_5,asset_hybrid,BTCUSD,2026-05-17T19:38:00+00:00,reject,OUTSIDE_SESSION,,,
2026-05-17T19:39:16.167624+00:00,btc_gold_dynamic_1_5,asset_hybrid,GOLD,,skip,insufficient_1m_candles,,,
2026-05-17T19:39:43.218541+00:00,btc_gold_dynamic_1_5,asset_hybrid,GOLD,,skip,insufficient_1m_candles,,,
2026-05-17T19:40:09.048409+00:00,btc_gold_dynamic_1_5,asset_hybrid,BTCUSD,2026-05-17T19:39:00+00:00,reject,OUTSIDE_SESSION,,,
2026-05-17T19:40:10.394688+00:00,btc_gold_dynamic_1_5,asset_hybrid,GOLD,,skip,insufficient_1m_candles,,,
2026-05-17T19:40:38.042897+00:00,btc_gold_dynamic_1_5,asset_hybrid,GOLD,,skip,insufficient_1m_candles,,,
2026-05-17T19:41:05.305150+00:00,btc_gold_dynamic_1_5,asset_hybrid,GOLD,,skip,insufficient_1m_candles,,,
2026-05-17T19:41:31.219348+00:00,btc_gold_dynamic_1_5,asset_hybrid,BTCUSD,2026-05-17T19:40:00+00:00,reject,OUTSIDE_SESSION,,,
2026-05-17T19:41:32.619872+00:00,btc_gold_dynamic_1_5,asset_hybrid,GOLD,,skip,insufficient_1m_candles,,,
2026-05-17T19:41:59.734933+00:00,btc_gold_dynamic_1_5,asset_hybrid,GOLD,,skip,insufficient_1m_candles,,,
2026-05-17T19:42:25.539936+00:00,btc_gold_dynamic_1_5,asset_hybrid,BTCUSD,2026-05-17T19:41:00+00:00,reject,OUTSIDE_SESSION,,,
2026-05-17T19:42:26.904760+00:00,btc_gold_dynamic_1_5,asset_hybrid,GOLD,,skip,insufficient_1m_candles,,,
2026-05-17T19:42:54.204765+00:00,btc_gold_dynamic_1_5,asset_hybrid,GOLD,,skip,insufficient_1m_candles,,,
2026-05-17T19:43:20.039612+00:00,btc_gold_dynamic_1_5,asset_hybrid,BTCUSD,2026-05-17T19:42:00+00:00,reject,OUTSIDE_SESSION,,,
2026-05-17T19:43:21.485554+00:00,btc_gold_dynamic_1_5,asset_hybrid,GOLD,,skip,insufficient_1m_candles,,,
2026-05-17T19:43:48.719817+00:00,btc_gold_dynamic_1_5,asset_hybrid,GOLD,,skip,insufficient_1m_candles,,,
2026-05-17T19:44:14.627847+00:00,btc_gold_dynamic_1_5,asset_hybrid,BTCUSD,2026-05-17T19:43:00+00:00,reject,OUTSIDE_SESSION,,,
2026-05-17T19:44:16.035385+00:00,btc_gold_dynamic_1_5,asset_hybrid,GOLD,,skip,insufficient_1m_candles,,,
2026-05-17T19:44:43.265485+00:00,btc_gold_dynamic_1_5,asset_hybrid,GOLD,,skip,insufficient_1m_candles,,,
2026-05-17T19:45:09.090173+00:00,btc_gold_dynamic_1_5,asset_hybrid,BTCUSD,2026-05-17T19:44:00+00:00,reject,OUTSIDE_SESSION,,,
2026-05-17T19:45:10.487065+00:00,btc_gold_dynamic_1_5,asset_hybrid,GOLD,,skip,insufficient_1m_candles,,,
2026-05-17T19:45:37.830769+00:00,btc_gold_dynamic_1_5,asset_hybrid,GOLD,,skip,insufficient_1m_candles,,,
2026-05-17T19:46:05.010693+00:00,btc_gold_dynamic_1_5,asset_hybrid,GOLD,,skip,insufficient_1m_candles,,,
2026-05-17T19:46:30.778702+00:00,btc_gold_dynamic_1_5,asset_hybrid,BTCUSD,2026-05-17T19:45:00+00:00,reject,OUTSIDE_SESSION,,,
2026-05-17T19:46:32.180664+00:00,btc_gold_dynamic_1_5,asset_hybrid,GOLD,,skip,insufficient_1m_candles,,,
2026-05-17T19:46:59.411723+00:00,btc_gold_dynamic_1_5,asset_hybrid,GOLD,,skip,insufficient_1m_candles,,,
2026-05-17T19:47:25.400302+00:00,btc_gold_dynamic_1_5,asset_hybrid,BTCUSD,2026-05-17T19:46:00+00:00,reject,OUTSIDE_SESSION,,,
2026-05-17T19:47:26.778334+00:00,btc_gold_dynamic_1_5,asset_hybrid,GOLD,,skip,insufficient_1m_candles,,,
2026-05-17T19:47:54.058754+00:00,btc_gold_dynamic_1_5,asset_hybrid,GOLD,,skip,insufficient_1m_candles,,,
2026-05-17T19:48:19.877563+00:00,btc_gold_dynamic_1_5,asset_hybrid,BTCUSD,2026-05-17T19:47:00+00:00,reject,OUTSIDE_SESSION,,,
2026-05-17T19:48:21.298715+00:00,btc_gold_dynamic_1_5,asset_hybrid,GOLD,,skip,insufficient_1m_candles,,,
2026-05-17T19:48:48.572974+00:00,btc_gold_dynamic_1_5,asset_hybrid,GOLD,,skip,insufficient_1m_candles,,,
2026-05-17T19:49:14.507450+00:00,btc_gold_dynamic_1_5,asset_hybrid,BTCUSD,2026-05-17T19:48:00+00:00,reject,OUTSIDE_SESSION,,,
2026-05-17T19:49:15.926216+00:00,btc_gold_dynamic_1_5,asset_hybrid,GOLD,,skip,insufficient_1m_candles,,,
2026-05-17T19:49:42.974161+00:00,btc_gold_dynamic_1_5,asset_hybrid,GOLD,,skip,insufficient_1m_candles,,,
2026-05-17T19:50:08.839608+00:00,btc_gold_dynamic_1_5,asset_hybrid,BTCUSD,2026-05-17T19:49:00+00:00,reject,OUTSIDE_SESSION,,,
2026-05-17T19:50:10.246338+00:00,btc_gold_dynamic_1_5,asset_hybrid,GOLD,,skip,insufficient_1m_candles,,,
2026-05-17T19:50:37.512833+00:00,btc_gold_dynamic_1_5,asset_hybrid,GOLD,,skip,insufficient_1m_candles,,,
2026-05-17T19:51:05.241377+00:00,btc_gold_dynamic_1_5,asset_hybrid,GOLD,,skip,insufficient_1m_candles,,,
2026-05-17T19:51:31.096659+00:00,btc_gold_dynamic_1_5,asset_hybrid,BTCUSD,2026-05-17T19:50:00+00:00,reject,OUTSIDE_SESSION,,,
2026-05-17T19:51:32.504771+00:00,btc_gold_dynamic_1_5,asset_hybrid,GOLD,,skip,insufficient_1m_candles,,,
2026-05-17T19:51:59.667659+00:00,btc_gold_dynamic_1_5,asset_hybrid,GOLD,,skip,insufficient_1m_candles,,,
2026-05-17T19:52:25.659171+00:00,btc_gold_dynamic_1_5,asset_hybrid,BTCUSD,2026-05-17T19:51:00+00:00,reject,OUTSIDE_SESSION,,,
2026-05-17T19:52:27.052528+00:00,btc_gold_dynamic_1_5,asset_hybrid,GOLD,,skip,insufficient_1m_candles,,,
2026-05-17T19:52:54.318621+00:00,btc_gold_dynamic_1_5,asset_hybrid,GOLD,,skip,insufficient_1m_candles,,,
2026-05-17T19:53:20.051268+00:00,btc_gold_dynamic_1_5,asset_hybrid,BTCUSD,2026-05-17T19:52:00+00:00,reject,OUTSIDE_SESSION,,,
2026-05-17T19:53:21.427325+00:00,btc_gold_dynamic_1_5,asset_hybrid,GOLD,,skip,insufficient_1m_candles,,,
2026-05-17T19:53:48.681207+00:00,btc_gold_dynamic_1_5,asset_hybrid,GOLD,,skip,insufficient_1m_candles,,,
2026-05-17T19:54:14.458002+00:00,btc_gold_dynamic_1_5,asset_hybrid,BTCUSD,2026-05-17T19:53:00+00:00,reject,OUTSIDE_SESSION,,,
2026-05-17T19:54:15.843072+00:00,btc_gold_dynamic_1_5,asset_hybrid,GOLD,,skip,insufficient_1m_candles,,,
2026-05-17T19:54:42.962751+00:00,btc_gold_dynamic_1_5,asset_hybrid,GOLD,,skip,insufficient_1m_candles,,,
2026-05-17T19:55:08.755732+00:00,btc_gold_dynamic_1_5,asset_hybrid,BTCUSD,2026-05-17T19:54:00+00:00,reject,OUTSIDE_SESSION,,,
2026-05-17T19:55:10.165980+00:00,btc_gold_dynamic_1_5,asset_hybrid,GOLD,,skip,insufficient_1m_candles,,,
2026-05-17T19:55:37.493932+00:00,btc_gold_dynamic_1_5,asset_hybrid,GOLD,,skip,insufficient_1m_candles,,,
2026-05-17T19:56:04.917590+00:00,btc_gold_dynamic_1_5,asset_hybrid,GOLD,,skip,insufficient_1m_candles,,,
2026-05-17T19:56:30.751908+00:00,btc_gold_dynamic_1_5,asset_hybrid,BTCUSD,2026-05-17T19:55:00+00:00,reject,OUTSIDE_SESSION,,,
2026-05-17T19:56:32.141952+00:00,btc_gold_dynamic_1_5,asset_hybrid,GOLD,,skip,insufficient_1m_candles,,,
2026-05-17T19:56:59.775137+00:00,btc_gold_dynamic_1_5,asset_hybrid,GOLD,,skip,insufficient_1m_candles,,,
2026-05-17T19:57:25.652129+00:00,btc_gold_dynamic_1_5,asset_hybrid,BTCUSD,2026-05-17T19:56:00+00:00,reject,OUTSIDE_SESSION,,,
2026-05-17T19:57:27.078603+00:00,btc_gold_dynamic_1_5,asset_hybrid,GOLD,,skip,insufficient_1m_candles,,,
2026-05-17T19:57:54.176599+00:00,btc_gold_dynamic_1_5,asset_hybrid,GOLD,,skip,insufficient_1m_candles,,,
2026-05-17T19:58:20.447461+00:00,btc_gold_dynamic_1_5,asset_hybrid,BTCUSD,2026-05-17T19:57:00+00:00,reject,OUTSIDE_SESSION,,,
2026-05-17T19:58:21.853365+00:00,btc_gold_dynamic_1_5,asset_hybrid,GOLD,,skip,insufficient_1m_candles,,,
2026-05-17T19:58:49.090548+00:00,btc_gold_dynamic_1_5,asset_hybrid,GOLD,,skip,insufficient_1m_candles,,,
2026-05-17T19:59:14.859468+00:00,btc_gold_dynamic_1_5,asset_hybrid,BTCUSD,2026-05-17T19:58:00+00:00,reject,OUTSIDE_SESSION,,,
2026-05-17T19:59:16.217941+00:00,btc_gold_dynamic_1_5,asset_hybrid,GOLD,,skip,insufficient_1m_candles,,,
2026-05-17T19:59:43.275790+00:00,btc_gold_dynamic_1_5,asset_hybrid,GOLD,,skip,insufficient_1m_candles,,,
2026-05-17T20:00:09.247496+00:00,btc_gold_dynamic_1_5,asset_hybrid,BTCUSD,2026-05-17T19:59:00+00:00,reject,OUTSIDE_SESSION,,,
2026-05-17T20:00:10.662250+00:00,btc_gold_dynamic_1_5,asset_hybrid,GOLD,,skip,insufficient_1m_candles,,,
2026-05-17T20:00:37.771052+00:00,btc_gold_dynamic_1_5,asset_hybrid,GOLD,,skip,insufficient_1m_candles,,,
2026-05-17T20:01:04.979598+00:00,btc_gold_dynamic_1_5,asset_hybrid,GOLD,,skip,insufficient_1m_candles,,,
2026-05-17T20:01:31.116635+00:00,btc_gold_dynamic_1_5,asset_hybrid,BTCUSD,2026-05-17T20:00:00+00:00,reject,OUTSIDE_SESSION,,,
2026-05-17T20:01:32.455281+00:00,btc_gold_dynamic_1_5,asset_hybrid,GOLD,,skip,insufficient_1m_candles,,,
2026-05-17T20:01:59.817472+00:00,btc_gold_dynamic_1_5,asset_hybrid,GOLD,,skip,insufficient_1m_candles,,,
2026-05-17T20:02:25.703270+00:00,btc_gold_dynamic_1_5,asset_hybrid,BTCUSD,2026-05-17T20:01:00+00:00,reject,OUTSIDE_SESSION,,,
2026-05-17T20:02:27.124194+00:00,btc_gold_dynamic_1_5,asset_hybrid,GOLD,,skip,insufficient_1m_candles,,,
2026-05-17T20:02:54.270750+00:00,btc_gold_dynamic_1_5,asset_hybrid,GOLD,,skip,insufficient_1m_candles,,,
2026-05-17T20:03:20.361700+00:00,btc_gold_dynamic_1_5,asset_hybrid,BTCUSD,2026-05-17T20:02:00+00:00,reject,OUTSIDE_SESSION,,,
2026-05-17T20:03:21.740735+00:00,btc_gold_dynamic_1_5,asset_hybrid,GOLD,,skip,insufficient_1m_candles,,,
2026-05-17T20:03:48.929802+00:00,btc_gold_dynamic_1_5,asset_hybrid,GOLD,,skip,insufficient_1m_candles,,,
2026-05-17T20:04:14.787840+00:00,btc_gold_dynamic_1_5,asset_hybrid,BTCUSD,2026-05-17T20:03:00+00:00,reject,OUTSIDE_SESSION,,,
2026-05-17T20:04:16.211391+00:00,btc_gold_dynamic_1_5,asset_hybrid,GOLD,,skip,insufficient_1m_candles,,,
2026-05-17T20:04:43.309787+00:00,btc_gold_dynamic_1_5,asset_hybrid,GOLD,,skip,insufficient_1m_candles,,,
2026-05-17T20:05:09.240592+00:00,btc_gold_dynamic_1_5,asset_hybrid,BTCUSD,2026-05-17T20:04:00+00:00,reject,OUTSIDE_SESSION,,,
2026-05-17T20:05:10.627301+00:00,btc_gold_dynamic_1_5,asset_hybrid,GOLD,,skip,insufficient_1m_candles,,,
2026-05-17T20:05:37.853073+00:00,btc_gold_dynamic_1_5,asset_hybrid,GOLD,,skip,insufficient_1m_candles,,,
2026-05-17T20:06:05.216116+00:00,btc_gold_dynamic_1_5,asset_hybrid,GOLD,,skip,insufficient_1m_candles,,,
2026-05-17T20:06:30.991961+00:00,btc_gold_dynamic_1_5,asset_hybrid,BTCUSD,2026-05-17T20:05:00+00:00,reject,OUTSIDE_SESSION,,,
2026-05-17T20:06:32.399510+00:00,btc_gold_dynamic_1_5,asset_hybrid,GOLD,,skip,insufficient_1m_candles,,,
2026-05-17T20:06:59.565981+00:00,btc_gold_dynamic_1_5,asset_hybrid,GOLD,,skip,insufficient_1m_candles,,,
2026-05-17T20:07:25.490184+00:00,btc_gold_dynamic_1_5,asset_hybrid,BTCUSD,2026-05-17T20:06:00+00:00,reject,OUTSIDE_SESSION,,,
2026-05-17T20:07:26.912766+00:00,btc_gold_dynamic_1_5,asset_hybrid,GOLD,,skip,insufficient_1m_candles,,,
2026-05-17T20:07:54.262446+00:00,btc_gold_dynamic_1_5,asset_hybrid,GOLD,,skip,insufficient_1m_candles,,,
2026-05-17T20:08:20.071529+00:00,btc_gold_dynamic_1_5,asset_hybrid,BTCUSD,2026-05-17T20:07:00+00:00,reject,OUTSIDE_SESSION,,,
2026-05-17T20:08:21.457429+00:00,btc_gold_dynamic_1_5,asset_hybrid,GOLD,,skip,insufficient_1m_candles,,,
2026-05-17T20:08:48.680229+00:00,btc_gold_dynamic_1_5,asset_hybrid,GOLD,,skip,insufficient_1m_candles,,,
2026-05-17T20:09:14.624039+00:00,btc_gold_dynamic_1_5,asset_hybrid,BTCUSD,2026-05-17T20:08:00+00:00,reject,OUTSIDE_SESSION,,,
2026-05-17T20:09:16.002445+00:00,btc_gold_dynamic_1_5,asset_hybrid,GOLD,,skip,insufficient_1m_candles,,,
2026-05-17T20:09:43.022198+00:00,btc_gold_dynamic_1_5,asset_hybrid,GOLD,,skip,insufficient_1m_candles,,,
2026-05-17T20:10:08.775727+00:00,btc_gold_dynamic_1_5,asset_hybrid,BTCUSD,2026-05-17T20:09:00+00:00,reject,OUTSIDE_SESSION,,,
2026-05-17T20:10:10.181584+00:00,btc_gold_dynamic_1_5,asset_hybrid,GOLD,,skip,insufficient_1m_candles,,,
2026-05-17T20:10:37.471444+00:00,btc_gold_dynamic_1_5,asset_hybrid,GOLD,,skip,insufficient_1m_candles,,,
2026-05-17T20:11:04.743011+00:00,btc_gold_dynamic_1_5,asset_hybrid,GOLD,,skip,insufficient_1m_candles,,,
2026-05-17T20:11:30.662284+00:00,btc_gold_dynamic_1_5,asset_hybrid,BTCUSD,2026-05-17T20:10:00+00:00,reject,OUTSIDE_SESSION,,,
2026-05-17T20:11:32.075900+00:00,btc_gold_dynamic_1_5,asset_hybrid,GOLD,,skip,insufficient_1m_candles,,,
2026-05-17T20:11:59.272487+00:00,btc_gold_dynamic_1_5,asset_hybrid,GOLD,,skip,insufficient_1m_candles,,,
2026-05-17T20:12:25.213610+00:00,btc_gold_dynamic_1_5,asset_hybrid,BTCUSD,2026-05-17T20:11:00+00:00,reject,OUTSIDE_SESSION,,,
2026-05-17T20:12:26.623030+00:00,btc_gold_dynamic_1_5,asset_hybrid,GOLD,,skip,insufficient_1m_candles,,,
2026-05-17T20:12:53.994236+00:00,btc_gold_dynamic_1_5,asset_hybrid,GOLD,,skip,insufficient_1m_candles,,,
2026-05-17T20:13:19.750048+00:00,btc_gold_dynamic_1_5,asset_hybrid,BTCUSD,2026-05-17T20:12:00+00:00,reject,OUTSIDE_SESSION,,,
2026-05-17T20:13:21.125267+00:00,btc_gold_dynamic_1_5,asset_hybrid,GOLD,,skip,insufficient_1m_candles,,,
2026-05-17T20:13:48.309805+00:00,btc_gold_dynamic_1_5,asset_hybrid,GOLD,,skip,insufficient_1m_candles,,,
2026-05-17T20:14:13.966095+00:00,btc_gold_dynamic_1_5,asset_hybrid,BTCUSD,2026-05-17T20:13:00+00:00,reject,OUTSIDE_SESSION,,,
2026-05-17T20:14:15.373504+00:00,btc_gold_dynamic_1_5,asset_hybrid,GOLD,,skip,insufficient_1m_candles,,,
2026-05-17T20:14:42.590728+00:00,btc_gold_dynamic_1_5,asset_hybrid,GOLD,,skip,insufficient_1m_candles,,,
2026-05-17T20:15:08.412248+00:00,btc_gold_dynamic_1_5,asset_hybrid,BTCUSD,2026-05-17T20:14:00+00:00,reject,OUTSIDE_SESSION,,,
2026-05-17T20:15:09.830543+00:00,btc_gold_dynamic_1_5,asset_hybrid,GOLD,,skip,insufficient_1m_candles,,,
2026-05-17T20:15:37.268122+00:00,btc_gold_dynamic_1_5,asset_hybrid,GOLD,,skip,insufficient_1m_candles,,,
2026-05-17T20:16:04.370431+00:00,btc_gold_dynamic_1_5,asset_hybrid,GOLD,,skip,insufficient_1m_candles,,,
2026-05-17T20:16:30.189028+00:00,btc_gold_dynamic_1_5,asset_hybrid,BTCUSD,2026-05-17T20:15:00+00:00,reject,OUTSIDE_SESSION,,,
2026-05-17T20:16:31.572923+00:00,btc_gold_dynamic_1_5,asset_hybrid,GOLD,,skip,insufficient_1m_candles,,,
2026-05-17T20:16:58.847924+00:00,btc_gold_dynamic_1_5,asset_hybrid,GOLD,,skip,insufficient_1m_candles,,,
2026-05-17T20:17:24.737645+00:00,btc_gold_dynamic_1_5,asset_hybrid,BTCUSD,2026-05-17T20:16:00+00:00,reject,OUTSIDE_SESSION,,,
2026-05-17T20:17:26.150129+00:00,btc_gold_dynamic_1_5,asset_hybrid,GOLD,,skip,insufficient_1m_candles,,,
2026-05-17T20:17:53.348322+00:00,btc_gold_dynamic_1_5,asset_hybrid,GOLD,,skip,insufficient_1m_candles,,,
2026-05-17T20:18:19.553587+00:00,btc_gold_dynamic_1_5,asset_hybrid,BTCUSD,2026-05-17T20:17:00+00:00,reject,OUTSIDE_SESSION,,,
2026-05-17T20:18:20.932003+00:00,btc_gold_dynamic_1_5,asset_hybrid,GOLD,,skip,insufficient_1m_candles,,,
2026-05-17T20:18:48.169599+00:00,btc_gold_dynamic_1_5,asset_hybrid,GOLD,,skip,insufficient_1m_candles,,,
2026-05-17T20:19:13.932044+00:00,btc_gold_dynamic_1_5,asset_hybrid,BTCUSD,2026-05-17T20:18:00+00:00,reject,OUTSIDE_SESSION,,,
2026-05-17T20:19:15.319314+00:00,btc_gold_dynamic_1_5,asset_hybrid,GOLD,,skip,insufficient_1m_candles,,,
2026-05-17T20:19:42.584571+00:00,btc_gold_dynamic_1_5,asset_hybrid,GOLD,,skip,insufficient_1m_candles,,,
2026-05-17T20:20:08.445839+00:00,btc_gold_dynamic_1_5,asset_hybrid,BTCUSD,2026-05-17T20:19:00+00:00,reject,OUTSIDE_SESSION,,,
2026-05-17T20:20:09.909352+00:00,btc_gold_dynamic_1_5,asset_hybrid,GOLD,,skip,insufficient_1m_candles,,,
2026-05-17T20:20:37.050922+00:00,btc_gold_dynamic_1_5,asset_hybrid,GOLD,,skip,insufficient_1m_candles,,,
2026-05-17T20:21:04.616370+00:00,btc_gold_dynamic_1_5,asset_hybrid,GOLD,,skip,insufficient_1m_candles,,,
2026-05-17T20:21:30.696093+00:00,btc_gold_dynamic_1_5,asset_hybrid,BTCUSD,2026-05-17T20:20:00+00:00,reject,OUTSIDE_SESSION,,,
2026-05-17T20:21:32.112524+00:00,btc_gold_dynamic_1_5,asset_hybrid,GOLD,,skip,insufficient_1m_candles,,,
2026-05-17T20:21:59.557395+00:00,btc_gold_dynamic_1_5,asset_hybrid,GOLD,,skip,insufficient_1m_candles,,,
2026-05-17T20:22:25.438481+00:00,btc_gold_dynamic_1_5,asset_hybrid,BTCUSD,2026-05-17T20:21:00+00:00,reject,OUTSIDE_SESSION,,,
2026-05-17T20:22:26.840541+00:00,btc_gold_dynamic_1_5,asset_hybrid,GOLD,,skip,insufficient_1m_candles,,,
2026-05-17T20:22:54.179237+00:00,btc_gold_dynamic_1_5,asset_hybrid,GOLD,,skip,insufficient_1m_candles,,,
2026-05-17T20:23:20.424350+00:00,btc_gold_dynamic_1_5,asset_hybrid,BTCUSD,2026-05-17T20:22:00+00:00,reject,OUTSIDE_SESSION,,,
2026-05-17T20:23:21.807732+00:00,btc_gold_dynamic_1_5,asset_hybrid,GOLD,,skip,insufficient_1m_candles,,,
2026-05-17T20:23:49.071632+00:00,btc_gold_dynamic_1_5,asset_hybrid,GOLD,,skip,insufficient_1m_candles,,,
2026-05-17T20:24:14.940626+00:00,btc_gold_dynamic_1_5,asset_hybrid,BTCUSD,2026-05-17T20:23:00+00:00,reject,OUTSIDE_SESSION,,,
2026-05-17T20:24:16.376943+00:00,btc_gold_dynamic_1_5,asset_hybrid,GOLD,,skip,insufficient_1m_candles,,,
2026-05-17T20:24:43.458842+00:00,btc_gold_dynamic_1_5,asset_hybrid,GOLD,,skip,insufficient_1m_candles,,,
2026-05-17T20:25:09.307046+00:00,btc_gold_dynamic_1_5,asset_hybrid,BTCUSD,2026-05-17T20:24:00+00:00,reject,OUTSIDE_SESSION,,,
2026-05-17T20:25:10.727026+00:00,btc_gold_dynamic_1_5,asset_hybrid,GOLD,,skip,insufficient_1m_candles,,,
2026-05-17T20:25:37.946585+00:00,btc_gold_dynamic_1_5,asset_hybrid,GOLD,,skip,insufficient_1m_candles,,,
2026-05-17T20:26:05.225974+00:00,btc_gold_dynamic_1_5,asset_hybrid,GOLD,,skip,insufficient_1m_candles,,,
2026-05-17T20:26:30.943450+00:00,btc_gold_dynamic_1_5,asset_hybrid,BTCUSD,2026-05-17T20:25:00+00:00,reject,OUTSIDE_SESSION,,,
2026-05-17T20:26:32.337256+00:00,btc_gold_dynamic_1_5,asset_hybrid,GOLD,,skip,insufficient_1m_candles,,,
2026-05-17T20:26:59.612828+00:00,btc_gold_dynamic_1_5,asset_hybrid,GOLD,,skip,insufficient_1m_candles,,,
2026-05-17T20:27:25.531445+00:00,btc_gold_dynamic_1_5,asset_hybrid,BTCUSD,2026-05-17T20:26:00+00:00,reject,OUTSIDE_SESSION,,,
2026-05-17T20:27:26.857021+00:00,btc_gold_dynamic_1_5,asset_hybrid,GOLD,,skip,insufficient_1m_candles,,,
2026-05-17T20:27:54.188710+00:00,btc_gold_dynamic_1_5,asset_hybrid,GOLD,,skip,insufficient_1m_candles,,,
2026-05-17T20:28:19.954964+00:00,btc_gold_dynamic_1_5,asset_hybrid,BTCUSD,2026-05-17T20:27:00+00:00,reject,OUTSIDE_SESSION,,,
2026-05-17T20:28:21.358404+00:00,btc_gold_dynamic_1_5,asset_hybrid,GOLD,,skip,insufficient_1m_candles,,,
2026-05-17T20:28:48.755764+00:00,btc_gold_dynamic_1_5,asset_hybrid,GOLD,,skip,insufficient_1m_candles,,,
2026-05-17T20:29:15.200732+00:00,btc_gold_dynamic_1_5,asset_hybrid,BTCUSD,2026-05-17T20:28:00+00:00,reject,OUTSIDE_SESSION,,,
2026-05-17T20:29:16.562497+00:00,btc_gold_dynamic_1_5,asset_hybrid,GOLD,,skip,insufficient_1m_candles,,,
2026-05-17T20:29:43.922703+00:00,btc_gold_dynamic_1_5,asset_hybrid,GOLD,,skip,insufficient_1m_candles,,,
2026-05-17T20:30:09.675723+00:00,btc_gold_dynamic_1_5,asset_hybrid,BTCUSD,2026-05-17T20:29:00+00:00,reject,OUTSIDE_SESSION,,,
2026-05-17T20:30:11.034580+00:00,btc_gold_dynamic_1_5,asset_hybrid,GOLD,,skip,insufficient_1m_candles,,,
2026-05-17T20:30:38.243953+00:00,btc_gold_dynamic_1_5,asset_hybrid,GOLD,,skip,insufficient_1m_candles,,,
2026-05-17T20:31:05.492395+00:00,btc_gold_dynamic_1_5,asset_hybrid,GOLD,,skip,insufficient_1m_candles,,,
2026-05-17T20:31:31.296472+00:00,btc_gold_dynamic_1_5,asset_hybrid,BTCUSD,2026-05-17T20:30:00+00:00,reject,OUTSIDE_SESSION,,,
2026-05-17T20:31:32.660006+00:00,btc_gold_dynamic_1_5,asset_hybrid,GOLD,,skip,insufficient_1m_candles,,,
2026-05-17T20:31:59.794021+00:00,btc_gold_dynamic_1_5,asset_hybrid,GOLD,,skip,insufficient_1m_candles,,,
2026-05-17T20:32:25.615409+00:00,btc_gold_dynamic_1_5,asset_hybrid,BTCUSD,2026-05-17T20:31:00+00:00,reject,OUTSIDE_SESSION,,,
2026-05-17T20:32:26.969834+00:00,btc_gold_dynamic_1_5,asset_hybrid,GOLD,,skip,insufficient_1m_candles,,,
2026-05-17T20:32:54.180952+00:00,btc_gold_dynamic_1_5,asset_hybrid,GOLD,,skip,insufficient_1m_candles,,,
2026-05-17T20:33:19.829296+00:00,btc_gold_dynamic_1_5,asset_hybrid,BTCUSD,2026-05-17T20:32:00+00:00,reject,OUTSIDE_SESSION,,,
2026-05-17T20:33:21.222809+00:00,btc_gold_dynamic_1_5,asset_hybrid,GOLD,,skip,insufficient_1m_candles,,,
2026-05-17T20:33:48.228402+00:00,btc_gold_dynamic_1_5,asset_hybrid,GOLD,,skip,insufficient_1m_candles,,,
2026-05-17T20:34:14.147707+00:00,btc_gold_dynamic_1_5,asset_hybrid,BTCUSD,2026-05-17T20:33:00+00:00,reject,OUTSIDE_SESSION,,,
2026-05-17T20:34:15.497349+00:00,btc_gold_dynamic_1_5,asset_hybrid,GOLD,,skip,insufficient_1m_candles,,,
2026-05-17T20:34:42.697230+00:00,btc_gold_dynamic_1_5,asset_hybrid,GOLD,,skip,insufficient_1m_candles,,,
2026-05-17T20:35:08.545249+00:00,btc_gold_dynamic_1_5,asset_hybrid,BTCUSD,2026-05-17T20:34:00+00:00,reject,OUTSIDE_SESSION,,,
2026-05-17T20:35:09.903719+00:00,btc_gold_dynamic_1_5,asset_hybrid,GOLD,,skip,insufficient_1m_candles,,,
2026-05-17T20:35:37.128497+00:00,btc_gold_dynamic_1_5,asset_hybrid,GOLD,,skip,insufficient_1m_candles,,,
2026-05-17T20:36:04.293720+00:00,btc_gold_dynamic_1_5,asset_hybrid,GOLD,,skip,insufficient_1m_candles,,,
2026-05-17T20:36:29.971094+00:00,btc_gold_dynamic_1_5,asset_hybrid,BTCUSD,2026-05-17T20:35:00+00:00,reject,OUTSIDE_SESSION,,,
2026-05-17T20:36:31.353975+00:00,btc_gold_dynamic_1_5,asset_hybrid,GOLD,,skip,insufficient_1m_candles,,,
2026-05-17T20:36:58.440042+00:00,btc_gold_dynamic_1_5,asset_hybrid,GOLD,,skip,insufficient_1m_candles,,,
2026-05-17T20:37:24.286827+00:00,btc_gold_dynamic_1_5,asset_hybrid,BTCUSD,2026-05-17T20:36:00+00:00,reject,OUTSIDE_SESSION,,,
2026-05-17T20:37:25.612797+00:00,btc_gold_dynamic_1_5,asset_hybrid,GOLD,,skip,insufficient_1m_candles,,,
2026-05-17T20:37:52.651941+00:00,btc_gold_dynamic_1_5,asset_hybrid,GOLD,,skip,insufficient_1m_candles,,,
2026-05-17T20:38:18.635481+00:00,btc_gold_dynamic_1_5,asset_hybrid,BTCUSD,2026-05-17T20:37:00+00:00,reject,OUTSIDE_SESSION,,,
2026-05-17T20:38:20.024597+00:00,btc_gold_dynamic_1_5,asset_hybrid,GOLD,,skip,insufficient_1m_candles,,,
2026-05-17T20:38:47.214617+00:00,btc_gold_dynamic_1_5,asset_hybrid,GOLD,,skip,insufficient_1m_candles,,,
2026-05-17T20:39:13.183425+00:00,btc_gold_dynamic_1_5,asset_hybrid,BTCUSD,2026-05-17T20:38:00+00:00,reject,OUTSIDE_SESSION,,,
2026-05-17T20:39:14.578324+00:00,btc_gold_dynamic_1_5,asset_hybrid,GOLD,,skip,insufficient_1m_candles,,,
2026-05-17T20:39:41.719787+00:00,btc_gold_dynamic_1_5,asset_hybrid,GOLD,,skip,insufficient_1m_candles,,,
2026-05-17T20:40:07.551862+00:00,btc_gold_dynamic_1_5,asset_hybrid,BTCUSD,2026-05-17T20:39:00+00:00,reject,OUTSIDE_SESSION,,,
2026-05-17T20:40:08.956762+00:00,btc_gold_dynamic_1_5,asset_hybrid,GOLD,,skip,insufficient_1m_candles,,,
2026-05-17T20:40:36.116547+00:00,btc_gold_dynamic_1_5,asset_hybrid,GOLD,,skip,insufficient_1m_candles,,,
2026-05-17T20:41:04.292652+00:00,btc_gold_dynamic_1_5,asset_hybrid,GOLD,,skip,insufficient_1m_candles,,,
2026-05-17T20:41:30.307857+00:00,btc_gold_dynamic_1_5,asset_hybrid,BTCUSD,2026-05-17T20:40:00+00:00,reject,OUTSIDE_SESSION,,,
2026-05-17T20:41:31.713506+00:00,btc_gold_dynamic_1_5,asset_hybrid,GOLD,,skip,insufficient_1m_candles,,,
2026-05-17T20:41:59.062657+00:00,btc_gold_dynamic_1_5,asset_hybrid,GOLD,,skip,insufficient_1m_candles,,,
2026-05-17T20:42:24.933933+00:00,btc_gold_dynamic_1_5,asset_hybrid,BTCUSD,2026-05-17T20:41:00+00:00,reject,OUTSIDE_SESSION,,,
2026-05-17T20:42:26.340891+00:00,btc_gold_dynamic_1_5,asset_hybrid,GOLD,,skip,insufficient_1m_candles,,,
2026-05-17T20:42:53.738691+00:00,btc_gold_dynamic_1_5,asset_hybrid,GOLD,,skip,insufficient_1m_candles,,,
2026-05-17T20:43:19.802607+00:00,btc_gold_dynamic_1_5,asset_hybrid,BTCUSD,2026-05-17T20:42:00+00:00,reject,OUTSIDE_SESSION,,,
2026-05-17T20:43:21.284637+00:00,btc_gold_dynamic_1_5,asset_hybrid,GOLD,,skip,insufficient_1m_candles,,,
2026-05-17T20:43:48.496981+00:00,btc_gold_dynamic_1_5,asset_hybrid,GOLD,,skip,insufficient_1m_candles,,,
2026-05-17T20:44:14.289904+00:00,btc_gold_dynamic_1_5,asset_hybrid,BTCUSD,2026-05-17T20:43:00+00:00,reject,OUTSIDE_SESSION,,,
2026-05-17T20:44:15.715570+00:00,btc_gold_dynamic_1_5,asset_hybrid,GOLD,,skip,insufficient_1m_candles,,,
2026-05-17T20:44:43.044991+00:00,btc_gold_dynamic_1_5,asset_hybrid,GOLD,,skip,insufficient_1m_candles,,,
2026-05-17T20:45:08.878045+00:00,btc_gold_dynamic_1_5,asset_hybrid,BTCUSD,2026-05-17T20:44:00+00:00,reject,OUTSIDE_SESSION,,,
2026-05-17T20:45:10.234735+00:00,btc_gold_dynamic_1_5,asset_hybrid,GOLD,,skip,insufficient_1m_candles,,,
2026-05-17T20:45:37.479359+00:00,btc_gold_dynamic_1_5,asset_hybrid,GOLD,,skip,insufficient_1m_candles,,,
2026-05-17T20:46:04.834633+00:00,btc_gold_dynamic_1_5,asset_hybrid,GOLD,,skip,insufficient_1m_candles,,,
2026-05-17T20:46:30.697875+00:00,btc_gold_dynamic_1_5,asset_hybrid,BTCUSD,2026-05-17T20:45:00+00:00,reject,OUTSIDE_SESSION,,,
2026-05-17T20:46:32.116780+00:00,btc_gold_dynamic_1_5,asset_hybrid,GOLD,,skip,insufficient_1m_candles,,,
2026-05-17T20:46:59.397760+00:00,btc_gold_dynamic_1_5,asset_hybrid,GOLD,,skip,insufficient_1m_candles,,,
2026-05-17T20:47:25.482024+00:00,btc_gold_dynamic_1_5,asset_hybrid,BTCUSD,2026-05-17T20:46:00+00:00,reject,OUTSIDE_SESSION,,,
2026-05-17T20:47:26.922892+00:00,btc_gold_dynamic_1_5,asset_hybrid,GOLD,,skip,insufficient_1m_candles,,,
2026-05-17T20:47:54.289466+00:00,btc_gold_dynamic_1_5,asset_hybrid,GOLD,,skip,insufficient_1m_candles,,,
2026-05-17T20:48:20.244460+00:00,btc_gold_dynamic_1_5,asset_hybrid,BTCUSD,2026-05-17T20:47:00+00:00,reject,OUTSIDE_SESSION,,,
2026-05-17T20:48:21.874367+00:00,btc_gold_dynamic_1_5,asset_hybrid,GOLD,,skip,insufficient_1m_candles,,,
2026-05-17T20:48:49.106593+00:00,btc_gold_dynamic_1_5,asset_hybrid,GOLD,,skip,insufficient_1m_candles,,,
2026-05-17T20:49:14.924178+00:00,btc_gold_dynamic_1_5,asset_hybrid,BTCUSD,2026-05-17T20:48:00+00:00,reject,OUTSIDE_SESSION,,,
2026-05-17T20:49:16.362658+00:00,btc_gold_dynamic_1_5,asset_hybrid,GOLD,,skip,insufficient_1m_candles,,,
2026-05-17T20:49:43.468094+00:00,btc_gold_dynamic_1_5,asset_hybrid,GOLD,,skip,insufficient_1m_candles,,,
2026-05-17T20:50:09.322505+00:00,btc_gold_dynamic_1_5,asset_hybrid,BTCUSD,2026-05-17T20:49:00+00:00,reject,OUTSIDE_SESSION,,,
2026-05-17T20:50:10.729279+00:00,btc_gold_dynamic_1_5,asset_hybrid,GOLD,,skip,insufficient_1m_candles,,,
2026-05-17T20:50:38.044719+00:00,btc_gold_dynamic_1_5,asset_hybrid,GOLD,,skip,insufficient_1m_candles,,,
2026-05-17T20:51:05.333243+00:00,btc_gold_dynamic_1_5,asset_hybrid,GOLD,,skip,insufficient_1m_candles,,,
2026-05-17T20:51:31.077765+00:00,btc_gold_dynamic_1_5,asset_hybrid,BTCUSD,2026-05-17T20:50:00+00:00,reject,OUTSIDE_SESSION,,,
2026-05-17T20:51:32.502146+00:00,btc_gold_dynamic_1_5,asset_hybrid,GOLD,,skip,insufficient_1m_candles,,,
2026-05-17T20:51:59.459752+00:00,btc_gold_dynamic_1_5,asset_hybrid,GOLD,,skip,insufficient_1m_candles,,,
2026-05-17T20:52:25.293777+00:00,btc_gold_dynamic_1_5,asset_hybrid,BTCUSD,2026-05-17T20:51:00+00:00,reject,OUTSIDE_SESSION,,,
2026-05-17T20:52:26.671848+00:00,btc_gold_dynamic_1_5,asset_hybrid,GOLD,,skip,insufficient_1m_candles,,,
2026-05-17T20:52:53.865749+00:00,btc_gold_dynamic_1_5,asset_hybrid,GOLD,,skip,insufficient_1m_candles,,,
2026-05-17T20:53:19.727322+00:00,btc_gold_dynamic_1_5,asset_hybrid,BTCUSD,2026-05-17T20:52:00+00:00,reject,OUTSIDE_SESSION,,,
2026-05-17T20:53:21.086355+00:00,btc_gold_dynamic_1_5,asset_hybrid,GOLD,,skip,insufficient_1m_candles,,,
2026-05-17T20:53:48.142110+00:00,btc_gold_dynamic_1_5,asset_hybrid,GOLD,,skip,insufficient_1m_candles,,,
2026-05-17T20:54:13.856321+00:00,btc_gold_dynamic_1_5,asset_hybrid,BTCUSD,2026-05-17T20:53:00+00:00,reject,OUTSIDE_SESSION,,,
2026-05-17T20:54:15.266994+00:00,btc_gold_dynamic_1_5,asset_hybrid,GOLD,,skip,insufficient_1m_candles,,,
2026-05-17T20:54:42.441731+00:00,btc_gold_dynamic_1_5,asset_hybrid,GOLD,,skip,insufficient_1m_candles,,,
2026-05-17T20:55:08.384581+00:00,btc_gold_dynamic_1_5,asset_hybrid,BTCUSD,2026-05-17T20:54:00+00:00,reject,OUTSIDE_SESSION,,,
2026-05-17T20:55:09.786146+00:00,btc_gold_dynamic_1_5,asset_hybrid,GOLD,,skip,insufficient_1m_candles,,,
2026-05-17T20:55:37.083332+00:00,btc_gold_dynamic_1_5,asset_hybrid,GOLD,,skip,insufficient_1m_candles,,,
2026-05-17T20:56:04.374200+00:00,btc_gold_dynamic_1_5,asset_hybrid,GOLD,,skip,insufficient_1m_candles,,,
2026-05-17T20:56:30.152862+00:00,btc_gold_dynamic_1_5,asset_hybrid,BTCUSD,2026-05-17T20:55:00+00:00,reject,OUTSIDE_SESSION,,,
2026-05-17T20:56:31.558091+00:00,btc_gold_dynamic_1_5,asset_hybrid,GOLD,,skip,insufficient_1m_candles,,,
2026-05-17T20:56:58.931062+00:00,btc_gold_dynamic_1_5,asset_hybrid,GOLD,,skip,insufficient_1m_candles,,,
2026-05-17T20:57:24.729934+00:00,btc_gold_dynamic_1_5,asset_hybrid,BTCUSD,2026-05-17T20:56:00+00:00,reject,OUTSIDE_SESSION,,,
2026-05-17T20:57:26.116850+00:00,btc_gold_dynamic_1_5,asset_hybrid,GOLD,,skip,insufficient_1m_candles,,,
2026-05-17T20:57:53.309377+00:00,btc_gold_dynamic_1_5,asset_hybrid,GOLD,,skip,insufficient_1m_candles,,,
2026-05-17T20:58:19.131649+00:00,btc_gold_dynamic_1_5,asset_hybrid,BTCUSD,2026-05-17T20:57:00+00:00,reject,OUTSIDE_SESSION,,,
2026-05-17T20:58:20.532501+00:00,btc_gold_dynamic_1_5,asset_hybrid,GOLD,,skip,insufficient_1m_candles,,,
2026-05-17T20:58:47.886932+00:00,btc_gold_dynamic_1_5,asset_hybrid,GOLD,,skip,insufficient_1m_candles,,,
2026-05-17T20:59:13.655442+00:00,btc_gold_dynamic_1_5,asset_hybrid,BTCUSD,2026-05-17T20:58:00+00:00,reject,OUTSIDE_SESSION,,,
2026-05-17T20:59:16.044829+00:00,btc_gold_dynamic_1_5,asset_hybrid,GOLD,,skip,insufficient_1m_candles,,,
2026-05-17T20:59:43.366906+00:00,btc_gold_dynamic_1_5,asset_hybrid,GOLD,,skip,insufficient_1m_candles,,,
2026-05-17T21:00:09.232445+00:00,btc_gold_dynamic_1_5,asset_hybrid,BTCUSD,2026-05-17T20:59:00+00:00,reject,OUTSIDE_SESSION,,,
2026-05-17T21:00:10.623049+00:00,btc_gold_dynamic_1_5,asset_hybrid,GOLD,,skip,insufficient_1m_candles,,,
2026-05-17T21:00:37.926594+00:00,btc_gold_dynamic_1_5,asset_hybrid,GOLD,,skip,insufficient_1m_candles,,,
2026-05-17T21:01:05.654738+00:00,btc_gold_dynamic_1_5,asset_hybrid,GOLD,,skip,insufficient_1m_candles,,,
2026-05-17T21:01:33.005859+00:00,btc_gold_dynamic_1_5,asset_hybrid,GOLD,,skip,insufficient_1m_candles,,,
2026-05-17T21:02:00.101364+00:00,btc_gold_dynamic_1_5,asset_hybrid,GOLD,,skip,insufficient_1m_candles,,,
2026-05-17T21:02:28.503777+00:00,btc_gold_dynamic_1_5,asset_hybrid,GOLD,,skip,insufficient_1m_candles,,,
2026-05-17T21:02:55.640209+00:00,btc_gold_dynamic_1_5,asset_hybrid,GOLD,,skip,insufficient_1m_candles,,,
2026-05-17T21:03:22.956320+00:00,btc_gold_dynamic_1_5,asset_hybrid,GOLD,,skip,insufficient_1m_candles,,,
2026-05-17T21:03:50.218259+00:00,btc_gold_dynamic_1_5,asset_hybrid,GOLD,,skip,insufficient_1m_candles,,,
2026-05-17T21:04:17.414434+00:00,btc_gold_dynamic_1_5,asset_hybrid,GOLD,,skip,insufficient_1m_candles,,,
2026-05-17T21:04:44.642392+00:00,btc_gold_dynamic_1_5,asset_hybrid,GOLD,,skip,insufficient_1m_candles,,,
2026-05-17T21:05:12.065693+00:00,btc_gold_dynamic_1_5,asset_hybrid,GOLD,,skip,insufficient_1m_candles,,,
2026-05-17T21:05:39.386397+00:00,btc_gold_dynamic_1_5,asset_hybrid,GOLD,,skip,insufficient_1m_candles,,,
2026-05-17T21:06:05.365124+00:00,btc_gold_dynamic_1_5,asset_hybrid,BTCUSD,2026-05-17T21:05:00+00:00,reject,OUTSIDE_SESSION,,,
2026-05-17T21:06:06.792326+00:00,btc_gold_dynamic_1_5,asset_hybrid,GOLD,,skip,insufficient_1m_candles,,,
2026-05-17T21:06:34.086944+00:00,btc_gold_dynamic_1_5,asset_hybrid,GOLD,,skip,insufficient_1m_candles,,,
2026-05-17T21:07:01.358259+00:00,btc_gold_dynamic_1_5,asset_hybrid,GOLD,,skip,insufficient_1m_candles,,,
2026-05-17T21:07:27.330197+00:00,btc_gold_dynamic_1_5,asset_hybrid,BTCUSD,2026-05-17T21:06:00+00:00,reject,OUTSIDE_SESSION,,,
2026-05-17T21:07:28.697770+00:00,btc_gold_dynamic_1_5,asset_hybrid,GOLD,,skip,insufficient_1m_candles,,,
2026-05-17T21:07:55.917418+00:00,btc_gold_dynamic_1_5,asset_hybrid,GOLD,,skip,insufficient_1m_candles,,,
2026-05-17T21:08:21.622037+00:00,btc_gold_dynamic_1_5,asset_hybrid,BTCUSD,2026-05-17T21:07:00+00:00,reject,OUTSIDE_SESSION,,,
2026-05-17T21:08:22.980533+00:00,btc_gold_dynamic_1_5,asset_hybrid,GOLD,,skip,insufficient_1m_candles,,,
2026-05-17T21:08:50.293709+00:00,btc_gold_dynamic_1_5,asset_hybrid,GOLD,,skip,insufficient_1m_candles,,,
2026-05-17T21:09:16.163387+00:00,btc_gold_dynamic_1_5,asset_hybrid,BTCUSD,2026-05-17T21:08:00+00:00,reject,OUTSIDE_SESSION,,,
2026-05-17T21:09:17.509892+00:00,btc_gold_dynamic_1_5,asset_hybrid,GOLD,,skip,insufficient_1m_candles,,,
2026-05-17T21:09:44.703878+00:00,btc_gold_dynamic_1_5,asset_hybrid,GOLD,,skip,insufficient_1m_candles,,,
2026-05-17T21:10:10.594931+00:00,btc_gold_dynamic_1_5,asset_hybrid,BTCUSD,2026-05-17T21:09:00+00:00,reject,OUTSIDE_SESSION,,,
2026-05-17T21:10:11.990824+00:00,btc_gold_dynamic_1_5,asset_hybrid,GOLD,,skip,insufficient_1m_candles,,,
2026-05-17T21:10:39.188885+00:00,btc_gold_dynamic_1_5,asset_hybrid,GOLD,,skip,insufficient_1m_candles,,,
2026-05-17T21:11:05.048111+00:00,btc_gold_dynamic_1_5,asset_hybrid,BTCUSD,2026-05-17T21:10:00+00:00,reject,OUTSIDE_SESSION,,,
2026-05-17T21:11:06.430953+00:00,btc_gold_dynamic_1_5,asset_hybrid,GOLD,,skip,insufficient_1m_candles,,,
2026-05-17T21:11:33.904306+00:00,btc_gold_dynamic_1_5,asset_hybrid,GOLD,,skip,insufficient_1m_candles,,,
2026-05-17T21:12:01.025446+00:00,btc_gold_dynamic_1_5,asset_hybrid,GOLD,,skip,insufficient_1m_candles,,,
2026-05-17T21:12:27.007028+00:00,btc_gold_dynamic_1_5,asset_hybrid,BTCUSD,2026-05-17T21:11:00+00:00,reject,OUTSIDE_SESSION,,,
2026-05-17T21:12:28.391000+00:00,btc_gold_dynamic_1_5,asset_hybrid,GOLD,,skip,insufficient_1m_candles,,,
2026-05-17T21:12:55.693185+00:00,btc_gold_dynamic_1_5,asset_hybrid,GOLD,,skip,insufficient_1m_candles,,,
2026-05-17T21:13:21.551150+00:00,btc_gold_dynamic_1_5,asset_hybrid,BTCUSD,2026-05-17T21:12:00+00:00,reject,OUTSIDE_SESSION,,,
2026-05-17T21:13:22.952134+00:00,btc_gold_dynamic_1_5,asset_hybrid,GOLD,,skip,insufficient_1m_candles,,,
2026-05-17T21:13:50.157302+00:00,btc_gold_dynamic_1_5,asset_hybrid,GOLD,,skip,insufficient_1m_candles,,,
2026-05-17T21:14:16.013205+00:00,btc_gold_dynamic_1_5,asset_hybrid,BTCUSD,2026-05-17T21:13:00+00:00,reject,OUTSIDE_SESSION,,,
2026-05-17T21:14:17.399096+00:00,btc_gold_dynamic_1_5,asset_hybrid,GOLD,,skip,insufficient_1m_candles,,,
2026-05-17T21:14:44.581828+00:00,btc_gold_dynamic_1_5,asset_hybrid,GOLD,,skip,insufficient_1m_candles,,,
2026-05-17T21:15:10.451297+00:00,btc_gold_dynamic_1_5,asset_hybrid,BTCUSD,2026-05-17T21:14:00+00:00,reject,OUTSIDE_SESSION,,,
2026-05-17T21:15:11.872109+00:00,btc_gold_dynamic_1_5,asset_hybrid,GOLD,,skip,insufficient_1m_candles,,,
2026-05-17T21:15:39.654409+00:00,btc_gold_dynamic_1_5,asset_hybrid,GOLD,,skip,insufficient_1m_candles,,,
2026-05-17T21:16:05.434937+00:00,btc_gold_dynamic_1_5,asset_hybrid,BTCUSD,2026-05-17T21:15:00+00:00,reject,OUTSIDE_SESSION,,,
2026-05-17T21:16:06.806487+00:00,btc_gold_dynamic_1_5,asset_hybrid,GOLD,,skip,insufficient_1m_candles,,,
2026-05-17T21:16:34.096632+00:00,btc_gold_dynamic_1_5,asset_hybrid,GOLD,,skip,insufficient_1m_candles,,,
2026-05-17T21:17:01.193218+00:00,btc_gold_dynamic_1_5,asset_hybrid,GOLD,,skip,insufficient_1m_candles,,,
2026-05-17T21:17:27.006712+00:00,btc_gold_dynamic_1_5,asset_hybrid,BTCUSD,2026-05-17T21:16:00+00:00,reject,OUTSIDE_SESSION,,,
2026-05-17T21:17:28.383420+00:00,btc_gold_dynamic_1_5,asset_hybrid,GOLD,,skip,insufficient_1m_candles,,,
2026-05-17T21:17:55.449638+00:00,btc_gold_dynamic_1_5,asset_hybrid,GOLD,,skip,insufficient_1m_candles,,,
2026-05-17T21:18:21.245457+00:00,btc_gold_dynamic_1_5,asset_hybrid,BTCUSD,2026-05-17T21:17:00+00:00,reject,OUTSIDE_SESSION,,,
2026-05-17T21:18:22.667570+00:00,btc_gold_dynamic_1_5,asset_hybrid,GOLD,,skip,insufficient_1m_candles,,,
2026-05-17T21:18:49.794087+00:00,btc_gold_dynamic_1_5,asset_hybrid,GOLD,,skip,insufficient_1m_candles,,,
2026-05-17T21:19:15.724999+00:00,btc_gold_dynamic_1_5,asset_hybrid,BTCUSD,2026-05-17T21:18:00+00:00,reject,OUTSIDE_SESSION,,,
2026-05-17T21:19:17.079122+00:00,btc_gold_dynamic_1_5,asset_hybrid,GOLD,,skip,insufficient_1m_candles,,,
2026-05-17T21:19:44.361731+00:00,btc_gold_dynamic_1_5,asset_hybrid,GOLD,,skip,insufficient_1m_candles,,,
2026-05-17T21:20:10.307043+00:00,btc_gold_dynamic_1_5,asset_hybrid,BTCUSD,2026-05-17T21:19:00+00:00,reject,OUTSIDE_SESSION,,,
2026-05-17T21:20:11.888204+00:00,btc_gold_dynamic_1_5,asset_hybrid,GOLD,,skip,insufficient_1m_candles,,,
2026-05-17T21:20:38.896762+00:00,btc_gold_dynamic_1_5,asset_hybrid,GOLD,,skip,insufficient_1m_candles,,,
2026-05-17T21:21:04.742928+00:00,btc_gold_dynamic_1_5,asset_hybrid,BTCUSD,2026-05-17T21:20:00+00:00,reject,OUTSIDE_SESSION,,,
2026-05-17T21:21:06.509451+00:00,btc_gold_dynamic_1_5,asset_hybrid,GOLD,,skip,insufficient_1m_candles,,,
2026-05-17T21:21:33.603470+00:00,btc_gold_dynamic_1_5,asset_hybrid,GOLD,,skip,insufficient_1m_candles,,,
2026-05-17T21:22:00.834960+00:00,btc_gold_dynamic_1_5,asset_hybrid,GOLD,,skip,insufficient_1m_candles,,,
2026-05-17T21:22:26.710716+00:00,btc_gold_dynamic_1_5,asset_hybrid,BTCUSD,2026-05-17T21:21:00+00:00,reject,OUTSIDE_SESSION,,,
2026-05-17T21:22:28.075866+00:00,btc_gold_dynamic_1_5,asset_hybrid,GOLD,,skip,insufficient_1m_candles,,,
2026-05-17T21:22:55.375035+00:00,btc_gold_dynamic_1_5,asset_hybrid,GOLD,,skip,insufficient_1m_candles,,,
2026-05-17T21:23:21.249119+00:00,btc_gold_dynamic_1_5,asset_hybrid,BTCUSD,2026-05-17T21:22:00+00:00,reject,OUTSIDE_SESSION,,,
2026-05-17T21:23:22.681966+00:00,btc_gold_dynamic_1_5,asset_hybrid,GOLD,,skip,insufficient_1m_candles,,,
2026-05-17T21:23:49.814512+00:00,btc_gold_dynamic_1_5,asset_hybrid,GOLD,,skip,insufficient_1m_candles,,,
2026-05-17T21:24:15.642344+00:00,btc_gold_dynamic_1_5,asset_hybrid,BTCUSD,2026-05-17T21:23:00+00:00,reject,OUTSIDE_SESSION,,,
2026-05-17T21:24:17.048435+00:00,btc_gold_dynamic_1_5,asset_hybrid,GOLD,,skip,insufficient_1m_candles,,,
2026-05-17T21:24:44.217950+00:00,btc_gold_dynamic_1_5,asset_hybrid,GOLD,,skip,insufficient_1m_candles,,,
2026-05-17T21:25:10.076287+00:00,btc_gold_dynamic_1_5,asset_hybrid,BTCUSD,2026-05-17T21:24:00+00:00,reject,OUTSIDE_SESSION,,,
2026-05-17T21:25:11.451800+00:00,btc_gold_dynamic_1_5,asset_hybrid,GOLD,,skip,insufficient_1m_candles,,,
2026-05-17T21:25:38.852356+00:00,btc_gold_dynamic_1_5,asset_hybrid,GOLD,,skip,insufficient_1m_candles,,,
2026-05-17T21:26:04.752679+00:00,btc_gold_dynamic_1_5,asset_hybrid,BTCUSD,2026-05-17T21:25:00+00:00,reject,OUTSIDE_SESSION,,,
2026-05-17T21:26:06.132801+00:00,btc_gold_dynamic_1_5,asset_hybrid,GOLD,,skip,insufficient_1m_candles,,,
2026-05-17T21:26:33.294558+00:00,btc_gold_dynamic_1_5,asset_hybrid,GOLD,,skip,insufficient_1m_candles,,,
2026-05-17T21:27:00.575188+00:00,btc_gold_dynamic_1_5,asset_hybrid,GOLD,,skip,insufficient_1m_candles,,,
2026-05-17T21:27:26.526870+00:00,btc_gold_dynamic_1_5,asset_hybrid,BTCUSD,2026-05-17T21:26:00+00:00,reject,OUTSIDE_SESSION,,,
2026-05-17T21:27:27.907209+00:00,btc_gold_dynamic_1_5,asset_hybrid,GOLD,,skip,insufficient_1m_candles,,,
2026-05-17T21:27:55.125246+00:00,btc_gold_dynamic_1_5,asset_hybrid,GOLD,,skip,insufficient_1m_candles,,,
2026-05-17T21:28:20.942990+00:00,btc_gold_dynamic_1_5,asset_hybrid,BTCUSD,2026-05-17T21:27:00+00:00,reject,OUTSIDE_SESSION,,,
2026-05-17T21:28:22.302696+00:00,btc_gold_dynamic_1_5,asset_hybrid,GOLD,,skip,insufficient_1m_candles,,,
2026-05-17T21:28:49.586542+00:00,btc_gold_dynamic_1_5,asset_hybrid,GOLD,,skip,insufficient_1m_candles,,,
2026-05-17T21:29:15.955860+00:00,btc_gold_dynamic_1_5,asset_hybrid,BTCUSD,2026-05-17T21:28:00+00:00,reject,OUTSIDE_SESSION,,,
2026-05-17T21:29:17.336849+00:00,btc_gold_dynamic_1_5,asset_hybrid,GOLD,,skip,insufficient_1m_candles,,,
2026-05-17T21:29:44.589182+00:00,btc_gold_dynamic_1_5,asset_hybrid,GOLD,,skip,insufficient_1m_candles,,,
2026-05-17T21:30:10.433584+00:00,btc_gold_dynamic_1_5,asset_hybrid,BTCUSD,2026-05-17T21:29:00+00:00,reject,OUTSIDE_SESSION,,,
2026-05-17T21:30:11.867200+00:00,btc_gold_dynamic_1_5,asset_hybrid,GOLD,,skip,insufficient_1m_candles,,,
2026-05-17T21:30:39.239601+00:00,btc_gold_dynamic_1_5,asset_hybrid,GOLD,,skip,insufficient_1m_candles,,,
2026-05-17T21:31:05.743082+00:00,btc_gold_dynamic_1_5,asset_hybrid,BTCUSD,2026-05-17T21:30:00+00:00,reject,OUTSIDE_SESSION,,,
2026-05-17T21:31:07.148746+00:00,btc_gold_dynamic_1_5,asset_hybrid,GOLD,,skip,insufficient_1m_candles,,,
2026-05-17T21:31:35.778355+00:00,btc_gold_dynamic_1_5,asset_hybrid,GOLD,,skip,insufficient_1m_candles,,,
2026-05-17T21:32:03.169389+00:00,btc_gold_dynamic_1_5,asset_hybrid,GOLD,,skip,insufficient_1m_candles,,,
2026-05-17T21:32:29.240031+00:00,btc_gold_dynamic_1_5,asset_hybrid,BTCUSD,2026-05-17T21:31:00+00:00,reject,OUTSIDE_SESSION,,,
2026-05-17T21:32:30.644851+00:00,btc_gold_dynamic_1_5,asset_hybrid,GOLD,,skip,insufficient_1m_candles,,,
2026-05-17T21:32:57.885213+00:00,btc_gold_dynamic_1_5,asset_hybrid,GOLD,,skip,insufficient_1m_candles,,,
2026-05-17T21:33:23.929547+00:00,btc_gold_dynamic_1_5,asset_hybrid,BTCUSD,2026-05-17T21:32:00+00:00,reject,OUTSIDE_SESSION,,,
2026-05-17T21:33:25.435018+00:00,btc_gold_dynamic_1_5,asset_hybrid,GOLD,,skip,insufficient_1m_candles,,,
2026-05-17T21:33:52.671521+00:00,btc_gold_dynamic_1_5,asset_hybrid,GOLD,,skip,insufficient_1m_candles,,,
2026-05-17T21:34:18.549307+00:00,btc_gold_dynamic_1_5,asset_hybrid,BTCUSD,2026-05-17T21:33:00+00:00,reject,OUTSIDE_SESSION,,,
2026-05-17T21:34:19.910704+00:00,btc_gold_dynamic_1_5,asset_hybrid,GOLD,,skip,insufficient_1m_candles,,,
2026-05-17T21:34:47.021916+00:00,btc_gold_dynamic_1_5,asset_hybrid,GOLD,,skip,insufficient_1m_candles,,,
2026-05-17T21:35:12.821229+00:00,btc_gold_dynamic_1_5,asset_hybrid,BTCUSD,2026-05-17T21:34:00+00:00,reject,OUTSIDE_SESSION,,,
2026-05-17T21:35:14.233130+00:00,btc_gold_dynamic_1_5,asset_hybrid,GOLD,,skip,insufficient_1m_candles,,,
2026-05-17T21:35:41.443301+00:00,btc_gold_dynamic_1_5,asset_hybrid,GOLD,,skip,insufficient_1m_candles,,,
2026-05-17T21:36:07.272611+00:00,btc_gold_dynamic_1_5,asset_hybrid,BTCUSD,2026-05-17T21:35:00+00:00,reject,OUTSIDE_SESSION,,,
2026-05-17T21:36:08.668473+00:00,btc_gold_dynamic_1_5,asset_hybrid,GOLD,,skip,insufficient_1m_candles,,,
2026-05-17T21:36:35.845644+00:00,btc_gold_dynamic_1_5,asset_hybrid,GOLD,,skip,insufficient_1m_candles,,,
2026-05-17T21:37:03.036827+00:00,btc_gold_dynamic_1_5,asset_hybrid,GOLD,,skip,insufficient_1m_candles,,,
2026-05-17T21:37:28.983239+00:00,btc_gold_dynamic_1_5,asset_hybrid,BTCUSD,2026-05-17T21:36:00+00:00,reject,OUTSIDE_SESSION,,,
2026-05-17T21:37:30.360682+00:00,btc_gold_dynamic_1_5,asset_hybrid,GOLD,,skip,insufficient_1m_candles,,,
2026-05-17T21:37:57.493189+00:00,btc_gold_dynamic_1_5,asset_hybrid,GOLD,,skip,insufficient_1m_candles,,,
2026-05-17T21:38:23.240849+00:00,btc_gold_dynamic_1_5,asset_hybrid,BTCUSD,2026-05-17T21:37:00+00:00,reject,OUTSIDE_SESSION,,,
2026-05-17T21:38:24.624807+00:00,btc_gold_dynamic_1_5,asset_hybrid,GOLD,,skip,insufficient_1m_candles,,,
2026-05-17T21:38:51.945044+00:00,btc_gold_dynamic_1_5,asset_hybrid,GOLD,,skip,insufficient_1m_candles,,,
2026-05-17T21:39:17.826435+00:00,btc_gold_dynamic_1_5,asset_hybrid,BTCUSD,2026-05-17T21:38:00+00:00,reject,OUTSIDE_SESSION,,,
2026-05-17T21:39:19.189480+00:00,btc_gold_dynamic_1_5,asset_hybrid,GOLD,,skip,insufficient_1m_candles,,,
2026-05-17T21:39:46.440191+00:00,btc_gold_dynamic_1_5,asset_hybrid,GOLD,,skip,insufficient_1m_candles,,,
2026-05-17T21:40:14.172140+00:00,btc_gold_dynamic_1_5,asset_hybrid,BTCUSD,2026-05-17T21:39:00+00:00,reject,OUTSIDE_SESSION,,,
2026-05-17T21:40:15.559275+00:00,btc_gold_dynamic_1_5,asset_hybrid,GOLD,,skip,insufficient_1m_candles,,,
2026-05-17T21:40:43.137489+00:00,btc_gold_dynamic_1_5,asset_hybrid,GOLD,,skip,insufficient_1m_candles,,,
2026-05-17T21:41:09.259507+00:00,btc_gold_dynamic_1_5,asset_hybrid,BTCUSD,2026-05-17T21:40:00+00:00,reject,OUTSIDE_SESSION,,,
2026-05-17T21:41:10.692863+00:00,btc_gold_dynamic_1_5,asset_hybrid,GOLD,,skip,insufficient_1m_candles,,,
2026-05-17T21:41:37.961952+00:00,btc_gold_dynamic_1_5,asset_hybrid,GOLD,,skip,insufficient_1m_candles,,,
2026-05-17T21:42:05.270776+00:00,btc_gold_dynamic_1_5,asset_hybrid,GOLD,,skip,insufficient_1m_candles,,,
2026-05-17T21:42:31.045866+00:00,btc_gold_dynamic_1_5,asset_hybrid,BTCUSD,2026-05-17T21:41:00+00:00,reject,OUTSIDE_SESSION,,,
2026-05-17T21:42:32.441112+00:00,btc_gold_dynamic_1_5,asset_hybrid,GOLD,,skip,insufficient_1m_candles,,,
2026-05-17T21:42:59.613408+00:00,btc_gold_dynamic_1_5,asset_hybrid,GOLD,,skip,insufficient_1m_candles,,,
2026-05-17T21:43:25.556235+00:00,btc_gold_dynamic_1_5,asset_hybrid,BTCUSD,2026-05-17T21:42:00+00:00,reject,OUTSIDE_SESSION,,,
2026-05-17T21:43:26.909073+00:00,btc_gold_dynamic_1_5,asset_hybrid,GOLD,,skip,insufficient_1m_candles,,,
2026-05-17T21:43:54.096906+00:00,btc_gold_dynamic_1_5,asset_hybrid,GOLD,,skip,insufficient_1m_candles,,,
2026-05-17T21:44:19.957513+00:00,btc_gold_dynamic_1_5,asset_hybrid,BTCUSD,2026-05-17T21:43:00+00:00,reject,OUTSIDE_SESSION,,,
2026-05-17T21:44:21.371462+00:00,btc_gold_dynamic_1_5,asset_hybrid,GOLD,,skip,insufficient_1m_candles,,,
2026-05-17T21:44:48.580740+00:00,btc_gold_dynamic_1_5,asset_hybrid,GOLD,,skip,insufficient_1m_candles,,,
2026-05-17T21:45:14.448397+00:00,btc_gold_dynamic_1_5,asset_hybrid,BTCUSD,2026-05-17T21:44:00+00:00,reject,OUTSIDE_SESSION,,,
2026-05-17T21:45:15.862320+00:00,btc_gold_dynamic_1_5,asset_hybrid,GOLD,,skip,insufficient_1m_candles,,,
2026-05-17T21:45:43.087106+00:00,btc_gold_dynamic_1_5,asset_hybrid,GOLD,,skip,insufficient_1m_candles,,,
2026-05-17T21:46:08.846316+00:00,btc_gold_dynamic_1_5,asset_hybrid,BTCUSD,2026-05-17T21:45:00+00:00,reject,OUTSIDE_SESSION,,,
2026-05-17T21:46:10.222569+00:00,btc_gold_dynamic_1_5,asset_hybrid,GOLD,,skip,insufficient_1m_candles,,,
2026-05-17T21:46:37.518529+00:00,btc_gold_dynamic_1_5,asset_hybrid,GOLD,,skip,insufficient_1m_candles,,,
2026-05-17T21:47:04.747754+00:00,btc_gold_dynamic_1_5,asset_hybrid,GOLD,,skip,insufficient_1m_candles,,,
2026-05-17T21:47:30.609826+00:00,btc_gold_dynamic_1_5,asset_hybrid,BTCUSD,2026-05-17T21:46:00+00:00,reject,OUTSIDE_SESSION,,,
2026-05-17T21:47:31.985284+00:00,btc_gold_dynamic_1_5,asset_hybrid,GOLD,,skip,insufficient_1m_candles,,,
2026-05-17T21:47:59.267327+00:00,btc_gold_dynamic_1_5,asset_hybrid,GOLD,,skip,insufficient_1m_candles,,,
2026-05-17T21:48:25.219892+00:00,btc_gold_dynamic_1_5,asset_hybrid,BTCUSD,2026-05-17T21:47:00+00:00,reject,OUTSIDE_SESSION,,,
2026-05-17T21:48:26.669155+00:00,btc_gold_dynamic_1_5,asset_hybrid,GOLD,,skip,insufficient_1m_candles,,,
2026-05-17T21:48:54.014036+00:00,btc_gold_dynamic_1_5,asset_hybrid,GOLD,,skip,insufficient_1m_candles,,,
2026-05-17T21:49:19.806955+00:00,btc_gold_dynamic_1_5,asset_hybrid,BTCUSD,2026-05-17T21:48:00+00:00,reject,OUTSIDE_SESSION,,,
2026-05-17T21:49:21.163636+00:00,btc_gold_dynamic_1_5,asset_hybrid,GOLD,,skip,insufficient_1m_candles,,,
2026-05-17T21:49:48.416098+00:00,btc_gold_dynamic_1_5,asset_hybrid,GOLD,,skip,insufficient_1m_candles,,,
2026-05-17T21:50:14.236432+00:00,btc_gold_dynamic_1_5,asset_hybrid,BTCUSD,2026-05-17T21:49:00+00:00,reject,OUTSIDE_SESSION,,,
2026-05-17T21:50:15.593987+00:00,btc_gold_dynamic_1_5,asset_hybrid,GOLD,,skip,insufficient_1m_candles,,,
2026-05-17T21:50:43.331102+00:00,btc_gold_dynamic_1_5,asset_hybrid,GOLD,,skip,insufficient_1m_candles,,,
2026-05-17T21:51:09.015152+00:00,btc_gold_dynamic_1_5,asset_hybrid,BTCUSD,2026-05-17T21:50:00+00:00,reject,OUTSIDE_SESSION,,,
2026-05-17T21:51:10.397163+00:00,btc_gold_dynamic_1_5,asset_hybrid,GOLD,,skip,insufficient_1m_candles,,,
2026-05-17T21:51:37.672078+00:00,btc_gold_dynamic_1_5,asset_hybrid,GOLD,,skip,insufficient_1m_candles,,,
2026-05-17T21:52:04.855551+00:00,btc_gold_dynamic_1_5,asset_hybrid,GOLD,,skip,insufficient_1m_candles,,,
2026-05-17T21:52:30.625756+00:00,btc_gold_dynamic_1_5,asset_hybrid,BTCUSD,2026-05-17T21:51:00+00:00,reject,OUTSIDE_SESSION,,,
2026-05-17T21:52:31.987609+00:00,btc_gold_dynamic_1_5,asset_hybrid,GOLD,,skip,insufficient_1m_candles,,,
2026-05-17T21:52:59.142427+00:00,btc_gold_dynamic_1_5,asset_hybrid,GOLD,,skip,insufficient_1m_candles,,,
2026-05-17T21:53:24.836436+00:00,btc_gold_dynamic_1_5,asset_hybrid,BTCUSD,2026-05-17T21:52:00+00:00,reject,OUTSIDE_SESSION,,,
2026-05-17T21:53:26.239030+00:00,btc_gold_dynamic_1_5,asset_hybrid,GOLD,,skip,insufficient_1m_candles,,,
2026-05-17T21:53:53.300399+00:00,btc_gold_dynamic_1_5,asset_hybrid,GOLD,,skip,insufficient_1m_candles,,,
2026-05-17T21:54:19.055232+00:00,btc_gold_dynamic_1_5,asset_hybrid,BTCUSD,2026-05-17T21:53:00+00:00,reject,OUTSIDE_SESSION,,,
2026-05-17T21:54:20.446582+00:00,btc_gold_dynamic_1_5,asset_hybrid,GOLD,,skip,insufficient_1m_candles,,,
2026-05-17T21:54:47.446602+00:00,btc_gold_dynamic_1_5,asset_hybrid,GOLD,,skip,insufficient_1m_candles,,,
2026-05-17T21:55:13.169823+00:00,btc_gold_dynamic_1_5,asset_hybrid,BTCUSD,2026-05-17T21:54:00+00:00,reject,OUTSIDE_SESSION,,,
2026-05-17T21:55:14.518352+00:00,btc_gold_dynamic_1_5,asset_hybrid,GOLD,,skip,insufficient_1m_candles,,,
2026-05-17T21:55:41.483235+00:00,btc_gold_dynamic_1_5,asset_hybrid,GOLD,,skip,insufficient_1m_candles,,,
2026-05-17T21:56:07.277316+00:00,btc_gold_dynamic_1_5,asset_hybrid,BTCUSD,2026-05-17T21:55:00+00:00,reject,OUTSIDE_SESSION,,,
2026-05-17T21:56:08.653762+00:00,btc_gold_dynamic_1_5,asset_hybrid,GOLD,,skip,insufficient_1m_candles,,,
2026-05-17T21:56:35.893726+00:00,btc_gold_dynamic_1_5,asset_hybrid,GOLD,,skip,insufficient_1m_candles,,,
2026-05-17T21:57:03.062488+00:00,btc_gold_dynamic_1_5,asset_hybrid,GOLD,,skip,insufficient_1m_candles,,,
2026-05-17T21:57:28.856919+00:00,btc_gold_dynamic_1_5,asset_hybrid,BTCUSD,2026-05-17T21:56:00+00:00,reject,OUTSIDE_SESSION,,,
2026-05-17T21:57:30.237621+00:00,btc_gold_dynamic_1_5,asset_hybrid,GOLD,,skip,insufficient_1m_candles,,,
2026-05-17T21:57:58.213559+00:00,btc_gold_dynamic_1_5,asset_hybrid,GOLD,,skip,insufficient_1m_candles,,,
2026-05-17T21:58:24.077715+00:00,btc_gold_dynamic_1_5,asset_hybrid,BTCUSD,2026-05-17T21:57:00+00:00,reject,OUTSIDE_SESSION,,,
2026-05-17T21:58:25.470012+00:00,btc_gold_dynamic_1_5,asset_hybrid,GOLD,,skip,insufficient_1m_candles,,,
2026-05-17T21:58:52.595945+00:00,btc_gold_dynamic_1_5,asset_hybrid,GOLD,,skip,insufficient_1m_candles,,,
2026-05-17T21:59:18.442699+00:00,btc_gold_dynamic_1_5,asset_hybrid,BTCUSD,2026-05-17T21:58:00+00:00,reject,OUTSIDE_SESSION,,,
2026-05-17T21:59:19.814737+00:00,btc_gold_dynamic_1_5,asset_hybrid,GOLD,,skip,insufficient_1m_candles,,,
2026-05-17T21:59:47.013832+00:00,btc_gold_dynamic_1_5,asset_hybrid,GOLD,,skip,insufficient_1m_candles,,,
2026-05-17T22:00:12.941644+00:00,btc_gold_dynamic_1_5,asset_hybrid,BTCUSD,2026-05-17T21:59:00+00:00,reject,OUTSIDE_SESSION,,,
2026-05-17T22:00:14.383474+00:00,btc_gold_dynamic_1_5,asset_hybrid,GOLD,,skip,insufficient_1m_candles,,,
2026-05-17T22:00:42.412337+00:00,btc_gold_dynamic_1_5,asset_hybrid,GOLD,,skip,insufficient_1m_candles,,,
2026-05-17T22:01:09.337471+00:00,btc_gold_dynamic_1_5,asset_hybrid,BTCUSD,2026-05-17T22:00:00+00:00,reject,OUTSIDE_SESSION,,,
2026-05-17T22:01:10.815217+00:00,btc_gold_dynamic_1_5,asset_hybrid,GOLD,,skip,insufficient_1m_candles,,,
2026-05-17T22:01:38.408277+00:00,btc_gold_dynamic_1_5,asset_hybrid,GOLD,,skip,insufficient_1m_candles,,,
2026-05-17T22:02:05.713252+00:00,btc_gold_dynamic_1_5,asset_hybrid,GOLD,,skip,insufficient_1m_candles,,,
2026-05-17T22:02:31.525338+00:00,btc_gold_dynamic_1_5,asset_hybrid,BTCUSD,2026-05-17T22:01:00+00:00,reject,OUTSIDE_SESSION,,,
2026-05-17T22:02:32.930857+00:00,btc_gold_dynamic_1_5,asset_hybrid,GOLD,,skip,insufficient_1m_candles,,,
2026-05-17T22:02:59.979024+00:00,btc_gold_dynamic_1_5,asset_hybrid,GOLD,,skip,insufficient_1m_candles,,,
2026-05-17T22:03:25.688546+00:00,btc_gold_dynamic_1_5,asset_hybrid,BTCUSD,2026-05-17T22:02:00+00:00,reject,OUTSIDE_SESSION,,,
2026-05-17T22:03:27.129190+00:00,btc_gold_dynamic_1_5,asset_hybrid,GOLD,,skip,insufficient_1m_candles,,,
2026-05-17T22:03:54.379066+00:00,btc_gold_dynamic_1_5,asset_hybrid,GOLD,,skip,insufficient_1m_candles,,,
2026-05-17T22:04:20.047260+00:00,btc_gold_dynamic_1_5,asset_hybrid,BTCUSD,2026-05-17T22:03:00+00:00,reject,OUTSIDE_SESSION,,,
2026-05-17T22:04:21.484974+00:00,btc_gold_dynamic_1_5,asset_hybrid,GOLD,,skip,insufficient_1m_candles,,,
2026-05-17T22:04:48.593476+00:00,btc_gold_dynamic_1_5,asset_hybrid,GOLD,,skip,insufficient_1m_candles,,,
2026-05-17T22:05:14.508322+00:00,btc_gold_dynamic_1_5,asset_hybrid,BTCUSD,2026-05-17T22:04:00+00:00,reject,OUTSIDE_SESSION,,,
2026-05-17T22:05:15.901799+00:00,btc_gold_dynamic_1_5,asset_hybrid,GOLD,,skip,insufficient_1m_candles,,,
2026-05-17T22:05:43.172843+00:00,btc_gold_dynamic_1_5,asset_hybrid,GOLD,,skip,insufficient_1m_candles,,,
2026-05-17T22:06:09.105352+00:00,btc_gold_dynamic_1_5,asset_hybrid,BTCUSD,2026-05-17T22:05:00+00:00,reject,OUTSIDE_SESSION,,,
2026-05-17T22:06:10.527798+00:00,btc_gold_dynamic_1_5,asset_hybrid,GOLD,,skip,insufficient_1m_candles,,,
2026-05-17T22:06:37.757040+00:00,btc_gold_dynamic_1_5,asset_hybrid,GOLD,,skip,insufficient_1m_candles,,,
2026-05-17T22:07:04.891277+00:00,btc_gold_dynamic_1_5,asset_hybrid,GOLD,,skip,insufficient_1m_candles,,,
2026-05-17T22:07:30.659464+00:00,btc_gold_dynamic_1_5,asset_hybrid,BTCUSD,2026-05-17T22:06:00+00:00,reject,OUTSIDE_SESSION,,,
2026-05-17T22:07:32.077507+00:00,btc_gold_dynamic_1_5,asset_hybrid,GOLD,,skip,insufficient_1m_candles,,,
2026-05-17T22:07:59.318717+00:00,btc_gold_dynamic_1_5,asset_hybrid,GOLD,,skip,insufficient_1m_candles,,,
2026-05-17T22:08:24.941049+00:00,btc_gold_dynamic_1_5,asset_hybrid,BTCUSD,2026-05-17T22:07:00+00:00,reject,OUTSIDE_SESSION,,,
2026-05-17T22:08:26.436384+00:00,btc_gold_dynamic_1_5,asset_hybrid,GOLD,,skip,insufficient_1m_candles,,,
2026-05-17T22:08:53.532771+00:00,btc_gold_dynamic_1_5,asset_hybrid,GOLD,,skip,insufficient_1m_candles,,,
2026-05-17T22:09:19.244479+00:00,btc_gold_dynamic_1_5,asset_hybrid,BTCUSD,2026-05-17T22:08:00+00:00,reject,OUTSIDE_SESSION,,,
2026-05-17T22:09:20.682412+00:00,btc_gold_dynamic_1_5,asset_hybrid,GOLD,,skip,insufficient_1m_candles,,,
2026-05-17T22:09:47.831189+00:00,btc_gold_dynamic_1_5,asset_hybrid,GOLD,,skip,insufficient_1m_candles,,,
2026-05-17T22:10:13.567590+00:00,btc_gold_dynamic_1_5,asset_hybrid,BTCUSD,2026-05-17T22:09:00+00:00,reject,OUTSIDE_SESSION,,,
2026-05-17T22:10:14.984413+00:00,btc_gold_dynamic_1_5,asset_hybrid,GOLD,,skip,insufficient_1m_candles,,,
2026-05-17T22:10:42.539273+00:00,btc_gold_dynamic_1_5,asset_hybrid,GOLD,,skip,insufficient_1m_candles,,,
2026-05-17T22:11:09.299664+00:00,btc_gold_dynamic_1_5,asset_hybrid,BTCUSD,2026-05-17T22:10:00+00:00,reject,OUTSIDE_SESSION,,,
2026-05-17T22:11:10.738816+00:00,btc_gold_dynamic_1_5,asset_hybrid,GOLD,,skip,insufficient_1m_candles,,,
2026-05-17T22:11:39.394244+00:00,btc_gold_dynamic_1_5,asset_hybrid,GOLD,,skip,insufficient_1m_candles,,,
2026-05-17T22:12:05.272215+00:00,btc_gold_dynamic_1_5,asset_hybrid,BTCUSD,2026-05-17T22:11:00+00:00,reject,OUTSIDE_SESSION,,,
2026-05-17T22:12:06.678470+00:00,btc_gold_dynamic_1_5,asset_hybrid,GOLD,,skip,insufficient_1m_candles,,,
2026-05-17T22:12:33.931846+00:00,btc_gold_dynamic_1_5,asset_hybrid,GOLD,,skip,insufficient_1m_candles,,,
2026-05-17T22:13:01.167873+00:00,btc_gold_dynamic_1_5,asset_hybrid,GOLD,,skip,insufficient_1m_candles,,,
2026-05-17T22:13:26.827825+00:00,btc_gold_dynamic_1_5,asset_hybrid,BTCUSD,2026-05-17T22:12:00+00:00,reject,OUTSIDE_SESSION,,,
2026-05-17T22:13:28.309739+00:00,btc_gold_dynamic_1_5,asset_hybrid,GOLD,,skip,insufficient_1m_candles,,,
2026-05-17T22:13:55.493857+00:00,btc_gold_dynamic_1_5,asset_hybrid,GOLD,,skip,insufficient_1m_candles,,,
2026-05-17T22:14:21.355178+00:00,btc_gold_dynamic_1_5,asset_hybrid,BTCUSD,2026-05-17T22:13:00+00:00,reject,OUTSIDE_SESSION,,,
2026-05-17T22:14:22.726619+00:00,btc_gold_dynamic_1_5,asset_hybrid,GOLD,,skip,insufficient_1m_candles,,,
2026-05-17T22:14:49.801894+00:00,btc_gold_dynamic_1_5,asset_hybrid,GOLD,,skip,insufficient_1m_candles,,,
2026-05-17T22:15:15.798467+00:00,btc_gold_dynamic_1_5,asset_hybrid,BTCUSD,2026-05-17T22:14:00+00:00,reject,OUTSIDE_SESSION,,,
2026-05-17T22:15:17.207068+00:00,btc_gold_dynamic_1_5,asset_hybrid,GOLD,,skip,insufficient_1m_candles,,,
2026-05-17T22:15:44.571777+00:00,btc_gold_dynamic_1_5,asset_hybrid,GOLD,,skip,insufficient_1m_candles,,,
2026-05-17T22:16:10.262372+00:00,btc_gold_dynamic_1_5,asset_hybrid,BTCUSD,2026-05-17T22:15:00+00:00,reject,OUTSIDE_SESSION,,,
2026-05-17T22:16:11.672248+00:00,btc_gold_dynamic_1_5,asset_hybrid,GOLD,,skip,insufficient_1m_candles,,,
2026-05-17T22:16:39.037787+00:00,btc_gold_dynamic_1_5,asset_hybrid,GOLD,,skip,insufficient_1m_candles,,,
2026-05-17T22:17:04.775338+00:00,btc_gold_dynamic_1_5,asset_hybrid,BTCUSD,2026-05-17T22:16:00+00:00,reject,OUTSIDE_SESSION,,,
2026-05-17T22:17:06.285279+00:00,btc_gold_dynamic_1_5,asset_hybrid,GOLD,,skip,insufficient_1m_candles,,,
2026-05-17T22:17:33.586123+00:00,btc_gold_dynamic_1_5,asset_hybrid,GOLD,,skip,insufficient_1m_candles,,,
2026-05-17T22:18:00.787299+00:00,btc_gold_dynamic_1_5,asset_hybrid,GOLD,,skip,insufficient_1m_candles,,,
2026-05-17T22:18:26.520860+00:00,btc_gold_dynamic_1_5,asset_hybrid,BTCUSD,2026-05-17T22:17:00+00:00,reject,OUTSIDE_SESSION,,,
2026-05-17T22:18:27.905016+00:00,btc_gold_dynamic_1_5,asset_hybrid,GOLD,,skip,insufficient_1m_candles,,,
2026-05-17T22:18:55.042980+00:00,btc_gold_dynamic_1_5,asset_hybrid,GOLD,,skip,insufficient_1m_candles,,,
2026-05-17T22:19:20.931198+00:00,btc_gold_dynamic_1_5,asset_hybrid,BTCUSD,2026-05-17T22:18:00+00:00,reject,OUTSIDE_SESSION,,,
2026-05-17T22:19:22.367918+00:00,btc_gold_dynamic_1_5,asset_hybrid,GOLD,,skip,insufficient_1m_candles,,,
2026-05-17T22:19:49.735135+00:00,btc_gold_dynamic_1_5,asset_hybrid,GOLD,,skip,insufficient_1m_candles,,,
2026-05-17T22:20:15.724893+00:00,btc_gold_dynamic_1_5,asset_hybrid,BTCUSD,2026-05-17T22:19:00+00:00,reject,OUTSIDE_SESSION,,,
2026-05-17T22:20:17.157041+00:00,btc_gold_dynamic_1_5,asset_hybrid,GOLD,,skip,insufficient_1m_candles,,,
2026-05-17T22:20:45.034931+00:00,btc_gold_dynamic_1_5,asset_hybrid,GOLD,,skip,insufficient_1m_candles,,,
2026-05-17T22:21:10.848269+00:00,btc_gold_dynamic_1_5,asset_hybrid,BTCUSD,2026-05-17T22:20:00+00:00,reject,OUTSIDE_SESSION,,,
2026-05-17T22:21:12.258629+00:00,btc_gold_dynamic_1_5,asset_hybrid,GOLD,,skip,insufficient_1m_candles,,,
2026-05-17T22:21:39.316937+00:00,btc_gold_dynamic_1_5,asset_hybrid,GOLD,,skip,insufficient_1m_candles,,,
2026-05-17T22:22:05.099906+00:00,btc_gold_dynamic_1_5,asset_hybrid,BTCUSD,2026-05-17T22:21:00+00:00,reject,OUTSIDE_SESSION,,,
2026-05-17T22:22:06.520259+00:00,btc_gold_dynamic_1_5,asset_hybrid,GOLD,,skip,insufficient_1m_candles,,,
2026-05-17T22:22:33.597596+00:00,btc_gold_dynamic_1_5,asset_hybrid,GOLD,,skip,insufficient_1m_candles,,,
2026-05-17T22:23:00.580669+00:00,btc_gold_dynamic_1_5,asset_hybrid,GOLD,,skip,insufficient_1m_candles,,,
2026-05-17T22:23:26.407931+00:00,btc_gold_dynamic_1_5,asset_hybrid,BTCUSD,2026-05-17T22:22:00+00:00,reject,OUTSIDE_SESSION,,,
2026-05-17T22:23:27.799019+00:00,btc_gold_dynamic_1_5,asset_hybrid,GOLD,,skip,insufficient_1m_candles,,,
2026-05-17T22:23:54.857324+00:00,btc_gold_dynamic_1_5,asset_hybrid,GOLD,,skip,insufficient_1m_candles,,,
2026-05-17T22:24:20.516074+00:00,btc_gold_dynamic_1_5,asset_hybrid,BTCUSD,2026-05-17T22:23:00+00:00,reject,OUTSIDE_SESSION,,,
2026-05-17T22:24:21.906074+00:00,btc_gold_dynamic_1_5,asset_hybrid,GOLD,,skip,insufficient_1m_candles,,,
2026-05-17T22:24:48.887641+00:00,btc_gold_dynamic_1_5,asset_hybrid,GOLD,,skip,insufficient_1m_candles,,,
2026-05-17T22:25:14.977908+00:00,btc_gold_dynamic_1_5,asset_hybrid,BTCUSD,2026-05-17T22:24:00+00:00,reject,OUTSIDE_SESSION,,,
2026-05-17T22:25:16.367972+00:00,btc_gold_dynamic_1_5,asset_hybrid,GOLD,,skip,insufficient_1m_candles,,,
2026-05-17T22:25:43.624540+00:00,btc_gold_dynamic_1_5,asset_hybrid,GOLD,,skip,insufficient_1m_candles,,,
2026-05-17T22:26:09.561016+00:00,btc_gold_dynamic_1_5,asset_hybrid,BTCUSD,2026-05-17T22:25:00+00:00,reject,OUTSIDE_SESSION,,,
2026-05-17T22:26:10.974254+00:00,btc_gold_dynamic_1_5,asset_hybrid,GOLD,,skip,insufficient_1m_candles,,,
2026-05-17T22:26:38.138399+00:00,btc_gold_dynamic_1_5,asset_hybrid,GOLD,,skip,insufficient_1m_candles,,,
2026-05-17T22:27:05.471827+00:00,btc_gold_dynamic_1_5,asset_hybrid,GOLD,,skip,insufficient_1m_candles,,,
2026-05-17T22:27:31.219957+00:00,btc_gold_dynamic_1_5,asset_hybrid,BTCUSD,2026-05-17T22:26:00+00:00,reject,OUTSIDE_SESSION,,,
2026-05-17T22:27:32.667536+00:00,btc_gold_dynamic_1_5,asset_hybrid,GOLD,,skip,insufficient_1m_candles,,,
2026-05-17T22:27:59.967888+00:00,btc_gold_dynamic_1_5,asset_hybrid,GOLD,,skip,insufficient_1m_candles,,,
2026-05-17T22:28:25.697136+00:00,btc_gold_dynamic_1_5,asset_hybrid,BTCUSD,2026-05-17T22:27:00+00:00,reject,OUTSIDE_SESSION,,,
2026-05-17T22:28:27.089114+00:00,btc_gold_dynamic_1_5,asset_hybrid,GOLD,,skip,insufficient_1m_candles,,,
2026-05-17T22:28:54.448287+00:00,btc_gold_dynamic_1_5,asset_hybrid,GOLD,,skip,insufficient_1m_candles,,,
2026-05-17T22:29:20.845507+00:00,btc_gold_dynamic_1_5,asset_hybrid,BTCUSD,2026-05-17T22:28:00+00:00,reject,OUTSIDE_SESSION,,,
2026-05-17T22:29:22.205103+00:00,btc_gold_dynamic_1_5,asset_hybrid,GOLD,,skip,insufficient_1m_candles,,,
2026-05-17T22:29:49.472508+00:00,btc_gold_dynamic_1_5,asset_hybrid,GOLD,,skip,insufficient_1m_candles,,,
2026-05-17T22:30:15.316136+00:00,btc_gold_dynamic_1_5,asset_hybrid,BTCUSD,2026-05-17T22:29:00+00:00,reject,OUTSIDE_SESSION,,,
2026-05-17T22:30:16.754508+00:00,btc_gold_dynamic_1_5,asset_hybrid,GOLD,,skip,insufficient_1m_candles,,,
2026-05-17T22:30:44.034755+00:00,btc_gold_dynamic_1_5,asset_hybrid,GOLD,,skip,insufficient_1m_candles,,,
2026-05-17T22:31:09.838412+00:00,btc_gold_dynamic_1_5,asset_hybrid,BTCUSD,2026-05-17T22:30:00+00:00,reject,OUTSIDE_SESSION,,,
2026-05-17T22:31:11.240574+00:00,btc_gold_dynamic_1_5,asset_hybrid,GOLD,,skip,insufficient_1m_candles,,,
2026-05-17T22:31:38.456351+00:00,btc_gold_dynamic_1_5,asset_hybrid,GOLD,,skip,insufficient_1m_candles,,,
2026-05-17T22:32:05.936206+00:00,btc_gold_dynamic_1_5,asset_hybrid,GOLD,,skip,insufficient_1m_candles,,,
2026-05-17T22:32:31.847213+00:00,btc_gold_dynamic_1_5,asset_hybrid,BTCUSD,2026-05-17T22:31:00+00:00,reject,OUTSIDE_SESSION,,,
2026-05-17T22:32:33.246574+00:00,btc_gold_dynamic_1_5,asset_hybrid,GOLD,,skip,insufficient_1m_candles,,,
2026-05-17T22:33:00.397892+00:00,btc_gold_dynamic_1_5,asset_hybrid,GOLD,,skip,insufficient_1m_candles,,,
2026-05-17T22:33:26.155706+00:00,btc_gold_dynamic_1_5,asset_hybrid,BTCUSD,2026-05-17T22:32:00+00:00,reject,OUTSIDE_SESSION,,,
2026-05-17T22:33:27.558674+00:00,btc_gold_dynamic_1_5,asset_hybrid,GOLD,,skip,insufficient_1m_candles,,,
2026-05-17T22:33:54.703901+00:00,btc_gold_dynamic_1_5,asset_hybrid,GOLD,,skip,insufficient_1m_candles,,,
2026-05-17T22:34:20.460661+00:00,btc_gold_dynamic_1_5,asset_hybrid,BTCUSD,2026-05-17T22:33:00+00:00,reject,OUTSIDE_SESSION,,,
2026-05-17T22:34:21.907874+00:00,btc_gold_dynamic_1_5,asset_hybrid,GOLD,,skip,insufficient_1m_candles,,,
2026-05-17T22:34:49.076737+00:00,btc_gold_dynamic_1_5,asset_hybrid,GOLD,,skip,insufficient_1m_candles,,,
2026-05-17T22:35:14.905741+00:00,btc_gold_dynamic_1_5,asset_hybrid,BTCUSD,2026-05-17T22:34:00+00:00,reject,OUTSIDE_SESSION,,,
2026-05-17T22:35:16.532644+00:00,btc_gold_dynamic_1_5,asset_hybrid,GOLD,,skip,insufficient_1m_candles,,,
2026-05-17T22:35:43.672679+00:00,btc_gold_dynamic_1_5,asset_hybrid,GOLD,,skip,insufficient_1m_candles,,,
2026-05-17T22:36:09.492033+00:00,btc_gold_dynamic_1_5,asset_hybrid,BTCUSD,2026-05-17T22:35:00+00:00,reject,OUTSIDE_SESSION,,,
2026-05-17T22:36:10.925188+00:00,btc_gold_dynamic_1_5,asset_hybrid,GOLD,,skip,insufficient_1m_candles,,,
2026-05-17T22:36:38.080738+00:00,btc_gold_dynamic_1_5,asset_hybrid,GOLD,,skip,insufficient_1m_candles,,,
2026-05-17T22:37:05.279676+00:00,btc_gold_dynamic_1_5,asset_hybrid,GOLD,,skip,insufficient_1m_candles,,,
2026-05-17T22:37:31.246997+00:00,btc_gold_dynamic_1_5,asset_hybrid,BTCUSD,2026-05-17T22:36:00+00:00,reject,OUTSIDE_SESSION,,,
2026-05-17T22:37:32.669381+00:00,btc_gold_dynamic_1_5,asset_hybrid,GOLD,,skip,insufficient_1m_candles,,,
2026-05-17T22:38:00.556836+00:00,btc_gold_dynamic_1_5,asset_hybrid,GOLD,,skip,insufficient_1m_candles,,,
2026-05-17T22:38:26.564973+00:00,btc_gold_dynamic_1_5,asset_hybrid,BTCUSD,2026-05-17T22:37:00+00:00,reject,OUTSIDE_SESSION,,,
2026-05-17T22:38:27.997402+00:00,btc_gold_dynamic_1_5,asset_hybrid,GOLD,,skip,insufficient_1m_candles,,,
2026-05-17T22:38:55.127916+00:00,btc_gold_dynamic_1_5,asset_hybrid,GOLD,,skip,insufficient_1m_candles,,,
2026-05-17T22:39:20.841893+00:00,btc_gold_dynamic_1_5,asset_hybrid,BTCUSD,2026-05-17T22:38:00+00:00,reject,OUTSIDE_SESSION,,,
2026-05-17T22:39:22.266713+00:00,btc_gold_dynamic_1_5,asset_hybrid,GOLD,,skip,insufficient_1m_candles,,,
2026-05-17T22:39:49.409245+00:00,btc_gold_dynamic_1_5,asset_hybrid,GOLD,,skip,insufficient_1m_candles,,,
2026-05-17T22:40:15.100323+00:00,btc_gold_dynamic_1_5,asset_hybrid,BTCUSD,2026-05-17T22:39:00+00:00,reject,OUTSIDE_SESSION,,,
2026-05-17T22:40:16.507893+00:00,btc_gold_dynamic_1_5,asset_hybrid,GOLD,,skip,insufficient_1m_candles,,,
2026-05-17T22:40:43.611377+00:00,btc_gold_dynamic_1_5,asset_hybrid,GOLD,,skip,insufficient_1m_candles,,,
2026-05-17T22:41:09.580168+00:00,btc_gold_dynamic_1_5,asset_hybrid,BTCUSD,2026-05-17T22:40:00+00:00,reject,OUTSIDE_SESSION,,,
2026-05-17T22:41:10.968428+00:00,btc_gold_dynamic_1_5,asset_hybrid,GOLD,,skip,insufficient_1m_candles,,,
2026-05-17T22:41:38.266428+00:00,btc_gold_dynamic_1_5,asset_hybrid,GOLD,,skip,insufficient_1m_candles,,,
2026-05-17T22:42:05.530726+00:00,btc_gold_dynamic_1_5,asset_hybrid,GOLD,,skip,insufficient_1m_candles,,,
2026-05-17T22:42:31.371409+00:00,btc_gold_dynamic_1_5,asset_hybrid,BTCUSD,2026-05-17T22:41:00+00:00,reject,OUTSIDE_SESSION,,,
2026-05-17T22:42:32.759776+00:00,btc_gold_dynamic_1_5,asset_hybrid,GOLD,,skip,insufficient_1m_candles,,,
2026-05-17T22:43:00.130490+00:00,btc_gold_dynamic_1_5,asset_hybrid,GOLD,,skip,insufficient_1m_candles,,,
2026-05-17T22:43:26.030355+00:00,btc_gold_dynamic_1_5,asset_hybrid,BTCUSD,2026-05-17T22:42:00+00:00,reject,OUTSIDE_SESSION,,,
2026-05-17T22:43:27.485592+00:00,btc_gold_dynamic_1_5,asset_hybrid,GOLD,,skip,insufficient_1m_candles,,,
2026-05-17T22:43:54.759831+00:00,btc_gold_dynamic_1_5,asset_hybrid,GOLD,,skip,insufficient_1m_candles,,,
2026-05-17T22:44:20.643634+00:00,btc_gold_dynamic_1_5,asset_hybrid,BTCUSD,2026-05-17T22:43:00+00:00,reject,OUTSIDE_SESSION,,,
2026-05-17T22:44:22.065069+00:00,btc_gold_dynamic_1_5,asset_hybrid,GOLD,,skip,insufficient_1m_candles,,,
2026-05-17T22:44:49.272444+00:00,btc_gold_dynamic_1_5,asset_hybrid,GOLD,,skip,insufficient_1m_candles,,,
2026-05-17T22:45:15.166735+00:00,btc_gold_dynamic_1_5,asset_hybrid,BTCUSD,2026-05-17T22:44:00+00:00,reject,OUTSIDE_SESSION,,,
2026-05-17T22:45:16.584864+00:00,btc_gold_dynamic_1_5,asset_hybrid,GOLD,,skip,insufficient_1m_candles,,,
2026-05-17T22:45:44.276048+00:00,btc_gold_dynamic_1_5,asset_hybrid,GOLD,,skip,insufficient_1m_candles,,,
2026-05-17T22:46:10.328064+00:00,btc_gold_dynamic_1_5,asset_hybrid,BTCUSD,2026-05-17T22:45:00+00:00,reject,OUTSIDE_SESSION,,,
2026-05-17T22:46:11.706740+00:00,btc_gold_dynamic_1_5,asset_hybrid,GOLD,,skip,insufficient_1m_candles,,,
2026-05-17T22:46:38.994865+00:00,btc_gold_dynamic_1_5,asset_hybrid,GOLD,,skip,insufficient_1m_candles,,,
2026-05-17T22:47:04.860665+00:00,btc_gold_dynamic_1_5,asset_hybrid,BTCUSD,2026-05-17T22:46:00+00:00,reject,OUTSIDE_SESSION,,,
2026-05-17T22:47:06.306515+00:00,btc_gold_dynamic_1_5,asset_hybrid,GOLD,,skip,insufficient_1m_candles,,,
2026-05-17T22:47:33.363278+00:00,btc_gold_dynamic_1_5,asset_hybrid,GOLD,,skip,insufficient_1m_candles,,,
2026-05-17T22:48:00.386097+00:00,btc_gold_dynamic_1_5,asset_hybrid,GOLD,,skip,insufficient_1m_candles,,,
2026-05-17T22:48:26.067330+00:00,btc_gold_dynamic_1_5,asset_hybrid,BTCUSD,2026-05-17T22:47:00+00:00,reject,OUTSIDE_SESSION,,,
2026-05-17T22:48:27.479041+00:00,btc_gold_dynamic_1_5,asset_hybrid,GOLD,,skip,insufficient_1m_candles,,,
2026-05-17T22:48:54.735458+00:00,btc_gold_dynamic_1_5,asset_hybrid,GOLD,,skip,insufficient_1m_candles,,,
2026-05-17T22:49:20.606140+00:00,btc_gold_dynamic_1_5,asset_hybrid,BTCUSD,2026-05-17T22:48:00+00:00,reject,OUTSIDE_SESSION,,,
2026-05-17T22:49:21.974280+00:00,btc_gold_dynamic_1_5,asset_hybrid,GOLD,,skip,insufficient_1m_candles,,,
2026-05-17T22:49:49.174496+00:00,btc_gold_dynamic_1_5,asset_hybrid,GOLD,,skip,insufficient_1m_candles,,,
2026-05-17T22:50:14.905245+00:00,btc_gold_dynamic_1_5,asset_hybrid,BTCUSD,2026-05-17T22:49:00+00:00,reject,OUTSIDE_SESSION,,,
2026-05-17T22:50:16.313470+00:00,btc_gold_dynamic_1_5,asset_hybrid,GOLD,,skip,insufficient_1m_candles,,,
2026-05-17T22:50:44.223835+00:00,btc_gold_dynamic_1_5,asset_hybrid,GOLD,,skip,insufficient_1m_candles,,,
2026-05-17T22:51:09.825061+00:00,btc_gold_dynamic_1_5,asset_hybrid,BTCUSD,2026-05-17T22:50:00+00:00,reject,OUTSIDE_SESSION,,,
2026-05-17T22:51:11.338569+00:00,btc_gold_dynamic_1_5,asset_hybrid,GOLD,,skip,insufficient_1m_candles,,,
2026-05-17T22:51:38.524364+00:00,btc_gold_dynamic_1_5,asset_hybrid,GOLD,,skip,insufficient_1m_candles,,,
2026-05-17T22:52:05.866996+00:00,btc_gold_dynamic_1_5,asset_hybrid,GOLD,,skip,insufficient_1m_candles,,,
2026-05-17T22:52:31.605002+00:00,btc_gold_dynamic_1_5,asset_hybrid,BTCUSD,2026-05-17T22:51:00+00:00,reject,OUTSIDE_SESSION,,,
2026-05-17T22:52:33.055853+00:00,btc_gold_dynamic_1_5,asset_hybrid,GOLD,,skip,insufficient_1m_candles,,,
2026-05-17T22:53:00.256248+00:00,btc_gold_dynamic_1_5,asset_hybrid,GOLD,,skip,insufficient_1m_candles,,,
2026-05-17T22:53:26.140061+00:00,btc_gold_dynamic_1_5,asset_hybrid,BTCUSD,2026-05-17T22:52:00+00:00,reject,OUTSIDE_SESSION,,,
2026-05-17T22:53:27.637407+00:00,btc_gold_dynamic_1_5,asset_hybrid,GOLD,,skip,insufficient_1m_candles,,,
2026-05-17T22:53:54.883931+00:00,btc_gold_dynamic_1_5,asset_hybrid,GOLD,,skip,insufficient_1m_candles,,,
2026-05-17T22:54:20.683609+00:00,btc_gold_dynamic_1_5,asset_hybrid,BTCUSD,2026-05-17T22:53:00+00:00,reject,OUTSIDE_SESSION,,,
2026-05-17T22:54:22.236754+00:00,btc_gold_dynamic_1_5,asset_hybrid,GOLD,,skip,insufficient_1m_candles,,,
2026-05-17T22:54:49.496966+00:00,btc_gold_dynamic_1_5,asset_hybrid,GOLD,,skip,insufficient_1m_candles,,,
2026-05-17T22:55:15.339554+00:00,btc_gold_dynamic_1_5,asset_hybrid,BTCUSD,2026-05-17T22:54:00+00:00,reject,OUTSIDE_SESSION,,,
2026-05-17T22:55:16.873199+00:00,btc_gold_dynamic_1_5,asset_hybrid,GOLD,,skip,insufficient_1m_candles,,,
2026-05-17T22:55:44.264477+00:00,btc_gold_dynamic_1_5,asset_hybrid,GOLD,,skip,insufficient_1m_candles,,,
2026-05-17T22:56:10.123287+00:00,btc_gold_dynamic_1_5,asset_hybrid,BTCUSD,2026-05-17T22:55:00+00:00,reject,OUTSIDE_SESSION,,,
2026-05-17T22:56:11.686527+00:00,btc_gold_dynamic_1_5,asset_hybrid,GOLD,,skip,insufficient_1m_candles,,,
2026-05-17T22:56:39.264517+00:00,btc_gold_dynamic_1_5,asset_hybrid,GOLD,,skip,insufficient_1m_candles,,,
2026-05-17T22:57:04.917832+00:00,btc_gold_dynamic_1_5,asset_hybrid,BTCUSD,2026-05-17T22:56:00+00:00,reject,OUTSIDE_SESSION,,,
2026-05-17T22:57:06.405473+00:00,btc_gold_dynamic_1_5,asset_hybrid,GOLD,,skip,insufficient_1m_candles,,,
2026-05-17T22:57:33.645343+00:00,btc_gold_dynamic_1_5,asset_hybrid,GOLD,,skip,insufficient_1m_candles,,,
2026-05-17T22:58:01.042659+00:00,btc_gold_dynamic_1_5,asset_hybrid,GOLD,,skip,insufficient_1m_candles,,,
2026-05-17T22:58:26.969350+00:00,btc_gold_dynamic_1_5,asset_hybrid,BTCUSD,2026-05-17T22:57:00+00:00,reject,OUTSIDE_SESSION,,,
2026-05-17T22:58:28.557331+00:00,btc_gold_dynamic_1_5,asset_hybrid,GOLD,,skip,insufficient_1m_candles,,,
2026-05-17T22:58:55.840100+00:00,btc_gold_dynamic_1_5,asset_hybrid,GOLD,,skip,insufficient_1m_candles,,,
2026-05-17T22:59:21.750547+00:00,btc_gold_dynamic_1_5,asset_hybrid,BTCUSD,2026-05-17T22:58:00+00:00,reject,OUTSIDE_SESSION,,,
2026-05-17T22:59:23.308939+00:00,btc_gold_dynamic_1_5,asset_hybrid,GOLD,,skip,insufficient_1m_candles,,,
2026-05-17T22:59:50.621600+00:00,btc_gold_dynamic_1_5,asset_hybrid,GOLD,,skip,insufficient_1m_candles,,,
2026-05-17T23:00:16.419014+00:00,btc_gold_dynamic_1_5,asset_hybrid,BTCUSD,2026-05-17T22:59:00+00:00,reject,OUTSIDE_SESSION,,,
2026-05-17T23:00:17.965002+00:00,btc_gold_dynamic_1_5,asset_hybrid,GOLD,,skip,insufficient_1m_candles,,,
2026-05-17T23:00:45.237244+00:00,btc_gold_dynamic_1_5,asset_hybrid,GOLD,,skip,insufficient_1m_candles,,,
2026-05-17T23:01:11.054397+00:00,btc_gold_dynamic_1_5,asset_hybrid,BTCUSD,2026-05-17T23:00:00+00:00,reject,OUTSIDE_SESSION,,,
2026-05-17T23:01:12.607751+00:00,btc_gold_dynamic_1_5,asset_hybrid,GOLD,,skip,insufficient_1m_candles,,,
2026-05-17T23:01:40.629350+00:00,btc_gold_dynamic_1_5,asset_hybrid,GOLD,,skip,insufficient_1m_candles,,,
2026-05-17T23:02:06.324950+00:00,btc_gold_dynamic_1_5,asset_hybrid,BTCUSD,2026-05-17T23:01:00+00:00,reject,OUTSIDE_SESSION,,,
2026-05-17T23:02:07.858187+00:00,btc_gold_dynamic_1_5,asset_hybrid,GOLD,,skip,insufficient_1m_candles,,,
2026-05-17T23:02:35.020479+00:00,btc_gold_dynamic_1_5,asset_hybrid,GOLD,,skip,insufficient_1m_candles,,,
2026-05-17T23:03:02.347373+00:00,btc_gold_dynamic_1_5,asset_hybrid,GOLD,,skip,insufficient_1m_candles,,,
2026-05-17T23:03:28.291321+00:00,btc_gold_dynamic_1_5,asset_hybrid,BTCUSD,2026-05-17T23:02:00+00:00,reject,OUTSIDE_SESSION,,,
2026-05-17T23:03:29.847141+00:00,btc_gold_dynamic_1_5,asset_hybrid,GOLD,,skip,insufficient_1m_candles,,,
2026-05-17T23:03:57.256423+00:00,btc_gold_dynamic_1_5,asset_hybrid,GOLD,,skip,insufficient_1m_candles,,,
2026-05-17T23:04:23.053979+00:00,btc_gold_dynamic_1_5,asset_hybrid,BTCUSD,2026-05-17T23:03:00+00:00,reject,OUTSIDE_SESSION,,,
2026-05-17T23:04:24.606946+00:00,btc_gold_dynamic_1_5,asset_hybrid,GOLD,,skip,insufficient_1m_candles,,,
2026-05-17T23:04:51.789482+00:00,btc_gold_dynamic_1_5,asset_hybrid,GOLD,,skip,insufficient_1m_candles,,,
2026-05-17T23:05:17.671612+00:00,btc_gold_dynamic_1_5,asset_hybrid,BTCUSD,2026-05-17T23:04:00+00:00,reject,OUTSIDE_SESSION,,,
2026-05-17T23:05:19.247048+00:00,btc_gold_dynamic_1_5,asset_hybrid,GOLD,,skip,insufficient_1m_candles,,,
2026-05-17T23:05:46.495789+00:00,btc_gold_dynamic_1_5,asset_hybrid,GOLD,,skip,insufficient_1m_candles,,,
2026-05-17T23:06:12.211482+00:00,btc_gold_dynamic_1_5,asset_hybrid,BTCUSD,2026-05-17T23:05:00+00:00,reject,OUTSIDE_SESSION,,,
2026-05-17T23:06:13.742170+00:00,btc_gold_dynamic_1_5,asset_hybrid,GOLD,,skip,insufficient_1m_candles,,,
2026-05-17T23:06:41.110509+00:00,btc_gold_dynamic_1_5,asset_hybrid,GOLD,,skip,insufficient_1m_candles,,,
2026-05-17T23:07:07.002878+00:00,btc_gold_dynamic_1_5,asset_hybrid,BTCUSD,2026-05-17T23:06:00+00:00,reject,OUTSIDE_SESSION,,,
2026-05-17T23:07:08.505613+00:00,btc_gold_dynamic_1_5,asset_hybrid,GOLD,,skip,insufficient_1m_candles,,,
2026-05-17T23:07:35.778328+00:00,btc_gold_dynamic_1_5,asset_hybrid,GOLD,,skip,insufficient_1m_candles,,,
2026-05-17T23:08:03.267917+00:00,btc_gold_dynamic_1_5,asset_hybrid,GOLD,,skip,insufficient_1m_candles,,,
2026-05-17T23:08:28.993098+00:00,btc_gold_dynamic_1_5,asset_hybrid,BTCUSD,2026-05-17T23:07:00+00:00,reject,OUTSIDE_SESSION,,,
2026-05-17T23:08:30.512634+00:00,btc_gold_dynamic_1_5,asset_hybrid,GOLD,,skip,insufficient_1m_candles,,,
2026-05-17T23:08:57.601024+00:00,btc_gold_dynamic_1_5,asset_hybrid,GOLD,,skip,insufficient_1m_candles,,,
2026-05-17T23:09:23.443940+00:00,btc_gold_dynamic_1_5,asset_hybrid,BTCUSD,2026-05-17T23:08:00+00:00,reject,OUTSIDE_SESSION,,,
2026-05-17T23:09:25.043178+00:00,btc_gold_dynamic_1_5,asset_hybrid,GOLD,,skip,insufficient_1m_candles,,,
2026-05-17T23:09:52.510072+00:00,btc_gold_dynamic_1_5,asset_hybrid,GOLD,,skip,insufficient_1m_candles,,,
2026-05-17T23:10:18.162154+00:00,btc_gold_dynamic_1_5,asset_hybrid,BTCUSD,2026-05-17T23:09:00+00:00,reject,OUTSIDE_SESSION,,,
2026-05-17T23:10:19.707244+00:00,btc_gold_dynamic_1_5,asset_hybrid,GOLD,,skip,insufficient_1m_candles,,,
2026-05-17T23:10:46.807598+00:00,btc_gold_dynamic_1_5,asset_hybrid,GOLD,,skip,insufficient_1m_candles,,,
2026-05-17T23:11:12.600549+00:00,btc_gold_dynamic_1_5,asset_hybrid,BTCUSD,2026-05-17T23:10:00+00:00,reject,OUTSIDE_SESSION,,,
2026-05-17T23:11:14.174972+00:00,btc_gold_dynamic_1_5,asset_hybrid,GOLD,,skip,insufficient_1m_candles,,,
2026-05-17T23:11:41.411659+00:00,btc_gold_dynamic_1_5,asset_hybrid,GOLD,,skip,insufficient_1m_candles,,,
2026-05-17T23:12:07.377409+00:00,btc_gold_dynamic_1_5,asset_hybrid,BTCUSD,2026-05-17T23:11:00+00:00,reject,OUTSIDE_SESSION,,,
2026-05-17T23:12:08.921521+00:00,btc_gold_dynamic_1_5,asset_hybrid,GOLD,,skip,insufficient_1m_candles,,,
2026-05-17T23:12:36.419738+00:00,btc_gold_dynamic_1_5,asset_hybrid,GOLD,,skip,insufficient_1m_candles,,,
2026-05-17T23:13:03.717962+00:00,btc_gold_dynamic_1_5,asset_hybrid,GOLD,,skip,insufficient_1m_candles,,,
2026-05-17T23:13:29.359968+00:00,btc_gold_dynamic_1_5,asset_hybrid,BTCUSD,2026-05-17T23:12:00+00:00,reject,OUTSIDE_SESSION,,,
2026-05-17T23:13:30.892817+00:00,btc_gold_dynamic_1_5,asset_hybrid,GOLD,,skip,insufficient_1m_candles,,,
2026-05-17T23:13:58.072460+00:00,btc_gold_dynamic_1_5,asset_hybrid,GOLD,,skip,insufficient_1m_candles,,,
2026-05-17T23:14:23.860330+00:00,btc_gold_dynamic_1_5,asset_hybrid,BTCUSD,2026-05-17T23:13:00+00:00,reject,OUTSIDE_SESSION,,,
2026-05-17T23:14:25.442838+00:00,btc_gold_dynamic_1_5,asset_hybrid,GOLD,,skip,insufficient_1m_candles,,,
2026-05-17T23:14:52.741812+00:00,btc_gold_dynamic_1_5,asset_hybrid,GOLD,,skip,insufficient_1m_candles,,,
2026-05-17T23:15:18.766749+00:00,btc_gold_dynamic_1_5,asset_hybrid,BTCUSD,2026-05-17T23:14:00+00:00,reject,OUTSIDE_SESSION,,,
2026-05-17T23:15:20.319485+00:00,btc_gold_dynamic_1_5,asset_hybrid,GOLD,,skip,insufficient_1m_candles,,,
2026-05-17T23:15:47.689242+00:00,btc_gold_dynamic_1_5,asset_hybrid,GOLD,,skip,insufficient_1m_candles,,,
2026-05-17T23:16:13.405542+00:00,btc_gold_dynamic_1_5,asset_hybrid,BTCUSD,2026-05-17T23:15:00+00:00,reject,OUTSIDE_SESSION,,,
2026-05-17T23:16:14.887331+00:00,btc_gold_dynamic_1_5,asset_hybrid,GOLD,,skip,insufficient_1m_candles,,,
2026-05-17T23:16:42.060983+00:00,btc_gold_dynamic_1_5,asset_hybrid,GOLD,,skip,insufficient_1m_candles,,,
2026-05-17T23:17:07.890619+00:00,btc_gold_dynamic_1_5,asset_hybrid,BTCUSD,2026-05-17T23:16:00+00:00,reject,OUTSIDE_SESSION,,,
2026-05-17T23:17:09.438116+00:00,btc_gold_dynamic_1_5,asset_hybrid,GOLD,,skip,insufficient_1m_candles,,,
2026-05-17T23:17:36.822855+00:00,btc_gold_dynamic_1_5,asset_hybrid,GOLD,,skip,insufficient_1m_candles,,,
2026-05-17T23:18:04.114805+00:00,btc_gold_dynamic_1_5,asset_hybrid,GOLD,,skip,insufficient_1m_candles,,,
2026-05-17T23:18:29.979701+00:00,btc_gold_dynamic_1_5,asset_hybrid,BTCUSD,2026-05-17T23:17:00+00:00,reject,OUTSIDE_SESSION,,,
2026-05-17T23:18:31.491083+00:00,btc_gold_dynamic_1_5,asset_hybrid,GOLD,,skip,insufficient_1m_candles,,,
2026-05-17T23:18:58.882224+00:00,btc_gold_dynamic_1_5,asset_hybrid,GOLD,,skip,insufficient_1m_candles,,,
2026-05-17T23:19:24.713110+00:00,btc_gold_dynamic_1_5,asset_hybrid,BTCUSD,2026-05-17T23:18:00+00:00,reject,OUTSIDE_SESSION,,,
2026-05-17T23:19:26.277174+00:00,btc_gold_dynamic_1_5,asset_hybrid,GOLD,,skip,insufficient_1m_candles,,,
2026-05-17T23:19:53.437798+00:00,btc_gold_dynamic_1_5,asset_hybrid,GOLD,,skip,insufficient_1m_candles,,,
2026-05-17T23:20:19.218994+00:00,btc_gold_dynamic_1_5,asset_hybrid,BTCUSD,2026-05-17T23:19:00+00:00,reject,OUTSIDE_SESSION,,,
2026-05-17T23:20:20.793872+00:00,btc_gold_dynamic_1_5,asset_hybrid,GOLD,2026-05-17T23:19:00+00:00,skip,insufficient_derived_candles,,,
2026-05-17T23:21:14.737746+00:00,btc_gold_dynamic_1_5,asset_hybrid,BTCUSD,2026-05-17T23:20:00+00:00,reject,OUTSIDE_SESSION,,,
2026-05-17T23:21:16.286455+00:00,btc_gold_dynamic_1_5,asset_hybrid,GOLD,2026-05-17T23:20:00+00:00,skip,insufficient_derived_candles,,,
2026-05-17T23:22:09.435317+00:00,btc_gold_dynamic_1_5,asset_hybrid,BTCUSD,2026-05-17T23:21:00+00:00,reject,OUTSIDE_SESSION,,,
2026-05-17T23:22:10.933602+00:00,btc_gold_dynamic_1_5,asset_hybrid,GOLD,2026-05-17T23:21:00+00:00,skip,insufficient_derived_candles,,,
2026-05-17T23:23:05.419897+00:00,btc_gold_dynamic_1_5,asset_hybrid,GOLD,2026-05-17T23:22:00+00:00,skip,insufficient_derived_candles,,,
2026-05-17T23:23:31.042772+00:00,btc_gold_dynamic_1_5,asset_hybrid,BTCUSD,2026-05-17T23:22:00+00:00,reject,OUTSIDE_SESSION,,,
2026-05-17T23:24:25.700895+00:00,btc_gold_dynamic_1_5,asset_hybrid,BTCUSD,2026-05-17T23:23:00+00:00,reject,OUTSIDE_SESSION,,,
2026-05-17T23:24:27.258414+00:00,btc_gold_dynamic_1_5,asset_hybrid,GOLD,2026-05-17T23:23:00+00:00,skip,insufficient_derived_candles,,,
2026-05-17T23:25:20.437454+00:00,btc_gold_dynamic_1_5,asset_hybrid,BTCUSD,2026-05-17T23:24:00+00:00,reject,OUTSIDE_SESSION,,,
2026-05-17T23:25:21.984567+00:00,btc_gold_dynamic_1_5,asset_hybrid,GOLD,2026-05-17T23:24:00+00:00,skip,insufficient_derived_candles,,,
2026-05-17T23:26:15.309361+00:00,btc_gold_dynamic_1_5,asset_hybrid,BTCUSD,2026-05-17T23:25:00+00:00,reject,OUTSIDE_SESSION,,,
2026-05-17T23:26:17.096775+00:00,btc_gold_dynamic_1_5,asset_hybrid,GOLD,2026-05-17T23:25:00+00:00,skip,insufficient_derived_candles,,,
2026-05-17T23:27:10.300314+00:00,btc_gold_dynamic_1_5,asset_hybrid,BTCUSD,2026-05-17T23:26:00+00:00,reject,OUTSIDE_SESSION,,,
2026-05-17T23:27:11.829536+00:00,btc_gold_dynamic_1_5,asset_hybrid,GOLD,2026-05-17T23:26:00+00:00,skip,insufficient_derived_candles,,,
2026-05-17T23:28:05.240404+00:00,btc_gold_dynamic_1_5,asset_hybrid,BTCUSD,2026-05-17T23:27:00+00:00,reject,OUTSIDE_SESSION,,,
2026-05-17T23:28:06.782436+00:00,btc_gold_dynamic_1_5,asset_hybrid,GOLD,2026-05-17T23:27:00+00:00,skip,insufficient_derived_candles,,,
2026-05-17T23:29:01.609769+00:00,btc_gold_dynamic_1_5,asset_hybrid,GOLD,2026-05-17T23:28:00+00:00,skip,insufficient_derived_candles,,,
2026-05-17T23:29:27.798121+00:00,btc_gold_dynamic_1_5,asset_hybrid,BTCUSD,2026-05-17T23:28:00+00:00,reject,OUTSIDE_SESSION,,,
2026-05-17T23:30:22.463587+00:00,btc_gold_dynamic_1_5,asset_hybrid,BTCUSD,2026-05-17T23:29:00+00:00,reject,OUTSIDE_SESSION,,,
2026-05-17T23:30:24.010765+00:00,btc_gold_dynamic_1_5,asset_hybrid,GOLD,2026-05-17T23:29:00+00:00,skip,insufficient_derived_candles,,,
2026-05-17T23:31:19.333434+00:00,btc_gold_dynamic_1_5,asset_hybrid,BTCUSD,2026-05-17T23:30:00+00:00,reject,OUTSIDE_SESSION,,,
2026-05-17T23:31:20.886482+00:00,btc_gold_dynamic_1_5,asset_hybrid,GOLD,2026-05-17T23:30:00+00:00,skip,insufficient_derived_candles,,,
2026-05-17T23:32:13.988635+00:00,btc_gold_dynamic_1_5,asset_hybrid,BTCUSD,2026-05-17T23:31:00+00:00,reject,OUTSIDE_SESSION,,,
2026-05-17T23:32:15.549046+00:00,btc_gold_dynamic_1_5,asset_hybrid,GOLD,2026-05-17T23:31:00+00:00,skip,insufficient_derived_candles,,,
2026-05-17T23:33:08.714684+00:00,btc_gold_dynamic_1_5,asset_hybrid,BTCUSD,2026-05-17T23:32:00+00:00,reject,OUTSIDE_SESSION,,,
2026-05-17T23:33:10.290882+00:00,btc_gold_dynamic_1_5,asset_hybrid,GOLD,2026-05-17T23:32:00+00:00,skip,insufficient_derived_candles,,,
2026-05-17T23:34:04.749706+00:00,btc_gold_dynamic_1_5,asset_hybrid,GOLD,2026-05-17T23:33:00+00:00,skip,insufficient_derived_candles,,,
2026-05-17T23:34:30.399680+00:00,btc_gold_dynamic_1_5,asset_hybrid,BTCUSD,2026-05-17T23:33:00+00:00,reject,OUTSIDE_SESSION,,,
2026-05-17T23:35:25.033462+00:00,btc_gold_dynamic_1_5,asset_hybrid,BTCUSD,2026-05-17T23:34:00+00:00,reject,OUTSIDE_SESSION,,,
2026-05-17T23:35:26.614160+00:00,btc_gold_dynamic_1_5,asset_hybrid,GOLD,2026-05-17T23:34:00+00:00,skip,insufficient_derived_candles,,,
2026-05-17T23:36:19.665871+00:00,btc_gold_dynamic_1_5,asset_hybrid,BTCUSD,2026-05-17T23:35:00+00:00,reject,OUTSIDE_SESSION,,,
2026-05-17T23:36:21.187812+00:00,btc_gold_dynamic_1_5,asset_hybrid,GOLD,2026-05-17T23:35:00+00:00,skip,insufficient_derived_candles,,,
2026-05-17T23:37:14.318345+00:00,btc_gold_dynamic_1_5,asset_hybrid,BTCUSD,2026-05-17T23:36:00+00:00,reject,OUTSIDE_SESSION,,,
2026-05-17T23:37:15.913623+00:00,btc_gold_dynamic_1_5,asset_hybrid,GOLD,2026-05-17T23:36:00+00:00,skip,insufficient_derived_candles,,,
2026-05-17T23:38:09.096484+00:00,btc_gold_dynamic_1_5,asset_hybrid,BTCUSD,2026-05-17T23:37:00+00:00,reject,OUTSIDE_SESSION,,,
2026-05-17T23:38:10.612205+00:00,btc_gold_dynamic_1_5,asset_hybrid,GOLD,2026-05-17T23:37:00+00:00,skip,insufficient_derived_candles,,,
2026-05-17T23:39:05.101432+00:00,btc_gold_dynamic_1_5,asset_hybrid,GOLD,2026-05-17T23:38:00+00:00,skip,insufficient_derived_candles,,,
2026-05-17T23:39:31.008160+00:00,btc_gold_dynamic_1_5,asset_hybrid,BTCUSD,2026-05-17T23:38:00+00:00,reject,OUTSIDE_SESSION,,,
2026-05-17T23:40:25.806290+00:00,btc_gold_dynamic_1_5,asset_hybrid,BTCUSD,2026-05-17T23:39:00+00:00,reject,OUTSIDE_SESSION,,,
2026-05-17T23:40:27.390249+00:00,btc_gold_dynamic_1_5,asset_hybrid,GOLD,2026-05-17T23:39:00+00:00,skip,insufficient_derived_candles,,,
2026-05-17T23:41:20.701383+00:00,btc_gold_dynamic_1_5,asset_hybrid,BTCUSD,2026-05-17T23:40:00+00:00,reject,OUTSIDE_SESSION,,,
2026-05-17T23:41:22.270879+00:00,btc_gold_dynamic_1_5,asset_hybrid,GOLD,2026-05-17T23:40:00+00:00,skip,insufficient_derived_candles,,,
2026-05-17T23:42:14.981112+00:00,btc_gold_dynamic_1_5,asset_hybrid,BTCUSD,2026-05-17T23:41:00+00:00,reject,OUTSIDE_SESSION,,,
2026-05-17T23:42:16.569381+00:00,btc_gold_dynamic_1_5,asset_hybrid,GOLD,2026-05-17T23:41:00+00:00,skip,insufficient_derived_candles,,,
2026-05-17T23:43:09.723473+00:00,btc_gold_dynamic_1_5,asset_hybrid,BTCUSD,2026-05-17T23:42:00+00:00,reject,OUTSIDE_SESSION,,,
2026-05-17T23:43:11.348319+00:00,btc_gold_dynamic_1_5,asset_hybrid,GOLD,2026-05-17T23:42:00+00:00,skip,insufficient_derived_candles,,,
2026-05-17T23:44:05.717121+00:00,btc_gold_dynamic_1_5,asset_hybrid,GOLD,2026-05-17T23:43:00+00:00,skip,insufficient_derived_candles,,,
2026-05-17T23:44:31.400317+00:00,btc_gold_dynamic_1_5,asset_hybrid,BTCUSD,2026-05-17T23:43:00+00:00,reject,OUTSIDE_SESSION,,,
2026-05-17T23:45:26.088662+00:00,btc_gold_dynamic_1_5,asset_hybrid,BTCUSD,2026-05-17T23:44:00+00:00,reject,OUTSIDE_SESSION,,,
2026-05-17T23:45:27.625682+00:00,btc_gold_dynamic_1_5,asset_hybrid,GOLD,2026-05-17T23:44:00+00:00,skip,insufficient_derived_candles,,,
2026-05-17T23:46:21.007216+00:00,btc_gold_dynamic_1_5,asset_hybrid,BTCUSD,2026-05-17T23:45:00+00:00,reject,OUTSIDE_SESSION,,,
2026-05-17T23:46:22.573975+00:00,btc_gold_dynamic_1_5,asset_hybrid,GOLD,2026-05-17T23:45:00+00:00,skip,insufficient_derived_candles,,,
2026-05-17T23:47:16.064332+00:00,btc_gold_dynamic_1_5,asset_hybrid,BTCUSD,2026-05-17T23:46:00+00:00,reject,OUTSIDE_SESSION,,,
2026-05-17T23:47:17.585152+00:00,btc_gold_dynamic_1_5,asset_hybrid,GOLD,2026-05-17T23:46:00+00:00,skip,insufficient_derived_candles,,,
2026-05-17T23:48:10.969952+00:00,btc_gold_dynamic_1_5,asset_hybrid,BTCUSD,2026-05-17T23:47:00+00:00,reject,OUTSIDE_SESSION,,,
2026-05-17T23:48:12.584338+00:00,btc_gold_dynamic_1_5,asset_hybrid,GOLD,2026-05-17T23:47:00+00:00,skip,insufficient_derived_candles,,,
2026-05-17T23:49:05.998876+00:00,btc_gold_dynamic_1_5,asset_hybrid,BTCUSD,2026-05-17T23:48:00+00:00,reject,OUTSIDE_SESSION,,,
2026-05-17T23:49:07.632333+00:00,btc_gold_dynamic_1_5,asset_hybrid,GOLD,2026-05-17T23:48:00+00:00,skip,insufficient_derived_candles,,,
2026-05-17T23:50:02.379131+00:00,btc_gold_dynamic_1_5,asset_hybrid,GOLD,2026-05-17T23:49:00+00:00,skip,insufficient_derived_candles,,,
2026-05-17T23:50:28.072220+00:00,btc_gold_dynamic_1_5,asset_hybrid,BTCUSD,2026-05-17T23:49:00+00:00,reject,OUTSIDE_SESSION,,,
2026-05-17T23:51:23.130980+00:00,btc_gold_dynamic_1_5,asset_hybrid,BTCUSD,2026-05-17T23:50:00+00:00,reject,OUTSIDE_SESSION,,,
2026-05-17T23:51:24.757289+00:00,btc_gold_dynamic_1_5,asset_hybrid,GOLD,2026-05-17T23:50:00+00:00,skip,insufficient_derived_candles,,,
2026-05-17T23:52:17.930472+00:00,btc_gold_dynamic_1_5,asset_hybrid,BTCUSD,2026-05-17T23:51:00+00:00,reject,OUTSIDE_SESSION,,,
2026-05-17T23:52:19.531556+00:00,btc_gold_dynamic_1_5,asset_hybrid,GOLD,2026-05-17T23:51:00+00:00,skip,insufficient_derived_candles,,,
2026-05-17T23:53:12.517705+00:00,btc_gold_dynamic_1_5,asset_hybrid,BTCUSD,2026-05-17T23:52:00+00:00,reject,OUTSIDE_SESSION,,,
2026-05-17T23:53:14.067330+00:00,btc_gold_dynamic_1_5,asset_hybrid,GOLD,2026-05-17T23:52:00+00:00,skip,insufficient_derived_candles,,,
2026-05-17T23:54:07.019384+00:00,btc_gold_dynamic_1_5,asset_hybrid,BTCUSD,2026-05-17T23:53:00+00:00,reject,OUTSIDE_SESSION,,,
2026-05-17T23:54:08.581217+00:00,btc_gold_dynamic_1_5,asset_hybrid,GOLD,2026-05-17T23:53:00+00:00,skip,insufficient_derived_candles,,,
2026-05-17T23:55:02.993001+00:00,btc_gold_dynamic_1_5,asset_hybrid,GOLD,2026-05-17T23:54:00+00:00,skip,insufficient_derived_candles,,,
2026-05-17T23:55:28.607079+00:00,btc_gold_dynamic_1_5,asset_hybrid,BTCUSD,2026-05-17T23:54:00+00:00,reject,OUTSIDE_SESSION,,,
2026-05-17T23:56:23.313588+00:00,btc_gold_dynamic_1_5,asset_hybrid,BTCUSD,2026-05-17T23:55:00+00:00,reject,OUTSIDE_SESSION,,,
2026-05-17T23:56:24.905412+00:00,btc_gold_dynamic_1_5,asset_hybrid,GOLD,2026-05-17T23:55:00+00:00,skip,insufficient_derived_candles,,,
2026-05-17T23:57:18.014386+00:00,btc_gold_dynamic_1_5,asset_hybrid,BTCUSD,2026-05-17T23:56:00+00:00,reject,OUTSIDE_SESSION,,,
2026-05-17T23:57:19.611317+00:00,btc_gold_dynamic_1_5,asset_hybrid,GOLD,2026-05-17T23:56:00+00:00,skip,insufficient_derived_candles,,,
2026-05-17T23:58:12.967527+00:00,btc_gold_dynamic_1_5,asset_hybrid,BTCUSD,2026-05-17T23:57:00+00:00,reject,OUTSIDE_SESSION,,,
2026-05-17T23:58:14.530880+00:00,btc_gold_dynamic_1_5,asset_hybrid,GOLD,2026-05-17T23:57:00+00:00,skip,insufficient_derived_candles,,,
2026-05-17T23:59:07.984527+00:00,btc_gold_dynamic_1_5,asset_hybrid,BTCUSD,2026-05-17T23:58:00+00:00,reject,OUTSIDE_SESSION,,,
2026-05-17T23:59:09.542096+00:00,btc_gold_dynamic_1_5,asset_hybrid,GOLD,2026-05-17T23:58:00+00:00,skip,insufficient_derived_candles,,,
2026-05-18T00:00:04.501843+00:00,btc_gold_dynamic_1_5,asset_hybrid,GOLD,2026-05-17T23:59:00+00:00,skip,insufficient_derived_candles,,,
2026-05-18T00:00:30.451796+00:00,btc_gold_dynamic_1_5,asset_hybrid,BTCUSD,2026-05-17T23:59:00+00:00,reject,OUTSIDE_SESSION,,,
2026-05-18T00:01:25.721084+00:00,btc_gold_dynamic_1_5,asset_hybrid,BTCUSD,2026-05-18T00:00:00+00:00,reject,OUTSIDE_SESSION,,,
2026-05-18T00:01:27.347149+00:00,btc_gold_dynamic_1_5,asset_hybrid,GOLD,2026-05-18T00:00:00+00:00,skip,insufficient_derived_candles,,,
2026-05-18T00:02:20.388118+00:00,btc_gold_dynamic_1_5,asset_hybrid,BTCUSD,2026-05-18T00:01:00+00:00,reject,OUTSIDE_SESSION,,,
2026-05-18T00:02:22.016479+00:00,btc_gold_dynamic_1_5,asset_hybrid,GOLD,2026-05-18T00:01:00+00:00,skip,insufficient_derived_candles,,,
2026-05-18T00:03:14.932454+00:00,btc_gold_dynamic_1_5,asset_hybrid,BTCUSD,2026-05-18T00:02:00+00:00,reject,OUTSIDE_SESSION,,,
2026-05-18T00:03:16.561102+00:00,btc_gold_dynamic_1_5,asset_hybrid,GOLD,2026-05-18T00:02:00+00:00,skip,insufficient_derived_candles,,,
2026-05-18T00:04:09.670046+00:00,btc_gold_dynamic_1_5,asset_hybrid,BTCUSD,2026-05-18T00:03:00+00:00,reject,OUTSIDE_SESSION,,,
2026-05-18T00:04:11.213272+00:00,btc_gold_dynamic_1_5,asset_hybrid,GOLD,2026-05-18T00:03:00+00:00,skip,insufficient_derived_candles,,,
2026-05-18T00:05:04.529712+00:00,btc_gold_dynamic_1_5,asset_hybrid,BTCUSD,2026-05-18T00:04:00+00:00,reject,OUTSIDE_SESSION,,,
2026-05-18T00:05:06.207017+00:00,btc_gold_dynamic_1_5,asset_hybrid,GOLD,2026-05-18T00:04:00+00:00,skip,insufficient_derived_candles,,,
2026-05-18T00:06:26.616906+00:00,btc_gold_dynamic_1_5,asset_hybrid,BTCUSD,2026-05-18T00:05:00+00:00,reject,OUTSIDE_SESSION,,,
2026-05-18T00:06:28.218864+00:00,btc_gold_dynamic_1_5,asset_hybrid,GOLD,2026-05-18T00:05:00+00:00,skip,insufficient_derived_candles,,,
2026-05-18T00:07:21.982882+00:00,btc_gold_dynamic_1_5,asset_hybrid,BTCUSD,2026-05-18T00:06:00+00:00,reject,OUTSIDE_SESSION,,,
2026-05-18T00:07:23.576578+00:00,btc_gold_dynamic_1_5,asset_hybrid,GOLD,2026-05-18T00:06:00+00:00,skip,insufficient_derived_candles,,,
2026-05-18T00:08:16.901349+00:00,btc_gold_dynamic_1_5,asset_hybrid,BTCUSD,2026-05-18T00:07:00+00:00,reject,OUTSIDE_SESSION,,,
2026-05-18T00:08:18.435684+00:00,btc_gold_dynamic_1_5,asset_hybrid,GOLD,2026-05-18T00:07:00+00:00,skip,insufficient_derived_candles,,,
2026-05-18T00:09:11.789002+00:00,btc_gold_dynamic_1_5,asset_hybrid,BTCUSD,2026-05-18T00:08:00+00:00,reject,OUTSIDE_SESSION,,,
2026-05-18T00:09:13.323758+00:00,btc_gold_dynamic_1_5,asset_hybrid,GOLD,2026-05-18T00:08:00+00:00,skip,insufficient_derived_candles,,,
2026-05-18T00:10:06.439797+00:00,btc_gold_dynamic_1_5,asset_hybrid,BTCUSD,2026-05-18T00:09:00+00:00,reject,OUTSIDE_SESSION,,,
2026-05-18T00:10:08.048227+00:00,btc_gold_dynamic_1_5,asset_hybrid,GOLD,2026-05-18T00:09:00+00:00,skip,insufficient_derived_candles,,,
2026-05-18T00:11:02.657532+00:00,btc_gold_dynamic_1_5,asset_hybrid,GOLD,2026-05-18T00:10:00+00:00,skip,insufficient_derived_candles,,,
2026-05-18T00:11:28.496637+00:00,btc_gold_dynamic_1_5,asset_hybrid,BTCUSD,2026-05-18T00:10:00+00:00,reject,OUTSIDE_SESSION,,,
2026-05-18T00:12:23.065407+00:00,btc_gold_dynamic_1_5,asset_hybrid,BTCUSD,2026-05-18T00:11:00+00:00,reject,OUTSIDE_SESSION,,,
2026-05-18T00:12:24.572079+00:00,btc_gold_dynamic_1_5,asset_hybrid,GOLD,2026-05-18T00:11:00+00:00,skip,insufficient_derived_candles,,,
2026-05-18T00:13:17.258132+00:00,btc_gold_dynamic_1_5,asset_hybrid,BTCUSD,2026-05-18T00:12:00+00:00,reject,OUTSIDE_SESSION,,,
2026-05-18T00:13:18.796775+00:00,btc_gold_dynamic_1_5,asset_hybrid,GOLD,2026-05-18T00:12:00+00:00,skip,insufficient_derived_candles,,,
2026-05-18T00:14:11.793210+00:00,btc_gold_dynamic_1_5,asset_hybrid,BTCUSD,2026-05-18T00:13:00+00:00,reject,OUTSIDE_SESSION,,,
2026-05-18T00:14:13.362263+00:00,btc_gold_dynamic_1_5,asset_hybrid,GOLD,2026-05-18T00:13:00+00:00,skip,insufficient_derived_candles,,,
2026-05-18T00:15:06.798517+00:00,btc_gold_dynamic_1_5,asset_hybrid,BTCUSD,2026-05-18T00:14:00+00:00,reject,OUTSIDE_SESSION,,,
2026-05-18T00:15:08.395691+00:00,btc_gold_dynamic_1_5,asset_hybrid,GOLD,2026-05-18T00:14:00+00:00,skip,insufficient_derived_candles,,,
2026-05-18T00:16:03.478959+00:00,btc_gold_dynamic_1_5,asset_hybrid,GOLD,2026-05-18T00:15:00+00:00,skip,insufficient_derived_candles,,,
2026-05-18T00:16:29.367621+00:00,btc_gold_dynamic_1_5,asset_hybrid,BTCUSD,2026-05-18T00:15:00+00:00,reject,OUTSIDE_SESSION,,,
2026-05-18T00:17:24.018565+00:00,btc_gold_dynamic_1_5,asset_hybrid,BTCUSD,2026-05-18T00:16:00+00:00,reject,OUTSIDE_SESSION,,,
2026-05-18T00:17:25.633959+00:00,btc_gold_dynamic_1_5,asset_hybrid,GOLD,2026-05-18T00:16:00+00:00,skip,insufficient_derived_candles,,,
2026-05-18T00:18:19.046737+00:00,btc_gold_dynamic_1_5,asset_hybrid,BTCUSD,2026-05-18T00:17:00+00:00,reject,OUTSIDE_SESSION,,,
2026-05-18T00:18:20.600948+00:00,btc_gold_dynamic_1_5,asset_hybrid,GOLD,2026-05-18T00:17:00+00:00,skip,insufficient_derived_candles,,,
2026-05-18T00:19:13.826054+00:00,btc_gold_dynamic_1_5,asset_hybrid,BTCUSD,2026-05-18T00:18:00+00:00,reject,OUTSIDE_SESSION,,,
2026-05-18T00:19:15.398733+00:00,btc_gold_dynamic_1_5,asset_hybrid,GOLD,2026-05-18T00:18:00+00:00,skip,insufficient_derived_candles,,,
2026-05-18T00:20:08.965297+00:00,btc_gold_dynamic_1_5,asset_hybrid,BTCUSD,2026-05-18T00:19:00+00:00,reject,OUTSIDE_SESSION,,,
2026-05-18T00:20:10.644641+00:00,btc_gold_dynamic_1_5,asset_hybrid,GOLD,2026-05-18T00:19:00+00:00,skip,insufficient_derived_candles,,,
2026-05-18T00:21:06.774039+00:00,btc_gold_dynamic_1_5,asset_hybrid,GOLD,2026-05-18T00:20:00+00:00,skip,insufficient_derived_candles,,,
2026-05-18T00:21:32.718839+00:00,btc_gold_dynamic_1_5,asset_hybrid,BTCUSD,2026-05-18T00:20:00+00:00,reject,OUTSIDE_SESSION,,,
2026-05-18T00:22:27.583179+00:00,btc_gold_dynamic_1_5,asset_hybrid,BTCUSD,2026-05-18T00:21:00+00:00,reject,OUTSIDE_SESSION,,,
2026-05-18T00:22:29.212401+00:00,btc_gold_dynamic_1_5,asset_hybrid,GOLD,2026-05-18T00:21:00+00:00,skip,insufficient_derived_candles,,,
2026-05-18T00:23:22.705077+00:00,btc_gold_dynamic_1_5,asset_hybrid,BTCUSD,2026-05-18T00:22:00+00:00,reject,OUTSIDE_SESSION,,,
2026-05-18T00:23:24.297784+00:00,btc_gold_dynamic_1_5,asset_hybrid,GOLD,2026-05-18T00:22:00+00:00,skip,insufficient_derived_candles,,,
2026-05-18T00:24:17.461032+00:00,btc_gold_dynamic_1_5,asset_hybrid,BTCUSD,2026-05-18T00:23:00+00:00,reject,OUTSIDE_SESSION,,,
2026-05-18T00:24:19.050574+00:00,btc_gold_dynamic_1_5,asset_hybrid,GOLD,2026-05-18T00:23:00+00:00,skip,insufficient_derived_candles,,,
2026-05-18T00:25:12.479892+00:00,btc_gold_dynamic_1_5,asset_hybrid,BTCUSD,2026-05-18T00:24:00+00:00,reject,OUTSIDE_SESSION,,,
2026-05-18T00:25:14.200342+00:00,btc_gold_dynamic_1_5,asset_hybrid,GOLD,2026-05-18T00:24:00+00:00,skip,insufficient_derived_candles,,,
2026-05-18T00:26:07.628266+00:00,btc_gold_dynamic_1_5,asset_hybrid,BTCUSD,2026-05-18T00:25:00+00:00,reject,OUTSIDE_SESSION,,,
2026-05-18T00:26:09.245770+00:00,btc_gold_dynamic_1_5,asset_hybrid,GOLD,2026-05-18T00:25:00+00:00,skip,insufficient_derived_candles,,,
2026-05-18T00:27:04.012280+00:00,btc_gold_dynamic_1_5,asset_hybrid,GOLD,2026-05-18T00:26:00+00:00,skip,insufficient_derived_candles,,,
2026-05-18T00:27:30.015241+00:00,btc_gold_dynamic_1_5,asset_hybrid,BTCUSD,2026-05-18T00:26:00+00:00,reject,OUTSIDE_SESSION,,,
2026-05-18T00:28:24.915969+00:00,btc_gold_dynamic_1_5,asset_hybrid,BTCUSD,2026-05-18T00:27:00+00:00,reject,OUTSIDE_SESSION,,,
2026-05-18T00:28:26.542851+00:00,btc_gold_dynamic_1_5,asset_hybrid,GOLD,2026-05-18T00:27:00+00:00,skip,insufficient_derived_candles,,,
2026-05-18T00:29:19.747866+00:00,btc_gold_dynamic_1_5,asset_hybrid,BTCUSD,2026-05-18T00:28:00+00:00,reject,OUTSIDE_SESSION,,,
2026-05-18T00:29:21.447241+00:00,btc_gold_dynamic_1_5,asset_hybrid,GOLD,2026-05-18T00:28:00+00:00,skip,insufficient_derived_candles,,,
2026-05-18T00:30:15.678716+00:00,btc_gold_dynamic_1_5,asset_hybrid,BTCUSD,2026-05-18T00:29:00+00:00,reject,OUTSIDE_SESSION,,,
2026-05-18T00:30:17.401411+00:00,btc_gold_dynamic_1_5,asset_hybrid,GOLD,2026-05-18T00:29:00+00:00,skip,insufficient_derived_candles,,,
2026-05-18T00:31:11.718354+00:00,btc_gold_dynamic_1_5,asset_hybrid,BTCUSD,2026-05-18T00:30:00+00:00,reject,OUTSIDE_SESSION,,,
2026-05-18T00:31:13.352179+00:00,btc_gold_dynamic_1_5,asset_hybrid,GOLD,2026-05-18T00:30:00+00:00,skip,insufficient_derived_candles,,,
2026-05-18T00:32:06.666642+00:00,btc_gold_dynamic_1_5,asset_hybrid,BTCUSD,2026-05-18T00:31:00+00:00,reject,OUTSIDE_SESSION,,,
2026-05-18T00:32:08.326155+00:00,btc_gold_dynamic_1_5,asset_hybrid,GOLD,2026-05-18T00:31:00+00:00,skip,insufficient_derived_candles,,,
2026-05-18T00:33:03.150881+00:00,btc_gold_dynamic_1_5,asset_hybrid,GOLD,2026-05-18T00:32:00+00:00,skip,insufficient_derived_candles,,,
2026-05-18T00:33:28.949905+00:00,btc_gold_dynamic_1_5,asset_hybrid,BTCUSD,2026-05-18T00:32:00+00:00,reject,OUTSIDE_SESSION,,,
2026-05-18T00:34:23.850688+00:00,btc_gold_dynamic_1_5,asset_hybrid,BTCUSD,2026-05-18T00:33:00+00:00,reject,OUTSIDE_SESSION,,,
2026-05-18T00:34:25.499698+00:00,btc_gold_dynamic_1_5,asset_hybrid,GOLD,2026-05-18T00:33:00+00:00,skip,insufficient_derived_candles,,,
2026-05-18T00:35:18.663860+00:00,btc_gold_dynamic_1_5,asset_hybrid,BTCUSD,2026-05-18T00:34:00+00:00,reject,OUTSIDE_SESSION,,,
2026-05-18T00:35:20.363796+00:00,btc_gold_dynamic_1_5,asset_hybrid,GOLD,2026-05-18T00:34:00+00:00,skip,insufficient_derived_candles,,,
2026-05-18T00:36:13.793036+00:00,btc_gold_dynamic_1_5,asset_hybrid,BTCUSD,2026-05-18T00:35:00+00:00,reject,OUTSIDE_SESSION,,,
2026-05-18T00:36:15.452294+00:00,btc_gold_dynamic_1_5,asset_hybrid,GOLD,2026-05-18T00:35:00+00:00,skip,insufficient_derived_candles,,,
2026-05-18T00:37:08.636869+00:00,btc_gold_dynamic_1_5,asset_hybrid,BTCUSD,2026-05-18T00:36:00+00:00,reject,OUTSIDE_SESSION,,,
2026-05-18T00:37:10.375475+00:00,btc_gold_dynamic_1_5,asset_hybrid,GOLD,2026-05-18T00:36:00+00:00,skip,insufficient_derived_candles,,,
2026-05-18T00:38:05.723989+00:00,btc_gold_dynamic_1_5,asset_hybrid,GOLD,2026-05-18T00:37:00+00:00,skip,insufficient_derived_candles,,,
2026-05-18T00:38:31.600896+00:00,btc_gold_dynamic_1_5,asset_hybrid,BTCUSD,2026-05-18T00:37:00+00:00,reject,OUTSIDE_SESSION,,,
2026-05-18T00:39:26.432170+00:00,btc_gold_dynamic_1_5,asset_hybrid,BTCUSD,2026-05-18T00:38:00+00:00,reject,OUTSIDE_SESSION,,,
2026-05-18T00:39:28.267641+00:00,btc_gold_dynamic_1_5,asset_hybrid,GOLD,2026-05-18T00:38:00+00:00,skip,insufficient_derived_candles,,,
2026-05-18T00:40:21.855016+00:00,btc_gold_dynamic_1_5,asset_hybrid,BTCUSD,2026-05-18T00:39:00+00:00,reject,OUTSIDE_SESSION,,,
2026-05-18T00:40:23.573483+00:00,btc_gold_dynamic_1_5,asset_hybrid,GOLD,2026-05-18T00:39:00+00:00,skip,insufficient_derived_candles,,,
2026-05-18T00:41:18.151458+00:00,btc_gold_dynamic_1_5,asset_hybrid,BTCUSD,2026-05-18T00:40:00+00:00,reject,OUTSIDE_SESSION,,,
2026-05-18T00:41:19.851818+00:00,btc_gold_dynamic_1_5,asset_hybrid,GOLD,2026-05-18T00:40:00+00:00,skip,insufficient_derived_candles,,,
2026-05-18T00:42:13.208034+00:00,btc_gold_dynamic_1_5,asset_hybrid,BTCUSD,2026-05-18T00:41:00+00:00,reject,OUTSIDE_SESSION,,,
2026-05-18T00:42:14.917551+00:00,btc_gold_dynamic_1_5,asset_hybrid,GOLD,2026-05-18T00:41:00+00:00,skip,insufficient_derived_candles,,,
2026-05-18T00:43:08.366980+00:00,btc_gold_dynamic_1_5,asset_hybrid,BTCUSD,2026-05-18T00:42:00+00:00,reject,OUTSIDE_SESSION,,,
2026-05-18T00:43:10.132998+00:00,btc_gold_dynamic_1_5,asset_hybrid,GOLD,2026-05-18T00:42:00+00:00,skip,insufficient_derived_candles,,,
2026-05-18T00:44:05.215245+00:00,btc_gold_dynamic_1_5,asset_hybrid,GOLD,2026-05-18T00:43:00+00:00,skip,insufficient_derived_candles,,,
2026-05-18T00:44:31.129459+00:00,btc_gold_dynamic_1_5,asset_hybrid,BTCUSD,2026-05-18T00:43:00+00:00,reject,OUTSIDE_SESSION,,,
2026-05-18T00:45:32.079203+00:00,btc_gold_dynamic_1_5,asset_hybrid,BTCUSD,2026-05-18T00:44:00+00:00,reject,OUTSIDE_SESSION,,,
2026-05-18T00:45:33.800679+00:00,btc_gold_dynamic_1_5,asset_hybrid,GOLD,2026-05-18T00:44:00+00:00,skip,insufficient_derived_candles,,,
2026-05-18T00:46:27.114829+00:00,btc_gold_dynamic_1_5,asset_hybrid,BTCUSD,2026-05-18T00:45:00+00:00,reject,OUTSIDE_SESSION,,,
2026-05-18T00:46:28.856496+00:00,btc_gold_dynamic_1_5,asset_hybrid,GOLD,2026-05-18T00:45:00+00:00,skip,insufficient_derived_candles,,,
2026-05-18T00:47:21.789338+00:00,btc_gold_dynamic_1_5,asset_hybrid,BTCUSD,2026-05-18T00:46:00+00:00,reject,OUTSIDE_SESSION,,,
2026-05-18T00:47:23.476428+00:00,btc_gold_dynamic_1_5,asset_hybrid,GOLD,2026-05-18T00:46:00+00:00,skip,insufficient_derived_candles,,,
2026-05-18T00:48:16.679125+00:00,btc_gold_dynamic_1_5,asset_hybrid,BTCUSD,2026-05-18T00:47:00+00:00,reject,OUTSIDE_SESSION,,,
2026-05-18T00:48:18.408514+00:00,btc_gold_dynamic_1_5,asset_hybrid,GOLD,2026-05-18T00:47:00+00:00,skip,insufficient_derived_candles,,,
2026-05-18T00:49:11.775280+00:00,btc_gold_dynamic_1_5,asset_hybrid,BTCUSD,2026-05-18T00:48:00+00:00,reject,OUTSIDE_SESSION,,,
2026-05-18T00:49:13.540248+00:00,btc_gold_dynamic_1_5,asset_hybrid,GOLD,2026-05-18T00:48:00+00:00,skip,insufficient_derived_candles,,,
2026-05-18T00:50:06.784107+00:00,btc_gold_dynamic_1_5,asset_hybrid,BTCUSD,2026-05-18T00:49:00+00:00,reject,OUTSIDE_SESSION,,,
2026-05-18T00:50:08.536549+00:00,btc_gold_dynamic_1_5,asset_hybrid,GOLD,2026-05-18T00:49:00+00:00,skip,insufficient_derived_candles,,,
2026-05-18T00:51:04.852370+00:00,btc_gold_dynamic_1_5,asset_hybrid,GOLD,2026-05-18T00:50:00+00:00,skip,insufficient_derived_candles,,,
2026-05-18T00:51:30.864945+00:00,btc_gold_dynamic_1_5,asset_hybrid,BTCUSD,2026-05-18T00:50:00+00:00,reject,OUTSIDE_SESSION,,,
2026-05-18T00:52:25.690438+00:00,btc_gold_dynamic_1_5,asset_hybrid,BTCUSD,2026-05-18T00:51:00+00:00,reject,OUTSIDE_SESSION,,,
2026-05-18T00:52:27.457198+00:00,btc_gold_dynamic_1_5,asset_hybrid,GOLD,2026-05-18T00:51:00+00:00,skip,insufficient_derived_candles,,,
2026-05-18T00:53:20.720712+00:00,btc_gold_dynamic_1_5,asset_hybrid,BTCUSD,2026-05-18T00:52:00+00:00,reject,OUTSIDE_SESSION,,,
2026-05-18T00:53:22.668927+00:00,btc_gold_dynamic_1_5,asset_hybrid,GOLD,2026-05-18T00:52:00+00:00,skip,insufficient_derived_candles,,,
2026-05-18T00:54:16.061934+00:00,btc_gold_dynamic_1_5,asset_hybrid,BTCUSD,2026-05-18T00:53:00+00:00,reject,OUTSIDE_SESSION,,,
2026-05-18T00:54:17.799818+00:00,btc_gold_dynamic_1_5,asset_hybrid,GOLD,2026-05-18T00:53:00+00:00,skip,insufficient_derived_candles,,,
2026-05-18T00:55:11.089785+00:00,btc_gold_dynamic_1_5,asset_hybrid,BTCUSD,2026-05-18T00:54:00+00:00,reject,OUTSIDE_SESSION,,,
2026-05-18T00:55:12.792352+00:00,btc_gold_dynamic_1_5,asset_hybrid,GOLD,2026-05-18T00:54:00+00:00,skip,insufficient_derived_candles,,,
2026-05-18T00:56:05.877837+00:00,btc_gold_dynamic_1_5,asset_hybrid,BTCUSD,2026-05-18T00:55:00+00:00,reject,OUTSIDE_SESSION,,,
2026-05-18T00:56:07.608019+00:00,btc_gold_dynamic_1_5,asset_hybrid,GOLD,2026-05-18T00:55:00+00:00,skip,insufficient_derived_candles,,,
2026-05-18T00:57:02.645659+00:00,btc_gold_dynamic_1_5,asset_hybrid,GOLD,2026-05-18T00:56:00+00:00,skip,insufficient_derived_candles,,,
2026-05-18T00:57:28.279951+00:00,btc_gold_dynamic_1_5,asset_hybrid,BTCUSD,2026-05-18T00:56:00+00:00,reject,OUTSIDE_SESSION,,,
2026-05-18T00:58:23.215276+00:00,btc_gold_dynamic_1_5,asset_hybrid,BTCUSD,2026-05-18T00:57:00+00:00,reject,OUTSIDE_SESSION,,,
2026-05-18T00:58:24.866519+00:00,btc_gold_dynamic_1_5,asset_hybrid,GOLD,2026-05-18T00:57:00+00:00,skip,insufficient_derived_candles,,,
2026-05-18T00:59:18.295680+00:00,btc_gold_dynamic_1_5,asset_hybrid,BTCUSD,2026-05-18T00:58:00+00:00,reject,OUTSIDE_SESSION,,,
2026-05-18T00:59:20.024038+00:00,btc_gold_dynamic_1_5,asset_hybrid,GOLD,2026-05-18T00:58:00+00:00,skip,insufficient_derived_candles,,,
2026-05-18T01:00:13.506765+00:00,btc_gold_dynamic_1_5,asset_hybrid,BTCUSD,2026-05-18T00:59:00+00:00,reject,OUTSIDE_SESSION,,,
2026-05-18T01:00:15.289916+00:00,btc_gold_dynamic_1_5,asset_hybrid,GOLD,2026-05-18T00:59:00+00:00,skip,insufficient_derived_candles,,,
2026-05-18T01:01:09.265242+00:00,btc_gold_dynamic_1_5,asset_hybrid,BTCUSD,2026-05-18T01:00:00+00:00,reject,OUTSIDE_SESSION,,,
2026-05-18T01:01:11.034569+00:00,btc_gold_dynamic_1_5,asset_hybrid,GOLD,2026-05-18T01:00:00+00:00,skip,insufficient_derived_candles,,,
2026-05-18T01:02:04.870787+00:00,btc_gold_dynamic_1_5,asset_hybrid,BTCUSD,2026-05-18T01:01:00+00:00,reject,OUTSIDE_SESSION,,,
2026-05-18T01:02:06.607629+00:00,btc_gold_dynamic_1_5,asset_hybrid,GOLD,2026-05-18T01:01:00+00:00,skip,insufficient_derived_candles,,,
2026-05-18T01:03:27.317574+00:00,btc_gold_dynamic_1_5,asset_hybrid,BTCUSD,2026-05-18T01:02:00+00:00,reject,OUTSIDE_SESSION,,,
2026-05-18T01:03:29.033479+00:00,btc_gold_dynamic_1_5,asset_hybrid,GOLD,2026-05-18T01:02:00+00:00,skip,insufficient_derived_candles,,,
2026-05-18T01:04:22.279807+00:00,btc_gold_dynamic_1_5,asset_hybrid,BTCUSD,2026-05-18T01:03:00+00:00,reject,OUTSIDE_SESSION,,,
2026-05-18T01:04:24.371487+00:00,btc_gold_dynamic_1_5,asset_hybrid,GOLD,2026-05-18T01:03:00+00:00,skip,insufficient_derived_candles,,,
2026-05-18T01:05:17.795858+00:00,btc_gold_dynamic_1_5,asset_hybrid,BTCUSD,2026-05-18T01:04:00+00:00,reject,OUTSIDE_SESSION,,,
2026-05-18T01:05:19.564417+00:00,btc_gold_dynamic_1_5,asset_hybrid,GOLD,2026-05-18T01:04:00+00:00,skip,insufficient_derived_candles,,,
2026-05-18T01:06:13.246669+00:00,btc_gold_dynamic_1_5,asset_hybrid,BTCUSD,2026-05-18T01:05:00+00:00,reject,OUTSIDE_SESSION,,,
2026-05-18T01:06:14.937878+00:00,btc_gold_dynamic_1_5,asset_hybrid,GOLD,2026-05-18T01:05:00+00:00,skip,insufficient_derived_candles,,,
2026-05-18T01:07:08.341700+00:00,btc_gold_dynamic_1_5,asset_hybrid,BTCUSD,2026-05-18T01:06:00+00:00,reject,OUTSIDE_SESSION,,,
2026-05-18T01:07:10.052053+00:00,btc_gold_dynamic_1_5,asset_hybrid,GOLD,2026-05-18T01:06:00+00:00,skip,insufficient_derived_candles,,,
2026-05-18T01:08:05.376695+00:00,btc_gold_dynamic_1_5,asset_hybrid,GOLD,2026-05-18T01:07:00+00:00,skip,insufficient_derived_candles,,,
2026-05-18T01:08:31.166960+00:00,btc_gold_dynamic_1_5,asset_hybrid,BTCUSD,2026-05-18T01:07:00+00:00,reject,OUTSIDE_SESSION,,,
2026-05-18T01:09:26.104252+00:00,btc_gold_dynamic_1_5,asset_hybrid,BTCUSD,2026-05-18T01:08:00+00:00,reject,OUTSIDE_SESSION,,,
2026-05-18T01:09:27.885121+00:00,btc_gold_dynamic_1_5,asset_hybrid,GOLD,2026-05-18T01:08:00+00:00,skip,insufficient_derived_candles,,,
2026-05-18T01:10:21.160427+00:00,btc_gold_dynamic_1_5,asset_hybrid,BTCUSD,2026-05-18T01:09:00+00:00,reject,OUTSIDE_SESSION,,,
2026-05-18T01:10:22.915857+00:00,btc_gold_dynamic_1_5,asset_hybrid,GOLD,2026-05-18T01:09:00+00:00,skip,insufficient_derived_candles,,,
2026-05-18T01:11:17.935276+00:00,btc_gold_dynamic_1_5,asset_hybrid,BTCUSD,2026-05-18T01:10:00+00:00,reject,OUTSIDE_SESSION,,,
2026-05-18T01:11:19.692661+00:00,btc_gold_dynamic_1_5,asset_hybrid,GOLD,2026-05-18T01:10:00+00:00,skip,insufficient_derived_candles,,,
2026-05-18T01:12:12.715062+00:00,btc_gold_dynamic_1_5,asset_hybrid,BTCUSD,2026-05-18T01:11:00+00:00,reject,OUTSIDE_SESSION,,,
2026-05-18T01:12:14.514215+00:00,btc_gold_dynamic_1_5,asset_hybrid,GOLD,2026-05-18T01:11:00+00:00,skip,insufficient_derived_candles,,,
2026-05-18T01:13:07.967145+00:00,btc_gold_dynamic_1_5,asset_hybrid,BTCUSD,2026-05-18T01:12:00+00:00,reject,OUTSIDE_SESSION,,,
2026-05-18T01:13:09.730924+00:00,btc_gold_dynamic_1_5,asset_hybrid,GOLD,2026-05-18T01:12:00+00:00,skip,insufficient_derived_candles,,,
2026-05-18T01:14:04.833830+00:00,btc_gold_dynamic_1_5,asset_hybrid,GOLD,2026-05-18T01:13:00+00:00,skip,insufficient_derived_candles,,,
2026-05-18T01:14:30.507109+00:00,btc_gold_dynamic_1_5,asset_hybrid,BTCUSD,2026-05-18T01:13:00+00:00,reject,OUTSIDE_SESSION,,,
2026-05-18T01:15:25.635969+00:00,btc_gold_dynamic_1_5,asset_hybrid,BTCUSD,2026-05-18T01:14:00+00:00,reject,OUTSIDE_SESSION,,,
2026-05-18T01:15:27.419869+00:00,btc_gold_dynamic_1_5,asset_hybrid,GOLD,2026-05-18T01:14:00+00:00,skip,insufficient_derived_candles,,,
2026-05-18T01:16:21.022241+00:00,btc_gold_dynamic_1_5,asset_hybrid,BTCUSD,2026-05-18T01:15:00+00:00,reject,OUTSIDE_SESSION,,,
2026-05-18T01:16:22.897460+00:00,btc_gold_dynamic_1_5,asset_hybrid,GOLD,2026-05-18T01:15:00+00:00,skip,insufficient_derived_candles,,,
2026-05-18T01:17:16.445870+00:00,btc_gold_dynamic_1_5,asset_hybrid,BTCUSD,2026-05-18T01:16:00+00:00,reject,OUTSIDE_SESSION,,,
2026-05-18T01:17:18.183796+00:00,btc_gold_dynamic_1_5,asset_hybrid,GOLD,2026-05-18T01:16:00+00:00,skip,insufficient_derived_candles,,,
2026-05-18T01:18:11.092733+00:00,btc_gold_dynamic_1_5,asset_hybrid,BTCUSD,2026-05-18T01:17:00+00:00,reject,OUTSIDE_SESSION,,,
2026-05-18T01:18:12.838086+00:00,btc_gold_dynamic_1_5,asset_hybrid,GOLD,2026-05-18T01:17:00+00:00,skip,insufficient_derived_candles,,,
2026-05-18T01:19:06.272108+00:00,btc_gold_dynamic_1_5,asset_hybrid,BTCUSD,2026-05-18T01:18:00+00:00,reject,OUTSIDE_SESSION,,,
2026-05-18T01:19:08.018243+00:00,btc_gold_dynamic_1_5,asset_hybrid,GOLD,2026-05-18T01:18:00+00:00,skip,insufficient_derived_candles,,,
2026-05-18T01:20:03.020984+00:00,btc_gold_dynamic_1_5,asset_hybrid,GOLD,2026-05-18T01:19:00+00:00,skip,insufficient_derived_candles,,,
2026-05-18T01:20:28.831908+00:00,btc_gold_dynamic_1_5,asset_hybrid,BTCUSD,2026-05-18T01:19:00+00:00,reject,OUTSIDE_SESSION,,,
2026-05-18T01:21:25.467739+00:00,btc_gold_dynamic_1_5,asset_hybrid,BTCUSD,2026-05-18T01:20:00+00:00,reject,OUTSIDE_SESSION,,,
2026-05-18T01:21:27.164167+00:00,btc_gold_dynamic_1_5,asset_hybrid,GOLD,2026-05-18T01:20:00+00:00,skip,insufficient_derived_candles,,,
2026-05-18T01:22:20.267810+00:00,btc_gold_dynamic_1_5,asset_hybrid,BTCUSD,2026-05-18T01:21:00+00:00,reject,OUTSIDE_SESSION,,,
2026-05-18T01:22:22.055684+00:00,btc_gold_dynamic_1_5,asset_hybrid,GOLD,2026-05-18T01:21:00+00:00,skip,insufficient_derived_candles,,,
2026-05-18T01:23:15.471792+00:00,btc_gold_dynamic_1_5,asset_hybrid,BTCUSD,2026-05-18T01:22:00+00:00,reject,OUTSIDE_SESSION,,,
2026-05-18T01:23:17.292956+00:00,btc_gold_dynamic_1_5,asset_hybrid,GOLD,2026-05-18T01:22:00+00:00,skip,insufficient_derived_candles,,,
2026-05-18T01:24:10.510670+00:00,btc_gold_dynamic_1_5,asset_hybrid,BTCUSD,2026-05-18T01:23:00+00:00,reject,OUTSIDE_SESSION,,,
2026-05-18T01:24:12.292655+00:00,btc_gold_dynamic_1_5,asset_hybrid,GOLD,2026-05-18T01:23:00+00:00,skip,insufficient_derived_candles,,,
2026-05-18T01:25:05.420226+00:00,btc_gold_dynamic_1_5,asset_hybrid,BTCUSD,2026-05-18T01:24:00+00:00,reject,OUTSIDE_SESSION,,,
2026-05-18T01:25:07.105458+00:00,btc_gold_dynamic_1_5,asset_hybrid,GOLD,2026-05-18T01:24:00+00:00,skip,insufficient_derived_candles,,,
2026-05-18T01:26:02.852988+00:00,btc_gold_dynamic_1_5,asset_hybrid,GOLD,2026-05-18T01:25:00+00:00,skip,insufficient_derived_candles,,,
2026-05-18T01:26:28.936549+00:00,btc_gold_dynamic_1_5,asset_hybrid,BTCUSD,2026-05-18T01:25:00+00:00,reject,OUTSIDE_SESSION,,,
2026-05-18T01:27:24.342037+00:00,btc_gold_dynamic_1_5,asset_hybrid,BTCUSD,2026-05-18T01:26:00+00:00,reject,OUTSIDE_SESSION,,,
2026-05-18T01:27:26.184082+00:00,btc_gold_dynamic_1_5,asset_hybrid,GOLD,2026-05-18T01:26:00+00:00,skip,insufficient_derived_candles,,,
2026-05-18T01:28:19.548680+00:00,btc_gold_dynamic_1_5,asset_hybrid,BTCUSD,2026-05-18T01:27:00+00:00,reject,OUTSIDE_SESSION,,,
2026-05-18T01:28:21.412513+00:00,btc_gold_dynamic_1_5,asset_hybrid,GOLD,2026-05-18T01:27:00+00:00,skip,insufficient_derived_candles,,,
2026-05-18T01:29:15.140196+00:00,btc_gold_dynamic_1_5,asset_hybrid,BTCUSD,2026-05-18T01:28:00+00:00,reject,OUTSIDE_SESSION,,,
2026-05-18T01:29:17.080177+00:00,btc_gold_dynamic_1_5,asset_hybrid,GOLD,2026-05-18T01:28:00+00:00,skip,insufficient_derived_candles,,,
2026-05-18T01:30:11.048300+00:00,btc_gold_dynamic_1_5,asset_hybrid,BTCUSD,2026-05-18T01:29:00+00:00,reject,OUTSIDE_SESSION,,,
2026-05-18T01:30:12.932863+00:00,btc_gold_dynamic_1_5,asset_hybrid,GOLD,2026-05-18T01:29:00+00:00,skip,insufficient_derived_candles,,,
2026-05-18T01:31:07.287434+00:00,btc_gold_dynamic_1_5,asset_hybrid,BTCUSD,2026-05-18T01:30:00+00:00,reject,OUTSIDE_SESSION,,,
2026-05-18T01:31:09.096134+00:00,btc_gold_dynamic_1_5,asset_hybrid,GOLD,2026-05-18T01:30:00+00:00,skip,insufficient_derived_candles,,,
2026-05-18T01:32:04.162318+00:00,btc_gold_dynamic_1_5,asset_hybrid,GOLD,2026-05-18T01:31:00+00:00,skip,insufficient_derived_candles,,,
2026-05-18T01:32:30.087199+00:00,btc_gold_dynamic_1_5,asset_hybrid,BTCUSD,2026-05-18T01:31:00+00:00,reject,OUTSIDE_SESSION,,,
2026-05-18T01:33:25.358529+00:00,btc_gold_dynamic_1_5,asset_hybrid,BTCUSD,2026-05-18T01:32:00+00:00,reject,OUTSIDE_SESSION,,,
2026-05-18T01:33:27.117042+00:00,btc_gold_dynamic_1_5,asset_hybrid,GOLD,2026-05-18T01:32:00+00:00,skip,insufficient_derived_candles,,,
2026-05-18T01:34:20.295420+00:00,btc_gold_dynamic_1_5,asset_hybrid,BTCUSD,2026-05-18T01:33:00+00:00,reject,OUTSIDE_SESSION,,,
2026-05-18T01:34:22.085316+00:00,btc_gold_dynamic_1_5,asset_hybrid,GOLD,2026-05-18T01:33:00+00:00,skip,insufficient_derived_candles,,,
2026-05-18T01:35:15.565102+00:00,btc_gold_dynamic_1_5,asset_hybrid,BTCUSD,2026-05-18T01:34:00+00:00,reject,OUTSIDE_SESSION,,,
2026-05-18T01:35:17.551386+00:00,btc_gold_dynamic_1_5,asset_hybrid,GOLD,2026-05-18T01:34:00+00:00,skip,insufficient_derived_candles,,,
2026-05-18T01:36:11.502697+00:00,btc_gold_dynamic_1_5,asset_hybrid,BTCUSD,2026-05-18T01:35:00+00:00,reject,OUTSIDE_SESSION,,,
2026-05-18T01:36:13.299619+00:00,btc_gold_dynamic_1_5,asset_hybrid,GOLD,2026-05-18T01:35:00+00:00,skip,insufficient_derived_candles,,,
2026-05-18T01:37:06.524379+00:00,btc_gold_dynamic_1_5,asset_hybrid,BTCUSD,2026-05-18T01:36:00+00:00,reject,OUTSIDE_SESSION,,,
2026-05-18T01:37:08.464254+00:00,btc_gold_dynamic_1_5,asset_hybrid,GOLD,2026-05-18T01:36:00+00:00,skip,insufficient_derived_candles,,,
2026-05-18T01:38:03.793686+00:00,btc_gold_dynamic_1_5,asset_hybrid,GOLD,2026-05-18T01:37:00+00:00,skip,insufficient_derived_candles,,,
2026-05-18T01:38:29.568916+00:00,btc_gold_dynamic_1_5,asset_hybrid,BTCUSD,2026-05-18T01:37:00+00:00,reject,OUTSIDE_SESSION,,,
2026-05-18T01:39:24.773602+00:00,btc_gold_dynamic_1_5,asset_hybrid,BTCUSD,2026-05-18T01:38:00+00:00,reject,OUTSIDE_SESSION,,,
2026-05-18T01:39:26.687329+00:00,btc_gold_dynamic_1_5,asset_hybrid,GOLD,2026-05-18T01:38:00+00:00,skip,insufficient_derived_candles,,,
2026-05-18T01:40:20.521427+00:00,btc_gold_dynamic_1_5,asset_hybrid,BTCUSD,2026-05-18T01:39:00+00:00,reject,OUTSIDE_SESSION,,,
2026-05-18T01:40:22.439843+00:00,btc_gold_dynamic_1_5,asset_hybrid,GOLD,2026-05-18T01:39:00+00:00,skip,insufficient_derived_candles,,,
2026-05-18T01:41:15.981686+00:00,btc_gold_dynamic_1_5,asset_hybrid,BTCUSD,2026-05-18T01:40:00+00:00,reject,OUTSIDE_SESSION,,,
2026-05-18T01:41:17.798609+00:00,btc_gold_dynamic_1_5,asset_hybrid,GOLD,2026-05-18T01:40:00+00:00,skip,insufficient_derived_candles,,,
2026-05-18T01:42:11.162871+00:00,btc_gold_dynamic_1_5,asset_hybrid,BTCUSD,2026-05-18T01:41:00+00:00,reject,OUTSIDE_SESSION,,,
2026-05-18T01:42:13.027517+00:00,btc_gold_dynamic_1_5,asset_hybrid,GOLD,2026-05-18T01:41:00+00:00,skip,insufficient_derived_candles,,,
2026-05-18T01:43:06.443948+00:00,btc_gold_dynamic_1_5,asset_hybrid,BTCUSD,2026-05-18T01:42:00+00:00,reject,OUTSIDE_SESSION,,,
2026-05-18T01:43:08.306586+00:00,btc_gold_dynamic_1_5,asset_hybrid,GOLD,2026-05-18T01:42:00+00:00,skip,insufficient_derived_candles,,,
2026-05-18T01:44:08.635206+00:00,btc_gold_dynamic_1_5,asset_hybrid,BTCUSD,2026-05-18T01:43:00+00:00,reject,OUTSIDE_SESSION,,,
2026-05-18T01:44:10.484270+00:00,btc_gold_dynamic_1_5,asset_hybrid,GOLD,2026-05-18T01:43:00+00:00,skip,insufficient_derived_candles,,,
2026-05-18T01:45:05.944058+00:00,btc_gold_dynamic_1_5,asset_hybrid,GOLD,2026-05-18T01:44:00+00:00,skip,insufficient_derived_candles,,,
2026-05-18T01:45:31.999538+00:00,btc_gold_dynamic_1_5,asset_hybrid,BTCUSD,2026-05-18T01:44:00+00:00,reject,OUTSIDE_SESSION,,,
2026-05-18T01:46:27.340937+00:00,btc_gold_dynamic_1_5,asset_hybrid,BTCUSD,2026-05-18T01:45:00+00:00,reject,OUTSIDE_SESSION,,,
2026-05-18T01:46:29.186399+00:00,btc_gold_dynamic_1_5,asset_hybrid,GOLD,2026-05-18T01:45:00+00:00,skip,insufficient_derived_candles,,,
2026-05-18T01:47:22.674171+00:00,btc_gold_dynamic_1_5,asset_hybrid,BTCUSD,2026-05-18T01:46:00+00:00,reject,OUTSIDE_SESSION,,,
2026-05-18T01:47:24.599105+00:00,btc_gold_dynamic_1_5,asset_hybrid,GOLD,2026-05-18T01:46:00+00:00,skip,insufficient_derived_candles,,,
2026-05-18T01:48:18.130985+00:00,btc_gold_dynamic_1_5,asset_hybrid,BTCUSD,2026-05-18T01:47:00+00:00,reject,OUTSIDE_SESSION,,,
2026-05-18T01:48:20.001240+00:00,btc_gold_dynamic_1_5,asset_hybrid,GOLD,2026-05-18T01:47:00+00:00,skip,insufficient_derived_candles,,,
2026-05-18T01:49:14.703528+00:00,btc_gold_dynamic_1_5,asset_hybrid,BTCUSD,2026-05-18T01:48:00+00:00,reject,OUTSIDE_SESSION,,,
2026-05-18T01:49:16.540729+00:00,btc_gold_dynamic_1_5,asset_hybrid,GOLD,2026-05-18T01:48:00+00:00,skip,insufficient_derived_candles,,,
2026-05-18T01:50:10.011901+00:00,btc_gold_dynamic_1_5,asset_hybrid,BTCUSD,2026-05-18T01:49:00+00:00,reject,OUTSIDE_SESSION,,,
2026-05-18T01:50:11.944341+00:00,btc_gold_dynamic_1_5,asset_hybrid,GOLD,2026-05-18T01:49:00+00:00,skip,insufficient_derived_candles,,,
2026-05-18T01:51:06.026229+00:00,btc_gold_dynamic_1_5,asset_hybrid,BTCUSD,2026-05-18T01:50:00+00:00,reject,OUTSIDE_SESSION,,,
2026-05-18T01:51:07.867014+00:00,btc_gold_dynamic_1_5,asset_hybrid,GOLD,2026-05-18T01:50:00+00:00,skip,insufficient_derived_candles,,,
2026-05-18T01:52:03.246202+00:00,btc_gold_dynamic_1_5,asset_hybrid,GOLD,2026-05-18T01:51:00+00:00,skip,insufficient_derived_candles,,,
2026-05-18T01:52:29.184997+00:00,btc_gold_dynamic_1_5,asset_hybrid,BTCUSD,2026-05-18T01:51:00+00:00,reject,OUTSIDE_SESSION,,,
2026-05-18T01:53:24.324460+00:00,btc_gold_dynamic_1_5,asset_hybrid,BTCUSD,2026-05-18T01:52:00+00:00,reject,OUTSIDE_SESSION,,,
2026-05-18T01:53:26.165792+00:00,btc_gold_dynamic_1_5,asset_hybrid,GOLD,2026-05-18T01:52:00+00:00,skip,insufficient_derived_candles,,,
2026-05-18T01:54:19.320934+00:00,btc_gold_dynamic_1_5,asset_hybrid,BTCUSD,2026-05-18T01:53:00+00:00,reject,OUTSIDE_SESSION,,,
2026-05-18T01:54:21.165185+00:00,btc_gold_dynamic_1_5,asset_hybrid,GOLD,2026-05-18T01:53:00+00:00,skip,insufficient_derived_candles,,,
2026-05-18T01:55:14.626155+00:00,btc_gold_dynamic_1_5,asset_hybrid,BTCUSD,2026-05-18T01:54:00+00:00,reject,OUTSIDE_SESSION,,,
2026-05-18T01:55:16.466374+00:00,btc_gold_dynamic_1_5,asset_hybrid,GOLD,2026-05-18T01:54:00+00:00,skip,insufficient_derived_candles,,,
2026-05-18T01:56:09.785586+00:00,btc_gold_dynamic_1_5,asset_hybrid,BTCUSD,2026-05-18T01:55:00+00:00,reject,OUTSIDE_SESSION,,,
2026-05-18T01:56:11.662938+00:00,btc_gold_dynamic_1_5,asset_hybrid,GOLD,2026-05-18T01:55:00+00:00,skip,insufficient_derived_candles,,,
2026-05-18T01:57:04.751428+00:00,btc_gold_dynamic_1_5,asset_hybrid,BTCUSD,2026-05-18T01:56:00+00:00,reject,OUTSIDE_SESSION,,,
2026-05-18T01:57:06.611765+00:00,btc_gold_dynamic_1_5,asset_hybrid,GOLD,2026-05-18T01:56:00+00:00,skip,insufficient_derived_candles,,,
2026-05-18T01:58:01.821376+00:00,btc_gold_dynamic_1_5,asset_hybrid,GOLD,2026-05-18T01:57:00+00:00,skip,insufficient_derived_candles,,,
2026-05-18T01:58:27.364960+00:00,btc_gold_dynamic_1_5,asset_hybrid,BTCUSD,2026-05-18T01:57:00+00:00,reject,OUTSIDE_SESSION,,,
2026-05-18T01:59:22.586582+00:00,btc_gold_dynamic_1_5,asset_hybrid,BTCUSD,2026-05-18T01:58:00+00:00,reject,OUTSIDE_SESSION,,,
2026-05-18T01:59:24.445987+00:00,btc_gold_dynamic_1_5,asset_hybrid,GOLD,2026-05-18T01:58:00+00:00,skip,insufficient_derived_candles,,,
2026-05-18T02:00:17.794407+00:00,btc_gold_dynamic_1_5,asset_hybrid,BTCUSD,2026-05-18T01:59:00+00:00,reject,OUTSIDE_SESSION,,,
2026-05-18T02:00:19.720697+00:00,btc_gold_dynamic_1_5,asset_hybrid,GOLD,2026-05-18T01:59:00+00:00,skip,insufficient_derived_candles,,,
2026-05-18T02:01:13.605526+00:00,btc_gold_dynamic_1_5,asset_hybrid,BTCUSD,2026-05-18T02:00:00+00:00,reject,OUTSIDE_SESSION,,,
2026-05-18T02:01:15.556987+00:00,btc_gold_dynamic_1_5,asset_hybrid,GOLD,2026-05-18T02:00:00+00:00,skip,insufficient_derived_candles,,,
2026-05-18T02:02:09.099628+00:00,btc_gold_dynamic_1_5,asset_hybrid,BTCUSD,2026-05-18T02:01:00+00:00,reject,OUTSIDE_SESSION,,,
2026-05-18T02:02:10.973618+00:00,btc_gold_dynamic_1_5,asset_hybrid,GOLD,2026-05-18T02:01:00+00:00,skip,insufficient_derived_candles,,,
2026-05-18T02:03:06.297453+00:00,btc_gold_dynamic_1_5,asset_hybrid,GOLD,2026-05-18T02:02:00+00:00,skip,insufficient_derived_candles,,,
2026-05-18T02:03:32.027357+00:00,btc_gold_dynamic_1_5,asset_hybrid,BTCUSD,2026-05-18T02:02:00+00:00,reject,OUTSIDE_SESSION,,,
2026-05-18T02:04:27.436425+00:00,btc_gold_dynamic_1_5,asset_hybrid,BTCUSD,2026-05-18T02:03:00+00:00,reject,OUTSIDE_SESSION,,,
2026-05-18T02:04:29.340852+00:00,btc_gold_dynamic_1_5,asset_hybrid,GOLD,2026-05-18T02:03:00+00:00,skip,insufficient_derived_candles,,,
2026-05-18T02:05:22.967310+00:00,btc_gold_dynamic_1_5,asset_hybrid,BTCUSD,2026-05-18T02:04:00+00:00,reject,OUTSIDE_SESSION,,,
2026-05-18T02:05:24.953135+00:00,btc_gold_dynamic_1_5,asset_hybrid,GOLD,2026-05-18T02:04:00+00:00,skip,insufficient_derived_candles,,,
2026-05-18T02:06:18.465800+00:00,btc_gold_dynamic_1_5,asset_hybrid,BTCUSD,2026-05-18T02:05:00+00:00,reject,OUTSIDE_SESSION,,,
2026-05-18T02:06:20.369168+00:00,btc_gold_dynamic_1_5,asset_hybrid,GOLD,2026-05-18T02:05:00+00:00,skip,insufficient_derived_candles,,,
2026-05-18T02:07:14.074622+00:00,btc_gold_dynamic_1_5,asset_hybrid,BTCUSD,2026-05-18T02:06:00+00:00,reject,OUTSIDE_SESSION,,,
2026-05-18T02:07:15.980613+00:00,btc_gold_dynamic_1_5,asset_hybrid,GOLD,2026-05-18T02:06:00+00:00,skip,insufficient_derived_candles,,,
2026-05-18T02:08:09.188641+00:00,btc_gold_dynamic_1_5,asset_hybrid,BTCUSD,2026-05-18T02:07:00+00:00,reject,OUTSIDE_SESSION,,,
2026-05-18T02:08:11.077044+00:00,btc_gold_dynamic_1_5,asset_hybrid,GOLD,2026-05-18T02:07:00+00:00,skip,insufficient_derived_candles,,,
2026-05-18T02:09:05.795620+00:00,btc_gold_dynamic_1_5,asset_hybrid,GOLD,2026-05-18T02:08:00+00:00,skip,insufficient_derived_candles,,,
2026-05-18T02:09:31.248788+00:00,btc_gold_dynamic_1_5,asset_hybrid,BTCUSD,2026-05-18T02:08:00+00:00,reject,OUTSIDE_SESSION,,,
2026-05-18T02:10:26.237633+00:00,btc_gold_dynamic_1_5,asset_hybrid,BTCUSD,2026-05-18T02:09:00+00:00,reject,OUTSIDE_SESSION,,,
2026-05-18T02:10:28.074031+00:00,btc_gold_dynamic_1_5,asset_hybrid,GOLD,2026-05-18T02:09:00+00:00,skip,insufficient_derived_candles,,,
2026-05-18T02:11:21.443065+00:00,btc_gold_dynamic_1_5,asset_hybrid,BTCUSD,2026-05-18T02:10:00+00:00,reject,OUTSIDE_SESSION,,,
2026-05-18T02:11:23.430035+00:00,btc_gold_dynamic_1_5,asset_hybrid,GOLD,2026-05-18T02:10:00+00:00,skip,insufficient_derived_candles,,,
2026-05-18T02:12:17.143113+00:00,btc_gold_dynamic_1_5,asset_hybrid,BTCUSD,2026-05-18T02:11:00+00:00,reject,OUTSIDE_SESSION,,,
2026-05-18T02:12:18.997138+00:00,btc_gold_dynamic_1_5,asset_hybrid,GOLD,2026-05-18T02:11:00+00:00,skip,insufficient_derived_candles,,,
2026-05-18T02:13:11.843594+00:00,btc_gold_dynamic_1_5,asset_hybrid,BTCUSD,2026-05-18T02:12:00+00:00,reject,OUTSIDE_SESSION,,,
2026-05-18T02:13:13.691390+00:00,btc_gold_dynamic_1_5,asset_hybrid,GOLD,2026-05-18T02:12:00+00:00,skip,insufficient_derived_candles,,,
2026-05-18T02:14:06.596524+00:00,btc_gold_dynamic_1_5,asset_hybrid,BTCUSD,2026-05-18T02:13:00+00:00,reject,OUTSIDE_SESSION,,,
2026-05-18T02:14:08.522299+00:00,btc_gold_dynamic_1_5,asset_hybrid,GOLD,2026-05-18T02:13:00+00:00,skip,insufficient_derived_candles,,,
2026-05-18T02:15:03.837279+00:00,btc_gold_dynamic_1_5,asset_hybrid,GOLD,2026-05-18T02:14:00+00:00,skip,insufficient_derived_candles,,,
2026-05-18T02:15:29.683926+00:00,btc_gold_dynamic_1_5,asset_hybrid,BTCUSD,2026-05-18T02:14:00+00:00,reject,OUTSIDE_SESSION,,,
2026-05-18T02:16:24.832413+00:00,btc_gold_dynamic_1_5,asset_hybrid,BTCUSD,2026-05-18T02:15:00+00:00,reject,OUTSIDE_SESSION,,,
2026-05-18T02:16:26.688450+00:00,btc_gold_dynamic_1_5,asset_hybrid,GOLD,2026-05-18T02:15:00+00:00,skip,insufficient_derived_candles,,,
2026-05-18T02:17:19.733603+00:00,btc_gold_dynamic_1_5,asset_hybrid,BTCUSD,2026-05-18T02:16:00+00:00,reject,OUTSIDE_SESSION,,,
2026-05-18T02:17:21.644656+00:00,btc_gold_dynamic_1_5,asset_hybrid,GOLD,2026-05-18T02:16:00+00:00,skip,insufficient_derived_candles,,,
2026-05-18T02:18:15.069240+00:00,btc_gold_dynamic_1_5,asset_hybrid,BTCUSD,2026-05-18T02:17:00+00:00,reject,OUTSIDE_SESSION,,,
2026-05-18T02:18:16.966787+00:00,btc_gold_dynamic_1_5,asset_hybrid,GOLD,2026-05-18T02:17:00+00:00,skip,insufficient_derived_candles,,,
2026-05-18T02:19:09.831477+00:00,btc_gold_dynamic_1_5,asset_hybrid,BTCUSD,2026-05-18T02:18:00+00:00,reject,OUTSIDE_SESSION,,,
2026-05-18T02:19:11.682161+00:00,btc_gold_dynamic_1_5,asset_hybrid,GOLD,2026-05-18T02:18:00+00:00,skip,insufficient_derived_candles,,,
2026-05-18T02:20:04.879202+00:00,btc_gold_dynamic_1_5,asset_hybrid,BTCUSD,2026-05-18T02:19:00+00:00,reject,OUTSIDE_SESSION,,,
2026-05-18T02:20:06.779192+00:00,btc_gold_dynamic_1_5,asset_hybrid,GOLD,2026-05-18T02:19:00+00:00,skip,insufficient_derived_candles,,,
2026-05-18T02:21:27.453725+00:00,btc_gold_dynamic_1_5,asset_hybrid,BTCUSD,2026-05-18T02:20:00+00:00,reject,OUTSIDE_SESSION,,,
2026-05-18T02:21:29.244822+00:00,btc_gold_dynamic_1_5,asset_hybrid,GOLD,2026-05-18T02:20:00+00:00,skip,insufficient_derived_candles,,,
2026-05-18T02:22:22.175815+00:00,btc_gold_dynamic_1_5,asset_hybrid,BTCUSD,2026-05-18T02:21:00+00:00,reject,OUTSIDE_SESSION,,,
2026-05-18T02:22:25.080417+00:00,btc_gold_dynamic_1_5,asset_hybrid,GOLD,2026-05-18T02:21:00+00:00,skip,insufficient_derived_candles,,,
2026-05-18T02:23:17.857300+00:00,btc_gold_dynamic_1_5,asset_hybrid,BTCUSD,2026-05-18T02:22:00+00:00,reject,OUTSIDE_SESSION,,,
2026-05-18T02:23:19.725243+00:00,btc_gold_dynamic_1_5,asset_hybrid,GOLD,2026-05-18T02:22:00+00:00,skip,insufficient_derived_candles,,,
2026-05-18T02:24:12.915741+00:00,btc_gold_dynamic_1_5,asset_hybrid,BTCUSD,2026-05-18T02:23:00+00:00,reject,OUTSIDE_SESSION,,,
2026-05-18T02:24:14.923041+00:00,btc_gold_dynamic_1_5,asset_hybrid,GOLD,2026-05-18T02:23:00+00:00,skip,insufficient_derived_candles,,,
2026-05-18T02:25:08.625134+00:00,btc_gold_dynamic_1_5,asset_hybrid,BTCUSD,2026-05-18T02:24:00+00:00,reject,OUTSIDE_SESSION,,,
2026-05-18T02:25:10.712596+00:00,btc_gold_dynamic_1_5,asset_hybrid,GOLD,2026-05-18T02:24:00+00:00,skip,insufficient_derived_candles,,,
2026-05-18T02:26:07.532508+00:00,btc_gold_dynamic_1_5,asset_hybrid,BTCUSD,2026-05-18T02:25:00+00:00,reject,OUTSIDE_SESSION,,,
2026-05-18T02:26:09.643359+00:00,btc_gold_dynamic_1_5,asset_hybrid,GOLD,2026-05-18T02:25:00+00:00,skip,insufficient_derived_candles,,,
2026-05-18T02:27:05.423204+00:00,btc_gold_dynamic_1_5,asset_hybrid,GOLD,2026-05-18T02:26:00+00:00,skip,insufficient_derived_candles,,,
2026-05-18T02:27:31.253818+00:00,btc_gold_dynamic_1_5,asset_hybrid,BTCUSD,2026-05-18T02:26:00+00:00,reject,OUTSIDE_SESSION,,,
2026-05-18T02:28:08.119985+00:00,btc_gold_dynamic_1_5,asset_hybrid,GOLD,2026-05-18T02:27:00+00:00,skip,insufficient_derived_candles,,,
2026-05-18T02:28:34.030950+00:00,btc_gold_dynamic_1_5,asset_hybrid,BTCUSD,2026-05-18T02:27:00+00:00,reject,OUTSIDE_SESSION,,,
2026-05-18T02:29:03.995732+00:00,btc_gold_dynamic_1_5,asset_hybrid,GOLD,2026-05-18T02:28:00+00:00,skip,insufficient_derived_candles,,,
2026-05-18T02:29:30.054524+00:00,btc_gold_dynamic_1_5,asset_hybrid,BTCUSD,2026-05-18T02:28:00+00:00,reject,OUTSIDE_SESSION,,,
2026-05-18T02:30:26.350022+00:00,btc_gold_dynamic_1_5,asset_hybrid,BTCUSD,2026-05-18T02:29:00+00:00,reject,OUTSIDE_SESSION,,,
2026-05-18T02:30:28.385301+00:00,btc_gold_dynamic_1_5,asset_hybrid,GOLD,2026-05-18T02:29:00+00:00,skip,insufficient_derived_candles,,,
2026-05-18T02:31:22.790722+00:00,btc_gold_dynamic_1_5,asset_hybrid,BTCUSD,2026-05-18T02:30:00+00:00,reject,OUTSIDE_SESSION,,,
2026-05-18T02:31:24.756004+00:00,btc_gold_dynamic_1_5,asset_hybrid,GOLD,2026-05-18T02:30:00+00:00,skip,insufficient_derived_candles,,,
2026-05-18T02:32:18.111635+00:00,btc_gold_dynamic_1_5,asset_hybrid,BTCUSD,2026-05-18T02:31:00+00:00,reject,OUTSIDE_SESSION,,,
2026-05-18T02:32:19.949451+00:00,btc_gold_dynamic_1_5,asset_hybrid,GOLD,2026-05-18T02:31:00+00:00,skip,insufficient_derived_candles,,,
2026-05-18T02:33:13.119005+00:00,btc_gold_dynamic_1_5,asset_hybrid,BTCUSD,2026-05-18T02:32:00+00:00,reject,OUTSIDE_SESSION,,,
2026-05-18T02:33:15.091264+00:00,btc_gold_dynamic_1_5,asset_hybrid,GOLD,2026-05-18T02:32:00+00:00,skip,insufficient_derived_candles,,,
2026-05-18T02:34:08.764564+00:00,btc_gold_dynamic_1_5,asset_hybrid,BTCUSD,2026-05-18T02:33:00+00:00,reject,OUTSIDE_SESSION,,,
2026-05-18T02:34:10.668810+00:00,btc_gold_dynamic_1_5,asset_hybrid,GOLD,2026-05-18T02:33:00+00:00,skip,insufficient_derived_candles,,,
2026-05-18T02:35:05.416753+00:00,btc_gold_dynamic_1_5,asset_hybrid,GOLD,2026-05-18T02:34:00+00:00,skip,insufficient_derived_candles,,,
2026-05-18T02:35:31.126446+00:00,btc_gold_dynamic_1_5,asset_hybrid,BTCUSD,2026-05-18T02:34:00+00:00,reject,OUTSIDE_SESSION,,,
2026-05-18T02:36:25.812192+00:00,btc_gold_dynamic_1_5,asset_hybrid,BTCUSD,2026-05-18T02:35:00+00:00,reject,OUTSIDE_SESSION,,,
2026-05-18T02:36:27.776825+00:00,btc_gold_dynamic_1_5,asset_hybrid,GOLD,2026-05-18T02:35:00+00:00,skip,insufficient_derived_candles,,,
2026-05-18T02:37:21.417518+00:00,btc_gold_dynamic_1_5,asset_hybrid,BTCUSD,2026-05-18T02:36:00+00:00,reject,OUTSIDE_SESSION,,,
2026-05-18T02:37:23.432747+00:00,btc_gold_dynamic_1_5,asset_hybrid,GOLD,2026-05-18T02:36:00+00:00,skip,insufficient_derived_candles,,,
2026-05-18T02:38:17.069889+00:00,btc_gold_dynamic_1_5,asset_hybrid,BTCUSD,2026-05-18T02:37:00+00:00,reject,OUTSIDE_SESSION,,,
2026-05-18T02:38:19.171235+00:00,btc_gold_dynamic_1_5,asset_hybrid,GOLD,2026-05-18T02:37:00+00:00,skip,insufficient_derived_candles,,,
2026-05-18T02:39:12.253149+00:00,btc_gold_dynamic_1_5,asset_hybrid,BTCUSD,2026-05-18T02:38:00+00:00,reject,OUTSIDE_SESSION,,,
2026-05-18T02:39:14.244391+00:00,btc_gold_dynamic_1_5,asset_hybrid,GOLD,2026-05-18T02:38:00+00:00,skip,insufficient_derived_candles,,,
2026-05-18T02:40:07.557380+00:00,btc_gold_dynamic_1_5,asset_hybrid,BTCUSD,2026-05-18T02:39:00+00:00,reject,OUTSIDE_SESSION,,,
2026-05-18T02:40:09.573423+00:00,btc_gold_dynamic_1_5,asset_hybrid,GOLD,2026-05-18T02:39:00+00:00,skip,insufficient_derived_candles,,,
2026-05-18T02:41:20.213143+00:00,btc_gold_dynamic_1_5,asset_hybrid,GOLD,2026-05-18T02:40:00+00:00,skip,insufficient_derived_candles,,,
2026-05-18T02:41:46.108348+00:00,btc_gold_dynamic_1_5,asset_hybrid,BTCUSD,2026-05-18T02:40:00+00:00,reject,OUTSIDE_SESSION,,,
2026-05-18T02:42:13.502092+00:00,btc_gold_dynamic_1_5,asset_hybrid,BTCUSD,2026-05-18T02:41:00+00:00,reject,OUTSIDE_SESSION,,,
2026-05-18T02:42:15.351855+00:00,btc_gold_dynamic_1_5,asset_hybrid,GOLD,2026-05-18T02:41:00+00:00,skip,insufficient_derived_candles,,,
2026-05-18T02:43:08.231845+00:00,btc_gold_dynamic_1_5,asset_hybrid,BTCUSD,2026-05-18T02:42:00+00:00,reject,OUTSIDE_SESSION,,,
2026-05-18T02:43:10.157981+00:00,btc_gold_dynamic_1_5,asset_hybrid,GOLD,2026-05-18T02:42:00+00:00,skip,insufficient_derived_candles,,,
2026-05-18T02:44:05.880362+00:00,btc_gold_dynamic_1_5,asset_hybrid,GOLD,2026-05-18T02:43:00+00:00,skip,insufficient_derived_candles,,,
2026-05-18T02:44:31.403001+00:00,btc_gold_dynamic_1_5,asset_hybrid,BTCUSD,2026-05-18T02:43:00+00:00,reject,OUTSIDE_SESSION,,,
2026-05-18T02:45:26.259490+00:00,btc_gold_dynamic_1_5,asset_hybrid,BTCUSD,2026-05-18T02:44:00+00:00,reject,OUTSIDE_SESSION,,,
2026-05-18T02:45:28.291888+00:00,btc_gold_dynamic_1_5,asset_hybrid,GOLD,2026-05-18T02:44:00+00:00,skip,insufficient_derived_candles,,,
2026-05-18T02:46:22.013846+00:00,btc_gold_dynamic_1_5,asset_hybrid,BTCUSD,2026-05-18T02:45:00+00:00,reject,OUTSIDE_SESSION,,,
2026-05-18T02:46:24.009010+00:00,btc_gold_dynamic_1_5,asset_hybrid,GOLD,2026-05-18T02:45:00+00:00,skip,insufficient_derived_candles,,,
2026-05-18T02:47:17.908004+00:00,btc_gold_dynamic_1_5,asset_hybrid,BTCUSD,2026-05-18T02:46:00+00:00,reject,OUTSIDE_SESSION,,,
2026-05-18T02:47:19.909247+00:00,btc_gold_dynamic_1_5,asset_hybrid,GOLD,2026-05-18T02:46:00+00:00,skip,insufficient_derived_candles,,,
2026-05-18T02:48:13.422158+00:00,btc_gold_dynamic_1_5,asset_hybrid,BTCUSD,2026-05-18T02:47:00+00:00,reject,OUTSIDE_SESSION,,,
2026-05-18T02:48:15.411703+00:00,btc_gold_dynamic_1_5,asset_hybrid,GOLD,2026-05-18T02:47:00+00:00,skip,insufficient_derived_candles,,,
2026-05-18T02:49:08.583363+00:00,btc_gold_dynamic_1_5,asset_hybrid,BTCUSD,2026-05-18T02:48:00+00:00,reject,OUTSIDE_SESSION,,,
2026-05-18T02:49:10.514114+00:00,btc_gold_dynamic_1_5,asset_hybrid,GOLD,2026-05-18T02:48:00+00:00,skip,insufficient_derived_candles,,,
2026-05-18T02:50:05.422656+00:00,btc_gold_dynamic_1_5,asset_hybrid,GOLD,2026-05-18T02:49:00+00:00,skip,insufficient_derived_candles,,,
2026-05-18T02:50:31.110780+00:00,btc_gold_dynamic_1_5,asset_hybrid,BTCUSD,2026-05-18T02:49:00+00:00,reject,OUTSIDE_SESSION,,,
2026-05-18T02:51:26.575302+00:00,btc_gold_dynamic_1_5,asset_hybrid,BTCUSD,2026-05-18T02:50:00+00:00,reject,OUTSIDE_SESSION,,,
2026-05-18T02:51:28.488198+00:00,btc_gold_dynamic_1_5,asset_hybrid,GOLD,2026-05-18T02:50:00+00:00,skip,insufficient_derived_candles,,,
2026-05-18T02:52:21.480597+00:00,btc_gold_dynamic_1_5,asset_hybrid,BTCUSD,2026-05-18T02:51:00+00:00,reject,OUTSIDE_SESSION,,,
2026-05-18T02:52:23.461201+00:00,btc_gold_dynamic_1_5,asset_hybrid,GOLD,2026-05-18T02:51:00+00:00,skip,insufficient_derived_candles,,,
2026-05-18T02:53:16.512704+00:00,btc_gold_dynamic_1_5,asset_hybrid,BTCUSD,2026-05-18T02:52:00+00:00,reject,OUTSIDE_SESSION,,,
2026-05-18T02:53:18.497488+00:00,btc_gold_dynamic_1_5,asset_hybrid,GOLD,2026-05-18T02:52:00+00:00,skip,insufficient_derived_candles,,,
2026-05-18T02:54:12.003554+00:00,btc_gold_dynamic_1_5,asset_hybrid,BTCUSD,2026-05-18T02:53:00+00:00,reject,OUTSIDE_SESSION,,,
2026-05-18T02:54:13.983565+00:00,btc_gold_dynamic_1_5,asset_hybrid,GOLD,2026-05-18T02:53:00+00:00,skip,insufficient_derived_candles,,,
2026-05-18T02:55:07.564261+00:00,btc_gold_dynamic_1_5,asset_hybrid,BTCUSD,2026-05-18T02:54:00+00:00,reject,OUTSIDE_SESSION,,,
2026-05-18T02:55:09.626793+00:00,btc_gold_dynamic_1_5,asset_hybrid,GOLD,2026-05-18T02:54:00+00:00,skip,insufficient_derived_candles,,,
2026-05-18T02:56:05.371061+00:00,btc_gold_dynamic_1_5,asset_hybrid,GOLD,2026-05-18T02:55:00+00:00,skip,insufficient_derived_candles,,,
2026-05-18T02:56:31.410769+00:00,btc_gold_dynamic_1_5,asset_hybrid,BTCUSD,2026-05-18T02:55:00+00:00,reject,OUTSIDE_SESSION,,,
2026-05-18T02:57:26.725441+00:00,btc_gold_dynamic_1_5,asset_hybrid,BTCUSD,2026-05-18T02:56:00+00:00,reject,OUTSIDE_SESSION,,,
2026-05-18T02:57:28.712076+00:00,btc_gold_dynamic_1_5,asset_hybrid,GOLD,2026-05-18T02:56:00+00:00,skip,insufficient_derived_candles,,,
2026-05-18T02:58:22.158788+00:00,btc_gold_dynamic_1_5,asset_hybrid,BTCUSD,2026-05-18T02:57:00+00:00,reject,OUTSIDE_SESSION,,,
2026-05-18T02:58:24.196868+00:00,btc_gold_dynamic_1_5,asset_hybrid,GOLD,2026-05-18T02:57:00+00:00,skip,insufficient_derived_candles,,,
2026-05-18T02:59:17.561500+00:00,btc_gold_dynamic_1_5,asset_hybrid,BTCUSD,2026-05-18T02:58:00+00:00,reject,OUTSIDE_SESSION,,,
2026-05-18T02:59:19.595101+00:00,btc_gold_dynamic_1_5,asset_hybrid,GOLD,2026-05-18T02:58:00+00:00,skip,insufficient_derived_candles,,,
2026-05-18T03:00:13.317504+00:00,btc_gold_dynamic_1_5,asset_hybrid,BTCUSD,2026-05-18T02:59:00+00:00,reject,OUTSIDE_SESSION,,,
2026-05-18T03:00:15.410221+00:00,btc_gold_dynamic_1_5,asset_hybrid,GOLD,2026-05-18T02:59:00+00:00,skip,insufficient_derived_candles,,,
2026-05-18T03:01:09.042788+00:00,btc_gold_dynamic_1_5,asset_hybrid,BTCUSD,2026-05-18T03:00:00+00:00,reject,OUTSIDE_SESSION,,,
2026-05-18T03:01:10.999683+00:00,btc_gold_dynamic_1_5,asset_hybrid,GOLD,2026-05-18T03:00:00+00:00,skip,insufficient_derived_candles,,,
2026-05-18T03:02:06.665529+00:00,btc_gold_dynamic_1_5,asset_hybrid,GOLD,2026-05-18T03:01:00+00:00,skip,insufficient_derived_candles,,,
2026-05-18T03:02:32.468498+00:00,btc_gold_dynamic_1_5,asset_hybrid,BTCUSD,2026-05-18T03:01:00+00:00,reject,OUTSIDE_SESSION,,,
2026-05-18T03:03:02.497813+00:00,btc_gold_dynamic_1_5,asset_hybrid,GOLD,2026-05-18T03:02:00+00:00,skip,insufficient_derived_candles,,,
2026-05-18T03:03:28.417664+00:00,btc_gold_dynamic_1_5,asset_hybrid,BTCUSD,2026-05-18T03:02:00+00:00,reject,OUTSIDE_SESSION,,,
2026-05-18T03:04:23.758339+00:00,btc_gold_dynamic_1_5,asset_hybrid,BTCUSD,2026-05-18T03:03:00+00:00,reject,OUTSIDE_SESSION,,,
2026-05-18T03:04:25.774609+00:00,btc_gold_dynamic_1_5,asset_hybrid,GOLD,2026-05-18T03:03:00+00:00,skip,insufficient_derived_candles,,,
2026-05-18T03:05:18.973471+00:00,btc_gold_dynamic_1_5,asset_hybrid,BTCUSD,2026-05-18T03:04:00+00:00,reject,OUTSIDE_SESSION,,,
2026-05-18T03:05:21.008622+00:00,btc_gold_dynamic_1_5,asset_hybrid,GOLD,2026-05-18T03:04:00+00:00,skip,insufficient_derived_candles,,,
2026-05-18T03:06:14.237843+00:00,btc_gold_dynamic_1_5,asset_hybrid,BTCUSD,2026-05-18T03:05:00+00:00,reject,OUTSIDE_SESSION,,,
2026-05-18T03:06:16.329606+00:00,btc_gold_dynamic_1_5,asset_hybrid,GOLD,2026-05-18T03:05:00+00:00,skip,insufficient_derived_candles,,,
2026-05-18T03:07:10.453413+00:00,btc_gold_dynamic_1_5,asset_hybrid,BTCUSD,2026-05-18T03:06:00+00:00,reject,OUTSIDE_SESSION,,,
2026-05-18T03:07:12.498489+00:00,btc_gold_dynamic_1_5,asset_hybrid,GOLD,2026-05-18T03:06:00+00:00,skip,insufficient_derived_candles,,,
2026-05-18T03:08:06.485623+00:00,btc_gold_dynamic_1_5,asset_hybrid,BTCUSD,2026-05-18T03:07:00+00:00,reject,OUTSIDE_SESSION,,,
2026-05-18T03:08:08.486076+00:00,btc_gold_dynamic_1_5,asset_hybrid,GOLD,2026-05-18T03:07:00+00:00,skip,insufficient_derived_candles,,,
2026-05-18T03:09:04.420303+00:00,btc_gold_dynamic_1_5,asset_hybrid,GOLD,2026-05-18T03:08:00+00:00,skip,insufficient_derived_candles,,,
2026-05-18T03:09:30.399029+00:00,btc_gold_dynamic_1_5,asset_hybrid,BTCUSD,2026-05-18T03:08:00+00:00,reject,OUTSIDE_SESSION,,,
2026-05-18T03:10:25.621625+00:00,btc_gold_dynamic_1_5,asset_hybrid,BTCUSD,2026-05-18T03:09:00+00:00,reject,OUTSIDE_SESSION,,,
2026-05-18T03:10:27.678714+00:00,btc_gold_dynamic_1_5,asset_hybrid,GOLD,2026-05-18T03:09:00+00:00,skip,insufficient_derived_candles,,,
2026-05-18T03:11:21.496711+00:00,btc_gold_dynamic_1_5,asset_hybrid,BTCUSD,2026-05-18T03:10:00+00:00,reject,OUTSIDE_SESSION,,,
2026-05-18T03:11:23.564429+00:00,btc_gold_dynamic_1_5,asset_hybrid,GOLD,2026-05-18T03:10:00+00:00,skip,insufficient_derived_candles,,,
2026-05-18T03:12:17.203722+00:00,btc_gold_dynamic_1_5,asset_hybrid,BTCUSD,2026-05-18T03:11:00+00:00,reject,OUTSIDE_SESSION,,,
2026-05-18T03:12:19.232942+00:00,btc_gold_dynamic_1_5,asset_hybrid,GOLD,2026-05-18T03:11:00+00:00,skip,insufficient_derived_candles,,,
2026-05-18T03:13:12.355717+00:00,btc_gold_dynamic_1_5,asset_hybrid,BTCUSD,2026-05-18T03:12:00+00:00,reject,OUTSIDE_SESSION,,,
2026-05-18T03:13:14.481972+00:00,btc_gold_dynamic_1_5,asset_hybrid,GOLD,2026-05-18T03:12:00+00:00,skip,insufficient_derived_candles,,,
2026-05-18T03:14:08.340095+00:00,btc_gold_dynamic_1_5,asset_hybrid,BTCUSD,2026-05-18T03:13:00+00:00,reject,OUTSIDE_SESSION,,,
2026-05-18T03:14:10.517133+00:00,btc_gold_dynamic_1_5,asset_hybrid,GOLD,2026-05-18T03:13:00+00:00,skip,insufficient_derived_candles,,,
2026-05-18T03:15:05.873189+00:00,btc_gold_dynamic_1_5,asset_hybrid,GOLD,2026-05-18T03:14:00+00:00,skip,insufficient_derived_candles,,,
2026-05-18T03:15:31.472383+00:00,btc_gold_dynamic_1_5,asset_hybrid,BTCUSD,2026-05-18T03:14:00+00:00,reject,OUTSIDE_SESSION,,,
2026-05-18T03:16:27.529536+00:00,btc_gold_dynamic_1_5,asset_hybrid,BTCUSD,2026-05-18T03:15:00+00:00,reject,OUTSIDE_SESSION,,,
2026-05-18T03:16:29.668192+00:00,btc_gold_dynamic_1_5,asset_hybrid,GOLD,2026-05-18T03:15:00+00:00,skip,insufficient_derived_candles,,,
2026-05-18T03:17:22.907422+00:00,btc_gold_dynamic_1_5,asset_hybrid,BTCUSD,2026-05-18T03:16:00+00:00,reject,OUTSIDE_SESSION,,,
2026-05-18T03:17:24.959344+00:00,btc_gold_dynamic_1_5,asset_hybrid,GOLD,2026-05-18T03:16:00+00:00,skip,insufficient_derived_candles,,,
2026-05-18T03:18:18.327826+00:00,btc_gold_dynamic_1_5,asset_hybrid,BTCUSD,2026-05-18T03:17:00+00:00,reject,OUTSIDE_SESSION,,,
2026-05-18T03:18:20.370555+00:00,btc_gold_dynamic_1_5,asset_hybrid,GOLD,2026-05-18T03:17:00+00:00,skip,insufficient_derived_candles,,,
2026-05-18T03:19:13.513744+00:00,btc_gold_dynamic_1_5,asset_hybrid,BTCUSD,2026-05-18T03:18:00+00:00,reject,OUTSIDE_SESSION,,,
2026-05-18T03:19:15.567345+00:00,btc_gold_dynamic_1_5,asset_hybrid,GOLD,2026-05-18T03:18:00+00:00,skip,insufficient_derived_candles,,,
2026-05-18T03:20:08.981236+00:00,btc_gold_dynamic_1_5,asset_hybrid,BTCUSD,2026-05-18T03:19:00+00:00,reject,OUTSIDE_SESSION,,,
2026-05-18T03:20:11.013576+00:00,btc_gold_dynamic_1_5,asset_hybrid,GOLD,2026-05-18T03:19:00+00:00,skip,insufficient_derived_candles,,,
2026-05-18T03:21:04.456479+00:00,btc_gold_dynamic_1_5,asset_hybrid,BTCUSD,2026-05-18T03:20:00+00:00,reject,OUTSIDE_SESSION,,,
2026-05-18T03:21:06.518175+00:00,btc_gold_dynamic_1_5,asset_hybrid,GOLD,2026-05-18T03:20:00+00:00,skip,insufficient_derived_candles,,,
2026-05-18T03:22:27.571963+00:00,btc_gold_dynamic_1_5,asset_hybrid,BTCUSD,2026-05-18T03:21:00+00:00,reject,OUTSIDE_SESSION,,,
2026-05-18T03:22:29.808924+00:00,btc_gold_dynamic_1_5,asset_hybrid,GOLD,2026-05-18T03:21:00+00:00,skip,insufficient_derived_candles,,,
2026-05-18T03:23:23.984834+00:00,btc_gold_dynamic_1_5,asset_hybrid,BTCUSD,2026-05-18T03:22:00+00:00,reject,OUTSIDE_SESSION,,,
2026-05-18T03:23:26.136492+00:00,btc_gold_dynamic_1_5,asset_hybrid,GOLD,2026-05-18T03:22:00+00:00,skip,insufficient_derived_candles,,,
2026-05-18T03:24:20.087011+00:00,btc_gold_dynamic_1_5,asset_hybrid,BTCUSD,2026-05-18T03:23:00+00:00,reject,OUTSIDE_SESSION,,,
2026-05-18T03:24:22.129001+00:00,btc_gold_dynamic_1_5,asset_hybrid,GOLD,2026-05-18T03:23:00+00:00,skip,insufficient_derived_candles,,,
2026-05-18T03:25:15.803688+00:00,btc_gold_dynamic_1_5,asset_hybrid,BTCUSD,2026-05-18T03:24:00+00:00,reject,OUTSIDE_SESSION,,,
2026-05-18T03:25:17.822659+00:00,btc_gold_dynamic_1_5,asset_hybrid,GOLD,2026-05-18T03:24:00+00:00,skip,insufficient_derived_candles,,,
2026-05-18T03:26:11.045492+00:00,btc_gold_dynamic_1_5,asset_hybrid,BTCUSD,2026-05-18T03:25:00+00:00,reject,OUTSIDE_SESSION,,,
2026-05-18T03:26:13.109565+00:00,btc_gold_dynamic_1_5,asset_hybrid,GOLD,2026-05-18T03:25:00+00:00,skip,insufficient_derived_candles,,,
2026-05-18T03:27:06.284625+00:00,btc_gold_dynamic_1_5,asset_hybrid,BTCUSD,2026-05-18T03:26:00+00:00,reject,OUTSIDE_SESSION,,,
2026-05-18T03:27:08.263997+00:00,btc_gold_dynamic_1_5,asset_hybrid,GOLD,2026-05-18T03:26:00+00:00,skip,insufficient_derived_candles,,,
2026-05-18T03:28:03.604599+00:00,btc_gold_dynamic_1_5,asset_hybrid,GOLD,2026-05-18T03:27:00+00:00,skip,insufficient_derived_candles,,,
2026-05-18T03:28:29.159658+00:00,btc_gold_dynamic_1_5,asset_hybrid,BTCUSD,2026-05-18T03:27:00+00:00,reject,OUTSIDE_SESSION,,,
2026-05-18T03:29:24.243399+00:00,btc_gold_dynamic_1_5,asset_hybrid,BTCUSD,2026-05-18T03:28:00+00:00,reject,OUTSIDE_SESSION,,,
2026-05-18T03:29:26.405778+00:00,btc_gold_dynamic_1_5,asset_hybrid,GOLD,2026-05-18T03:28:00+00:00,skip,insufficient_derived_candles,,,
2026-05-18T03:30:20.537566+00:00,btc_gold_dynamic_1_5,asset_hybrid,BTCUSD,2026-05-18T03:29:00+00:00,reject,OUTSIDE_SESSION,,,
2026-05-18T03:30:22.765443+00:00,btc_gold_dynamic_1_5,asset_hybrid,GOLD,2026-05-18T03:29:00+00:00,skip,insufficient_derived_candles,,,
2026-05-18T03:31:16.991871+00:00,btc_gold_dynamic_1_5,asset_hybrid,BTCUSD,2026-05-18T03:30:00+00:00,reject,OUTSIDE_SESSION,,,
2026-05-18T03:31:19.019481+00:00,btc_gold_dynamic_1_5,asset_hybrid,GOLD,2026-05-18T03:30:00+00:00,skip,insufficient_derived_candles,,,
2026-05-18T03:32:12.565045+00:00,btc_gold_dynamic_1_5,asset_hybrid,BTCUSD,2026-05-18T03:31:00+00:00,reject,OUTSIDE_SESSION,,,
2026-05-18T03:32:14.748098+00:00,btc_gold_dynamic_1_5,asset_hybrid,GOLD,2026-05-18T03:31:00+00:00,skip,insufficient_derived_candles,,,
2026-05-18T03:33:08.011819+00:00,btc_gold_dynamic_1_5,asset_hybrid,BTCUSD,2026-05-18T03:32:00+00:00,reject,OUTSIDE_SESSION,,,
2026-05-18T03:33:10.059358+00:00,btc_gold_dynamic_1_5,asset_hybrid,GOLD,2026-05-18T03:32:00+00:00,skip,insufficient_derived_candles,,,
2026-05-18T03:34:05.322855+00:00,btc_gold_dynamic_1_5,asset_hybrid,GOLD,2026-05-18T03:33:00+00:00,skip,insufficient_derived_candles,,,
2026-05-18T03:34:30.976758+00:00,btc_gold_dynamic_1_5,asset_hybrid,BTCUSD,2026-05-18T03:33:00+00:00,reject,OUTSIDE_SESSION,,,
2026-05-18T03:35:27.092928+00:00,btc_gold_dynamic_1_5,asset_hybrid,BTCUSD,2026-05-18T03:34:00+00:00,reject,OUTSIDE_SESSION,,,
2026-05-18T03:35:29.361230+00:00,btc_gold_dynamic_1_5,asset_hybrid,GOLD,2026-05-18T03:34:00+00:00,skip,insufficient_derived_candles,,,
2026-05-18T03:36:23.439300+00:00,btc_gold_dynamic_1_5,asset_hybrid,BTCUSD,2026-05-18T03:35:00+00:00,reject,OUTSIDE_SESSION,,,
2026-05-18T03:36:25.790294+00:00,btc_gold_dynamic_1_5,asset_hybrid,GOLD,2026-05-18T03:35:00+00:00,skip,insufficient_derived_candles,,,
2026-05-18T03:37:19.746745+00:00,btc_gold_dynamic_1_5,asset_hybrid,BTCUSD,2026-05-18T03:36:00+00:00,reject,OUTSIDE_SESSION,,,
2026-05-18T03:37:22.013021+00:00,btc_gold_dynamic_1_5,asset_hybrid,GOLD,2026-05-18T03:36:00+00:00,skip,insufficient_derived_candles,,,
2026-05-18T03:38:15.442194+00:00,btc_gold_dynamic_1_5,asset_hybrid,BTCUSD,2026-05-18T03:37:00+00:00,reject,OUTSIDE_SESSION,,,
2026-05-18T03:38:17.513300+00:00,btc_gold_dynamic_1_5,asset_hybrid,GOLD,2026-05-18T03:37:00+00:00,skip,insufficient_derived_candles,,,
2026-05-18T03:39:11.773524+00:00,btc_gold_dynamic_1_5,asset_hybrid,BTCUSD,2026-05-18T03:38:00+00:00,reject,OUTSIDE_SESSION,,,
2026-05-18T03:39:14.000168+00:00,btc_gold_dynamic_1_5,asset_hybrid,GOLD,2026-05-18T03:38:00+00:00,skip,insufficient_derived_candles,,,
2026-05-18T03:40:08.269071+00:00,btc_gold_dynamic_1_5,asset_hybrid,BTCUSD,2026-05-18T03:39:00+00:00,reject,OUTSIDE_SESSION,,,
2026-05-18T03:40:10.697641+00:00,btc_gold_dynamic_1_5,asset_hybrid,GOLD,2026-05-18T03:39:00+00:00,skip,insufficient_derived_candles,,,
2026-05-18T03:41:06.074209+00:00,btc_gold_dynamic_1_5,asset_hybrid,BTCUSD,2026-05-18T03:40:00+00:00,reject,OUTSIDE_SESSION,,,
2026-05-18T03:41:08.072735+00:00,btc_gold_dynamic_1_5,asset_hybrid,GOLD,2026-05-18T03:40:00+00:00,skip,insufficient_derived_candles,,,
2026-05-18T03:42:03.991728+00:00,btc_gold_dynamic_1_5,asset_hybrid,GOLD,2026-05-18T03:41:00+00:00,skip,insufficient_derived_candles,,,
2026-05-18T03:42:29.904237+00:00,btc_gold_dynamic_1_5,asset_hybrid,BTCUSD,2026-05-18T03:41:00+00:00,reject,OUTSIDE_SESSION,,,
2026-05-18T03:43:26.231575+00:00,btc_gold_dynamic_1_5,asset_hybrid,BTCUSD,2026-05-18T03:42:00+00:00,reject,OUTSIDE_SESSION,,,
2026-05-18T03:43:28.407109+00:00,btc_gold_dynamic_1_5,asset_hybrid,GOLD,2026-05-18T03:42:00+00:00,skip,insufficient_derived_candles,,,
2026-05-18T03:44:22.184722+00:00,btc_gold_dynamic_1_5,asset_hybrid,BTCUSD,2026-05-18T03:43:00+00:00,reject,OUTSIDE_SESSION,,,
2026-05-18T03:44:24.285295+00:00,btc_gold_dynamic_1_5,asset_hybrid,GOLD,2026-05-18T03:43:00+00:00,skip,insufficient_derived_candles,,,
2026-05-18T03:45:17.640805+00:00,btc_gold_dynamic_1_5,asset_hybrid,BTCUSD,2026-05-18T03:44:00+00:00,reject,OUTSIDE_SESSION,,,
2026-05-18T03:45:19.987041+00:00,btc_gold_dynamic_1_5,asset_hybrid,GOLD,2026-05-18T03:44:00+00:00,skip,insufficient_derived_candles,,,
2026-05-18T03:46:13.999484+00:00,btc_gold_dynamic_1_5,asset_hybrid,BTCUSD,2026-05-18T03:45:00+00:00,reject,OUTSIDE_SESSION,,,
2026-05-18T03:46:16.173454+00:00,btc_gold_dynamic_1_5,asset_hybrid,GOLD,2026-05-18T03:45:00+00:00,skip,insufficient_derived_candles,,,
2026-05-18T03:47:10.210823+00:00,btc_gold_dynamic_1_5,asset_hybrid,BTCUSD,2026-05-18T03:46:00+00:00,reject,OUTSIDE_SESSION,,,
2026-05-18T03:47:12.395238+00:00,btc_gold_dynamic_1_5,asset_hybrid,GOLD,2026-05-18T03:46:00+00:00,skip,insufficient_derived_candles,,,
2026-05-18T03:48:06.521605+00:00,btc_gold_dynamic_1_5,asset_hybrid,BTCUSD,2026-05-18T03:47:00+00:00,reject,OUTSIDE_SESSION,,,
2026-05-18T03:48:08.695068+00:00,btc_gold_dynamic_1_5,asset_hybrid,GOLD,2026-05-18T03:47:00+00:00,skip,insufficient_derived_candles,,,
2026-05-18T03:49:04.403131+00:00,btc_gold_dynamic_1_5,asset_hybrid,GOLD,2026-05-18T03:48:00+00:00,skip,insufficient_derived_candles,,,
2026-05-18T03:49:29.958547+00:00,btc_gold_dynamic_1_5,asset_hybrid,BTCUSD,2026-05-18T03:48:00+00:00,reject,OUTSIDE_SESSION,,,
2026-05-18T03:50:25.207899+00:00,btc_gold_dynamic_1_5,asset_hybrid,BTCUSD,2026-05-18T03:49:00+00:00,reject,OUTSIDE_SESSION,,,
2026-05-18T03:50:27.311052+00:00,btc_gold_dynamic_1_5,asset_hybrid,GOLD,2026-05-18T03:49:00+00:00,skip,insufficient_derived_candles,,,
2026-05-18T03:51:21.290224+00:00,btc_gold_dynamic_1_5,asset_hybrid,BTCUSD,2026-05-18T03:50:00+00:00,reject,OUTSIDE_SESSION,,,
2026-05-18T03:51:23.502884+00:00,btc_gold_dynamic_1_5,asset_hybrid,GOLD,2026-05-18T03:50:00+00:00,skip,insufficient_derived_candles,,,
2026-05-18T03:52:17.525269+00:00,btc_gold_dynamic_1_5,asset_hybrid,BTCUSD,2026-05-18T03:51:00+00:00,reject,OUTSIDE_SESSION,,,
2026-05-18T03:52:19.664023+00:00,btc_gold_dynamic_1_5,asset_hybrid,GOLD,2026-05-18T03:51:00+00:00,skip,insufficient_derived_candles,,,
2026-05-18T03:53:12.964654+00:00,btc_gold_dynamic_1_5,asset_hybrid,BTCUSD,2026-05-18T03:52:00+00:00,reject,OUTSIDE_SESSION,,,
2026-05-18T03:53:15.152787+00:00,btc_gold_dynamic_1_5,asset_hybrid,GOLD,2026-05-18T03:52:00+00:00,skip,insufficient_derived_candles,,,
2026-05-18T03:54:08.551496+00:00,btc_gold_dynamic_1_5,asset_hybrid,BTCUSD,2026-05-18T03:53:00+00:00,reject,OUTSIDE_SESSION,,,
2026-05-18T03:54:10.660206+00:00,btc_gold_dynamic_1_5,asset_hybrid,GOLD,2026-05-18T03:53:00+00:00,skip,insufficient_derived_candles,,,
2026-05-18T03:55:06.600450+00:00,btc_gold_dynamic_1_5,asset_hybrid,GOLD,2026-05-18T03:54:00+00:00,skip,insufficient_derived_candles,,,
2026-05-18T03:55:32.835610+00:00,btc_gold_dynamic_1_5,asset_hybrid,BTCUSD,2026-05-18T03:54:00+00:00,reject,OUTSIDE_SESSION,,,
2026-05-18T03:56:02.734358+00:00,btc_gold_dynamic_1_5,asset_hybrid,GOLD,2026-05-18T03:55:00+00:00,skip,insufficient_derived_candles,,,
2026-05-18T03:56:28.458639+00:00,btc_gold_dynamic_1_5,asset_hybrid,BTCUSD,2026-05-18T03:55:00+00:00,reject,OUTSIDE_SESSION,,,
2026-05-18T03:57:24.550264+00:00,btc_gold_dynamic_1_5,asset_hybrid,BTCUSD,2026-05-18T03:56:00+00:00,reject,OUTSIDE_SESSION,,,
2026-05-18T03:57:26.680888+00:00,btc_gold_dynamic_1_5,asset_hybrid,GOLD,2026-05-18T03:56:00+00:00,skip,insufficient_derived_candles,,,
2026-05-18T03:58:20.891887+00:00,btc_gold_dynamic_1_5,asset_hybrid,BTCUSD,2026-05-18T03:57:00+00:00,reject,OUTSIDE_SESSION,,,
2026-05-18T03:58:23.260529+00:00,btc_gold_dynamic_1_5,asset_hybrid,GOLD,2026-05-18T03:57:00+00:00,skip,insufficient_derived_candles,,,
2026-05-18T03:59:17.474140+00:00,btc_gold_dynamic_1_5,asset_hybrid,BTCUSD,2026-05-18T03:58:00+00:00,reject,OUTSIDE_SESSION,,,
2026-05-18T03:59:19.650983+00:00,btc_gold_dynamic_1_5,asset_hybrid,GOLD,2026-05-18T03:58:00+00:00,skip,insufficient_derived_candles,,,
2026-05-18T04:00:13.518210+00:00,btc_gold_dynamic_1_5,asset_hybrid,BTCUSD,2026-05-18T03:59:00+00:00,reject,OUTSIDE_SESSION,,,
2026-05-18T04:00:15.792664+00:00,btc_gold_dynamic_1_5,asset_hybrid,GOLD,2026-05-18T03:59:00+00:00,skip,insufficient_derived_candles,,,
2026-05-18T04:01:10.573005+00:00,btc_gold_dynamic_1_5,asset_hybrid,BTCUSD,2026-05-18T04:00:00+00:00,reject,OUTSIDE_SESSION,,,
2026-05-18T04:01:12.849959+00:00,btc_gold_dynamic_1_5,asset_hybrid,GOLD,2026-05-18T04:00:00+00:00,skip,insufficient_derived_candles,,,
2026-05-18T04:02:07.198874+00:00,btc_gold_dynamic_1_5,asset_hybrid,BTCUSD,2026-05-18T04:01:00+00:00,reject,OUTSIDE_SESSION,,,
2026-05-18T04:02:09.368349+00:00,btc_gold_dynamic_1_5,asset_hybrid,GOLD,2026-05-18T04:01:00+00:00,skip,insufficient_derived_candles,,,
2026-05-18T04:03:06.070813+00:00,btc_gold_dynamic_1_5,asset_hybrid,GOLD,2026-05-18T04:02:00+00:00,skip,insufficient_derived_candles,,,
2026-05-18T04:03:32.144525+00:00,btc_gold_dynamic_1_5,asset_hybrid,BTCUSD,2026-05-18T04:02:00+00:00,reject,OUTSIDE_SESSION,,,
2026-05-18T04:04:02.730603+00:00,btc_gold_dynamic_1_5,asset_hybrid,GOLD,2026-05-18T04:03:00+00:00,skip,insufficient_derived_candles,,,
2026-05-18T04:04:28.494889+00:00,btc_gold_dynamic_1_5,asset_hybrid,BTCUSD,2026-05-18T04:03:00+00:00,reject,OUTSIDE_SESSION,,,
2026-05-18T04:05:24.998005+00:00,btc_gold_dynamic_1_5,asset_hybrid,BTCUSD,2026-05-18T04:04:00+00:00,reject,OUTSIDE_SESSION,,,
2026-05-18T04:05:27.313606+00:00,btc_gold_dynamic_1_5,asset_hybrid,GOLD,2026-05-18T04:04:00+00:00,skip,insufficient_derived_candles,,,
2026-05-18T04:06:21.599192+00:00,btc_gold_dynamic_1_5,asset_hybrid,BTCUSD,2026-05-18T04:05:00+00:00,reject,OUTSIDE_SESSION,,,
2026-05-18T04:06:23.830609+00:00,btc_gold_dynamic_1_5,asset_hybrid,GOLD,2026-05-18T04:05:00+00:00,skip,insufficient_derived_candles,,,
2026-05-18T04:07:18.116032+00:00,btc_gold_dynamic_1_5,asset_hybrid,BTCUSD,2026-05-18T04:06:00+00:00,reject,OUTSIDE_SESSION,,,
2026-05-18T04:07:20.329632+00:00,btc_gold_dynamic_1_5,asset_hybrid,GOLD,2026-05-18T04:06:00+00:00,skip,insufficient_derived_candles,,,
2026-05-18T04:08:13.868539+00:00,btc_gold_dynamic_1_5,asset_hybrid,BTCUSD,2026-05-18T04:07:00+00:00,reject,OUTSIDE_SESSION,,,
2026-05-18T04:08:16.085786+00:00,btc_gold_dynamic_1_5,asset_hybrid,GOLD,2026-05-18T04:07:00+00:00,skip,insufficient_derived_candles,,,
2026-05-18T04:09:09.744103+00:00,btc_gold_dynamic_1_5,asset_hybrid,BTCUSD,2026-05-18T04:08:00+00:00,reject,OUTSIDE_SESSION,,,
2026-05-18T04:09:11.951117+00:00,btc_gold_dynamic_1_5,asset_hybrid,GOLD,2026-05-18T04:08:00+00:00,skip,insufficient_derived_candles,,,
2026-05-18T04:10:05.538604+00:00,btc_gold_dynamic_1_5,asset_hybrid,BTCUSD,2026-05-18T04:09:00+00:00,reject,OUTSIDE_SESSION,,,
2026-05-18T04:10:07.709965+00:00,btc_gold_dynamic_1_5,asset_hybrid,GOLD,2026-05-18T04:09:00+00:00,skip,insufficient_derived_candles,,,
2026-05-18T04:11:04.697924+00:00,btc_gold_dynamic_1_5,asset_hybrid,GOLD,2026-05-18T04:10:00+00:00,skip,insufficient_derived_candles,,,
2026-05-18T04:11:30.344611+00:00,btc_gold_dynamic_1_5,asset_hybrid,BTCUSD,2026-05-18T04:10:00+00:00,reject,OUTSIDE_SESSION,,,
2026-05-18T04:12:26.069436+00:00,btc_gold_dynamic_1_5,asset_hybrid,BTCUSD,2026-05-18T04:11:00+00:00,reject,OUTSIDE_SESSION,,,
2026-05-18T04:12:28.228107+00:00,btc_gold_dynamic_1_5,asset_hybrid,GOLD,2026-05-18T04:11:00+00:00,skip,insufficient_derived_candles,,,
2026-05-18T04:13:22.383927+00:00,btc_gold_dynamic_1_5,asset_hybrid,BTCUSD,2026-05-18T04:12:00+00:00,reject,OUTSIDE_SESSION,,,
2026-05-18T04:13:24.688827+00:00,btc_gold_dynamic_1_5,asset_hybrid,GOLD,2026-05-18T04:12:00+00:00,skip,insufficient_derived_candles,,,
2026-05-18T04:14:18.827300+00:00,btc_gold_dynamic_1_5,asset_hybrid,BTCUSD,2026-05-18T04:13:00+00:00,reject,OUTSIDE_SESSION,,,
2026-05-18T04:14:21.124721+00:00,btc_gold_dynamic_1_5,asset_hybrid,GOLD,2026-05-18T04:13:00+00:00,skip,insufficient_derived_candles,,,
2026-05-18T04:15:15.192164+00:00,btc_gold_dynamic_1_5,asset_hybrid,BTCUSD,2026-05-18T04:14:00+00:00,reject,OUTSIDE_SESSION,,,
2026-05-18T04:15:17.475469+00:00,btc_gold_dynamic_1_5,asset_hybrid,GOLD,2026-05-18T04:14:00+00:00,skip,insufficient_derived_candles,,,
2026-05-18T04:16:10.872246+00:00,btc_gold_dynamic_1_5,asset_hybrid,BTCUSD,2026-05-18T04:15:00+00:00,reject,OUTSIDE_SESSION,,,
2026-05-18T04:16:13.089501+00:00,btc_gold_dynamic_1_5,asset_hybrid,GOLD,2026-05-18T04:15:00+00:00,skip,insufficient_derived_candles,,,
2026-05-18T04:17:06.780358+00:00,btc_gold_dynamic_1_5,asset_hybrid,BTCUSD,2026-05-18T04:16:00+00:00,reject,OUTSIDE_SESSION,,,
2026-05-18T04:17:08.908878+00:00,btc_gold_dynamic_1_5,asset_hybrid,GOLD,2026-05-18T04:16:00+00:00,skip,insufficient_derived_candles,,,
2026-05-18T04:18:05.436616+00:00,btc_gold_dynamic_1_5,asset_hybrid,GOLD,2026-05-18T04:17:00+00:00,skip,insufficient_derived_candles,,,
2026-05-18T04:18:31.303235+00:00,btc_gold_dynamic_1_5,asset_hybrid,BTCUSD,2026-05-18T04:17:00+00:00,reject,OUTSIDE_SESSION,,,
2026-05-18T04:19:27.316586+00:00,btc_gold_dynamic_1_5,asset_hybrid,BTCUSD,2026-05-18T04:18:00+00:00,reject,OUTSIDE_SESSION,,,
2026-05-18T04:19:29.472432+00:00,btc_gold_dynamic_1_5,asset_hybrid,GOLD,2026-05-18T04:18:00+00:00,skip,insufficient_derived_candles,,,
2026-05-18T04:20:23.258068+00:00,btc_gold_dynamic_1_5,asset_hybrid,BTCUSD,2026-05-18T04:19:00+00:00,reject,OUTSIDE_SESSION,,,
2026-05-18T04:20:25.496877+00:00,btc_gold_dynamic_1_5,asset_hybrid,GOLD,2026-05-18T04:19:00+00:00,skip,insufficient_derived_candles,,,
2026-05-18T04:21:20.968660+00:00,btc_gold_dynamic_1_5,asset_hybrid,BTCUSD,2026-05-18T04:20:00+00:00,reject,OUTSIDE_SESSION,,,
2026-05-18T04:21:23.148506+00:00,btc_gold_dynamic_1_5,asset_hybrid,GOLD,2026-05-18T04:20:00+00:00,skip,insufficient_derived_candles,,,
2026-05-18T04:22:16.589978+00:00,btc_gold_dynamic_1_5,asset_hybrid,BTCUSD,2026-05-18T04:21:00+00:00,reject,OUTSIDE_SESSION,,,
2026-05-18T04:22:18.829438+00:00,btc_gold_dynamic_1_5,asset_hybrid,GOLD,2026-05-18T04:21:00+00:00,skip,insufficient_derived_candles,,,
2026-05-18T04:23:12.458067+00:00,btc_gold_dynamic_1_5,asset_hybrid,BTCUSD,2026-05-18T04:22:00+00:00,reject,OUTSIDE_SESSION,,,
2026-05-18T04:23:14.676187+00:00,btc_gold_dynamic_1_5,asset_hybrid,GOLD,2026-05-18T04:22:00+00:00,skip,insufficient_derived_candles,,,
2026-05-18T04:24:08.427851+00:00,btc_gold_dynamic_1_5,asset_hybrid,BTCUSD,2026-05-18T04:23:00+00:00,reject,OUTSIDE_SESSION,,,
2026-05-18T04:24:10.573175+00:00,btc_gold_dynamic_1_5,asset_hybrid,GOLD,2026-05-18T04:23:00+00:00,skip,insufficient_derived_candles,,,
2026-05-18T04:25:06.706605+00:00,btc_gold_dynamic_1_5,asset_hybrid,GOLD,2026-05-18T04:24:00+00:00,skip,insufficient_derived_candles,,,
2026-05-18T04:25:32.730715+00:00,btc_gold_dynamic_1_5,asset_hybrid,BTCUSD,2026-05-18T04:24:00+00:00,reject,OUTSIDE_SESSION,,,
2026-05-18T04:26:03.013861+00:00,btc_gold_dynamic_1_5,asset_hybrid,GOLD,2026-05-18T04:25:00+00:00,skip,insufficient_derived_candles,,,
2026-05-18T04:26:28.616576+00:00,btc_gold_dynamic_1_5,asset_hybrid,BTCUSD,2026-05-18T04:25:00+00:00,reject,OUTSIDE_SESSION,,,
2026-05-18T04:27:24.903193+00:00,btc_gold_dynamic_1_5,asset_hybrid,BTCUSD,2026-05-18T04:26:00+00:00,reject,OUTSIDE_SESSION,,,
2026-05-18T04:27:27.210694+00:00,btc_gold_dynamic_1_5,asset_hybrid,GOLD,2026-05-18T04:26:00+00:00,skip,insufficient_derived_candles,,,
2026-05-18T04:28:21.721480+00:00,btc_gold_dynamic_1_5,asset_hybrid,BTCUSD,2026-05-18T04:27:00+00:00,reject,OUTSIDE_SESSION,,,
2026-05-18T04:28:23.891331+00:00,btc_gold_dynamic_1_5,asset_hybrid,GOLD,2026-05-18T04:27:00+00:00,skip,insufficient_derived_candles,,,
2026-05-18T04:29:17.866954+00:00,btc_gold_dynamic_1_5,asset_hybrid,BTCUSD,2026-05-18T04:28:00+00:00,reject,OUTSIDE_SESSION,,,
2026-05-18T04:29:20.031721+00:00,btc_gold_dynamic_1_5,asset_hybrid,GOLD,2026-05-18T04:28:00+00:00,skip,insufficient_derived_candles,,,
2026-05-18T04:30:13.494767+00:00,btc_gold_dynamic_1_5,asset_hybrid,BTCUSD,2026-05-18T04:29:00+00:00,reject,OUTSIDE_SESSION,,,
2026-05-18T04:30:15.739829+00:00,btc_gold_dynamic_1_5,asset_hybrid,GOLD,2026-05-18T04:29:00+00:00,skip,insufficient_derived_candles,,,
2026-05-18T04:31:11.646796+00:00,btc_gold_dynamic_1_5,asset_hybrid,BTCUSD,2026-05-18T04:30:00+00:00,reject,OUTSIDE_SESSION,,,
2026-05-18T04:31:13.737960+00:00,btc_gold_dynamic_1_5,asset_hybrid,GOLD,2026-05-18T04:30:00+00:00,skip,insufficient_derived_candles,,,
2026-05-18T04:32:07.083813+00:00,btc_gold_dynamic_1_5,asset_hybrid,BTCUSD,2026-05-18T04:31:00+00:00,reject,OUTSIDE_SESSION,,,
2026-05-18T04:32:09.186224+00:00,btc_gold_dynamic_1_5,asset_hybrid,GOLD,2026-05-18T04:31:00+00:00,skip,insufficient_derived_candles,,,
2026-05-18T04:33:05.767628+00:00,btc_gold_dynamic_1_5,asset_hybrid,GOLD,2026-05-18T04:32:00+00:00,skip,insufficient_derived_candles,,,
2026-05-18T04:33:31.373266+00:00,btc_gold_dynamic_1_5,asset_hybrid,BTCUSD,2026-05-18T04:32:00+00:00,reject,OUTSIDE_SESSION,,,
2026-05-18T04:34:26.775452+00:00,btc_gold_dynamic_1_5,asset_hybrid,BTCUSD,2026-05-18T04:33:00+00:00,reject,OUTSIDE_SESSION,,,
2026-05-18T04:34:28.984030+00:00,btc_gold_dynamic_1_5,asset_hybrid,GOLD,2026-05-18T04:33:00+00:00,skip,insufficient_derived_candles,,,
2026-05-18T04:35:22.467119+00:00,btc_gold_dynamic_1_5,asset_hybrid,BTCUSD,2026-05-18T04:34:00+00:00,reject,OUTSIDE_SESSION,,,
2026-05-18T04:35:24.743266+00:00,btc_gold_dynamic_1_5,asset_hybrid,GOLD,2026-05-18T04:34:00+00:00,skip,insufficient_derived_candles,,,
2026-05-18T04:36:19.203321+00:00,btc_gold_dynamic_1_5,asset_hybrid,BTCUSD,2026-05-18T04:35:00+00:00,reject,OUTSIDE_SESSION,,,
2026-05-18T04:36:21.555326+00:00,btc_gold_dynamic_1_5,asset_hybrid,GOLD,2026-05-18T04:35:00+00:00,skip,insufficient_derived_candles,,,
2026-05-18T04:37:16.275949+00:00,btc_gold_dynamic_1_5,asset_hybrid,BTCUSD,2026-05-18T04:36:00+00:00,reject,OUTSIDE_SESSION,,,
2026-05-18T04:37:18.633049+00:00,btc_gold_dynamic_1_5,asset_hybrid,GOLD,2026-05-18T04:36:00+00:00,skip,insufficient_derived_candles,,,
2026-05-18T04:38:13.087884+00:00,btc_gold_dynamic_1_5,asset_hybrid,BTCUSD,2026-05-18T04:37:00+00:00,reject,OUTSIDE_SESSION,,,
2026-05-18T04:38:15.338880+00:00,btc_gold_dynamic_1_5,asset_hybrid,GOLD,2026-05-18T04:37:00+00:00,skip,insufficient_derived_candles,,,
2026-05-18T04:39:09.385998+00:00,btc_gold_dynamic_1_5,asset_hybrid,BTCUSD,2026-05-18T04:38:00+00:00,reject,OUTSIDE_SESSION,,,
2026-05-18T04:39:11.576044+00:00,btc_gold_dynamic_1_5,asset_hybrid,GOLD,2026-05-18T04:38:00+00:00,skip,insufficient_derived_candles,,,
2026-05-18T04:40:05.283953+00:00,btc_gold_dynamic_1_5,asset_hybrid,BTCUSD,2026-05-18T04:39:00+00:00,reject,OUTSIDE_SESSION,,,
2026-05-18T04:40:07.600625+00:00,btc_gold_dynamic_1_5,asset_hybrid,GOLD,2026-05-18T04:39:00+00:00,skip,insufficient_derived_candles,,,
2026-05-18T04:41:03.091541+00:00,btc_gold_dynamic_1_5,asset_hybrid,GOLD,2026-05-18T04:40:00+00:00,skip,insufficient_derived_candles,,,
2026-05-18T04:41:29.015636+00:00,btc_gold_dynamic_1_5,asset_hybrid,BTCUSD,2026-05-18T04:40:00+00:00,reject,OUTSIDE_SESSION,,,
2026-05-18T04:42:25.565225+00:00,btc_gold_dynamic_1_5,asset_hybrid,BTCUSD,2026-05-18T04:41:00+00:00,reject,OUTSIDE_SESSION,,,
2026-05-18T04:42:27.661563+00:00,btc_gold_dynamic_1_5,asset_hybrid,GOLD,2026-05-18T04:41:00+00:00,skip,insufficient_derived_candles,,,
2026-05-18T04:43:21.147848+00:00,btc_gold_dynamic_1_5,asset_hybrid,BTCUSD,2026-05-18T04:42:00+00:00,reject,OUTSIDE_SESSION,,,
2026-05-18T04:43:23.350856+00:00,btc_gold_dynamic_1_5,asset_hybrid,GOLD,2026-05-18T04:42:00+00:00,skip,insufficient_derived_candles,,,
2026-05-18T04:44:17.885256+00:00,btc_gold_dynamic_1_5,asset_hybrid,BTCUSD,2026-05-18T04:43:00+00:00,reject,OUTSIDE_SESSION,,,
2026-05-18T04:44:20.209355+00:00,btc_gold_dynamic_1_5,asset_hybrid,GOLD,2026-05-18T04:43:00+00:00,skip,insufficient_derived_candles,,,
2026-05-18T04:45:13.886545+00:00,btc_gold_dynamic_1_5,asset_hybrid,BTCUSD,2026-05-18T04:44:00+00:00,reject,OUTSIDE_SESSION,,,
2026-05-18T04:45:16.123924+00:00,btc_gold_dynamic_1_5,asset_hybrid,GOLD,2026-05-18T04:44:00+00:00,skip,insufficient_derived_candles,,,
2026-05-18T04:46:10.003325+00:00,btc_gold_dynamic_1_5,asset_hybrid,BTCUSD,2026-05-18T04:45:00+00:00,reject,OUTSIDE_SESSION,,,
2026-05-18T04:46:12.288680+00:00,btc_gold_dynamic_1_5,asset_hybrid,GOLD,2026-05-18T04:45:00+00:00,skip,insufficient_derived_candles,,,
2026-05-18T04:47:05.647035+00:00,btc_gold_dynamic_1_5,asset_hybrid,BTCUSD,2026-05-18T04:46:00+00:00,reject,OUTSIDE_SESSION,,,
2026-05-18T04:47:07.979769+00:00,btc_gold_dynamic_1_5,asset_hybrid,GOLD,2026-05-18T04:46:00+00:00,skip,insufficient_derived_candles,,,
2026-05-18T04:48:04.667902+00:00,btc_gold_dynamic_1_5,asset_hybrid,GOLD,2026-05-18T04:47:00+00:00,skip,insufficient_derived_candles,,,
2026-05-18T04:48:30.964397+00:00,btc_gold_dynamic_1_5,asset_hybrid,BTCUSD,2026-05-18T04:47:00+00:00,reject,OUTSIDE_SESSION,,,
2026-05-18T04:49:27.976423+00:00,btc_gold_dynamic_1_5,asset_hybrid,BTCUSD,2026-05-18T04:48:00+00:00,reject,OUTSIDE_SESSION,,,
2026-05-18T04:49:30.212081+00:00,btc_gold_dynamic_1_5,asset_hybrid,GOLD,2026-05-18T04:48:00+00:00,skip,insufficient_derived_candles,,,
2026-05-18T04:50:24.095276+00:00,btc_gold_dynamic_1_5,asset_hybrid,BTCUSD,2026-05-18T04:49:00+00:00,reject,OUTSIDE_SESSION,,,
2026-05-18T04:50:26.359588+00:00,btc_gold_dynamic_1_5,asset_hybrid,GOLD,2026-05-18T04:49:00+00:00,skip,insufficient_derived_candles,,,
2026-05-18T04:51:21.273152+00:00,btc_gold_dynamic_1_5,asset_hybrid,BTCUSD,2026-05-18T04:50:00+00:00,reject,OUTSIDE_SESSION,,,
2026-05-18T04:51:23.604707+00:00,btc_gold_dynamic_1_5,asset_hybrid,GOLD,2026-05-18T04:50:00+00:00,skip,insufficient_derived_candles,,,
2026-05-18T04:52:17.102640+00:00,btc_gold_dynamic_1_5,asset_hybrid,BTCUSD,2026-05-18T04:51:00+00:00,reject,OUTSIDE_SESSION,,,
2026-05-18T04:52:19.318017+00:00,btc_gold_dynamic_1_5,asset_hybrid,GOLD,2026-05-18T04:51:00+00:00,skip,insufficient_derived_candles,,,
2026-05-18T04:53:12.917774+00:00,btc_gold_dynamic_1_5,asset_hybrid,BTCUSD,2026-05-18T04:52:00+00:00,reject,OUTSIDE_SESSION,,,
2026-05-18T04:53:15.064632+00:00,btc_gold_dynamic_1_5,asset_hybrid,GOLD,2026-05-18T04:52:00+00:00,skip,insufficient_derived_candles,,,
2026-05-18T04:54:08.473409+00:00,btc_gold_dynamic_1_5,asset_hybrid,BTCUSD,2026-05-18T04:53:00+00:00,reject,OUTSIDE_SESSION,,,
2026-05-18T04:54:10.648337+00:00,btc_gold_dynamic_1_5,asset_hybrid,GOLD,2026-05-18T04:53:00+00:00,skip,insufficient_derived_candles,,,
2026-05-18T04:55:06.321905+00:00,btc_gold_dynamic_1_5,asset_hybrid,GOLD,2026-05-18T04:54:00+00:00,skip,insufficient_derived_candles,,,
2026-05-18T04:55:32.126342+00:00,btc_gold_dynamic_1_5,asset_hybrid,BTCUSD,2026-05-18T04:54:00+00:00,reject,OUTSIDE_SESSION,,,
2026-05-18T04:56:02.657081+00:00,btc_gold_dynamic_1_5,asset_hybrid,GOLD,2026-05-18T04:55:00+00:00,skip,insufficient_derived_candles,,,
2026-05-18T04:56:28.207671+00:00,btc_gold_dynamic_1_5,asset_hybrid,BTCUSD,2026-05-18T04:55:00+00:00,reject,OUTSIDE_SESSION,,,
2026-05-18T04:57:23.430479+00:00,btc_gold_dynamic_1_5,asset_hybrid,BTCUSD,2026-05-18T04:56:00+00:00,reject,OUTSIDE_SESSION,,,
2026-05-18T04:57:25.636193+00:00,btc_gold_dynamic_1_5,asset_hybrid,GOLD,2026-05-18T04:56:00+00:00,skip,insufficient_derived_candles,,,
2026-05-18T04:58:18.955299+00:00,btc_gold_dynamic_1_5,asset_hybrid,BTCUSD,2026-05-18T04:57:00+00:00,reject,OUTSIDE_SESSION,,,
2026-05-18T04:58:21.154044+00:00,btc_gold_dynamic_1_5,asset_hybrid,GOLD,2026-05-18T04:57:00+00:00,skip,insufficient_derived_candles,,,
2026-05-18T04:59:15.369394+00:00,btc_gold_dynamic_1_5,asset_hybrid,BTCUSD,2026-05-18T04:58:00+00:00,reject,OUTSIDE_SESSION,,,
2026-05-18T04:59:17.640258+00:00,btc_gold_dynamic_1_5,asset_hybrid,GOLD,2026-05-18T04:58:00+00:00,skip,insufficient_derived_candles,,,
2026-05-18T05:00:11.431695+00:00,btc_gold_dynamic_1_5,asset_hybrid,BTCUSD,2026-05-18T04:59:00+00:00,reject,OUTSIDE_SESSION,,,
2026-05-18T05:00:13.699187+00:00,btc_gold_dynamic_1_5,asset_hybrid,GOLD,2026-05-18T04:59:00+00:00,skip,insufficient_derived_candles,,,
2026-05-18T05:01:07.391934+00:00,btc_gold_dynamic_1_5,asset_hybrid,BTCUSD,2026-05-18T05:00:00+00:00,reject,OUTSIDE_SESSION,,,
2026-05-18T05:01:09.575192+00:00,btc_gold_dynamic_1_5,asset_hybrid,GOLD,2026-05-18T05:00:00+00:00,skip,insufficient_derived_candles,,,
2026-05-18T05:02:05.187656+00:00,btc_gold_dynamic_1_5,asset_hybrid,GOLD,2026-05-18T05:01:00+00:00,skip,insufficient_derived_candles,,,
2026-05-18T05:02:31.240776+00:00,btc_gold_dynamic_1_5,asset_hybrid,BTCUSD,2026-05-18T05:01:00+00:00,reject,OUTSIDE_SESSION,,,
2026-05-18T05:03:27.713093+00:00,btc_gold_dynamic_1_5,asset_hybrid,BTCUSD,2026-05-18T05:02:00+00:00,reject,OUTSIDE_SESSION,,,
2026-05-18T05:03:30.129464+00:00,btc_gold_dynamic_1_5,asset_hybrid,GOLD,2026-05-18T05:02:00+00:00,skip,insufficient_derived_candles,,,
2026-05-18T05:04:24.424283+00:00,btc_gold_dynamic_1_5,asset_hybrid,BTCUSD,2026-05-18T05:03:00+00:00,reject,OUTSIDE_SESSION,,,
2026-05-18T05:04:26.650048+00:00,btc_gold_dynamic_1_5,asset_hybrid,GOLD,2026-05-18T05:03:00+00:00,skip,insufficient_derived_candles,,,
2026-05-18T05:05:20.506653+00:00,btc_gold_dynamic_1_5,asset_hybrid,BTCUSD,2026-05-18T05:04:00+00:00,reject,OUTSIDE_SESSION,,,
2026-05-18T05:05:22.779424+00:00,btc_gold_dynamic_1_5,asset_hybrid,GOLD,2026-05-18T05:04:00+00:00,skip,insufficient_derived_candles,,,
2026-05-18T05:06:17.244988+00:00,btc_gold_dynamic_1_5,asset_hybrid,BTCUSD,2026-05-18T05:05:00+00:00,reject,OUTSIDE_SESSION,,,
2026-05-18T05:06:19.602079+00:00,btc_gold_dynamic_1_5,asset_hybrid,GOLD,2026-05-18T05:05:00+00:00,skip,insufficient_derived_candles,,,
2026-05-18T05:07:13.276863+00:00,btc_gold_dynamic_1_5,asset_hybrid,BTCUSD,2026-05-18T05:06:00+00:00,reject,OUTSIDE_SESSION,,,
2026-05-18T05:07:15.441026+00:00,btc_gold_dynamic_1_5,asset_hybrid,GOLD,2026-05-18T05:06:00+00:00,skip,insufficient_derived_candles,,,
2026-05-18T05:08:09.111605+00:00,btc_gold_dynamic_1_5,asset_hybrid,BTCUSD,2026-05-18T05:07:00+00:00,reject,OUTSIDE_SESSION,,,
2026-05-18T05:08:11.527141+00:00,btc_gold_dynamic_1_5,asset_hybrid,GOLD,2026-05-18T05:07:00+00:00,skip,insufficient_derived_candles,,,
2026-05-18T05:09:05.726244+00:00,btc_gold_dynamic_1_5,asset_hybrid,BTCUSD,2026-05-18T05:08:00+00:00,reject,OUTSIDE_SESSION,,,
2026-05-18T05:09:08.093988+00:00,btc_gold_dynamic_1_5,asset_hybrid,GOLD,2026-05-18T05:08:00+00:00,skip,insufficient_derived_candles,,,
2026-05-18T05:10:04.591433+00:00,btc_gold_dynamic_1_5,asset_hybrid,GOLD,2026-05-18T05:09:00+00:00,skip,insufficient_derived_candles,,,
2026-05-18T05:10:30.539029+00:00,btc_gold_dynamic_1_5,asset_hybrid,BTCUSD,2026-05-18T05:09:00+00:00,reject,OUTSIDE_SESSION,,,
2026-05-18T05:11:27.270952+00:00,btc_gold_dynamic_1_5,asset_hybrid,BTCUSD,2026-05-18T05:10:00+00:00,reject,OUTSIDE_SESSION,,,
2026-05-18T05:11:29.703704+00:00,btc_gold_dynamic_1_5,asset_hybrid,GOLD,2026-05-18T05:10:00+00:00,skip,insufficient_derived_candles,,,
2026-05-18T05:12:23.661114+00:00,btc_gold_dynamic_1_5,asset_hybrid,BTCUSD,2026-05-18T05:11:00+00:00,reject,OUTSIDE_SESSION,,,
2026-05-18T05:12:25.997848+00:00,btc_gold_dynamic_1_5,asset_hybrid,GOLD,2026-05-18T05:11:00+00:00,skip,insufficient_derived_candles,,,
2026-05-18T05:13:19.826304+00:00,btc_gold_dynamic_1_5,asset_hybrid,BTCUSD,2026-05-18T05:12:00+00:00,reject,OUTSIDE_SESSION,,,
2026-05-18T05:13:22.132185+00:00,btc_gold_dynamic_1_5,asset_hybrid,GOLD,2026-05-18T05:12:00+00:00,skip,insufficient_derived_candles,,,
2026-05-18T05:14:16.310552+00:00,btc_gold_dynamic_1_5,asset_hybrid,BTCUSD,2026-05-18T05:13:00+00:00,reject,OUTSIDE_SESSION,,,
2026-05-18T05:14:18.692996+00:00,btc_gold_dynamic_1_5,asset_hybrid,GOLD,2026-05-18T05:13:00+00:00,skip,insufficient_derived_candles,,,
2026-05-18T05:15:12.235195+00:00,btc_gold_dynamic_1_5,asset_hybrid,BTCUSD,2026-05-18T05:14:00+00:00,reject,OUTSIDE_SESSION,,,
2026-05-18T05:15:14.594348+00:00,btc_gold_dynamic_1_5,asset_hybrid,GOLD,2026-05-18T05:14:00+00:00,skip,insufficient_derived_candles,,,
2026-05-18T05:16:08.419808+00:00,btc_gold_dynamic_1_5,asset_hybrid,BTCUSD,2026-05-18T05:15:00+00:00,reject,OUTSIDE_SESSION,,,
2026-05-18T05:16:10.773639+00:00,btc_gold_dynamic_1_5,asset_hybrid,GOLD,2026-05-18T05:15:00+00:00,skip,insufficient_derived_candles,,,
2026-05-18T05:17:04.821376+00:00,btc_gold_dynamic_1_5,asset_hybrid,BTCUSD,2026-05-18T05:16:00+00:00,reject,OUTSIDE_SESSION,,,
2026-05-18T05:17:07.212654+00:00,btc_gold_dynamic_1_5,asset_hybrid,GOLD,2026-05-18T05:16:00+00:00,skip,insufficient_derived_candles,,,
2026-05-18T05:18:03.245910+00:00,btc_gold_dynamic_1_5,asset_hybrid,GOLD,2026-05-18T05:17:00+00:00,skip,insufficient_derived_candles,,,
2026-05-18T05:18:29.168354+00:00,btc_gold_dynamic_1_5,asset_hybrid,BTCUSD,2026-05-18T05:17:00+00:00,reject,OUTSIDE_SESSION,,,
2026-05-18T05:19:25.405168+00:00,btc_gold_dynamic_1_5,asset_hybrid,BTCUSD,2026-05-18T05:18:00+00:00,reject,OUTSIDE_SESSION,,,
2026-05-18T05:19:27.894504+00:00,btc_gold_dynamic_1_5,asset_hybrid,GOLD,2026-05-18T05:18:00+00:00,skip,insufficient_derived_candles,,,
2026-05-18T05:20:22.105060+00:00,btc_gold_dynamic_1_5,asset_hybrid,BTCUSD,2026-05-18T05:19:00+00:00,reject,OUTSIDE_SESSION,,,
2026-05-18T05:20:24.501599+00:00,btc_gold_dynamic_1_5,asset_hybrid,GOLD,2026-05-18T05:19:00+00:00,skip,insufficient_derived_candles,,,
2026-05-18T05:21:18.778755+00:00,btc_gold_dynamic_1_5,asset_hybrid,BTCUSD,2026-05-18T05:20:00+00:00,reject,OUTSIDE_SESSION,,,
2026-05-18T05:21:21.059062+00:00,btc_gold_dynamic_1_5,asset_hybrid,GOLD,2026-05-18T05:20:00+00:00,skip,insufficient_derived_candles,,,
2026-05-18T05:22:15.255973+00:00,btc_gold_dynamic_1_5,asset_hybrid,BTCUSD,2026-05-18T05:21:00+00:00,reject,OUTSIDE_SESSION,,,
2026-05-18T05:22:17.618536+00:00,btc_gold_dynamic_1_5,asset_hybrid,GOLD,2026-05-18T05:21:00+00:00,skip,insufficient_derived_candles,,,
2026-05-18T05:23:11.904021+00:00,btc_gold_dynamic_1_5,asset_hybrid,BTCUSD,2026-05-18T05:22:00+00:00,reject,OUTSIDE_SESSION,,,
2026-05-18T05:23:14.284554+00:00,btc_gold_dynamic_1_5,asset_hybrid,GOLD,2026-05-18T05:22:00+00:00,skip,insufficient_derived_candles,,,
2026-05-18T05:24:07.694860+00:00,btc_gold_dynamic_1_5,asset_hybrid,BTCUSD,2026-05-18T05:23:00+00:00,reject,OUTSIDE_SESSION,,,
2026-05-18T05:24:10.114413+00:00,btc_gold_dynamic_1_5,asset_hybrid,GOLD,2026-05-18T05:23:00+00:00,skip,insufficient_derived_candles,,,
2026-05-18T05:25:06.846510+00:00,btc_gold_dynamic_1_5,asset_hybrid,GOLD,2026-05-18T05:24:00+00:00,skip,insufficient_derived_candles,,,
2026-05-18T05:25:33.119060+00:00,btc_gold_dynamic_1_5,asset_hybrid,BTCUSD,2026-05-18T05:24:00+00:00,reject,OUTSIDE_SESSION,,,
2026-05-18T05:26:04.009626+00:00,btc_gold_dynamic_1_5,asset_hybrid,GOLD,2026-05-18T05:25:00+00:00,skip,insufficient_derived_candles,,,
2026-05-18T05:26:29.923954+00:00,btc_gold_dynamic_1_5,asset_hybrid,BTCUSD,2026-05-18T05:25:00+00:00,reject,OUTSIDE_SESSION,,,
2026-05-18T05:27:26.157662+00:00,btc_gold_dynamic_1_5,asset_hybrid,BTCUSD,2026-05-18T05:26:00+00:00,reject,OUTSIDE_SESSION,,,
2026-05-18T05:27:28.611273+00:00,btc_gold_dynamic_1_5,asset_hybrid,GOLD,2026-05-18T05:26:00+00:00,skip,insufficient_derived_candles,,,
2026-05-18T05:28:22.824924+00:00,btc_gold_dynamic_1_5,asset_hybrid,BTCUSD,2026-05-18T05:27:00+00:00,reject,OUTSIDE_SESSION,,,
2026-05-18T05:28:25.180402+00:00,btc_gold_dynamic_1_5,asset_hybrid,GOLD,2026-05-18T05:27:00+00:00,skip,insufficient_derived_candles,,,
2026-05-18T05:29:19.376744+00:00,btc_gold_dynamic_1_5,asset_hybrid,BTCUSD,2026-05-18T05:28:00+00:00,reject,OUTSIDE_SESSION,,,
2026-05-18T05:29:21.692472+00:00,btc_gold_dynamic_1_5,asset_hybrid,GOLD,2026-05-18T05:28:00+00:00,skip,insufficient_derived_candles,,,
2026-05-18T05:30:15.848630+00:00,btc_gold_dynamic_1_5,asset_hybrid,BTCUSD,2026-05-18T05:29:00+00:00,reject,OUTSIDE_SESSION,,,
2026-05-18T05:30:18.244476+00:00,btc_gold_dynamic_1_5,asset_hybrid,GOLD,2026-05-18T05:29:00+00:00,skip,insufficient_derived_candles,,,
2026-05-18T05:31:13.247212+00:00,btc_gold_dynamic_1_5,asset_hybrid,BTCUSD,2026-05-18T05:30:00+00:00,reject,OUTSIDE_SESSION,,,
2026-05-18T05:31:15.672627+00:00,btc_gold_dynamic_1_5,asset_hybrid,GOLD,2026-05-18T05:30:00+00:00,skip,insufficient_derived_candles,,,
2026-05-18T05:32:09.777391+00:00,btc_gold_dynamic_1_5,asset_hybrid,BTCUSD,2026-05-18T05:31:00+00:00,reject,OUTSIDE_SESSION,,,
2026-05-18T05:32:12.192530+00:00,btc_gold_dynamic_1_5,asset_hybrid,GOLD,2026-05-18T05:31:00+00:00,skip,insufficient_derived_candles,,,
2026-05-18T05:33:05.741108+00:00,btc_gold_dynamic_1_5,asset_hybrid,BTCUSD,2026-05-18T05:32:00+00:00,reject,OUTSIDE_SESSION,,,
2026-05-18T05:33:08.018142+00:00,btc_gold_dynamic_1_5,asset_hybrid,GOLD,2026-05-18T05:32:00+00:00,skip,insufficient_derived_candles,,,
2026-05-18T05:34:04.636866+00:00,btc_gold_dynamic_1_5,asset_hybrid,GOLD,2026-05-18T05:33:00+00:00,skip,insufficient_derived_candles,,,
2026-05-18T05:34:30.539428+00:00,btc_gold_dynamic_1_5,asset_hybrid,BTCUSD,2026-05-18T05:33:00+00:00,reject,OUTSIDE_SESSION,,,
2026-05-18T05:35:26.986566+00:00,btc_gold_dynamic_1_5,asset_hybrid,BTCUSD,2026-05-18T05:34:00+00:00,reject,OUTSIDE_SESSION,,,
2026-05-18T05:35:29.515164+00:00,btc_gold_dynamic_1_5,asset_hybrid,GOLD,2026-05-18T05:34:00+00:00,skip,insufficient_derived_candles,,,
2026-05-18T05:36:23.584415+00:00,btc_gold_dynamic_1_5,asset_hybrid,BTCUSD,2026-05-18T05:35:00+00:00,reject,OUTSIDE_SESSION,,,
2026-05-18T05:36:26.007439+00:00,btc_gold_dynamic_1_5,asset_hybrid,GOLD,2026-05-18T05:35:00+00:00,skip,insufficient_derived_candles,,,
2026-05-18T05:37:20.094974+00:00,btc_gold_dynamic_1_5,asset_hybrid,BTCUSD,2026-05-18T05:36:00+00:00,reject,OUTSIDE_SESSION,,,
2026-05-18T05:37:22.496892+00:00,btc_gold_dynamic_1_5,asset_hybrid,GOLD,2026-05-18T05:36:00+00:00,skip,insufficient_derived_candles,,,
2026-05-18T05:38:16.545565+00:00,btc_gold_dynamic_1_5,asset_hybrid,BTCUSD,2026-05-18T05:37:00+00:00,reject,OUTSIDE_SESSION,,,
2026-05-18T05:38:18.970046+00:00,btc_gold_dynamic_1_5,asset_hybrid,GOLD,2026-05-18T05:37:00+00:00,skip,insufficient_derived_candles,,,
2026-05-18T05:39:13.153769+00:00,btc_gold_dynamic_1_5,asset_hybrid,BTCUSD,2026-05-18T05:38:00+00:00,reject,OUTSIDE_SESSION,,,
2026-05-18T05:39:15.566793+00:00,btc_gold_dynamic_1_5,asset_hybrid,GOLD,2026-05-18T05:38:00+00:00,skip,insufficient_derived_candles,,,
2026-05-18T05:40:10.305851+00:00,btc_gold_dynamic_1_5,asset_hybrid,BTCUSD,2026-05-18T05:39:00+00:00,reject,OUTSIDE_SESSION,,,
2026-05-18T05:40:12.816313+00:00,btc_gold_dynamic_1_5,asset_hybrid,GOLD,2026-05-18T05:39:00+00:00,skip,insufficient_derived_candles,,,
2026-05-18T05:41:07.352511+00:00,btc_gold_dynamic_1_5,asset_hybrid,BTCUSD,2026-05-18T05:40:00+00:00,reject,OUTSIDE_SESSION,,,
2026-05-18T05:41:09.920090+00:00,btc_gold_dynamic_1_5,asset_hybrid,GOLD,2026-05-18T05:40:00+00:00,skip,insufficient_derived_candles,,,
2026-05-18T05:42:04.553376+00:00,btc_gold_dynamic_1_5,asset_hybrid,BTCUSD,2026-05-18T05:41:00+00:00,reject,OUTSIDE_SESSION,,,
2026-05-18T05:42:07.090572+00:00,btc_gold_dynamic_1_5,asset_hybrid,GOLD,2026-05-18T05:41:00+00:00,skip,insufficient_derived_candles,,,
2026-05-18T05:43:03.286972+00:00,btc_gold_dynamic_1_5,asset_hybrid,GOLD,2026-05-18T05:42:00+00:00,skip,insufficient_derived_candles,,,
2026-05-18T05:43:29.312766+00:00,btc_gold_dynamic_1_5,asset_hybrid,BTCUSD,2026-05-18T05:42:00+00:00,reject,OUTSIDE_SESSION,,,
2026-05-18T05:44:26.135453+00:00,btc_gold_dynamic_1_5,asset_hybrid,BTCUSD,2026-05-18T05:43:00+00:00,reject,OUTSIDE_SESSION,,,
2026-05-18T05:44:28.563348+00:00,btc_gold_dynamic_1_5,asset_hybrid,GOLD,2026-05-18T05:43:00+00:00,skip,insufficient_derived_candles,,,
2026-05-18T05:45:22.918601+00:00,btc_gold_dynamic_1_5,asset_hybrid,BTCUSD,2026-05-18T05:44:00+00:00,reject,OUTSIDE_SESSION,,,
2026-05-18T05:45:25.674312+00:00,btc_gold_dynamic_1_5,asset_hybrid,GOLD,2026-05-18T05:44:00+00:00,skip,insufficient_derived_candles,,,
2026-05-18T05:46:19.932370+00:00,btc_gold_dynamic_1_5,asset_hybrid,BTCUSD,2026-05-18T05:45:00+00:00,reject,OUTSIDE_SESSION,,,
2026-05-18T05:46:22.447254+00:00,btc_gold_dynamic_1_5,asset_hybrid,GOLD,2026-05-18T05:45:00+00:00,skip,insufficient_derived_candles,,,
2026-05-18T05:47:16.815095+00:00,btc_gold_dynamic_1_5,asset_hybrid,BTCUSD,2026-05-18T05:46:00+00:00,reject,OUTSIDE_SESSION,,,
2026-05-18T05:47:19.291647+00:00,btc_gold_dynamic_1_5,asset_hybrid,GOLD,2026-05-18T05:46:00+00:00,skip,insufficient_derived_candles,,,
2026-05-18T05:48:13.791714+00:00,btc_gold_dynamic_1_5,asset_hybrid,BTCUSD,2026-05-18T05:47:00+00:00,reject,OUTSIDE_SESSION,,,
2026-05-18T05:48:16.254100+00:00,btc_gold_dynamic_1_5,asset_hybrid,GOLD,2026-05-18T05:47:00+00:00,skip,insufficient_derived_candles,,,
2026-05-18T05:49:10.010923+00:00,btc_gold_dynamic_1_5,asset_hybrid,BTCUSD,2026-05-18T05:48:00+00:00,reject,OUTSIDE_SESSION,,,
2026-05-18T05:49:12.236336+00:00,btc_gold_dynamic_1_5,asset_hybrid,GOLD,2026-05-18T05:48:00+00:00,skip,insufficient_derived_candles,,,
2026-05-18T05:50:06.374203+00:00,btc_gold_dynamic_1_5,asset_hybrid,BTCUSD,2026-05-18T05:49:00+00:00,reject,OUTSIDE_SESSION,,,
2026-05-18T05:50:08.779930+00:00,btc_gold_dynamic_1_5,asset_hybrid,GOLD,2026-05-18T05:49:00+00:00,skip,insufficient_derived_candles,,,
2026-05-18T05:51:05.749491+00:00,btc_gold_dynamic_1_5,asset_hybrid,GOLD,2026-05-18T05:50:00+00:00,skip,insufficient_derived_candles,,,
2026-05-18T05:51:31.390197+00:00,btc_gold_dynamic_1_5,asset_hybrid,BTCUSD,2026-05-18T05:50:00+00:00,reject,OUTSIDE_SESSION,,,
2026-05-18T05:52:27.669581+00:00,btc_gold_dynamic_1_5,asset_hybrid,BTCUSD,2026-05-18T05:51:00+00:00,reject,OUTSIDE_SESSION,,,
2026-05-18T05:52:30.207455+00:00,btc_gold_dynamic_1_5,asset_hybrid,GOLD,2026-05-18T05:51:00+00:00,skip,insufficient_derived_candles,,,
2026-05-18T05:53:24.501849+00:00,btc_gold_dynamic_1_5,asset_hybrid,BTCUSD,2026-05-18T05:52:00+00:00,reject,OUTSIDE_SESSION,,,
2026-05-18T05:53:26.736058+00:00,btc_gold_dynamic_1_5,asset_hybrid,GOLD,2026-05-18T05:52:00+00:00,skip,insufficient_derived_candles,,,
2026-05-18T05:54:20.487074+00:00,btc_gold_dynamic_1_5,asset_hybrid,BTCUSD,2026-05-18T05:53:00+00:00,reject,OUTSIDE_SESSION,,,
2026-05-18T05:54:22.836043+00:00,btc_gold_dynamic_1_5,asset_hybrid,GOLD,2026-05-18T05:53:00+00:00,skip,insufficient_derived_candles,,,
2026-05-18T05:55:16.422112+00:00,btc_gold_dynamic_1_5,asset_hybrid,BTCUSD,2026-05-18T05:54:00+00:00,reject,OUTSIDE_SESSION,,,
2026-05-18T05:55:18.827407+00:00,btc_gold_dynamic_1_5,asset_hybrid,GOLD,2026-05-18T05:54:00+00:00,skip,insufficient_derived_candles,,,
2026-05-18T05:56:12.819820+00:00,btc_gold_dynamic_1_5,asset_hybrid,BTCUSD,2026-05-18T05:55:00+00:00,reject,OUTSIDE_SESSION,,,
2026-05-18T05:56:15.231592+00:00,btc_gold_dynamic_1_5,asset_hybrid,GOLD,2026-05-18T05:55:00+00:00,skip,insufficient_derived_candles,,,
2026-05-18T05:57:09.184553+00:00,btc_gold_dynamic_1_5,asset_hybrid,BTCUSD,2026-05-18T05:56:00+00:00,reject,OUTSIDE_SESSION,,,
2026-05-18T05:57:11.541602+00:00,btc_gold_dynamic_1_5,asset_hybrid,GOLD,2026-05-18T05:56:00+00:00,skip,insufficient_derived_candles,,,
2026-05-18T05:58:05.350897+00:00,btc_gold_dynamic_1_5,asset_hybrid,BTCUSD,2026-05-18T05:57:00+00:00,reject,OUTSIDE_SESSION,,,
2026-05-18T05:58:07.724341+00:00,btc_gold_dynamic_1_5,asset_hybrid,GOLD,2026-05-18T05:57:00+00:00,skip,insufficient_derived_candles,,,
2026-05-18T05:59:03.977178+00:00,btc_gold_dynamic_1_5,asset_hybrid,GOLD,2026-05-18T05:58:00+00:00,skip,insufficient_derived_candles,,,
2026-05-18T05:59:29.731376+00:00,btc_gold_dynamic_1_5,asset_hybrid,BTCUSD,2026-05-18T05:58:00+00:00,reject,OUTSIDE_SESSION,,,
2026-05-18T06:00:25.790965+00:00,btc_gold_dynamic_1_5,asset_hybrid,BTCUSD,2026-05-18T05:59:00+00:00,reject,OUTSIDE_SESSION,,,
2026-05-18T06:00:28.323821+00:00,btc_gold_dynamic_1_5,asset_hybrid,GOLD,2026-05-18T05:59:00+00:00,skip,insufficient_derived_candles,,,
2026-05-18T06:01:23.415677+00:00,btc_gold_dynamic_1_5,asset_hybrid,BTCUSD,2026-05-18T06:00:00+00:00,reject,OUTSIDE_SESSION,,,
2026-05-18T06:01:25.849859+00:00,btc_gold_dynamic_1_5,asset_hybrid,GOLD,2026-05-18T06:00:00+00:00,skip,insufficient_derived_candles,,,
2026-05-18T06:02:20.246202+00:00,btc_gold_dynamic_1_5,asset_hybrid,BTCUSD,2026-05-18T06:01:00+00:00,reject,OUTSIDE_SESSION,,,
2026-05-18T06:02:22.799221+00:00,btc_gold_dynamic_1_5,asset_hybrid,GOLD,2026-05-18T06:01:00+00:00,skip,insufficient_derived_candles,,,
2026-05-18T06:03:16.821080+00:00,btc_gold_dynamic_1_5,asset_hybrid,BTCUSD,2026-05-18T06:02:00+00:00,reject,OUTSIDE_SESSION,,,
2026-05-18T06:03:19.233808+00:00,btc_gold_dynamic_1_5,asset_hybrid,GOLD,2026-05-18T06:02:00+00:00,skip,insufficient_derived_candles,,,
2026-05-18T06:04:13.627983+00:00,btc_gold_dynamic_1_5,asset_hybrid,BTCUSD,2026-05-18T06:03:00+00:00,reject,OUTSIDE_SESSION,,,
2026-05-18T06:04:16.119903+00:00,btc_gold_dynamic_1_5,asset_hybrid,GOLD,2026-05-18T06:03:00+00:00,skip,insufficient_derived_candles,,,
2026-05-18T06:05:10.595605+00:00,btc_gold_dynamic_1_5,asset_hybrid,BTCUSD,2026-05-18T06:04:00+00:00,reject,OUTSIDE_SESSION,,,
2026-05-18T06:05:13.188914+00:00,btc_gold_dynamic_1_5,asset_hybrid,GOLD,2026-05-18T06:04:00+00:00,skip,insufficient_derived_candles,,,
2026-05-18T06:06:07.826815+00:00,btc_gold_dynamic_1_5,asset_hybrid,BTCUSD,2026-05-18T06:05:00+00:00,reject,OUTSIDE_SESSION,,,
2026-05-18T06:06:10.340748+00:00,btc_gold_dynamic_1_5,asset_hybrid,GOLD,2026-05-18T06:05:00+00:00,skip,insufficient_derived_candles,,,
2026-05-18T06:07:04.567535+00:00,btc_gold_dynamic_1_5,asset_hybrid,BTCUSD,2026-05-18T06:06:00+00:00,reject,OUTSIDE_SESSION,,,
2026-05-18T06:07:07.016231+00:00,btc_gold_dynamic_1_5,asset_hybrid,GOLD,2026-05-18T06:06:00+00:00,skip,insufficient_derived_candles,,,
2026-05-18T06:08:03.392727+00:00,btc_gold_dynamic_1_5,asset_hybrid,GOLD,2026-05-18T06:07:00+00:00,skip,insufficient_derived_candles,,,
2026-05-18T06:08:28.965321+00:00,btc_gold_dynamic_1_5,asset_hybrid,BTCUSD,2026-05-18T06:07:00+00:00,reject,OUTSIDE_SESSION,,,
2026-05-18T06:09:25.530507+00:00,btc_gold_dynamic_1_5,asset_hybrid,BTCUSD,2026-05-18T06:08:00+00:00,reject,OUTSIDE_SESSION,,,
2026-05-18T06:09:27.957764+00:00,btc_gold_dynamic_1_5,asset_hybrid,GOLD,2026-05-18T06:08:00+00:00,skip,insufficient_derived_candles,,,
2026-05-18T06:10:22.249830+00:00,btc_gold_dynamic_1_5,asset_hybrid,BTCUSD,2026-05-18T06:09:00+00:00,reject,OUTSIDE_SESSION,,,
2026-05-18T06:10:24.725959+00:00,btc_gold_dynamic_1_5,asset_hybrid,GOLD,2026-05-18T06:09:00+00:00,skip,insufficient_derived_candles,,,
2026-05-18T06:11:19.418985+00:00,btc_gold_dynamic_1_5,asset_hybrid,BTCUSD,2026-05-18T06:10:00+00:00,reject,OUTSIDE_SESSION,,,
2026-05-18T06:11:21.915706+00:00,btc_gold_dynamic_1_5,asset_hybrid,GOLD,2026-05-18T06:10:00+00:00,skip,insufficient_derived_candles,,,
2026-05-18T06:12:16.256561+00:00,btc_gold_dynamic_1_5,asset_hybrid,BTCUSD,2026-05-18T06:11:00+00:00,reject,OUTSIDE_SESSION,,,
2026-05-18T06:12:18.775910+00:00,btc_gold_dynamic_1_5,asset_hybrid,GOLD,2026-05-18T06:11:00+00:00,skip,insufficient_derived_candles,,,
2026-05-18T06:13:12.705980+00:00,btc_gold_dynamic_1_5,asset_hybrid,BTCUSD,2026-05-18T06:12:00+00:00,reject,OUTSIDE_SESSION,,,
2026-05-18T06:13:15.054990+00:00,btc_gold_dynamic_1_5,asset_hybrid,GOLD,2026-05-18T06:12:00+00:00,skip,insufficient_derived_candles,,,
2026-05-18T06:14:09.007427+00:00,btc_gold_dynamic_1_5,asset_hybrid,BTCUSD,2026-05-18T06:13:00+00:00,reject,OUTSIDE_SESSION,,,
2026-05-18T06:14:11.467282+00:00,btc_gold_dynamic_1_5,asset_hybrid,GOLD,2026-05-18T06:13:00+00:00,skip,insufficient_derived_candles,,,
2026-05-18T06:15:05.838731+00:00,btc_gold_dynamic_1_5,asset_hybrid,BTCUSD,2026-05-18T06:14:00+00:00,reject,OUTSIDE_SESSION,,,
2026-05-18T06:15:08.325475+00:00,btc_gold_dynamic_1_5,asset_hybrid,GOLD,2026-05-18T06:14:00+00:00,skip,insufficient_derived_candles,,,
2026-05-18T06:16:06.307099+00:00,btc_gold_dynamic_1_5,asset_hybrid,GOLD,2026-05-18T06:15:00+00:00,skip,insufficient_derived_candles,,,
2026-05-18T06:16:32.234041+00:00,btc_gold_dynamic_1_5,asset_hybrid,BTCUSD,2026-05-18T06:15:00+00:00,reject,OUTSIDE_SESSION,,,
2026-05-18T06:17:03.637358+00:00,btc_gold_dynamic_1_5,asset_hybrid,GOLD,2026-05-18T06:16:00+00:00,skip,insufficient_derived_candles,,,
2026-05-18T06:17:30.060630+00:00,btc_gold_dynamic_1_5,asset_hybrid,BTCUSD,2026-05-18T06:16:00+00:00,reject,OUTSIDE_SESSION,,,
2026-05-18T06:18:27.901603+00:00,btc_gold_dynamic_1_5,asset_hybrid,BTCUSD,2026-05-18T06:17:00+00:00,reject,OUTSIDE_SESSION,,,
2026-05-18T06:18:30.594468+00:00,btc_gold_dynamic_1_5,asset_hybrid,GOLD,2026-05-18T06:17:00+00:00,skip,insufficient_derived_candles,,,
2026-05-18T06:19:26.215413+00:00,btc_gold_dynamic_1_5,asset_hybrid,BTCUSD,2026-05-18T06:18:00+00:00,reject,OUTSIDE_SESSION,,,
2026-05-18T06:19:28.816610+00:00,btc_gold_dynamic_1_5,asset_hybrid,GOLD,2026-05-18T06:18:00+00:00,skip,insufficient_derived_candles,,,
2026-05-18T06:20:23.859741+00:00,btc_gold_dynamic_1_5,asset_hybrid,BTCUSD,2026-05-18T06:19:00+00:00,reject,OUTSIDE_SESSION,,,
2026-05-18T06:20:26.337138+00:00,btc_gold_dynamic_1_5,asset_hybrid,GOLD,2026-05-18T06:19:00+00:00,skip,insufficient_derived_candles,,,
2026-05-18T06:21:21.629671+00:00,btc_gold_dynamic_1_5,asset_hybrid,BTCUSD,2026-05-18T06:20:00+00:00,reject,OUTSIDE_SESSION,,,
2026-05-18T06:21:24.337538+00:00,btc_gold_dynamic_1_5,asset_hybrid,GOLD,2026-05-18T06:20:00+00:00,skip,insufficient_derived_candles,,,
2026-05-18T06:22:18.890059+00:00,btc_gold_dynamic_1_5,asset_hybrid,BTCUSD,2026-05-18T06:21:00+00:00,reject,OUTSIDE_SESSION,,,
2026-05-18T06:22:21.685205+00:00,btc_gold_dynamic_1_5,asset_hybrid,GOLD,2026-05-18T06:21:00+00:00,skip,insufficient_derived_candles,,,
2026-05-18T06:23:16.341519+00:00,btc_gold_dynamic_1_5,asset_hybrid,BTCUSD,2026-05-18T06:22:00+00:00,reject,OUTSIDE_SESSION,,,
2026-05-18T06:23:18.715419+00:00,btc_gold_dynamic_1_5,asset_hybrid,GOLD,2026-05-18T06:22:00+00:00,skip,insufficient_derived_candles,,,
2026-05-18T06:24:12.944657+00:00,btc_gold_dynamic_1_5,asset_hybrid,BTCUSD,2026-05-18T06:23:00+00:00,reject,OUTSIDE_SESSION,,,
2026-05-18T06:24:15.401830+00:00,btc_gold_dynamic_1_5,asset_hybrid,GOLD,2026-05-18T06:23:00+00:00,skip,insufficient_derived_candles,,,
2026-05-18T06:25:09.717314+00:00,btc_gold_dynamic_1_5,asset_hybrid,BTCUSD,2026-05-18T06:24:00+00:00,reject,OUTSIDE_SESSION,,,
2026-05-18T06:25:12.227540+00:00,btc_gold_dynamic_1_5,asset_hybrid,GOLD,2026-05-18T06:24:00+00:00,skip,insufficient_derived_candles,,,
2026-05-18T06:26:06.801049+00:00,btc_gold_dynamic_1_5,asset_hybrid,BTCUSD,2026-05-18T06:25:00+00:00,reject,OUTSIDE_SESSION,,,
2026-05-18T06:26:09.546116+00:00,btc_gold_dynamic_1_5,asset_hybrid,GOLD,2026-05-18T06:25:00+00:00,skip,insufficient_derived_candles,,,
2026-05-18T06:27:06.932455+00:00,btc_gold_dynamic_1_5,asset_hybrid,GOLD,2026-05-18T06:26:00+00:00,skip,insufficient_derived_candles,,,
2026-05-18T06:27:32.900764+00:00,btc_gold_dynamic_1_5,asset_hybrid,BTCUSD,2026-05-18T06:26:00+00:00,reject,OUTSIDE_SESSION,,,
2026-05-18T06:28:03.838741+00:00,btc_gold_dynamic_1_5,asset_hybrid,GOLD,2026-05-18T06:27:00+00:00,skip,insufficient_derived_candles,,,
2026-05-18T06:28:29.764040+00:00,btc_gold_dynamic_1_5,asset_hybrid,BTCUSD,2026-05-18T06:27:00+00:00,reject,OUTSIDE_SESSION,,,
2026-05-18T06:29:26.765340+00:00,btc_gold_dynamic_1_5,asset_hybrid,BTCUSD,2026-05-18T06:28:00+00:00,reject,OUTSIDE_SESSION,,,
2026-05-18T06:29:29.383867+00:00,btc_gold_dynamic_1_5,asset_hybrid,GOLD,2026-05-18T06:28:00+00:00,skip,insufficient_derived_candles,,,
2026-05-18T06:30:24.256189+00:00,btc_gold_dynamic_1_5,asset_hybrid,BTCUSD,2026-05-18T06:29:00+00:00,reject,OUTSIDE_SESSION,,,
2026-05-18T06:30:26.878530+00:00,btc_gold_dynamic_1_5,asset_hybrid,GOLD,2026-05-18T06:29:00+00:00,skip,insufficient_derived_candles,,,
2026-05-18T06:31:22.496927+00:00,btc_gold_dynamic_1_5,asset_hybrid,BTCUSD,2026-05-18T06:30:00+00:00,reject,OUTSIDE_SESSION,,,
2026-05-18T06:31:25.054099+00:00,btc_gold_dynamic_1_5,asset_hybrid,GOLD,2026-05-18T06:30:00+00:00,skip,insufficient_derived_candles,,,
2026-05-18T06:32:19.494193+00:00,btc_gold_dynamic_1_5,asset_hybrid,BTCUSD,2026-05-18T06:31:00+00:00,reject,OUTSIDE_SESSION,,,
2026-05-18T06:32:22.108843+00:00,btc_gold_dynamic_1_5,asset_hybrid,GOLD,2026-05-18T06:31:00+00:00,skip,insufficient_derived_candles,,,
2026-05-18T06:33:16.467055+00:00,btc_gold_dynamic_1_5,asset_hybrid,BTCUSD,2026-05-18T06:32:00+00:00,reject,OUTSIDE_SESSION,,,
2026-05-18T06:33:19.058175+00:00,btc_gold_dynamic_1_5,asset_hybrid,GOLD,2026-05-18T06:32:00+00:00,skip,insufficient_derived_candles,,,
2026-05-18T06:34:13.627714+00:00,btc_gold_dynamic_1_5,asset_hybrid,BTCUSD,2026-05-18T06:33:00+00:00,reject,OUTSIDE_SESSION,,,
2026-05-18T06:34:16.379501+00:00,btc_gold_dynamic_1_5,asset_hybrid,GOLD,2026-05-18T06:33:00+00:00,skip,insufficient_derived_candles,,,
2026-05-18T06:35:11.465071+00:00,btc_gold_dynamic_1_5,asset_hybrid,BTCUSD,2026-05-18T06:34:00+00:00,reject,OUTSIDE_SESSION,,,
2026-05-18T06:35:14.154667+00:00,btc_gold_dynamic_1_5,asset_hybrid,GOLD,2026-05-18T06:34:00+00:00,skip,insufficient_derived_candles,,,
2026-05-18T06:36:09.159230+00:00,btc_gold_dynamic_1_5,asset_hybrid,BTCUSD,2026-05-18T06:35:00+00:00,reject,OUTSIDE_SESSION,,,
2026-05-18T06:36:11.679830+00:00,btc_gold_dynamic_1_5,asset_hybrid,GOLD,2026-05-18T06:35:00+00:00,skip,insufficient_derived_candles,,,
2026-05-18T06:37:06.453321+00:00,btc_gold_dynamic_1_5,asset_hybrid,BTCUSD,2026-05-18T06:36:00+00:00,reject,OUTSIDE_SESSION,,,
2026-05-18T06:37:09.033362+00:00,btc_gold_dynamic_1_5,asset_hybrid,GOLD,2026-05-18T06:36:00+00:00,skip,insufficient_derived_candles,,,
2026-05-18T06:38:06.608631+00:00,btc_gold_dynamic_1_5,asset_hybrid,GOLD,2026-05-18T06:37:00+00:00,skip,insufficient_derived_candles,,,
2026-05-18T06:38:32.462930+00:00,btc_gold_dynamic_1_5,asset_hybrid,BTCUSD,2026-05-18T06:37:00+00:00,reject,OUTSIDE_SESSION,,,
2026-05-18T06:39:03.620816+00:00,btc_gold_dynamic_1_5,asset_hybrid,GOLD,2026-05-18T06:38:00+00:00,skip,insufficient_derived_candles,,,
2026-05-18T06:39:29.630676+00:00,btc_gold_dynamic_1_5,asset_hybrid,BTCUSD,2026-05-18T06:38:00+00:00,reject,OUTSIDE_SESSION,,,
2026-05-18T06:40:26.600931+00:00,btc_gold_dynamic_1_5,asset_hybrid,BTCUSD,2026-05-18T06:39:00+00:00,reject,OUTSIDE_SESSION,,,
2026-05-18T06:40:29.346486+00:00,btc_gold_dynamic_1_5,asset_hybrid,GOLD,2026-05-18T06:39:00+00:00,skip,insufficient_derived_candles,,,
2026-05-18T06:41:24.788100+00:00,btc_gold_dynamic_1_5,asset_hybrid,BTCUSD,2026-05-18T06:40:00+00:00,reject,OUTSIDE_SESSION,,,
2026-05-18T06:41:27.309753+00:00,btc_gold_dynamic_1_5,asset_hybrid,GOLD,2026-05-18T06:40:00+00:00,skip,insufficient_derived_candles,,,
2026-05-18T06:42:22.077007+00:00,btc_gold_dynamic_1_5,asset_hybrid,BTCUSD,2026-05-18T06:41:00+00:00,reject,OUTSIDE_SESSION,,,
2026-05-18T06:42:24.688323+00:00,btc_gold_dynamic_1_5,asset_hybrid,GOLD,2026-05-18T06:41:00+00:00,skip,insufficient_derived_candles,,,
2026-05-18T06:43:18.866715+00:00,btc_gold_dynamic_1_5,asset_hybrid,BTCUSD,2026-05-18T06:42:00+00:00,reject,OUTSIDE_SESSION,,,
2026-05-18T06:43:21.485116+00:00,btc_gold_dynamic_1_5,asset_hybrid,GOLD,2026-05-18T06:42:00+00:00,skip,insufficient_derived_candles,,,
2026-05-18T06:44:15.994807+00:00,btc_gold_dynamic_1_5,asset_hybrid,BTCUSD,2026-05-18T06:43:00+00:00,reject,OUTSIDE_SESSION,,,
2026-05-18T06:44:18.651633+00:00,btc_gold_dynamic_1_5,asset_hybrid,GOLD,2026-05-18T06:43:00+00:00,skip,insufficient_derived_candles,,,
2026-05-18T06:45:12.992040+00:00,btc_gold_dynamic_1_5,asset_hybrid,BTCUSD,2026-05-18T06:44:00+00:00,reject,OUTSIDE_SESSION,,,
2026-05-18T06:45:15.944569+00:00,btc_gold_dynamic_1_5,asset_hybrid,GOLD,2026-05-18T06:44:00+00:00,skip,insufficient_derived_candles,,,
2026-05-18T06:46:11.121436+00:00,btc_gold_dynamic_1_5,asset_hybrid,BTCUSD,2026-05-18T06:45:00+00:00,reject,OUTSIDE_SESSION,,,
2026-05-18T06:46:13.689381+00:00,btc_gold_dynamic_1_5,asset_hybrid,GOLD,2026-05-18T06:45:00+00:00,skip,insufficient_derived_candles,,,
2026-05-18T06:47:09.182118+00:00,btc_gold_dynamic_1_5,asset_hybrid,BTCUSD,2026-05-18T06:46:00+00:00,reject,OUTSIDE_SESSION,,,
2026-05-18T06:47:12.034461+00:00,btc_gold_dynamic_1_5,asset_hybrid,GOLD,2026-05-18T06:46:00+00:00,skip,insufficient_derived_candles,,,
2026-05-18T06:48:07.146500+00:00,btc_gold_dynamic_1_5,asset_hybrid,BTCUSD,2026-05-18T06:47:00+00:00,reject,OUTSIDE_SESSION,,,
2026-05-18T06:48:09.838374+00:00,btc_gold_dynamic_1_5,asset_hybrid,GOLD,2026-05-18T06:47:00+00:00,skip,insufficient_derived_candles,,,
2026-05-18T06:49:04.996908+00:00,btc_gold_dynamic_1_5,asset_hybrid,BTCUSD,2026-05-18T06:48:00+00:00,reject,OUTSIDE_SESSION,,,
2026-05-18T06:49:07.538358+00:00,btc_gold_dynamic_1_5,asset_hybrid,GOLD,2026-05-18T06:48:00+00:00,skip,insufficient_derived_candles,,,
2026-05-18T06:50:05.144703+00:00,btc_gold_dynamic_1_5,asset_hybrid,GOLD,2026-05-18T06:49:00+00:00,skip,insufficient_derived_candles,,,
2026-05-18T06:50:31.423075+00:00,btc_gold_dynamic_1_5,asset_hybrid,BTCUSD,2026-05-18T06:49:00+00:00,reject,OUTSIDE_SESSION,,,
2026-05-18T06:51:04.548169+00:00,btc_gold_dynamic_1_5,asset_hybrid,GOLD,2026-05-18T06:50:00+00:00,skip,insufficient_derived_candles,,,
2026-05-18T06:51:30.679966+00:00,btc_gold_dynamic_1_5,asset_hybrid,BTCUSD,2026-05-18T06:50:00+00:00,reject,OUTSIDE_SESSION,,,
2026-05-18T06:52:27.601179+00:00,btc_gold_dynamic_1_5,asset_hybrid,BTCUSD,2026-05-18T06:51:00+00:00,reject,OUTSIDE_SESSION,,,
2026-05-18T06:52:30.228913+00:00,btc_gold_dynamic_1_5,asset_hybrid,GOLD,2026-05-18T06:51:00+00:00,skip,insufficient_derived_candles,,,
2026-05-18T06:53:24.829589+00:00,btc_gold_dynamic_1_5,asset_hybrid,BTCUSD,2026-05-18T06:52:00+00:00,reject,OUTSIDE_SESSION,,,
2026-05-18T06:53:27.397304+00:00,btc_gold_dynamic_1_5,asset_hybrid,GOLD,2026-05-18T06:52:00+00:00,skip,insufficient_derived_candles,,,
2026-05-18T06:54:22.069264+00:00,btc_gold_dynamic_1_5,asset_hybrid,BTCUSD,2026-05-18T06:53:00+00:00,reject,OUTSIDE_SESSION,,,
2026-05-18T06:54:24.780715+00:00,btc_gold_dynamic_1_5,asset_hybrid,GOLD,2026-05-18T06:53:00+00:00,skip,insufficient_derived_candles,,,
2026-05-18T06:55:19.743891+00:00,btc_gold_dynamic_1_5,asset_hybrid,BTCUSD,2026-05-18T06:54:00+00:00,reject,OUTSIDE_SESSION,,,
2026-05-18T06:55:22.314635+00:00,btc_gold_dynamic_1_5,asset_hybrid,GOLD,2026-05-18T06:54:00+00:00,skip,insufficient_derived_candles,,,
2026-05-18T06:56:16.734888+00:00,btc_gold_dynamic_1_5,asset_hybrid,BTCUSD,2026-05-18T06:55:00+00:00,reject,OUTSIDE_SESSION,,,
2026-05-18T06:56:19.437015+00:00,btc_gold_dynamic_1_5,asset_hybrid,GOLD,2026-05-18T06:55:00+00:00,skip,insufficient_derived_candles,,,
2026-05-18T06:57:14.070501+00:00,btc_gold_dynamic_1_5,asset_hybrid,BTCUSD,2026-05-18T06:56:00+00:00,reject,OUTSIDE_SESSION,,,
2026-05-18T06:57:16.630761+00:00,btc_gold_dynamic_1_5,asset_hybrid,GOLD,2026-05-18T06:56:00+00:00,skip,insufficient_derived_candles,,,
2026-05-18T06:58:10.753953+00:00,btc_gold_dynamic_1_5,asset_hybrid,BTCUSD,2026-05-18T06:57:00+00:00,reject,OUTSIDE_SESSION,,,
2026-05-18T06:58:13.378067+00:00,btc_gold_dynamic_1_5,asset_hybrid,GOLD,2026-05-18T06:57:00+00:00,skip,insufficient_derived_candles,,,
2026-05-18T06:59:07.897183+00:00,btc_gold_dynamic_1_5,asset_hybrid,BTCUSD,2026-05-18T06:58:00+00:00,reject,OUTSIDE_SESSION,,,
2026-05-18T06:59:10.470724+00:00,btc_gold_dynamic_1_5,asset_hybrid,GOLD,2026-05-18T06:58:00+00:00,skip,insufficient_derived_candles,,,
2026-05-18T07:00:04.999580+00:00,btc_gold_dynamic_1_5,asset_hybrid,BTCUSD,2026-05-18T06:59:00+00:00,reject,OUTSIDE_SESSION,,,
2026-05-18T07:00:07.786058+00:00,btc_gold_dynamic_1_5,asset_hybrid,GOLD,2026-05-18T06:59:00+00:00,skip,insufficient_derived_candles,,,
2026-05-18T07:01:08.199541+00:00,btc_gold_dynamic_1_5,asset_hybrid,GOLD,2026-05-18T07:00:00+00:00,skip,insufficient_derived_candles,,,
2026-05-18T07:01:34.352265+00:00,btc_gold_dynamic_1_5,asset_hybrid,BTCUSD,2026-05-18T07:00:00+00:00,reject,OUTSIDE_SESSION,,,
2026-05-18T07:02:05.589913+00:00,btc_gold_dynamic_1_5,asset_hybrid,GOLD,2026-05-18T07:01:00+00:00,skip,insufficient_derived_candles,,,
2026-05-18T07:02:31.363404+00:00,btc_gold_dynamic_1_5,asset_hybrid,BTCUSD,2026-05-18T07:01:00+00:00,reject,OUTSIDE_SESSION,,,
2026-05-18T07:03:28.881802+00:00,btc_gold_dynamic_1_5,asset_hybrid,BTCUSD,2026-05-18T07:02:00+00:00,reject,OUTSIDE_SESSION,,,
2026-05-18T07:03:31.569706+00:00,btc_gold_dynamic_1_5,asset_hybrid,GOLD,2026-05-18T07:02:00+00:00,skip,insufficient_derived_candles,,,
2026-05-18T07:04:26.033729+00:00,btc_gold_dynamic_1_5,asset_hybrid,BTCUSD,2026-05-18T07:03:00+00:00,reject,OUTSIDE_SESSION,,,
2026-05-18T07:04:28.647799+00:00,btc_gold_dynamic_1_5,asset_hybrid,GOLD,2026-05-18T07:03:00+00:00,skip,insufficient_derived_candles,,,
2026-05-18T07:05:24.052468+00:00,btc_gold_dynamic_1_5,asset_hybrid,BTCUSD,2026-05-18T07:04:00+00:00,reject,NO_BREAKOUT,,,
2026-05-18T07:05:26.772375+00:00,btc_gold_dynamic_1_5,asset_hybrid,GOLD,2026-05-18T07:04:00+00:00,skip,insufficient_derived_candles,,,
2026-05-18T07:06:21.566499+00:00,btc_gold_dynamic_1_5,asset_hybrid,BTCUSD,2026-05-18T07:05:00+00:00,reject,NO_BREAKOUT,,,
2026-05-18T07:06:24.175878+00:00,btc_gold_dynamic_1_5,asset_hybrid,GOLD,2026-05-18T07:05:00+00:00,skip,insufficient_derived_candles,,,
2026-05-18T07:07:19.052022+00:00,btc_gold_dynamic_1_5,asset_hybrid,BTCUSD,2026-05-18T07:06:00+00:00,reject,NO_BREAKOUT,,,
2026-05-18T07:07:21.648455+00:00,btc_gold_dynamic_1_5,asset_hybrid,GOLD,2026-05-18T07:06:00+00:00,skip,insufficient_derived_candles,,,
2026-05-18T07:08:16.278043+00:00,btc_gold_dynamic_1_5,asset_hybrid,BTCUSD,2026-05-18T07:07:00+00:00,reject,NO_BREAKOUT,,,
2026-05-18T07:08:19.170137+00:00,btc_gold_dynamic_1_5,asset_hybrid,GOLD,2026-05-18T07:07:00+00:00,skip,insufficient_derived_candles,,,
2026-05-18T07:09:13.542368+00:00,btc_gold_dynamic_1_5,asset_hybrid,BTCUSD,2026-05-18T07:08:00+00:00,reject,NO_BREAKOUT,,,
2026-05-18T07:09:16.102511+00:00,btc_gold_dynamic_1_5,asset_hybrid,GOLD,2026-05-18T07:08:00+00:00,skip,insufficient_derived_candles,,,
2026-05-18T07:10:10.438909+00:00,btc_gold_dynamic_1_5,asset_hybrid,BTCUSD,2026-05-18T07:09:00+00:00,reject,NO_BREAKOUT,,,
2026-05-18T07:10:13.177826+00:00,btc_gold_dynamic_1_5,asset_hybrid,GOLD,2026-05-18T07:09:00+00:00,skip,insufficient_derived_candles,,,
2026-05-18T07:11:08.971842+00:00,btc_gold_dynamic_1_5,asset_hybrid,BTCUSD,2026-05-18T07:10:00+00:00,reject,NO_BREAKOUT,,,
2026-05-18T07:11:11.645270+00:00,btc_gold_dynamic_1_5,asset_hybrid,GOLD,2026-05-18T07:10:00+00:00,skip,insufficient_derived_candles,,,
2026-05-18T07:12:05.927204+00:00,btc_gold_dynamic_1_5,asset_hybrid,BTCUSD,2026-05-18T07:11:00+00:00,reject,NO_BREAKOUT,,,
2026-05-18T07:12:08.612407+00:00,btc_gold_dynamic_1_5,asset_hybrid,GOLD,2026-05-18T07:11:00+00:00,skip,insufficient_derived_candles,,,
2026-05-18T07:13:05.560925+00:00,btc_gold_dynamic_1_5,asset_hybrid,GOLD,2026-05-18T07:12:00+00:00,skip,insufficient_derived_candles,,,
2026-05-18T07:13:31.512533+00:00,btc_gold_dynamic_1_5,asset_hybrid,BTCUSD,2026-05-18T07:12:00+00:00,reject,NO_BREAKOUT,,,
2026-05-18T07:14:03.561131+00:00,btc_gold_dynamic_1_5,asset_hybrid,GOLD,2026-05-18T07:13:00+00:00,skip,insufficient_derived_candles,,,
2026-05-18T07:14:29.432610+00:00,btc_gold_dynamic_1_5,asset_hybrid,BTCUSD,2026-05-18T07:13:00+00:00,reject,NO_BREAKOUT,,,
2026-05-18T07:15:27.250735+00:00,btc_gold_dynamic_1_5,asset_hybrid,BTCUSD,2026-05-18T07:14:00+00:00,reject,NO_BREAKOUT,,,
2026-05-18T07:15:29.892486+00:00,btc_gold_dynamic_1_5,asset_hybrid,GOLD,2026-05-18T07:14:00+00:00,skip,insufficient_derived_candles,,,
2026-05-18T07:16:24.438916+00:00,btc_gold_dynamic_1_5,asset_hybrid,BTCUSD,2026-05-18T07:15:00+00:00,reject,NO_BREAKOUT,,,
2026-05-18T07:16:27.137908+00:00,btc_gold_dynamic_1_5,asset_hybrid,GOLD,2026-05-18T07:15:00+00:00,skip,insufficient_derived_candles,,,
2026-05-18T07:17:21.607783+00:00,btc_gold_dynamic_1_5,asset_hybrid,BTCUSD,2026-05-18T07:16:00+00:00,reject,NO_BREAKOUT,,,
2026-05-18T07:17:24.225460+00:00,btc_gold_dynamic_1_5,asset_hybrid,GOLD,2026-05-18T07:16:00+00:00,skip,insufficient_derived_candles,,,
2026-05-18T07:18:18.898128+00:00,btc_gold_dynamic_1_5,asset_hybrid,BTCUSD,2026-05-18T07:17:00+00:00,reject,NO_BREAKOUT,,,
2026-05-18T07:18:21.502103+00:00,btc_gold_dynamic_1_5,asset_hybrid,GOLD,2026-05-18T07:17:00+00:00,skip,insufficient_derived_candles,,,
2026-05-18T07:19:15.924766+00:00,btc_gold_dynamic_1_5,asset_hybrid,BTCUSD,2026-05-18T07:18:00+00:00,reject,NO_BREAKOUT,,,
2026-05-18T07:19:18.551082+00:00,btc_gold_dynamic_1_5,asset_hybrid,GOLD,2026-05-18T07:18:00+00:00,skip,insufficient_derived_candles,,,
2026-05-18T07:20:13.628520+00:00,btc_gold_dynamic_1_5,asset_hybrid,BTCUSD,2026-05-18T07:19:00+00:00,reject,NO_BREAKOUT,,,
2026-05-18T07:20:16.348074+00:00,btc_gold_dynamic_1_5,asset_hybrid,GOLD,2026-05-18T07:19:00+00:00,skip,insufficient_derived_candles,,,
2026-05-18T07:21:11.287910+00:00,btc_gold_dynamic_1_5,asset_hybrid,BTCUSD,2026-05-18T07:20:00+00:00,reject,NO_BREAKOUT,,,
2026-05-18T07:21:14.013525+00:00,btc_gold_dynamic_1_5,asset_hybrid,GOLD,2026-05-18T07:20:00+00:00,skip,insufficient_derived_candles,,,
2026-05-18T07:22:08.470638+00:00,btc_gold_dynamic_1_5,asset_hybrid,BTCUSD,2026-05-18T07:21:00+00:00,reject,NO_BREAKOUT,,,
2026-05-18T07:22:11.156005+00:00,btc_gold_dynamic_1_5,asset_hybrid,GOLD,2026-05-18T07:21:00+00:00,skip,insufficient_derived_candles,,,
2026-05-18T07:23:06.130172+00:00,btc_gold_dynamic_1_5,asset_hybrid,BTCUSD,2026-05-18T07:22:00+00:00,reject,NO_BREAKOUT,,,
2026-05-18T07:23:09.055403+00:00,btc_gold_dynamic_1_5,asset_hybrid,GOLD,2026-05-18T07:22:00+00:00,skip,insufficient_derived_candles,,,
2026-05-18T07:24:03.999202+00:00,btc_gold_dynamic_1_5,asset_hybrid,GOLD,2026-05-18T07:23:00+00:00,skip,insufficient_derived_candles,,,
2026-05-18T07:24:27.977576+00:00,btc_gold_dynamic_1_5,asset_hybrid,BTCUSD,2026-05-18T07:23:00+00:00,reject,NO_BREAKOUT,,,
2026-05-18T07:25:20.197393+00:00,btc_gold_dynamic_1_5,asset_hybrid,BTCUSD,2026-05-18T07:24:00+00:00,reject,NO_BREAKOUT,,,
2026-05-18T07:25:22.283802+00:00,btc_gold_dynamic_1_5,asset_hybrid,GOLD,2026-05-18T07:24:00+00:00,skip,insufficient_derived_candles,,,
2026-05-18T07:26:15.307820+00:00,btc_gold_dynamic_1_5,asset_hybrid,BTCUSD,2026-05-18T07:25:00+00:00,reject,NO_BREAKOUT,,,
2026-05-18T07:26:17.957419+00:00,btc_gold_dynamic_1_5,asset_hybrid,GOLD,2026-05-18T07:25:00+00:00,skip,insufficient_derived_candles,,,
2026-05-18T07:27:12.224788+00:00,btc_gold_dynamic_1_5,asset_hybrid,BTCUSD,2026-05-18T07:26:00+00:00,reject,NO_BREAKOUT,,,
2026-05-18T07:27:14.262117+00:00,btc_gold_dynamic_1_5,asset_hybrid,GOLD,2026-05-18T07:26:00+00:00,skip,insufficient_derived_candles,,,
2026-05-18T07:28:04.297180+00:00,btc_gold_dynamic_1_5,asset_hybrid,BTCUSD,2026-05-18T07:27:00+00:00,reject,NO_BREAKOUT,,,
2026-05-18T07:28:06.407611+00:00,btc_gold_dynamic_1_5,asset_hybrid,GOLD,2026-05-18T07:27:00+00:00,skip,insufficient_derived_candles,,,
2026-05-18T07:29:22.467077+00:00,btc_gold_dynamic_1_5,asset_hybrid,BTCUSD,2026-05-18T07:28:00+00:00,reject,NO_BREAKOUT,,,
2026-05-18T07:29:24.685357+00:00,btc_gold_dynamic_1_5,asset_hybrid,GOLD,2026-05-18T07:28:00+00:00,skip,insufficient_derived_candles,,,
2026-05-18T07:30:14.766520+00:00,btc_gold_dynamic_1_5,asset_hybrid,BTCUSD,2026-05-18T07:29:00+00:00,reject,NO_BREAKOUT,,,
2026-05-18T07:30:17.398945+00:00,btc_gold_dynamic_1_5,asset_hybrid,GOLD,2026-05-18T07:29:00+00:00,skip,insufficient_derived_candles,,,
2026-05-18T07:31:10.522409+00:00,btc_gold_dynamic_1_5,asset_hybrid,BTCUSD,2026-05-18T07:30:00+00:00,reject,NO_BREAKOUT,,,
2026-05-18T07:31:12.616704+00:00,btc_gold_dynamic_1_5,asset_hybrid,GOLD,2026-05-18T07:30:00+00:00,skip,insufficient_derived_candles,,,
2026-05-18T07:32:05.589870+00:00,btc_gold_dynamic_1_5,asset_hybrid,BTCUSD,2026-05-18T07:31:00+00:00,reject,NO_BREAKOUT,,,
2026-05-18T07:32:08.099782+00:00,btc_gold_dynamic_1_5,asset_hybrid,GOLD,2026-05-18T07:31:00+00:00,skip,insufficient_derived_candles,,,
2026-05-18T07:33:05.427461+00:00,btc_gold_dynamic_1_5,asset_hybrid,GOLD,2026-05-18T07:32:00+00:00,skip,insufficient_derived_candles,,,
2026-05-18T07:33:31.614666+00:00,btc_gold_dynamic_1_5,asset_hybrid,BTCUSD,2026-05-18T07:32:00+00:00,reject,NO_BREAKOUT,,,
2026-05-18T07:34:02.703268+00:00,btc_gold_dynamic_1_5,asset_hybrid,GOLD,2026-05-18T07:33:00+00:00,skip,insufficient_derived_candles,,,
2026-05-18T07:34:28.561856+00:00,btc_gold_dynamic_1_5,asset_hybrid,BTCUSD,2026-05-18T07:33:00+00:00,reject,NO_BREAKOUT,,,
2026-05-18T07:35:23.612063+00:00,btc_gold_dynamic_1_5,asset_hybrid,BTCUSD,2026-05-18T07:34:00+00:00,reject,NO_BREAKOUT,,,
2026-05-18T07:35:25.669520+00:00,btc_gold_dynamic_1_5,asset_hybrid,GOLD,2026-05-18T07:34:00+00:00,skip,insufficient_derived_candles,,,
2026-05-18T07:36:15.900196+00:00,btc_gold_dynamic_1_5,asset_hybrid,BTCUSD,2026-05-18T07:35:00+00:00,reject,NO_BREAKOUT,,,
2026-05-18T07:36:17.907432+00:00,btc_gold_dynamic_1_5,asset_hybrid,GOLD,2026-05-18T07:35:00+00:00,skip,insufficient_derived_candles,,,
2026-05-18T07:37:07.916334+00:00,btc_gold_dynamic_1_5,asset_hybrid,BTCUSD,2026-05-18T07:36:00+00:00,reject,NO_BREAKOUT,,,
2026-05-18T07:37:09.935412+00:00,btc_gold_dynamic_1_5,asset_hybrid,GOLD,2026-05-18T07:36:00+00:00,skip,insufficient_derived_candles,,,
2026-05-18T07:38:25.873391+00:00,btc_gold_dynamic_1_5,asset_hybrid,BTCUSD,2026-05-18T07:37:00+00:00,reject,NO_BREAKOUT,,,
2026-05-18T07:38:27.991828+00:00,btc_gold_dynamic_1_5,asset_hybrid,GOLD,2026-05-18T07:37:00+00:00,skip,insufficient_derived_candles,,,
2026-05-18T07:39:41.741239+00:00,btc_gold_dynamic_1_5,asset_hybrid,BTCUSD,2026-05-18T07:38:00+00:00,reject,NO_BREAKOUT,,,
2026-05-18T07:39:44.398105+00:00,btc_gold_dynamic_1_5,asset_hybrid,GOLD,2026-05-18T07:38:00+00:00,skip,insufficient_derived_candles,,,
2026-05-18T07:40:56.644398+00:00,btc_gold_dynamic_1_5,asset_hybrid,BTCUSD,2026-05-18T07:39:00+00:00,reject,NO_BREAKOUT,,,
2026-05-18T07:40:59.403639+00:00,btc_gold_dynamic_1_5,asset_hybrid,GOLD,2026-05-18T07:39:00+00:00,skip,insufficient_derived_candles,,,
2026-05-18T07:41:25.424979+00:00,btc_gold_dynamic_1_5,asset_hybrid,BTCUSD,2026-05-18T07:40:00+00:00,reject,NO_BREAKOUT,,,
2026-05-18T07:41:28.067739+00:00,btc_gold_dynamic_1_5,asset_hybrid,GOLD,2026-05-18T07:40:00+00:00,skip,insufficient_derived_candles,,,
2026-05-18T07:42:22.591130+00:00,btc_gold_dynamic_1_5,asset_hybrid,BTCUSD,2026-05-18T07:41:00+00:00,reject,NO_BREAKOUT,,,
2026-05-18T07:42:25.212871+00:00,btc_gold_dynamic_1_5,asset_hybrid,GOLD,2026-05-18T07:41:00+00:00,skip,insufficient_derived_candles,,,
2026-05-18T07:43:19.779156+00:00,btc_gold_dynamic_1_5,asset_hybrid,BTCUSD,2026-05-18T07:42:00+00:00,reject,NO_BREAKOUT,,,
2026-05-18T07:43:22.413928+00:00,btc_gold_dynamic_1_5,asset_hybrid,GOLD,2026-05-18T07:42:00+00:00,skip,insufficient_derived_candles,,,
2026-05-18T07:44:16.683433+00:00,btc_gold_dynamic_1_5,asset_hybrid,BTCUSD,2026-05-18T07:43:00+00:00,reject,NO_BREAKOUT,,,
2026-05-18T07:44:19.382472+00:00,btc_gold_dynamic_1_5,asset_hybrid,GOLD,2026-05-18T07:43:00+00:00,skip,insufficient_derived_candles,,,
2026-05-18T07:45:39.349986+00:00,btc_gold_dynamic_1_5,asset_hybrid,BTCUSD,2026-05-18T07:44:00+00:00,reject,NO_BREAKOUT,,,
2026-05-18T07:45:42.576944+00:00,btc_gold_dynamic_1_5,asset_hybrid,GOLD,2026-05-18T07:44:00+00:00,skip,insufficient_derived_candles,,,
2026-05-18T07:46:08.677325+00:00,btc_gold_dynamic_1_5,asset_hybrid,BTCUSD,2026-05-18T07:45:00+00:00,reject,NO_BREAKOUT,,,
2026-05-18T07:46:11.436869+00:00,btc_gold_dynamic_1_5,asset_hybrid,GOLD,2026-05-18T07:45:00+00:00,skip,insufficient_derived_candles,,,
2026-05-18T07:47:06.016537+00:00,btc_gold_dynamic_1_5,asset_hybrid,BTCUSD,2026-05-18T07:46:00+00:00,reject,NO_BREAKOUT,,,
2026-05-18T07:47:08.809125+00:00,btc_gold_dynamic_1_5,asset_hybrid,GOLD,2026-05-18T07:46:00+00:00,skip,insufficient_derived_candles,,,
2026-05-18T07:48:06.097442+00:00,btc_gold_dynamic_1_5,asset_hybrid,GOLD,2026-05-18T07:47:00+00:00,skip,insufficient_derived_candles,,,
2026-05-18T07:48:32.029788+00:00,btc_gold_dynamic_1_5,asset_hybrid,BTCUSD,2026-05-18T07:47:00+00:00,reject,NO_BREAKOUT,,,
2026-05-18T07:49:03.370967+00:00,btc_gold_dynamic_1_5,asset_hybrid,GOLD,2026-05-18T07:48:00+00:00,skip,insufficient_derived_candles,,,
2026-05-18T07:49:29.347272+00:00,btc_gold_dynamic_1_5,asset_hybrid,BTCUSD,2026-05-18T07:48:00+00:00,reject,NO_BREAKOUT,,,
2026-05-18T07:50:26.553860+00:00,btc_gold_dynamic_1_5,asset_hybrid,BTCUSD,2026-05-18T07:49:00+00:00,reject,NO_BREAKOUT,,,
2026-05-18T07:50:29.285979+00:00,btc_gold_dynamic_1_5,asset_hybrid,GOLD,2026-05-18T07:49:00+00:00,skip,insufficient_derived_candles,,,
2026-05-18T07:51:23.917189+00:00,btc_gold_dynamic_1_5,asset_hybrid,BTCUSD,2026-05-18T07:50:00+00:00,reject,NO_BREAKOUT,,,
2026-05-18T07:51:26.625519+00:00,btc_gold_dynamic_1_5,asset_hybrid,GOLD,2026-05-18T07:50:00+00:00,skip,insufficient_derived_candles,,,
2026-05-18T07:52:21.421866+00:00,btc_gold_dynamic_1_5,asset_hybrid,BTCUSD,2026-05-18T07:51:00+00:00,reject,NO_BREAKOUT,,,
2026-05-18T07:52:23.976207+00:00,btc_gold_dynamic_1_5,asset_hybrid,GOLD,2026-05-18T07:51:00+00:00,skip,insufficient_derived_candles,,,
2026-05-18T07:53:18.114116+00:00,btc_gold_dynamic_1_5,asset_hybrid,BTCUSD,2026-05-18T07:52:00+00:00,reject,NO_BREAKOUT,,,
2026-05-18T07:53:20.802468+00:00,btc_gold_dynamic_1_5,asset_hybrid,GOLD,2026-05-18T07:52:00+00:00,skip,insufficient_derived_candles,,,
2026-05-18T07:54:15.186361+00:00,btc_gold_dynamic_1_5,asset_hybrid,BTCUSD,2026-05-18T07:53:00+00:00,reject,NO_BREAKOUT,,,
2026-05-18T07:54:17.799573+00:00,btc_gold_dynamic_1_5,asset_hybrid,GOLD,2026-05-18T07:53:00+00:00,skip,insufficient_derived_candles,,,
2026-05-18T07:55:12.341173+00:00,btc_gold_dynamic_1_5,asset_hybrid,BTCUSD,2026-05-18T07:54:00+00:00,reject,NO_BREAKOUT,,,
2026-05-18T07:55:15.079586+00:00,btc_gold_dynamic_1_5,asset_hybrid,GOLD,2026-05-18T07:54:00+00:00,skip,insufficient_derived_candles,,,
2026-05-18T07:56:09.685177+00:00,btc_gold_dynamic_1_5,asset_hybrid,BTCUSD,2026-05-18T07:55:00+00:00,reject,NO_BREAKOUT,,,
2026-05-18T07:56:12.423649+00:00,btc_gold_dynamic_1_5,asset_hybrid,GOLD,2026-05-18T07:55:00+00:00,skip,insufficient_derived_candles,,,
2026-05-18T07:57:06.766395+00:00,btc_gold_dynamic_1_5,asset_hybrid,BTCUSD,2026-05-18T07:56:00+00:00,reject,NO_BREAKOUT,,,
2026-05-18T07:57:09.523567+00:00,btc_gold_dynamic_1_5,asset_hybrid,GOLD,2026-05-18T07:56:00+00:00,skip,insufficient_derived_candles,,,
2026-05-18T07:58:06.550926+00:00,btc_gold_dynamic_1_5,asset_hybrid,GOLD,2026-05-18T07:57:00+00:00,skip,insufficient_derived_candles,,,
2026-05-18T07:58:32.503451+00:00,btc_gold_dynamic_1_5,asset_hybrid,BTCUSD,2026-05-18T07:57:00+00:00,reject,NO_BREAKOUT,,,
2026-05-18T07:59:03.805002+00:00,btc_gold_dynamic_1_5,asset_hybrid,GOLD,2026-05-18T07:58:00+00:00,skip,insufficient_derived_candles,,,
2026-05-18T07:59:29.760190+00:00,btc_gold_dynamic_1_5,asset_hybrid,BTCUSD,2026-05-18T07:58:00+00:00,reject,NO_BREAKOUT,,,
2026-05-18T08:00:27.189811+00:00,btc_gold_dynamic_1_5,asset_hybrid,BTCUSD,2026-05-18T07:59:00+00:00,reject,NO_BREAKOUT,,,
2026-05-18T08:00:29.860749+00:00,btc_gold_dynamic_1_5,asset_hybrid,GOLD,2026-05-18T07:59:00+00:00,skip,insufficient_derived_candles,,,
2026-05-18T08:01:24.542826+00:00,btc_gold_dynamic_1_5,asset_hybrid,BTCUSD,2026-05-18T08:00:00+00:00,reject,NO_BREAKOUT,,,
2026-05-18T08:01:27.393701+00:00,btc_gold_dynamic_1_5,asset_hybrid,GOLD,2026-05-18T08:00:00+00:00,skip,insufficient_derived_candles,,,
2026-05-18T08:02:22.077316+00:00,btc_gold_dynamic_1_5,asset_hybrid,BTCUSD,2026-05-18T08:01:00+00:00,reject,NO_BREAKOUT,,,
2026-05-18T08:02:24.831321+00:00,btc_gold_dynamic_1_5,asset_hybrid,GOLD,2026-05-18T08:01:00+00:00,skip,insufficient_derived_candles,,,
2026-05-18T08:03:19.534129+00:00,btc_gold_dynamic_1_5,asset_hybrid,BTCUSD,2026-05-18T08:02:00+00:00,reject,NO_BREAKOUT,,,
2026-05-18T08:03:22.088105+00:00,btc_gold_dynamic_1_5,asset_hybrid,GOLD,2026-05-18T08:02:00+00:00,skip,insufficient_derived_candles,,,
2026-05-18T08:04:16.859465+00:00,btc_gold_dynamic_1_5,asset_hybrid,BTCUSD,2026-05-18T08:03:00+00:00,reject,NO_BREAKOUT,,,
2026-05-18T08:04:19.629164+00:00,btc_gold_dynamic_1_5,asset_hybrid,GOLD,2026-05-18T08:03:00+00:00,skip,insufficient_derived_candles,,,
2026-05-18T08:05:14.296928+00:00,btc_gold_dynamic_1_5,asset_hybrid,BTCUSD,2026-05-18T08:04:00+00:00,reject,NO_BREAKOUT,,,
2026-05-18T08:05:17.129678+00:00,btc_gold_dynamic_1_5,asset_hybrid,GOLD,2026-05-18T08:04:00+00:00,skip,insufficient_derived_candles,,,
2026-05-18T08:06:11.834716+00:00,btc_gold_dynamic_1_5,asset_hybrid,BTCUSD,2026-05-18T08:05:00+00:00,reject,NO_BREAKOUT,,,
2026-05-18T08:06:14.691481+00:00,btc_gold_dynamic_1_5,asset_hybrid,GOLD,2026-05-18T08:05:00+00:00,skip,insufficient_derived_candles,,,
2026-05-18T08:07:09.381296+00:00,btc_gold_dynamic_1_5,asset_hybrid,BTCUSD,2026-05-18T08:06:00+00:00,reject,NO_BREAKOUT,,,
2026-05-18T08:07:12.249662+00:00,btc_gold_dynamic_1_5,asset_hybrid,GOLD,2026-05-18T08:06:00+00:00,skip,insufficient_derived_candles,,,
2026-05-18T08:08:06.675222+00:00,btc_gold_dynamic_1_5,asset_hybrid,BTCUSD,2026-05-18T08:07:00+00:00,reject,NO_BREAKOUT,,,
2026-05-18T08:08:09.616063+00:00,btc_gold_dynamic_1_5,asset_hybrid,GOLD,2026-05-18T08:07:00+00:00,skip,insufficient_derived_candles,,,
2026-05-18T08:09:07.262884+00:00,btc_gold_dynamic_1_5,asset_hybrid,GOLD,2026-05-18T08:08:00+00:00,skip,insufficient_derived_candles,,,
2026-05-18T08:09:33.354004+00:00,btc_gold_dynamic_1_5,asset_hybrid,BTCUSD,2026-05-18T08:08:00+00:00,reject,NO_BREAKOUT,,,
2026-05-18T08:10:05.048251+00:00,btc_gold_dynamic_1_5,asset_hybrid,GOLD,2026-05-18T08:09:00+00:00,skip,insufficient_derived_candles,,,
2026-05-18T08:10:31.018286+00:00,btc_gold_dynamic_1_5,asset_hybrid,BTCUSD,2026-05-18T08:09:00+00:00,reject,NO_BREAKOUT,,,
2026-05-18T08:11:28.925666+00:00,btc_gold_dynamic_1_5,asset_hybrid,BTCUSD,2026-05-18T08:10:00+00:00,reject,NO_BREAKOUT,,,
2026-05-18T08:11:31.815575+00:00,btc_gold_dynamic_1_5,asset_hybrid,GOLD,2026-05-18T08:10:00+00:00,skip,insufficient_derived_candles,,,
2026-05-18T08:12:26.565768+00:00,btc_gold_dynamic_1_5,asset_hybrid,BTCUSD,2026-05-18T08:11:00+00:00,reject,NO_BREAKOUT,,,
2026-05-18T08:12:29.360286+00:00,btc_gold_dynamic_1_5,asset_hybrid,GOLD,2026-05-18T08:11:00+00:00,skip,insufficient_derived_candles,,,
2026-05-18T08:13:23.836876+00:00,btc_gold_dynamic_1_5,asset_hybrid,BTCUSD,2026-05-18T08:12:00+00:00,reject,NO_BREAKOUT,,,
2026-05-18T08:13:26.558892+00:00,btc_gold_dynamic_1_5,asset_hybrid,GOLD,2026-05-18T08:12:00+00:00,skip,insufficient_derived_candles,,,
2026-05-18T08:14:21.059071+00:00,btc_gold_dynamic_1_5,asset_hybrid,BTCUSD,2026-05-18T08:13:00+00:00,reject,NO_BREAKOUT,,,
2026-05-18T08:14:23.846672+00:00,btc_gold_dynamic_1_5,asset_hybrid,GOLD,2026-05-18T08:13:00+00:00,skip,insufficient_derived_candles,,,
2026-05-18T08:15:18.261975+00:00,btc_gold_dynamic_1_5,asset_hybrid,BTCUSD,2026-05-18T08:14:00+00:00,reject,NO_BREAKOUT,,,
2026-05-18T08:15:21.038971+00:00,btc_gold_dynamic_1_5,asset_hybrid,GOLD,2026-05-18T08:14:00+00:00,skip,insufficient_derived_candles,,,
2026-05-18T08:16:15.450065+00:00,btc_gold_dynamic_1_5,asset_hybrid,BTCUSD,2026-05-18T08:15:00+00:00,reject,NO_BREAKOUT,,,
2026-05-18T08:16:18.267297+00:00,btc_gold_dynamic_1_5,asset_hybrid,GOLD,2026-05-18T08:15:00+00:00,skip,insufficient_derived_candles,,,
2026-05-18T08:17:13.177170+00:00,btc_gold_dynamic_1_5,asset_hybrid,BTCUSD,2026-05-18T08:16:00+00:00,reject,NO_BREAKOUT,,,
2026-05-18T08:17:16.056422+00:00,btc_gold_dynamic_1_5,asset_hybrid,GOLD,2026-05-18T08:16:00+00:00,skip,insufficient_derived_candles,,,
2026-05-18T08:18:10.727999+00:00,btc_gold_dynamic_1_5,asset_hybrid,BTCUSD,2026-05-18T08:17:00+00:00,reject,NO_BREAKOUT,,,
2026-05-18T08:18:13.509215+00:00,btc_gold_dynamic_1_5,asset_hybrid,GOLD,2026-05-18T08:17:00+00:00,skip,insufficient_derived_candles,,,
2026-05-18T08:19:08.367426+00:00,btc_gold_dynamic_1_5,asset_hybrid,BTCUSD,2026-05-18T08:18:00+00:00,reject,NO_BREAKOUT,,,
2026-05-18T08:19:11.337677+00:00,btc_gold_dynamic_1_5,asset_hybrid,GOLD,2026-05-18T08:18:00+00:00,skip,insufficient_derived_candles,,,
2026-05-18T08:20:05.934538+00:00,btc_gold_dynamic_1_5,asset_hybrid,BTCUSD,2026-05-18T08:19:00+00:00,reject,NO_BREAKOUT,,,
2026-05-18T08:20:08.727159+00:00,btc_gold_dynamic_1_5,asset_hybrid,GOLD,2026-05-18T08:19:00+00:00,skip,insufficient_derived_candles,,,
2026-05-18T08:21:07.422399+00:00,btc_gold_dynamic_1_5,asset_hybrid,GOLD,2026-05-18T08:20:00+00:00,skip,insufficient_derived_candles,,,
2026-05-18T08:21:33.685440+00:00,btc_gold_dynamic_1_5,asset_hybrid,BTCUSD,2026-05-18T08:20:00+00:00,reject,NO_BREAKOUT,,,
2026-05-18T08:22:05.105814+00:00,btc_gold_dynamic_1_5,asset_hybrid,GOLD,2026-05-18T08:21:00+00:00,skip,insufficient_derived_candles,,,
2026-05-18T08:22:31.147117+00:00,btc_gold_dynamic_1_5,asset_hybrid,BTCUSD,2026-05-18T08:21:00+00:00,reject,NO_BREAKOUT,,,
2026-05-18T08:23:54.080699+00:00,btc_gold_dynamic_1_5,asset_hybrid,BTCUSD,2026-05-18T08:22:00+00:00,reject,NO_BREAKOUT,,,
2026-05-18T08:23:56.871925+00:00,btc_gold_dynamic_1_5,asset_hybrid,GOLD,2026-05-18T08:22:00+00:00,skip,insufficient_derived_candles,,,
2026-05-18T08:24:22.785686+00:00,btc_gold_dynamic_1_5,asset_hybrid,BTCUSD,2026-05-18T08:23:00+00:00,reject,NO_BREAKOUT,,,
2026-05-18T08:24:25.620490+00:00,btc_gold_dynamic_1_5,asset_hybrid,GOLD,2026-05-18T08:23:00+00:00,skip,insufficient_derived_candles,,,
2026-05-18T08:26:29.656037+00:00,btc_gold_dynamic_1_5,asset_hybrid,BTCUSD,2026-05-18T08:25:00+00:00,reject,NO_BREAKOUT,,,
2026-05-18T08:26:32.450359+00:00,btc_gold_dynamic_1_5,asset_hybrid,GOLD,2026-05-18T08:25:00+00:00,skip,insufficient_derived_candles,,,
2026-05-18T08:27:27.265193+00:00,btc_gold_dynamic_1_5,asset_hybrid,BTCUSD,2026-05-18T08:26:00+00:00,reject,NO_BREAKOUT,,,
2026-05-18T08:27:29.951970+00:00,btc_gold_dynamic_1_5,asset_hybrid,GOLD,2026-05-18T08:26:00+00:00,skip,insufficient_derived_candles,,,
2026-05-18T08:28:24.635670+00:00,btc_gold_dynamic_1_5,asset_hybrid,BTCUSD,2026-05-18T08:27:00+00:00,reject,NO_BREAKOUT,,,
2026-05-18T08:28:27.396417+00:00,btc_gold_dynamic_1_5,asset_hybrid,GOLD,2026-05-18T08:27:00+00:00,skip,insufficient_derived_candles,,,
2026-05-18T08:29:21.910712+00:00,btc_gold_dynamic_1_5,asset_hybrid,BTCUSD,2026-05-18T08:28:00+00:00,reject,NO_BREAKOUT,,,
2026-05-18T08:29:24.689898+00:00,btc_gold_dynamic_1_5,asset_hybrid,GOLD,2026-05-18T08:28:00+00:00,skip,insufficient_derived_candles,,,
2026-05-18T08:30:19.811218+00:00,btc_gold_dynamic_1_5,asset_hybrid,BTCUSD,2026-05-18T08:29:00+00:00,reject,NO_BREAKOUT,,,
2026-05-18T08:30:22.654804+00:00,btc_gold_dynamic_1_5,asset_hybrid,GOLD,2026-05-18T08:29:00+00:00,skip,insufficient_derived_candles,,,
2026-05-18T08:31:18.214231+00:00,btc_gold_dynamic_1_5,asset_hybrid,BTCUSD,2026-05-18T08:30:00+00:00,reject,NO_BREAKOUT,,,
2026-05-18T08:31:20.907118+00:00,btc_gold_dynamic_1_5,asset_hybrid,GOLD,2026-05-18T08:30:00+00:00,skip,insufficient_derived_candles,,,
2026-05-18T08:32:15.787850+00:00,btc_gold_dynamic_1_5,asset_hybrid,BTCUSD,2026-05-18T08:31:00+00:00,reject,NO_BREAKOUT,,,
2026-05-18T08:32:18.558008+00:00,btc_gold_dynamic_1_5,asset_hybrid,GOLD,2026-05-18T08:31:00+00:00,skip,insufficient_derived_candles,,,
2026-05-18T08:33:13.088103+00:00,btc_gold_dynamic_1_5,asset_hybrid,BTCUSD,2026-05-18T08:32:00+00:00,reject,NO_BREAKOUT,,,
2026-05-18T08:33:16.111841+00:00,btc_gold_dynamic_1_5,asset_hybrid,GOLD,2026-05-18T08:32:00+00:00,skip,insufficient_derived_candles,,,
2026-05-18T08:34:10.893800+00:00,btc_gold_dynamic_1_5,asset_hybrid,BTCUSD,2026-05-18T08:33:00+00:00,reject,NO_BREAKOUT,,,
2026-05-18T08:34:13.728318+00:00,btc_gold_dynamic_1_5,asset_hybrid,GOLD,2026-05-18T08:33:00+00:00,skip,insufficient_derived_candles,,,
2026-05-18T08:35:08.498692+00:00,btc_gold_dynamic_1_5,asset_hybrid,BTCUSD,2026-05-18T08:34:00+00:00,reject,NO_BREAKOUT,,,
2026-05-18T08:35:11.174678+00:00,btc_gold_dynamic_1_5,asset_hybrid,GOLD,2026-05-18T08:34:00+00:00,skip,insufficient_derived_candles,,,
2026-05-18T08:36:05.872226+00:00,btc_gold_dynamic_1_5,asset_hybrid,BTCUSD,2026-05-18T08:35:00+00:00,reject,NO_BREAKOUT,,,
2026-05-18T08:36:08.623608+00:00,btc_gold_dynamic_1_5,asset_hybrid,GOLD,2026-05-18T08:35:00+00:00,skip,insufficient_derived_candles,,,
2026-05-18T08:37:05.977356+00:00,btc_gold_dynamic_1_5,asset_hybrid,GOLD,2026-05-18T08:36:00+00:00,skip,insufficient_derived_candles,,,
2026-05-18T08:37:32.003573+00:00,btc_gold_dynamic_1_5,asset_hybrid,BTCUSD,2026-05-18T08:36:00+00:00,reject,NO_BREAKOUT,,,
2026-05-18T08:38:03.796771+00:00,btc_gold_dynamic_1_5,asset_hybrid,GOLD,2026-05-18T08:37:00+00:00,skip,insufficient_derived_candles,,,
2026-05-18T08:38:29.703554+00:00,btc_gold_dynamic_1_5,asset_hybrid,BTCUSD,2026-05-18T08:37:00+00:00,reject,NO_BREAKOUT,,,
2026-05-18T08:39:27.220526+00:00,btc_gold_dynamic_1_5,asset_hybrid,BTCUSD,2026-05-18T08:38:00+00:00,reject,NO_BREAKOUT,,,
2026-05-18T08:39:30.013714+00:00,btc_gold_dynamic_1_5,asset_hybrid,GOLD,2026-05-18T08:38:00+00:00,skip,insufficient_derived_candles,,,
2026-05-18T08:40:24.600493+00:00,btc_gold_dynamic_1_5,asset_hybrid,BTCUSD,2026-05-18T08:39:00+00:00,reject,NO_BREAKOUT,,,
2026-05-18T08:40:27.456459+00:00,btc_gold_dynamic_1_5,asset_hybrid,GOLD,2026-05-18T08:39:00+00:00,skip,insufficient_derived_candles,,,
2026-05-18T08:41:21.943000+00:00,btc_gold_dynamic_1_5,asset_hybrid,BTCUSD,2026-05-18T08:40:00+00:00,reject,NO_BREAKOUT,,,
2026-05-18T08:41:24.834448+00:00,btc_gold_dynamic_1_5,asset_hybrid,GOLD,2026-05-18T08:40:00+00:00,skip,insufficient_derived_candles,,,
2026-05-18T08:42:19.582173+00:00,btc_gold_dynamic_1_5,asset_hybrid,BTCUSD,2026-05-18T08:41:00+00:00,reject,NO_BREAKOUT,,,
2026-05-18T08:42:22.335062+00:00,btc_gold_dynamic_1_5,asset_hybrid,GOLD,2026-05-18T08:41:00+00:00,skip,insufficient_derived_candles,,,
2026-05-18T08:43:17.061883+00:00,btc_gold_dynamic_1_5,asset_hybrid,BTCUSD,2026-05-18T08:42:00+00:00,reject,NO_BREAKOUT,,,
2026-05-18T08:43:19.763602+00:00,btc_gold_dynamic_1_5,asset_hybrid,GOLD,2026-05-18T08:42:00+00:00,skip,insufficient_derived_candles,,,
2026-05-18T08:44:14.537535+00:00,btc_gold_dynamic_1_5,asset_hybrid,BTCUSD,2026-05-18T08:43:00+00:00,reject,NO_BREAKOUT,,,
2026-05-18T08:44:17.203078+00:00,btc_gold_dynamic_1_5,asset_hybrid,GOLD,2026-05-18T08:43:00+00:00,skip,insufficient_derived_candles,,,
2026-05-18T08:45:11.924150+00:00,btc_gold_dynamic_1_5,asset_hybrid,BTCUSD,2026-05-18T08:44:00+00:00,reject,NO_BREAKOUT,,,
2026-05-18T08:45:14.694856+00:00,btc_gold_dynamic_1_5,asset_hybrid,GOLD,2026-05-18T08:44:00+00:00,skip,insufficient_derived_candles,,,
2026-05-18T08:46:09.328646+00:00,btc_gold_dynamic_1_5,asset_hybrid,BTCUSD,2026-05-18T08:45:00+00:00,reject,NO_BREAKOUT,,,
2026-05-18T08:46:12.144969+00:00,btc_gold_dynamic_1_5,asset_hybrid,GOLD,2026-05-18T08:45:00+00:00,skip,insufficient_derived_candles,,,
2026-05-18T08:47:07.248758+00:00,btc_gold_dynamic_1_5,asset_hybrid,BTCUSD,2026-05-18T08:46:00+00:00,reject,NO_BREAKOUT,,,
2026-05-18T08:47:09.912204+00:00,btc_gold_dynamic_1_5,asset_hybrid,GOLD,2026-05-18T08:46:00+00:00,skip,insufficient_derived_candles,,,
2026-05-18T08:48:04.836598+00:00,btc_gold_dynamic_1_5,asset_hybrid,BTCUSD,2026-05-18T08:47:00+00:00,reject,NO_BREAKOUT,,,
2026-05-18T08:48:07.565627+00:00,btc_gold_dynamic_1_5,asset_hybrid,GOLD,2026-05-18T08:47:00+00:00,skip,insufficient_derived_candles,,,
2026-05-18T08:49:04.895453+00:00,btc_gold_dynamic_1_5,asset_hybrid,GOLD,2026-05-18T08:48:00+00:00,skip,insufficient_derived_candles,,,
2026-05-18T08:49:30.959969+00:00,btc_gold_dynamic_1_5,asset_hybrid,BTCUSD,2026-05-18T08:48:00+00:00,reject,NO_BREAKOUT,,,
2026-05-18T08:50:28.815575+00:00,btc_gold_dynamic_1_5,asset_hybrid,BTCUSD,2026-05-18T08:49:00+00:00,reject,NO_BREAKOUT,,,
2026-05-18T08:50:31.541013+00:00,btc_gold_dynamic_1_5,asset_hybrid,GOLD,2026-05-18T08:49:00+00:00,skip,insufficient_derived_candles,,,
2026-05-18T08:51:26.477572+00:00,btc_gold_dynamic_1_5,asset_hybrid,BTCUSD,2026-05-18T08:50:00+00:00,reject,NO_BREAKOUT,,,
2026-05-18T08:51:29.199478+00:00,btc_gold_dynamic_1_5,asset_hybrid,GOLD,2026-05-18T08:50:00+00:00,skip,insufficient_derived_candles,,,
2026-05-18T08:52:23.665165+00:00,btc_gold_dynamic_1_5,asset_hybrid,BTCUSD,2026-05-18T08:51:00+00:00,reject,NO_BREAKOUT,,,
2026-05-18T08:52:26.551848+00:00,btc_gold_dynamic_1_5,asset_hybrid,GOLD,2026-05-18T08:51:00+00:00,skip,insufficient_derived_candles,,,
2026-05-18T08:53:21.192085+00:00,btc_gold_dynamic_1_5,asset_hybrid,BTCUSD,2026-05-18T08:52:00+00:00,reject,NO_BREAKOUT,,,
2026-05-18T08:53:24.039792+00:00,btc_gold_dynamic_1_5,asset_hybrid,GOLD,2026-05-18T08:52:00+00:00,skip,insufficient_derived_candles,,,
2026-05-18T08:54:18.548680+00:00,btc_gold_dynamic_1_5,asset_hybrid,BTCUSD,2026-05-18T08:53:00+00:00,reject,NO_BREAKOUT,,,
2026-05-18T08:54:21.393674+00:00,btc_gold_dynamic_1_5,asset_hybrid,GOLD,2026-05-18T08:53:00+00:00,skip,insufficient_derived_candles,,,
2026-05-18T08:55:15.763373+00:00,btc_gold_dynamic_1_5,asset_hybrid,BTCUSD,2026-05-18T08:54:00+00:00,reject,NO_BREAKOUT,,,
2026-05-18T08:55:18.661473+00:00,btc_gold_dynamic_1_5,asset_hybrid,GOLD,2026-05-18T08:54:00+00:00,skip,insufficient_derived_candles,,,
2026-05-18T08:56:13.398087+00:00,btc_gold_dynamic_1_5,asset_hybrid,BTCUSD,2026-05-18T08:55:00+00:00,reject,NO_BREAKOUT,,,
2026-05-18T08:56:16.180228+00:00,btc_gold_dynamic_1_5,asset_hybrid,GOLD,2026-05-18T08:55:00+00:00,skip,insufficient_derived_candles,,,
2026-05-18T08:57:10.689394+00:00,btc_gold_dynamic_1_5,asset_hybrid,BTCUSD,2026-05-18T08:56:00+00:00,reject,NO_BREAKOUT,,,
2026-05-18T08:57:13.399560+00:00,btc_gold_dynamic_1_5,asset_hybrid,GOLD,2026-05-18T08:56:00+00:00,skip,insufficient_derived_candles,,,
2026-05-18T08:58:08.192519+00:00,btc_gold_dynamic_1_5,asset_hybrid,BTCUSD,2026-05-18T08:57:00+00:00,reject,NO_BREAKOUT,,,
2026-05-18T08:58:11.049672+00:00,btc_gold_dynamic_1_5,asset_hybrid,GOLD,2026-05-18T08:57:00+00:00,skip,insufficient_derived_candles,,,
2026-05-18T08:59:05.768695+00:00,btc_gold_dynamic_1_5,asset_hybrid,BTCUSD,2026-05-18T08:58:00+00:00,reject,NO_BREAKOUT,,,
2026-05-18T08:59:08.617441+00:00,btc_gold_dynamic_1_5,asset_hybrid,GOLD,2026-05-18T08:58:00+00:00,skip,insufficient_derived_candles,,,
2026-05-18T09:00:06.808423+00:00,btc_gold_dynamic_1_5,asset_hybrid,GOLD,2026-05-18T08:59:00+00:00,skip,insufficient_derived_candles,,,
2026-05-18T09:00:32.905547+00:00,btc_gold_dynamic_1_5,asset_hybrid,BTCUSD,2026-05-18T08:59:00+00:00,reject,NO_BREAKOUT,,,
2026-05-18T09:01:06.408933+00:00,btc_gold_dynamic_1_5,asset_hybrid,GOLD,2026-05-18T09:00:00+00:00,skip,insufficient_derived_candles,,,
2026-05-18T09:01:32.621924+00:00,btc_gold_dynamic_1_5,asset_hybrid,BTCUSD,2026-05-18T09:00:00+00:00,reject,NO_BREAKOUT,,,
2026-05-18T09:02:04.281315+00:00,btc_gold_dynamic_1_5,asset_hybrid,GOLD,2026-05-18T09:01:00+00:00,skip,insufficient_derived_candles,,,
2026-05-18T09:02:30.282716+00:00,btc_gold_dynamic_1_5,asset_hybrid,BTCUSD,2026-05-18T09:01:00+00:00,reject,NO_BREAKOUT,,,
2026-05-18T09:03:28.265722+00:00,btc_gold_dynamic_1_5,asset_hybrid,BTCUSD,2026-05-18T09:02:00+00:00,reject,NO_BREAKOUT,,,
2026-05-18T09:03:31.086832+00:00,btc_gold_dynamic_1_5,asset_hybrid,GOLD,2026-05-18T09:02:00+00:00,skip,insufficient_derived_candles,,,
2026-05-18T09:04:26.786613+00:00,btc_gold_dynamic_1_5,asset_hybrid,BTCUSD,2026-05-18T09:03:00+00:00,reject,NO_BREAKOUT,,,
2026-05-18T09:04:29.791897+00:00,btc_gold_dynamic_1_5,asset_hybrid,GOLD,2026-05-18T09:03:00+00:00,skip,insufficient_derived_candles,,,
2026-05-18T09:05:24.585174+00:00,btc_gold_dynamic_1_5,asset_hybrid,BTCUSD,2026-05-18T09:04:00+00:00,reject,NO_BREAKOUT,,,
2026-05-18T09:05:27.609689+00:00,btc_gold_dynamic_1_5,asset_hybrid,GOLD,2026-05-18T09:04:00+00:00,skip,insufficient_derived_candles,,,
2026-05-18T09:06:23.077836+00:00,btc_gold_dynamic_1_5,asset_hybrid,BTCUSD,2026-05-18T09:05:00+00:00,reject,NO_BREAKOUT,,,
2026-05-18T09:06:25.899639+00:00,btc_gold_dynamic_1_5,asset_hybrid,GOLD,2026-05-18T09:05:00+00:00,skip,insufficient_derived_candles,,,
2026-05-18T09:07:20.815782+00:00,btc_gold_dynamic_1_5,asset_hybrid,BTCUSD,2026-05-18T09:06:00+00:00,reject,NO_BREAKOUT,,,
2026-05-18T09:07:23.669115+00:00,btc_gold_dynamic_1_5,asset_hybrid,GOLD,2026-05-18T09:06:00+00:00,skip,insufficient_derived_candles,,,
2026-05-18T09:08:18.844257+00:00,btc_gold_dynamic_1_5,asset_hybrid,BTCUSD,2026-05-18T09:07:00+00:00,reject,NO_BREAKOUT,,,
2026-05-18T09:08:21.769791+00:00,btc_gold_dynamic_1_5,asset_hybrid,GOLD,2026-05-18T09:07:00+00:00,skip,insufficient_derived_candles,,,
2026-05-18T09:09:16.674311+00:00,btc_gold_dynamic_1_5,asset_hybrid,BTCUSD,2026-05-18T09:08:00+00:00,reject,NO_BREAKOUT,,,
2026-05-18T09:09:19.794208+00:00,btc_gold_dynamic_1_5,asset_hybrid,GOLD,2026-05-18T09:08:00+00:00,skip,insufficient_derived_candles,,,
2026-05-18T09:10:14.476252+00:00,btc_gold_dynamic_1_5,asset_hybrid,BTCUSD,2026-05-18T09:09:00+00:00,reject,NO_BREAKOUT,,,
2026-05-18T09:10:17.274497+00:00,btc_gold_dynamic_1_5,asset_hybrid,GOLD,2026-05-18T09:09:00+00:00,skip,insufficient_derived_candles,,,
2026-05-18T09:11:13.624613+00:00,btc_gold_dynamic_1_5,asset_hybrid,BTCUSD,2026-05-18T09:10:00+00:00,reject,NO_BREAKOUT,,,
2026-05-18T09:11:16.940285+00:00,btc_gold_dynamic_1_5,asset_hybrid,GOLD,2026-05-18T09:10:00+00:00,skip,insufficient_derived_candles,,,
2026-05-18T09:12:12.142768+00:00,btc_gold_dynamic_1_5,asset_hybrid,BTCUSD,2026-05-18T09:11:00+00:00,reject,NO_BREAKOUT,,,
2026-05-18T09:12:14.917722+00:00,btc_gold_dynamic_1_5,asset_hybrid,GOLD,2026-05-18T09:11:00+00:00,skip,insufficient_derived_candles,,,
2026-05-18T09:13:10.216584+00:00,btc_gold_dynamic_1_5,asset_hybrid,BTCUSD,2026-05-18T09:12:00+00:00,reject,NO_BREAKOUT,,,
2026-05-18T09:13:12.925647+00:00,btc_gold_dynamic_1_5,asset_hybrid,GOLD,2026-05-18T09:12:00+00:00,skip,insufficient_derived_candles,,,
2026-05-18T09:14:07.572848+00:00,btc_gold_dynamic_1_5,asset_hybrid,BTCUSD,2026-05-18T09:13:00+00:00,reject,NO_BREAKOUT,,,
2026-05-18T09:14:10.299395+00:00,btc_gold_dynamic_1_5,asset_hybrid,GOLD,2026-05-18T09:13:00+00:00,skip,insufficient_derived_candles,,,
2026-05-18T09:15:05.383238+00:00,btc_gold_dynamic_1_5,asset_hybrid,BTCUSD,2026-05-18T09:14:00+00:00,reject,NO_BREAKOUT,,,
2026-05-18T09:15:08.323430+00:00,btc_gold_dynamic_1_5,asset_hybrid,GOLD,2026-05-18T09:14:00+00:00,skip,insufficient_derived_candles,,,
2026-05-18T09:16:06.454303+00:00,btc_gold_dynamic_1_5,asset_hybrid,GOLD,2026-05-18T09:15:00+00:00,skip,insufficient_derived_candles,,,
2026-05-18T09:16:32.618667+00:00,btc_gold_dynamic_1_5,asset_hybrid,BTCUSD,2026-05-18T09:15:00+00:00,reject,NO_BREAKOUT,,,
2026-05-18T09:17:04.564124+00:00,btc_gold_dynamic_1_5,asset_hybrid,GOLD,2026-05-18T09:16:00+00:00,skip,insufficient_derived_candles,,,
2026-05-18T09:17:30.521444+00:00,btc_gold_dynamic_1_5,asset_hybrid,BTCUSD,2026-05-18T09:16:00+00:00,reject,NO_BREAKOUT,,,
2026-05-18T09:18:28.844121+00:00,btc_gold_dynamic_1_5,asset_hybrid,BTCUSD,2026-05-18T09:17:00+00:00,reject,NO_BREAKOUT,,,
2026-05-18T09:18:31.700905+00:00,btc_gold_dynamic_1_5,asset_hybrid,GOLD,2026-05-18T09:17:00+00:00,skip,insufficient_derived_candles,,,
2026-05-18T09:19:26.537895+00:00,btc_gold_dynamic_1_5,asset_hybrid,BTCUSD,2026-05-18T09:18:00+00:00,reject,NO_BREAKOUT,,,
2026-05-18T09:19:29.546841+00:00,btc_gold_dynamic_1_5,asset_hybrid,GOLD,2026-05-18T09:18:00+00:00,skip,insufficient_derived_candles,,,
2026-05-18T09:20:24.279468+00:00,btc_gold_dynamic_1_5,asset_hybrid,BTCUSD,2026-05-18T09:19:00+00:00,reject,NO_BREAKOUT,,,
2026-05-18T09:20:27.117749+00:00,btc_gold_dynamic_1_5,asset_hybrid,GOLD,2026-05-18T09:19:00+00:00,skip,insufficient_derived_candles,,,
2026-05-18T09:21:21.998334+00:00,btc_gold_dynamic_1_5,asset_hybrid,BTCUSD,2026-05-18T09:20:00+00:00,reject,NO_BREAKOUT,,,
2026-05-18T09:21:25.048824+00:00,btc_gold_dynamic_1_5,asset_hybrid,GOLD,2026-05-18T09:20:00+00:00,skip,insufficient_derived_candles,,,
2026-05-18T09:22:19.498578+00:00,btc_gold_dynamic_1_5,asset_hybrid,BTCUSD,2026-05-18T09:21:00+00:00,reject,NO_BREAKOUT,,,
2026-05-18T09:22:22.383359+00:00,btc_gold_dynamic_1_5,asset_hybrid,GOLD,2026-05-18T09:21:00+00:00,skip,insufficient_derived_candles,,,
2026-05-18T09:23:17.408981+00:00,btc_gold_dynamic_1_5,asset_hybrid,BTCUSD,2026-05-18T09:22:00+00:00,reject,NO_BREAKOUT,,,
2026-05-18T09:23:20.250324+00:00,btc_gold_dynamic_1_5,asset_hybrid,GOLD,2026-05-18T09:22:00+00:00,skip,insufficient_derived_candles,,,
2026-05-18T09:24:15.055214+00:00,btc_gold_dynamic_1_5,asset_hybrid,BTCUSD,2026-05-18T09:23:00+00:00,reject,NO_BREAKOUT,,,
2026-05-18T09:24:18.040424+00:00,btc_gold_dynamic_1_5,asset_hybrid,GOLD,2026-05-18T09:23:00+00:00,skip,insufficient_derived_candles,,,
2026-05-18T09:25:12.823481+00:00,btc_gold_dynamic_1_5,asset_hybrid,BTCUSD,2026-05-18T09:24:00+00:00,reject,NO_BREAKOUT,,,
2026-05-18T09:25:15.727838+00:00,btc_gold_dynamic_1_5,asset_hybrid,GOLD,2026-05-18T09:24:00+00:00,skip,insufficient_derived_candles,,,
2026-05-18T09:26:10.586718+00:00,btc_gold_dynamic_1_5,asset_hybrid,BTCUSD,2026-05-18T09:25:00+00:00,reject,NO_BREAKOUT,,,
2026-05-18T09:26:13.601239+00:00,btc_gold_dynamic_1_5,asset_hybrid,GOLD,2026-05-18T09:25:00+00:00,skip,insufficient_derived_candles,,,
2026-05-18T09:27:08.459009+00:00,btc_gold_dynamic_1_5,asset_hybrid,BTCUSD,2026-05-18T09:26:00+00:00,reject,NO_BREAKOUT,,,
2026-05-18T09:27:11.341806+00:00,btc_gold_dynamic_1_5,asset_hybrid,GOLD,2026-05-18T09:26:00+00:00,skip,insufficient_derived_candles,,,
2026-05-18T09:28:06.206313+00:00,btc_gold_dynamic_1_5,asset_hybrid,BTCUSD,2026-05-18T09:27:00+00:00,reject,NO_BREAKOUT,,,
2026-05-18T09:28:09.038662+00:00,btc_gold_dynamic_1_5,asset_hybrid,GOLD,2026-05-18T09:27:00+00:00,skip,insufficient_derived_candles,,,
2026-05-18T09:29:06.634692+00:00,btc_gold_dynamic_1_5,asset_hybrid,GOLD,2026-05-18T09:28:00+00:00,skip,insufficient_derived_candles,,,
2026-05-18T09:29:32.863363+00:00,btc_gold_dynamic_1_5,asset_hybrid,BTCUSD,2026-05-18T09:28:00+00:00,reject,NO_BREAKOUT,,,
2026-05-18T09:30:05.102346+00:00,btc_gold_dynamic_1_5,asset_hybrid,GOLD,2026-05-18T09:29:00+00:00,skip,insufficient_derived_candles,,,
2026-05-18T09:30:31.539119+00:00,btc_gold_dynamic_1_5,asset_hybrid,BTCUSD,2026-05-18T09:29:00+00:00,reject,NO_BREAKOUT,,,
2026-05-18T09:31:05.770695+00:00,btc_gold_dynamic_1_5,asset_hybrid,GOLD,2026-05-18T09:30:00+00:00,skip,insufficient_derived_candles,,,
2026-05-18T09:31:32.141425+00:00,btc_gold_dynamic_1_5,asset_hybrid,BTCUSD,2026-05-18T09:30:00+00:00,reject,NO_BREAKOUT,,,
2026-05-18T09:32:04.807724+00:00,btc_gold_dynamic_1_5,asset_hybrid,GOLD,2026-05-18T09:31:00+00:00,skip,insufficient_derived_candles,,,
2026-05-18T09:32:30.956218+00:00,btc_gold_dynamic_1_5,asset_hybrid,BTCUSD,2026-05-18T09:31:00+00:00,reject,NO_BREAKOUT,,,
2026-05-18T09:33:28.827284+00:00,btc_gold_dynamic_1_5,asset_hybrid,BTCUSD,2026-05-18T09:32:00+00:00,reject,NO_BREAKOUT,,,
2026-05-18T09:33:31.880903+00:00,btc_gold_dynamic_1_5,asset_hybrid,GOLD,2026-05-18T09:32:00+00:00,skip,insufficient_derived_candles,,,
2026-05-18T09:34:27.070964+00:00,btc_gold_dynamic_1_5,asset_hybrid,BTCUSD,2026-05-18T09:33:00+00:00,reject,NO_BREAKOUT,,,
2026-05-18T09:34:30.113894+00:00,btc_gold_dynamic_1_5,asset_hybrid,GOLD,2026-05-18T09:33:00+00:00,skip,insufficient_derived_candles,,,
2026-05-18T09:35:25.020506+00:00,btc_gold_dynamic_1_5,asset_hybrid,BTCUSD,2026-05-18T09:34:00+00:00,reject,NO_BREAKOUT,,,
2026-05-18T09:35:27.802732+00:00,btc_gold_dynamic_1_5,asset_hybrid,GOLD,2026-05-18T09:34:00+00:00,skip,insufficient_derived_candles,,,
2026-05-18T09:36:22.632313+00:00,btc_gold_dynamic_1_5,asset_hybrid,BTCUSD,2026-05-18T09:35:00+00:00,reject,NO_BREAKOUT,,,
2026-05-18T09:36:25.460886+00:00,btc_gold_dynamic_1_5,asset_hybrid,GOLD,2026-05-18T09:35:00+00:00,skip,insufficient_derived_candles,,,
2026-05-18T09:37:20.534217+00:00,btc_gold_dynamic_1_5,asset_hybrid,BTCUSD,2026-05-18T09:36:00+00:00,reject,NO_BREAKOUT,,,
2026-05-18T09:37:23.371264+00:00,btc_gold_dynamic_1_5,asset_hybrid,GOLD,2026-05-18T09:36:00+00:00,skip,insufficient_derived_candles,,,
2026-05-18T09:38:18.228549+00:00,btc_gold_dynamic_1_5,asset_hybrid,BTCUSD,2026-05-18T09:37:00+00:00,reject,NO_BREAKOUT,,,
2026-05-18T09:38:21.130166+00:00,btc_gold_dynamic_1_5,asset_hybrid,GOLD,2026-05-18T09:37:00+00:00,skip,insufficient_derived_candles,,,
2026-05-18T09:39:16.272584+00:00,btc_gold_dynamic_1_5,asset_hybrid,BTCUSD,2026-05-18T09:38:00+00:00,reject,NO_BREAKOUT,,,
2026-05-18T09:39:19.046883+00:00,btc_gold_dynamic_1_5,asset_hybrid,GOLD,2026-05-18T09:38:00+00:00,skip,insufficient_derived_candles,,,
2026-05-18T09:40:14.014547+00:00,btc_gold_dynamic_1_5,asset_hybrid,BTCUSD,2026-05-18T09:39:00+00:00,reject,NO_BREAKOUT,,,
2026-05-18T09:40:16.951112+00:00,btc_gold_dynamic_1_5,asset_hybrid,GOLD,2026-05-18T09:39:00+00:00,skip,insufficient_derived_candles,,,
2026-05-18T09:41:12.822247+00:00,btc_gold_dynamic_1_5,asset_hybrid,BTCUSD,2026-05-18T09:40:00+00:00,reject,NO_BREAKOUT,,,
2026-05-18T09:41:15.856672+00:00,btc_gold_dynamic_1_5,asset_hybrid,GOLD,2026-05-18T09:40:00+00:00,skip,insufficient_derived_candles,,,
2026-05-18T09:42:11.464407+00:00,btc_gold_dynamic_1_5,asset_hybrid,BTCUSD,2026-05-18T09:41:00+00:00,reject,NO_BREAKOUT,,,
2026-05-18T09:42:14.445035+00:00,btc_gold_dynamic_1_5,asset_hybrid,GOLD,2026-05-18T09:41:00+00:00,skip,insufficient_derived_candles,,,
2026-05-18T09:43:10.734320+00:00,btc_gold_dynamic_1_5,asset_hybrid,BTCUSD,2026-05-18T09:42:00+00:00,reject,NO_BREAKOUT,,,
2026-05-18T09:43:13.686630+00:00,btc_gold_dynamic_1_5,asset_hybrid,GOLD,2026-05-18T09:42:00+00:00,skip,insufficient_derived_candles,,,
2026-05-18T09:44:08.395633+00:00,btc_gold_dynamic_1_5,asset_hybrid,BTCUSD,2026-05-18T09:43:00+00:00,reject,NO_BREAKOUT,,,
2026-05-18T09:44:11.239961+00:00,btc_gold_dynamic_1_5,asset_hybrid,GOLD,2026-05-18T09:43:00+00:00,skip,insufficient_derived_candles,,,
2026-05-18T09:45:06.284548+00:00,btc_gold_dynamic_1_5,asset_hybrid,BTCUSD,2026-05-18T09:44:00+00:00,reject,NO_BREAKOUT,,,
2026-05-18T09:45:09.171691+00:00,btc_gold_dynamic_1_5,asset_hybrid,GOLD,2026-05-18T09:44:00+00:00,skip,insufficient_derived_candles,,,
2026-05-18T09:46:07.181136+00:00,btc_gold_dynamic_1_5,asset_hybrid,GOLD,2026-05-18T09:45:00+00:00,skip,insufficient_derived_candles,,,
2026-05-18T09:46:33.296056+00:00,btc_gold_dynamic_1_5,asset_hybrid,BTCUSD,2026-05-18T09:45:00+00:00,reject,NO_BREAKOUT,,,
2026-05-18T09:47:05.322932+00:00,btc_gold_dynamic_1_5,asset_hybrid,GOLD,2026-05-18T09:46:00+00:00,skip,insufficient_derived_candles,,,
2026-05-18T09:47:31.442386+00:00,btc_gold_dynamic_1_5,asset_hybrid,BTCUSD,2026-05-18T09:46:00+00:00,reject,NO_BREAKOUT,,,
2026-05-18T09:48:02.944856+00:00,btc_gold_dynamic_1_5,asset_hybrid,GOLD,2026-05-18T09:47:00+00:00,skip,insufficient_derived_candles,,,
2026-05-18T09:48:28.940094+00:00,btc_gold_dynamic_1_5,asset_hybrid,BTCUSD,2026-05-18T09:47:00+00:00,reject,NO_BREAKOUT,,,
2026-05-18T09:49:26.539356+00:00,btc_gold_dynamic_1_5,asset_hybrid,BTCUSD,2026-05-18T09:48:00+00:00,reject,NO_BREAKOUT,,,
2026-05-18T09:49:29.842808+00:00,btc_gold_dynamic_1_5,asset_hybrid,GOLD,2026-05-18T09:48:00+00:00,skip,insufficient_derived_candles,,,
2026-05-18T09:50:25.190183+00:00,btc_gold_dynamic_1_5,asset_hybrid,BTCUSD,2026-05-18T09:49:00+00:00,reject,NO_BREAKOUT,,,
2026-05-18T09:50:28.272922+00:00,btc_gold_dynamic_1_5,asset_hybrid,GOLD,2026-05-18T09:49:00+00:00,skip,insufficient_derived_candles,,,
2026-05-18T09:51:24.955510+00:00,btc_gold_dynamic_1_5,asset_hybrid,BTCUSD,2026-05-18T09:50:00+00:00,reject,NO_BREAKOUT,,,
2026-05-18T09:51:28.151525+00:00,btc_gold_dynamic_1_5,asset_hybrid,GOLD,2026-05-18T09:50:00+00:00,skip,insufficient_derived_candles,,,
2026-05-18T09:52:24.617311+00:00,btc_gold_dynamic_1_5,asset_hybrid,BTCUSD,2026-05-18T09:51:00+00:00,reject,NO_BREAKOUT,,,
2026-05-18T09:52:27.891448+00:00,btc_gold_dynamic_1_5,asset_hybrid,GOLD,2026-05-18T09:51:00+00:00,skip,insufficient_derived_candles,,,
2026-05-18T09:53:25.297251+00:00,btc_gold_dynamic_1_5,asset_hybrid,BTCUSD,2026-05-18T09:52:00+00:00,reject,NO_BREAKOUT,,,
2026-05-18T09:53:30.003401+00:00,btc_gold_dynamic_1_5,asset_hybrid,GOLD,2026-05-18T09:52:00+00:00,skip,insufficient_derived_candles,,,
2026-05-18T09:54:25.798462+00:00,btc_gold_dynamic_1_5,asset_hybrid,BTCUSD,2026-05-18T09:53:00+00:00,reject,NO_BREAKOUT,,,
2026-05-18T09:54:28.874426+00:00,btc_gold_dynamic_1_5,asset_hybrid,GOLD,2026-05-18T09:53:00+00:00,skip,insufficient_derived_candles,,,
2026-05-18T09:55:24.612533+00:00,btc_gold_dynamic_1_5,asset_hybrid,BTCUSD,2026-05-18T09:54:00+00:00,reject,NO_BREAKOUT,,,
2026-05-18T09:55:27.790200+00:00,btc_gold_dynamic_1_5,asset_hybrid,GOLD,2026-05-18T09:54:00+00:00,skip,insufficient_derived_candles,,,
2026-05-18T09:56:23.542803+00:00,btc_gold_dynamic_1_5,asset_hybrid,BTCUSD,2026-05-18T09:55:00+00:00,reject,NO_BREAKOUT,,,
2026-05-18T09:56:26.567319+00:00,btc_gold_dynamic_1_5,asset_hybrid,GOLD,2026-05-18T09:55:00+00:00,skip,insufficient_derived_candles,,,
2026-05-18T09:57:21.841370+00:00,btc_gold_dynamic_1_5,asset_hybrid,BTCUSD,2026-05-18T09:56:00+00:00,reject,NO_BREAKOUT,,,
2026-05-18T09:57:24.993872+00:00,btc_gold_dynamic_1_5,asset_hybrid,GOLD,2026-05-18T09:56:00+00:00,skip,insufficient_derived_candles,,,
2026-05-18T09:58:20.713276+00:00,btc_gold_dynamic_1_5,asset_hybrid,BTCUSD,2026-05-18T09:57:00+00:00,reject,NO_BREAKOUT,,,
2026-05-18T09:58:24.284529+00:00,btc_gold_dynamic_1_5,asset_hybrid,GOLD,2026-05-18T09:57:00+00:00,skip,insufficient_derived_candles,,,
2026-05-18T10:00:30.925550+00:00,btc_gold_dynamic_1_5,asset_hybrid,BTCUSD,2026-05-18T09:59:00+00:00,reject,NO_BREAKOUT,,,
2026-05-18T10:00:34.464575+00:00,btc_gold_dynamic_1_5,asset_hybrid,GOLD,2026-05-18T09:59:00+00:00,skip,insufficient_derived_candles,,,
2026-05-18T10:01:04.360747+00:00,btc_gold_dynamic_1_5,asset_hybrid,GOLD,2026-05-18T10:00:00+00:00,skip,insufficient_derived_candles,,,
2026-05-18T10:01:30.275965+00:00,btc_gold_dynamic_1_5,asset_hybrid,BTCUSD,2026-05-18T10:00:00+00:00,reject,NO_BREAKOUT,,,
2026-05-18T10:02:27.686869+00:00,btc_gold_dynamic_1_5,asset_hybrid,BTCUSD,2026-05-18T10:01:00+00:00,reject,NO_BREAKOUT,,,
2026-05-18T10:02:30.812185+00:00,btc_gold_dynamic_1_5,asset_hybrid,GOLD,2026-05-18T10:01:00+00:00,skip,insufficient_derived_candles,,,
2026-05-18T10:03:25.630741+00:00,btc_gold_dynamic_1_5,asset_hybrid,BTCUSD,2026-05-18T10:02:00+00:00,reject,NO_BREAKOUT,,,
2026-05-18T10:03:28.535255+00:00,btc_gold_dynamic_1_5,asset_hybrid,GOLD,2026-05-18T10:02:00+00:00,skip,insufficient_derived_candles,,,
2026-05-18T10:04:23.573204+00:00,btc_gold_dynamic_1_5,asset_hybrid,BTCUSD,2026-05-18T10:03:00+00:00,reject,NO_BREAKOUT,,,
2026-05-18T10:04:26.554463+00:00,btc_gold_dynamic_1_5,asset_hybrid,GOLD,2026-05-18T10:03:00+00:00,skip,insufficient_derived_candles,,,
2026-05-18T10:05:26.216189+00:00,btc_gold_dynamic_1_5,asset_hybrid,BTCUSD,2026-05-18T10:04:00+00:00,submitted,SHORT_RANGE_BREAKOUT,000940dd-0055-311e-0000-000083435dc0,o_5100b65e-21d4-43ea-a192-99ca5a44d2f5,000940dd-0055-311e-0000-000083435dc0
2026-05-18T10:05:29.290734+00:00,btc_gold_dynamic_1_5,asset_hybrid,GOLD,2026-05-18T10:04:00+00:00,skip,insufficient_derived_candles,,,
2026-05-18T10:06:29.788643+00:00,btc_gold_dynamic_1_5,asset_hybrid,BTCUSD,2026-05-18T10:05:00+00:00,submitted,SHORT_RANGE_BREAKOUT,000940dd-0055-311e-0000-000083435ddb,o_f1f899e6-f13d-4140-8dd1-8672de374ae5,000940dd-0055-311e-0000-000083435ddb
2026-05-18T10:06:32.860069+00:00,btc_gold_dynamic_1_5,asset_hybrid,GOLD,2026-05-18T10:05:00+00:00,skip,insufficient_derived_candles,,,
2026-05-18T10:07:28.714232+00:00,btc_gold_dynamic_1_5,asset_hybrid,BTCUSD,2026-05-18T10:06:00+00:00,risk_reject,symbol_position_already_open,,,
2026-05-18T10:07:31.586333+00:00,btc_gold_dynamic_1_5,asset_hybrid,GOLD,2026-05-18T10:06:00+00:00,skip,insufficient_derived_candles,,,
2026-05-18T10:08:26.864938+00:00,btc_gold_dynamic_1_5,asset_hybrid,BTCUSD,2026-05-18T10:07:00+00:00,risk_reject,symbol_position_already_open,,,
2026-05-18T10:08:29.736303+00:00,btc_gold_dynamic_1_5,asset_hybrid,GOLD,2026-05-18T10:07:00+00:00,skip,insufficient_derived_candles,,,
2026-05-18T10:09:25.111567+00:00,btc_gold_dynamic_1_5,asset_hybrid,BTCUSD,2026-05-18T10:08:00+00:00,risk_reject,symbol_position_already_open,,,
2026-05-18T10:09:28.146542+00:00,btc_gold_dynamic_1_5,asset_hybrid,GOLD,2026-05-18T10:08:00+00:00,skip,insufficient_derived_candles,,,
2026-05-18T10:10:23.927113+00:00,btc_gold_dynamic_1_5,asset_hybrid,BTCUSD,2026-05-18T10:09:00+00:00,risk_reject,symbol_position_already_open,,,
2026-05-18T10:10:26.839961+00:00,btc_gold_dynamic_1_5,asset_hybrid,GOLD,2026-05-18T10:09:00+00:00,skip,insufficient_derived_candles,,,
2026-05-18T10:11:22.471633+00:00,btc_gold_dynamic_1_5,asset_hybrid,BTCUSD,2026-05-18T10:10:00+00:00,risk_reject,symbol_position_already_open,,,
2026-05-18T10:11:25.458858+00:00,btc_gold_dynamic_1_5,asset_hybrid,GOLD,2026-05-18T10:10:00+00:00,skip,insufficient_derived_candles,,,
2026-05-18T10:12:20.979159+00:00,btc_gold_dynamic_1_5,asset_hybrid,BTCUSD,2026-05-18T10:11:00+00:00,risk_reject,symbol_position_already_open,,,
2026-05-18T10:12:23.908767+00:00,btc_gold_dynamic_1_5,asset_hybrid,GOLD,2026-05-18T10:11:00+00:00,skip,insufficient_derived_candles,,,
2026-05-18T10:13:19.406670+00:00,btc_gold_dynamic_1_5,asset_hybrid,BTCUSD,2026-05-18T10:12:00+00:00,risk_reject,symbol_position_already_open,,,
2026-05-18T10:13:22.464649+00:00,btc_gold_dynamic_1_5,asset_hybrid,GOLD,2026-05-18T10:12:00+00:00,skip,insufficient_derived_candles,,,
2026-05-18T10:14:17.729086+00:00,btc_gold_dynamic_1_5,asset_hybrid,BTCUSD,2026-05-18T10:13:00+00:00,risk_reject,symbol_position_already_open,,,
2026-05-18T10:14:20.641314+00:00,btc_gold_dynamic_1_5,asset_hybrid,GOLD,2026-05-18T10:13:00+00:00,skip,insufficient_derived_candles,,,
2026-05-18T10:15:16.483942+00:00,btc_gold_dynamic_1_5,asset_hybrid,BTCUSD,2026-05-18T10:14:00+00:00,risk_reject,symbol_position_already_open,,,
2026-05-18T10:15:19.603149+00:00,btc_gold_dynamic_1_5,asset_hybrid,GOLD,2026-05-18T10:14:00+00:00,skip,insufficient_derived_candles,,,
2026-05-18T10:16:14.890185+00:00,btc_gold_dynamic_1_5,asset_hybrid,BTCUSD,2026-05-18T10:15:00+00:00,risk_reject,symbol_position_already_open,,,
2026-05-18T10:16:17.823392+00:00,btc_gold_dynamic_1_5,asset_hybrid,GOLD,2026-05-18T10:15:00+00:00,skip,insufficient_derived_candles,,,
2026-05-18T10:17:13.033733+00:00,btc_gold_dynamic_1_5,asset_hybrid,BTCUSD,2026-05-18T10:16:00+00:00,risk_reject,symbol_position_already_open,,,
2026-05-18T10:17:16.022409+00:00,btc_gold_dynamic_1_5,asset_hybrid,GOLD,2026-05-18T10:16:00+00:00,skip,insufficient_derived_candles,,,
2026-05-18T10:18:11.473690+00:00,btc_gold_dynamic_1_5,asset_hybrid,BTCUSD,2026-05-18T10:17:00+00:00,risk_reject,symbol_position_already_open,,,
2026-05-18T10:18:14.564770+00:00,btc_gold_dynamic_1_5,asset_hybrid,GOLD,2026-05-18T10:17:00+00:00,skip,insufficient_derived_candles,,,
2026-05-18T10:19:09.865123+00:00,btc_gold_dynamic_1_5,asset_hybrid,BTCUSD,2026-05-18T10:18:00+00:00,risk_reject,symbol_position_already_open,,,
2026-05-18T10:19:12.747139+00:00,btc_gold_dynamic_1_5,asset_hybrid,GOLD,2026-05-18T10:18:00+00:00,skip,insufficient_derived_candles,,,
2026-05-18T10:20:07.779641+00:00,btc_gold_dynamic_1_5,asset_hybrid,BTCUSD,2026-05-18T10:19:00+00:00,risk_reject,symbol_position_already_open,,,
2026-05-18T10:20:10.985098+00:00,btc_gold_dynamic_1_5,asset_hybrid,GOLD,2026-05-18T10:19:00+00:00,skip,insufficient_derived_candles,,,
2026-05-18T10:21:07.313129+00:00,btc_gold_dynamic_1_5,asset_hybrid,BTCUSD,2026-05-18T10:20:00+00:00,risk_reject,symbol_position_already_open,,,
2026-05-18T10:21:10.393784+00:00,btc_gold_dynamic_1_5,asset_hybrid,GOLD,2026-05-18T10:20:00+00:00,skip,insufficient_derived_candles,,,
2026-05-18T10:22:05.539848+00:00,btc_gold_dynamic_1_5,asset_hybrid,BTCUSD,2026-05-18T10:21:00+00:00,risk_reject,symbol_position_already_open,,,
2026-05-18T10:22:08.410760+00:00,btc_gold_dynamic_1_5,asset_hybrid,GOLD,2026-05-18T10:21:00+00:00,skip,insufficient_derived_candles,,,
2026-05-18T10:23:06.401496+00:00,btc_gold_dynamic_1_5,asset_hybrid,GOLD,2026-05-18T10:22:00+00:00,skip,insufficient_derived_candles,,,
2026-05-18T10:23:32.904420+00:00,btc_gold_dynamic_1_5,asset_hybrid,BTCUSD,2026-05-18T10:22:00+00:00,risk_reject,symbol_position_already_open,,,
2026-05-18T10:24:05.715758+00:00,btc_gold_dynamic_1_5,asset_hybrid,GOLD,2026-05-18T10:23:00+00:00,skip,insufficient_derived_candles,,,
2026-05-18T10:24:35.877766+00:00,btc_gold_dynamic_1_5,asset_hybrid,BTCUSD,2026-05-18T10:23:00+00:00,submitted,SHORT_RANGE_BREAKOUT,000940dd-0055-311e-0000-000083435e4b,o_45cbbbc2-3c85-4f33-a968-43debe84a94a,000940dd-0055-311e-0000-000083435e4b
2026-05-18T10:25:04.583232+00:00,btc_gold_dynamic_1_5,asset_hybrid,BTCUSD,2026-05-18T10:24:00+00:00,reject,NO_BREAKOUT,,,
2026-05-18T10:25:07.652365+00:00,btc_gold_dynamic_1_5,asset_hybrid,GOLD,2026-05-18T10:24:00+00:00,skip,insufficient_derived_candles,,,
2026-05-18T10:26:07.050791+00:00,btc_gold_dynamic_1_5,asset_hybrid,GOLD,2026-05-18T10:25:00+00:00,skip,insufficient_derived_candles,,,
2026-05-18T10:26:32.876449+00:00,btc_gold_dynamic_1_5,asset_hybrid,BTCUSD,2026-05-18T10:25:00+00:00,reject,NO_BREAKOUT,,,
2026-05-18T10:27:04.617522+00:00,btc_gold_dynamic_1_5,asset_hybrid,GOLD,2026-05-18T10:26:00+00:00,skip,insufficient_derived_candles,,,
2026-05-18T10:27:30.869964+00:00,btc_gold_dynamic_1_5,asset_hybrid,BTCUSD,2026-05-18T10:26:00+00:00,reject,NO_BREAKOUT,,,
2026-05-18T10:28:28.658130+00:00,btc_gold_dynamic_1_5,asset_hybrid,BTCUSD,2026-05-18T10:27:00+00:00,reject,NO_BREAKOUT,,,
2026-05-18T10:28:31.689230+00:00,btc_gold_dynamic_1_5,asset_hybrid,GOLD,2026-05-18T10:27:00+00:00,skip,insufficient_derived_candles,,,
2026-05-18T10:29:26.482541+00:00,btc_gold_dynamic_1_5,asset_hybrid,BTCUSD,2026-05-18T10:28:00+00:00,reject,NO_BREAKOUT,,,
2026-05-18T10:29:29.388569+00:00,btc_gold_dynamic_1_5,asset_hybrid,GOLD,2026-05-18T10:28:00+00:00,skip,insufficient_derived_candles,,,
2026-05-18T10:30:24.737198+00:00,btc_gold_dynamic_1_5,asset_hybrid,BTCUSD,2026-05-18T10:29:00+00:00,reject,NO_BREAKOUT,,,
2026-05-18T10:30:27.765271+00:00,btc_gold_dynamic_1_5,asset_hybrid,GOLD,2026-05-18T10:29:00+00:00,skip,insufficient_derived_candles,,,
2026-05-18T10:31:23.140092+00:00,btc_gold_dynamic_1_5,asset_hybrid,BTCUSD,2026-05-18T10:30:00+00:00,reject,NO_BREAKOUT,,,
2026-05-18T10:31:26.204855+00:00,btc_gold_dynamic_1_5,asset_hybrid,GOLD,2026-05-18T10:30:00+00:00,skip,insufficient_derived_candles,,,
2026-05-18T10:32:22.128213+00:00,btc_gold_dynamic_1_5,asset_hybrid,BTCUSD,2026-05-18T10:31:00+00:00,reject,NO_BREAKOUT,,,
2026-05-18T10:32:25.181336+00:00,btc_gold_dynamic_1_5,asset_hybrid,GOLD,2026-05-18T10:31:00+00:00,skip,insufficient_derived_candles,,,
2026-05-18T10:33:19.982772+00:00,btc_gold_dynamic_1_5,asset_hybrid,BTCUSD,2026-05-18T10:32:00+00:00,reject,NO_BREAKOUT,,,
2026-05-18T10:33:23.016356+00:00,btc_gold_dynamic_1_5,asset_hybrid,GOLD,2026-05-18T10:32:00+00:00,skip,insufficient_derived_candles,,,
2026-05-18T10:34:17.663226+00:00,btc_gold_dynamic_1_5,asset_hybrid,BTCUSD,2026-05-18T10:33:00+00:00,reject,NO_BREAKOUT,,,
2026-05-18T10:34:20.688173+00:00,btc_gold_dynamic_1_5,asset_hybrid,GOLD,2026-05-18T10:33:00+00:00,skip,insufficient_derived_candles,,,
2026-05-18T10:35:16.306016+00:00,btc_gold_dynamic_1_5,asset_hybrid,BTCUSD,2026-05-18T10:34:00+00:00,reject,NO_BREAKOUT,,,
2026-05-18T10:35:19.322084+00:00,btc_gold_dynamic_1_5,asset_hybrid,GOLD,2026-05-18T10:34:00+00:00,skip,insufficient_derived_candles,,,
2026-05-18T10:36:14.576882+00:00,btc_gold_dynamic_1_5,asset_hybrid,BTCUSD,2026-05-18T10:35:00+00:00,reject,NO_BREAKOUT,,,
2026-05-18T10:36:17.678247+00:00,btc_gold_dynamic_1_5,asset_hybrid,GOLD,2026-05-18T10:35:00+00:00,skip,insufficient_derived_candles,,,
2026-05-18T10:37:13.977419+00:00,btc_gold_dynamic_1_5,asset_hybrid,BTCUSD,2026-05-18T10:36:00+00:00,reject,NO_BREAKOUT,,,
2026-05-18T10:37:16.902166+00:00,btc_gold_dynamic_1_5,asset_hybrid,GOLD,2026-05-18T10:36:00+00:00,skip,insufficient_derived_candles,,,
2026-05-18T10:38:11.757118+00:00,btc_gold_dynamic_1_5,asset_hybrid,BTCUSD,2026-05-18T10:37:00+00:00,reject,NO_BREAKOUT,,,
2026-05-18T10:38:18.707197+00:00,btc_gold_dynamic_1_5,asset_hybrid,GOLD,2026-05-18T10:37:00+00:00,skip,insufficient_derived_candles,,,
2026-05-18T10:39:13.378905+00:00,btc_gold_dynamic_1_5,asset_hybrid,BTCUSD,2026-05-18T10:38:00+00:00,reject,NO_BREAKOUT,,,
2026-05-18T10:39:16.426869+00:00,btc_gold_dynamic_1_5,asset_hybrid,GOLD,2026-05-18T10:38:00+00:00,skip,insufficient_derived_candles,,,
2026-05-18T10:40:11.231916+00:00,btc_gold_dynamic_1_5,asset_hybrid,BTCUSD,2026-05-18T10:39:00+00:00,reject,NO_BREAKOUT,,,
2026-05-18T10:40:14.171831+00:00,btc_gold_dynamic_1_5,asset_hybrid,GOLD,2026-05-18T10:39:00+00:00,skip,insufficient_derived_candles,,,
2026-05-18T10:41:09.794378+00:00,btc_gold_dynamic_1_5,asset_hybrid,BTCUSD,2026-05-18T10:40:00+00:00,reject,NO_BREAKOUT,,,
2026-05-18T10:41:12.841749+00:00,btc_gold_dynamic_1_5,asset_hybrid,GOLD,2026-05-18T10:40:00+00:00,skip,insufficient_derived_candles,,,
2026-05-18T10:42:07.593570+00:00,btc_gold_dynamic_1_5,asset_hybrid,BTCUSD,2026-05-18T10:41:00+00:00,reject,NO_BREAKOUT,,,
2026-05-18T10:42:10.504516+00:00,btc_gold_dynamic_1_5,asset_hybrid,GOLD,2026-05-18T10:41:00+00:00,skip,insufficient_derived_candles,,,
2026-05-18T10:43:05.205020+00:00,btc_gold_dynamic_1_5,asset_hybrid,BTCUSD,2026-05-18T10:42:00+00:00,reject,NO_BREAKOUT,,,
2026-05-18T10:43:08.117055+00:00,btc_gold_dynamic_1_5,asset_hybrid,GOLD,2026-05-18T10:42:00+00:00,skip,insufficient_derived_candles,,,
2026-05-18T10:44:06.407736+00:00,btc_gold_dynamic_1_5,asset_hybrid,GOLD,2026-05-18T10:43:00+00:00,skip,insufficient_derived_candles,,,
2026-05-18T10:44:32.256621+00:00,btc_gold_dynamic_1_5,asset_hybrid,BTCUSD,2026-05-18T10:43:00+00:00,reject,NO_BREAKOUT,,,
2026-05-18T10:45:04.319087+00:00,btc_gold_dynamic_1_5,asset_hybrid,GOLD,2026-05-18T10:44:00+00:00,skip,insufficient_derived_candles,,,
2026-05-18T10:45:30.374488+00:00,btc_gold_dynamic_1_5,asset_hybrid,BTCUSD,2026-05-18T10:44:00+00:00,reject,NO_BREAKOUT,,,
2026-05-18T10:46:28.262932+00:00,btc_gold_dynamic_1_5,asset_hybrid,BTCUSD,2026-05-18T10:45:00+00:00,reject,NO_BREAKOUT,,,
2026-05-18T10:46:31.303252+00:00,btc_gold_dynamic_1_5,asset_hybrid,GOLD,2026-05-18T10:45:00+00:00,skip,insufficient_derived_candles,,,
2026-05-18T10:47:26.159033+00:00,btc_gold_dynamic_1_5,asset_hybrid,BTCUSD,2026-05-18T10:46:00+00:00,reject,NO_BREAKOUT,,,
2026-05-18T10:47:29.305528+00:00,btc_gold_dynamic_1_5,asset_hybrid,GOLD,2026-05-18T10:46:00+00:00,skip,insufficient_derived_candles,,,
2026-05-18T10:48:24.041775+00:00,btc_gold_dynamic_1_5,asset_hybrid,BTCUSD,2026-05-18T10:47:00+00:00,reject,NO_BREAKOUT,,,
2026-05-18T10:48:27.039490+00:00,btc_gold_dynamic_1_5,asset_hybrid,GOLD,2026-05-18T10:47:00+00:00,skip,insufficient_derived_candles,,,
