run,symbol,action,entry_time,exit_time,pnl,exit_reason,cum,drawdown
fresh_btc_gold_hybrid,GOLD,BUY,2025-11-17T18:55:00+00:00,2025-11-17T19:10:00+00:00,-50.0,stop_loss,-50.0,-50.0
fresh_btc_gold_hybrid,GOLD,BUY,2025-11-17T19:10:00+00:00,2025-11-17T19:25:00+00:00,-49.75,stop_loss,-99.75,-99.75
fresh_btc_gold_hybrid,GOLD,BUY,2025-11-17T19:25:00+00:00,2025-11-17T19:30:00+00:00,-49.50125,stop_loss,-149.25125,-149.25125
fresh_btc_gold_hybrid,GOLD,SELL,2025-11-18T13:35:00+00:00,2025-11-18T14:15:00+00:00,-49.253744,stop_loss,-198.504994,-198.504994
fresh_btc_gold_hybrid,GOLD,SELL,2025-11-18T14:15:00+00:00,2025-11-18T14:30:00+00:00,39.20598,take_profit,-159.299014,-159.299014
fresh_btc_gold_hybrid,GOLD,SELL,2025-11-18T14:30:00+00:00,2025-11-18T14:50:00+00:00,39.362804,take_profit,-119.93621,-119.93621
fresh_btc_gold_hybrid,GOLD,BUY,2025-11-19T16:25:00+00:00,2025-11-19T17:00:00+00:00,-49.400319,stop_loss,-169.336529,-169.336529
fresh_btc_gold_hybrid,GOLD,BUY,2025-11-19T17:00:00+00:00,2025-11-19T17:25:00+00:00,39.322654,take_profit,-130.013875,-130.013875
fresh_btc_gold_hybrid,GOLD,SELL,2025-11-20T13:00:00+00:00,2025-11-20T13:30:00+00:00,39.479945,take_profit,-90.53393,-90.53393
fresh_btc_gold_hybrid,GOLD,BUY,2025-11-20T16:55:00+00:00,2025-11-20T17:20:00+00:00,39.637864,take_profit,-50.896066,-50.896066
fresh_btc_gold_hybrid,GOLD,SELL,2025-11-20T19:25:00+00:00,2025-11-20T20:10:00+00:00,39.796416,take_profit,-11.09965,-11.09965
fresh_btc_gold_hybrid,BTCUSD,SELL,2025-11-21T07:15:00+00:00,2025-11-21T07:30:00+00:00,100.0,take_profit,88.90035,0.0
fresh_btc_gold_hybrid,BTCUSD,SELL,2025-11-21T07:30:00+00:00,2025-11-21T07:35:00+00:00,-50.5,stop_loss,38.40035,-50.5
fresh_btc_gold_hybrid,BTCUSD,SELL,2025-11-21T09:40:00+00:00,2025-11-21T10:00:00+00:00,100.495,take_profit,138.89535,0.0
fresh_btc_gold_hybrid,GOLD,SELL,2025-11-21T14:00:00+00:00,2025-11-21T14:15:00+00:00,39.955601,take_profit,178.850951,0.0
fresh_btc_gold_hybrid,GOLD,SELL,2025-11-21T16:45:00+00:00,2025-11-21T16:50:00+00:00,-50.14428,stop_loss,128.706671,-50.14428
fresh_btc_gold_hybrid,GOLD,SELL,2025-11-21T16:50:00+00:00,2025-11-21T17:10:00+00:00,39.914847,take_profit,168.621518,-10.229433
fresh_btc_gold_hybrid,BTCUSD,SELL,2025-11-22T10:20:00+00:00,2025-11-22T11:05:00+00:00,-50.749975,stop_loss,117.871543,-60.979408
fresh_btc_gold_hybrid,BTCUSD,BUY,2025-11-23T08:55:00+00:00,2025-11-23T09:40:00+00:00,100.99245,take_profit,218.863993,0.0
fresh_btc_gold_hybrid,BTCUSD,BUY,2025-11-23T09:40:00+00:00,2025-11-23T10:00:00+00:00,-51.001187,stop_loss,167.862806,-51.001187
fresh_btc_gold_hybrid,BTCUSD,SELL,2025-11-24T09:05:00+00:00,2025-11-24T09:20:00+00:00,101.492363,take_profit,269.355169,0.0
fresh_btc_gold_hybrid,BTCUSD,SELL,2025-11-24T09:20:00+00:00,2025-11-24T11:35:00+00:00,-51.253643,stop_loss,218.101525,-51.253643
fresh_btc_gold_hybrid,GOLD,SELL,2025-11-24T13:15:00+00:00,2025-11-24T13:40:00+00:00,40.074506,take_profit,258.176032,-11.179137
fresh_btc_gold_hybrid,GOLD,SELL,2025-11-24T15:10:00+00:00,2025-11-24T18:35:00+00:00,-50.293505,stop_loss,207.882526,-61.472642
fresh_btc_gold_hybrid,GOLD,SELL,2025-11-24T18:35:00+00:00,2025-11-24T18:50:00+00:00,-50.042038,stop_loss,157.840489,-111.51468
fresh_btc_gold_hybrid,BTCUSD,SELL,2025-11-25T07:25:00+00:00,2025-11-25T07:50:00+00:00,101.99475,take_profit,259.835239,-9.51993
fresh_btc_gold_hybrid,BTCUSD,SELL,2025-11-25T07:50:00+00:00,2025-11-25T08:20:00+00:00,-51.507349,stop_loss,208.32789,-61.027279
fresh_btc_gold_hybrid,BTCUSD,SELL,2025-11-25T08:45:00+00:00,2025-11-25T09:00:00+00:00,102.499624,take_profit,310.827514,0.0
fresh_btc_gold_hybrid,GOLD,BUY,2025-11-25T14:45:00+00:00,2025-11-25T14:55:00+00:00,39.833462,take_profit,350.660976,0.0
fresh_btc_gold_hybrid,GOLD,SELL,2025-11-25T17:05:00+00:00,2025-11-25T17:30:00+00:00,-49.990995,stop_loss,300.669981,-49.990995
fresh_btc_gold_hybrid,GOLD,SELL,2025-11-25T17:30:00+00:00,2025-11-25T17:35:00+00:00,39.792832,take_profit,340.462813,-10.198163
fresh_btc_gold_hybrid,BTCUSD,BUY,2025-11-26T07:55:00+00:00,2025-11-26T08:00:00+00:00,-51.76231,stop_loss,288.700503,-61.960473
fresh_btc_gold_hybrid,BTCUSD,SELL,2025-11-26T09:05:00+00:00,2025-11-26T09:10:00+00:00,-51.503499,stop_loss,237.197004,-113.463972
fresh_btc_gold_hybrid,BTCUSD,SELL,2025-11-26T09:15:00+00:00,2025-11-26T09:20:00+00:00,102.491962,take_profit,339.688967,-10.972009
fresh_btc_gold_hybrid,GOLD,BUY,2025-11-26T14:25:00+00:00,2025-11-26T14:30:00+00:00,39.952003,take_profit,379.64097,0.0
fresh_btc_gold_hybrid,GOLD,SELL,2025-11-26T16:40:00+00:00,2025-11-26T18:30:00+00:00,40.111811,take_profit,419.752781,0.0
fresh_btc_gold_hybrid,BTCUSD,BUY,2025-11-27T08:50:00+00:00,2025-11-27T09:15:00+00:00,103.516882,take_profit,523.269663,0.0
fresh_btc_gold_hybrid,BTCUSD,BUY,2025-11-27T09:15:00+00:00,2025-11-27T09:20:00+00:00,-52.276025,stop_loss,470.993637,-52.276025
fresh_btc_gold_hybrid,BTCUSD,BUY,2025-11-27T09:30:00+00:00,2025-11-27T09:45:00+00:00,-52.014645,stop_loss,418.978992,-104.290671
fresh_btc_gold_hybrid,BTCUSD,SELL,2025-11-28T07:35:00+00:00,2025-11-28T07:45:00+00:00,103.509144,take_profit,522.488136,-0.781527
fresh_btc_gold_hybrid,BTCUSD,SELL,2025-11-28T07:45:00+00:00,2025-11-28T08:05:00+00:00,-52.272118,stop_loss,470.216019,-53.053644
fresh_btc_gold_hybrid,BTCUSD,BUY,2025-11-28T10:50:00+00:00,2025-11-28T11:00:00+00:00,-52.010757,stop_loss,418.205261,-105.064401
fresh_btc_gold_hybrid,GOLD,SELL,2025-11-28T14:15:00+00:00,2025-11-28T14:35:00+00:00,-50.340323,stop_loss,367.864938,-155.404724
fresh_btc_gold_hybrid,GOLD,SELL,2025-11-28T14:35:00+00:00,2025-11-28T14:40:00+00:00,40.070897,take_profit,407.935836,-115.333827
fresh_btc_gold_hybrid,GOLD,SELL,2025-11-28T14:40:00+00:00,2025-11-28T15:00:00+00:00,40.231181,take_profit,448.167016,-75.102647
fresh_btc_gold_hybrid,BTCUSD,SELL,2025-11-29T08:00:00+00:00,2025-11-29T08:05:00+00:00,-51.750703,stop_loss,396.416313,-126.85335
fresh_btc_gold_hybrid,BTCUSD,SELL,2025-11-29T10:15:00+00:00,2025-11-29T10:20:00+00:00,-51.49195,stop_loss,344.924363,-178.3453
fresh_btc_gold_hybrid,BTCUSD,BUY,2025-11-30T07:10:00+00:00,2025-11-30T08:20:00+00:00,102.46898,take_profit,447.393343,-75.87632
fresh_btc_gold_hybrid,BTCUSD,BUY,2025-11-30T08:20:00+00:00,2025-11-30T08:25:00+00:00,-51.746835,stop_loss,395.646508,-127.623155
fresh_btc_gold_hybrid,BTCUSD,BUY,2025-11-30T09:10:00+00:00,2025-11-30T09:25:00+00:00,-51.488101,stop_loss,344.158407,-179.111255
fresh_btc_gold_hybrid,BTCUSD,SELL,2025-12-01T11:05:00+00:00,2025-12-01T11:40:00+00:00,102.461321,take_profit,446.619728,-76.649935
fresh_btc_gold_hybrid,BTCUSD,SELL,2025-12-01T11:40:00+00:00,2025-12-01T12:00:00+00:00,103.485934,take_profit,550.105662,0.0
fresh_btc_gold_hybrid,GOLD,BUY,2025-12-01T14:40:00+00:00,2025-12-01T14:45:00+00:00,40.392105,take_profit,590.497767,0.0
fresh_btc_gold_hybrid,BTCUSD,BUY,2025-12-02T10:40:00+00:00,2025-12-02T10:45:00+00:00,104.520793,take_profit,695.01856,0.0
fresh_btc_gold_hybrid,BTCUSD,BUY,2025-12-02T10:45:00+00:00,2025-12-02T10:50:00+00:00,105.566001,take_profit,800.584561,0.0
fresh_btc_gold_hybrid,GOLD,SELL,2025-12-02T14:15:00+00:00,2025-12-02T14:40:00+00:00,40.553674,take_profit,841.138235,0.0
fresh_btc_gold_hybrid,GOLD,BUY,2025-12-02T15:25:00+00:00,2025-12-02T15:50:00+00:00,-50.894861,stop_loss,790.243375,-50.894861
fresh_btc_gold_hybrid,GOLD,BUY,2025-12-02T15:50:00+00:00,2025-12-02T16:30:00+00:00,40.512309,take_profit,830.755684,-10.382552
fresh_btc_gold_hybrid,BTCUSD,BUY,2025-12-03T09:55:00+00:00,2025-12-03T10:00:00+00:00,-53.310831,stop_loss,777.444853,-63.693382
fresh_btc_gold_hybrid,BTCUSD,BUY,2025-12-03T10:20:00+00:00,2025-12-03T10:25:00+00:00,-53.044276,stop_loss,724.400577,-116.737658
fresh_btc_gold_hybrid,GOLD,SELL,2025-12-03T13:15:00+00:00,2025-12-03T13:45:00+00:00,-50.842948,stop_loss,673.557629,-167.580606
fresh_btc_gold_hybrid,GOLD,SELL,2025-12-03T13:45:00+00:00,2025-12-03T13:50:00+00:00,-50.588733,stop_loss,622.968896,-218.16934
fresh_btc_gold_hybrid,GOLD,SELL,2025-12-03T13:50:00+00:00,2025-12-03T14:05:00+00:00,40.268632,take_profit,663.237527,-177.900708
fresh_btc_gold_hybrid,BTCUSD,BUY,2025-12-04T07:55:00+00:00,2025-12-04T08:05:00+00:00,-52.779055,stop_loss,610.458472,-230.679763
fresh_btc_gold_hybrid,BTCUSD,SELL,2025-12-04T11:25:00+00:00,2025-12-04T11:30:00+00:00,105.030319,take_profit,715.488792,-125.649443
fresh_btc_gold_hybrid,BTCUSD,SELL,2025-12-04T11:30:00+00:00,2025-12-04T11:35:00+00:00,-53.040311,stop_loss,662.44848,-178.689755
fresh_btc_gold_hybrid,GOLD,SELL,2025-12-04T16:15:00+00:00,2025-12-04T16:35:00+00:00,40.429706,take_profit,702.878186,-138.260049
fresh_btc_gold_hybrid,BTCUSD,BUY,2025-12-05T07:05:00+00:00,2025-12-05T07:10:00+00:00,-52.77511,stop_loss,650.103077,-191.035158
fresh_btc_gold_hybrid,BTCUSD,BUY,2025-12-05T07:25:00+00:00,2025-12-05T07:40:00+00:00,-52.511234,stop_loss,597.591843,-243.546393
fresh_btc_gold_hybrid,BTCUSD,SELL,2025-12-05T09:10:00+00:00,2025-12-05T09:15:00+00:00,104.497356,take_profit,702.089199,-139.049037
fresh_btc_gold_hybrid,GOLD,SELL,2025-12-05T13:35:00+00:00,2025-12-05T13:40:00+00:00,40.591425,take_profit,742.680624,-98.457612
fresh_btc_gold_hybrid,GOLD,SELL,2025-12-05T15:30:00+00:00,2025-12-05T15:50:00+00:00,40.753791,take_profit,783.434414,-57.703821
fresh_btc_gold_hybrid,GOLD,BUY,2025-12-05T16:10:00+00:00,2025-12-05T16:25:00+00:00,40.916806,take_profit,824.35122,-16.787015
fresh_btc_gold_hybrid,BTCUSD,SELL,2025-12-06T08:20:00+00:00,2025-12-06T08:30:00+00:00,105.54233,take_profit,929.89355,0.0
fresh_btc_gold_hybrid,BTCUSD,SELL,2025-12-06T08:30:00+00:00,2025-12-06T08:35:00+00:00,-53.298876,stop_loss,876.594673,-53.298876
fresh_btc_gold_hybrid,BTCUSD,BUY,2025-12-06T09:45:00+00:00,2025-12-06T10:00:00+00:00,-53.032382,stop_loss,823.562291,-106.331259
fresh_btc_gold_hybrid,BTCUSD,SELL,2025-12-07T07:15:00+00:00,2025-12-07T07:30:00+00:00,105.53444,take_profit,929.096731,-0.796818
fresh_btc_gold_hybrid,BTCUSD,SELL,2025-12-07T07:30:00+00:00,2025-12-07T07:50:00+00:00,-53.294892,stop_loss,875.801839,-54.091711
fresh_btc_gold_hybrid,BTCUSD,SELL,2025-12-07T09:20:00+00:00,2025-12-07T09:25:00+00:00,-53.028418,stop_loss,822.773421,-107.120129
fresh_btc_gold_hybrid,BTCUSD,BUY,2025-12-08T07:25:00+00:00,2025-12-08T07:45:00+00:00,-52.763276,stop_loss,770.010145,-159.883404
fresh_btc_gold_hybrid,BTCUSD,BUY,2025-12-08T09:00:00+00:00,2025-12-08T09:05:00+00:00,104.998919,take_profit,875.009064,-54.884485
fresh_btc_gold_hybrid,BTCUSD,BUY,2025-12-08T09:05:00+00:00,2025-12-08T09:15:00+00:00,-53.024454,stop_loss,821.98461,-107.908939
fresh_btc_gold_hybrid,GOLD,BUY,2025-12-08T15:05:00+00:00,2025-12-08T15:20:00+00:00,41.080473,take_profit,863.065083,-66.828466
fresh_btc_gold_hybrid,GOLD,BUY,2025-12-08T16:00:00+00:00,2025-12-08T16:15:00+00:00,41.244795,take_profit,904.309878,-25.583672
fresh_btc_gold_hybrid,GOLD,BUY,2025-12-08T19:00:00+00:00,2025-12-08T20:05:00+00:00,41.409774,take_profit,945.719652,0.0
fresh_btc_gold_hybrid,BTCUSD,BUY,2025-12-09T07:35:00+00:00,2025-12-09T09:00:00+00:00,-52.759332,stop_loss,892.96032,-52.759332
fresh_btc_gold_hybrid,BTCUSD,SELL,2025-12-09T09:25:00+00:00,2025-12-09T10:05:00+00:00,104.99107,take_profit,997.951391,0.0
fresh_btc_gold_hybrid,BTCUSD,SELL,2025-12-09T10:05:00+00:00,2025-12-09T10:10:00+00:00,-53.02049,stop_loss,944.9309,-53.02049
fresh_btc_gold_hybrid,GOLD,SELL,2025-12-09T16:10:00+00:00,2025-12-09T16:20:00+00:00,41.575413,take_profit,986.506313,-11.445077
fresh_btc_gold_hybrid,GOLD,SELL,2025-12-09T16:40:00+00:00,2025-12-09T16:55:00+00:00,41.741715,take_profit,1028.248028,0.0
fresh_btc_gold_hybrid,GOLD,SELL,2025-12-09T19:05:00+00:00,2025-12-09T19:20:00+00:00,41.908682,take_profit,1070.15671,0.0
fresh_btc_gold_hybrid,BTCUSD,BUY,2025-12-10T07:55:00+00:00,2025-12-10T08:00:00+00:00,-52.755388,stop_loss,1017.401322,-52.755388
fresh_btc_gold_hybrid,BTCUSD,SELL,2025-12-10T09:20:00+00:00,2025-12-10T09:30:00+00:00,-52.491611,stop_loss,964.909711,-105.246999
fresh_btc_gold_hybrid,BTCUSD,BUY,2025-12-10T09:55:00+00:00,2025-12-10T10:00:00+00:00,104.458306,take_profit,1069.368017,-0.788693
fresh_btc_gold_hybrid,GOLD,BUY,2025-12-10T18:35:00+00:00,2025-12-10T18:50:00+00:00,42.076316,take_profit,1111.444333,0.0
fresh_btc_gold_hybrid,GOLD,SELL,2025-12-10T19:05:00+00:00,2025-12-10T19:10:00+00:00,42.244622,take_profit,1153.688955,0.0
fresh_btc_gold_hybrid,GOLD,SELL,2025-12-11T14:25:00+00:00,2025-12-11T14:35:00+00:00,-53.017,stop_loss,1100.671955,-53.017
fresh_btc_gold_hybrid,GOLD,SELL,2025-12-11T14:35:00+00:00,2025-12-11T14:45:00+00:00,42.201532,take_profit,1142.873487,-10.815468
fresh_btc_gold_hybrid,GOLD,SELL,2025-12-11T15:55:00+00:00,2025-12-11T16:45:00+00:00,-52.962923,stop_loss,1089.910564,-63.778391
fresh_btc_gold_hybrid,BTCUSD,BUY,2025-12-12T09:55:00+00:00,2025-12-12T10:45:00+00:00,-52.751445,stop_loss,1037.159119,-116.529835
fresh_btc_gold_hybrid,GOLD,SELL,2025-12-12T13:55:00+00:00,2025-12-12T14:30:00+00:00,42.158487,take_profit,1079.317606,-74.371349
fresh_btc_gold_hybrid,GOLD,BUY,2025-12-12T16:00:00+00:00,2025-12-12T17:40:00+00:00,42.327121,take_profit,1121.644727,-32.044228
fresh_btc_gold_hybrid,BTCUSD,BUY,2025-12-13T10:35:00+00:00,2025-12-13T10:55:00+00:00,-52.487687,stop_loss,1069.157039,-84.531916
fresh_btc_gold_hybrid,BTCUSD,SELL,2025-12-14T09:30:00+00:00,2025-12-14T10:10:00+00:00,104.450498,take_profit,1173.607537,0.0
fresh_btc_gold_hybrid,BTCUSD,SELL,2025-12-14T10:10:00+00:00,2025-12-14T10:15:00+00:00,-52.747501,stop_loss,1120.860036,-52.747501
fresh_btc_gold_hybrid,BTCUSD,SELL,2025-12-14T11:00:00+00:00,2025-12-14T11:05:00+00:00,-52.483764,stop_loss,1068.376272,-105.231265
fresh_btc_gold_hybrid,BTCUSD,BUY,2025-12-15T09:00:00+00:00,2025-12-15T09:10:00+00:00,-52.221345,stop_loss,1016.154927,-157.45261
fresh_btc_gold_hybrid,GOLD,BUY,2025-12-15T16:20:00+00:00,2025-12-15T17:45:00+00:00,42.496429,take_profit,1058.651356,-114.956181
fresh_btc_gold_hybrid,BTCUSD,SELL,2025-12-16T07:40:00+00:00,2025-12-16T07:45:00+00:00,-51.960238,stop_loss,1006.691118,-166.91642
fresh_btc_gold_hybrid,BTCUSD,BUY,2025-12-16T10:10:00+00:00,2025-12-16T10:20:00+00:00,-51.700437,stop_loss,954.99068,-218.616857
fresh_btc_gold_hybrid,BTCUSD,BUY,2025-12-16T10:35:00+00:00,2025-12-16T10:40:00+00:00,102.88387,take_profit,1057.87455,-115.732987
fresh_btc_gold_hybrid,GOLD,SELL,2025-12-16T13:05:00+00:00,2025-12-16T13:20:00+00:00,-53.333018,stop_loss,1004.541532,-169.066005
fresh_btc_gold_hybrid,GOLD,SELL,2025-12-16T13:20:00+00:00,2025-12-16T13:30:00+00:00,-53.066353,stop_loss,951.475178,-222.132359
fresh_btc_gold_hybrid,GOLD,SELL,2025-12-16T13:30:00+00:00,2025-12-16T13:40:00+00:00,42.240817,take_profit,993.715996,-179.891541
fresh_btc_gold_hybrid,BTCUSD,SELL,2025-12-17T08:25:00+00:00,2025-12-17T09:30:00+00:00,103.912709,take_profit,1097.628704,-75.978833
fresh_btc_gold_hybrid,GOLD,SELL,2025-12-17T13:15:00+00:00,2025-12-17T13:30:00+00:00,-53.012226,stop_loss,1044.616479,-128.991058
fresh_btc_gold_hybrid,GOLD,SELL,2025-12-17T13:30:00+00:00,2025-12-17T13:40:00+00:00,-52.747165,stop_loss,991.869314,-181.738223
fresh_btc_gold_hybrid,GOLD,SELL,2025-12-17T13:40:00+00:00,2025-12-17T13:45:00+00:00,41.986743,take_profit,1033.856057,-139.75148
fresh_btc_gold_hybrid,BTCUSD,BUY,2025-12-18T07:10:00+00:00,2025-12-18T08:00:00+00:00,-52.475918,stop_loss,981.380139,-192.227398
fresh_btc_gold_hybrid,BTCUSD,BUY,2025-12-18T08:20:00+00:00,2025-12-18T09:00:00+00:00,-52.213538,stop_loss,929.166601,-244.440936
fresh_btc_gold_hybrid,BTCUSD,BUY,2025-12-18T09:30:00+00:00,2025-12-18T11:10:00+00:00,-51.952471,stop_loss,877.21413,-296.393407
fresh_btc_gold_hybrid,GOLD,BUY,2025-12-18T13:05:00+00:00,2025-12-18T13:15:00+00:00,42.15469,take_profit,919.36882,-254.238717
fresh_btc_gold_hybrid,GOLD,SELL,2025-12-18T13:45:00+00:00,2025-12-18T14:00:00+00:00,42.323309,take_profit,961.692129,-211.915408
fresh_btc_gold_hybrid,GOLD,SELL,2025-12-18T16:05:00+00:00,2025-12-18T16:10:00+00:00,-53.115752,stop_loss,908.576377,-265.03116
fresh_btc_gold_hybrid,BTCUSD,BUY,2025-12-19T07:00:00+00:00,2025-12-19T07:10:00+00:00,103.385416,take_profit,1011.961793,-161.645744
fresh_btc_gold_hybrid,BTCUSD,BUY,2025-12-19T07:10:00+00:00,2025-12-19T07:15:00+00:00,-52.209635,stop_loss,959.752158,-213.855379
fresh_btc_gold_hybrid,BTCUSD,BUY,2025-12-19T10:00:00+00:00,2025-12-19T10:05:00+00:00,-51.948587,stop_loss,907.803571,-265.803966
fresh_btc_gold_hybrid,GOLD,SELL,2025-12-19T15:55:00+00:00,2025-12-19T17:55:00+00:00,-52.850174,stop_loss,854.953397,-318.65414
fresh_btc_gold_hybrid,GOLD,SELL,2025-12-19T18:20:00+00:00,2025-12-19T18:30:00+00:00,42.068738,take_profit,897.022135,-276.585402
fresh_btc_gold_hybrid,BTCUSD,SELL,2025-12-21T07:40:00+00:00,2025-12-21T07:45:00+00:00,-51.688844,stop_loss,845.333291,-328.274246
fresh_btc_gold_hybrid,BTCUSD,BUY,2025-12-21T08:20:00+00:00,2025-12-21T08:30:00+00:00,102.8608,take_profit,948.194091,-225.413446
fresh_btc_gold_hybrid,BTCUSD,BUY,2025-12-21T08:30:00+00:00,2025-12-21T08:40:00+00:00,103.889408,take_profit,1052.083499,-121.524038
fresh_btc_gold_hybrid,BTCUSD,BUY,2025-12-22T07:00:00+00:00,2025-12-22T08:00:00+00:00,104.928302,take_profit,1157.011801,-16.595736
fresh_btc_gold_hybrid,BTCUSD,BUY,2025-12-22T08:00:00+00:00,2025-12-22T08:05:00+00:00,-52.988793,stop_loss,1104.023008,-69.584529
fresh_btc_gold_hybrid,BTCUSD,BUY,2025-12-22T08:15:00+00:00,2025-12-22T08:20:00+00:00,105.447697,take_profit,1209.470705,0.0
fresh_btc_gold_hybrid,GOLD,SELL,2025-12-22T13:00:00+00:00,2025-12-22T13:10:00+00:00,-52.796266,stop_loss,1156.674439,-52.796266
fresh_btc_gold_hybrid,GOLD,SELL,2025-12-22T13:10:00+00:00,2025-12-22T13:20:00+00:00,42.025828,take_profit,1198.700267,-10.770438
fresh_btc_gold_hybrid,GOLD,SELL,2025-12-22T16:05:00+00:00,2025-12-22T20:05:00+00:00,-21.344897,max_hold,1177.35537,-32.115335
fresh_btc_gold_hybrid,BTCUSD,SELL,2025-12-23T09:20:00+00:00,2025-12-23T09:40:00+00:00,-53.251087,stop_loss,1124.104283,-85.366422
fresh_btc_gold_hybrid,GOLD,BUY,2025-12-23T14:30:00+00:00,2025-12-23T14:55:00+00:00,-52.63569,stop_loss,1071.468593,-138.002112
fresh_btc_gold_hybrid,GOLD,BUY,2025-12-23T14:55:00+00:00,2025-12-23T15:00:00+00:00,-52.372511,stop_loss,1019.096082,-190.374624
fresh_btc_gold_hybrid,GOLD,BUY,2025-12-23T15:00:00+00:00,2025-12-23T15:10:00+00:00,41.688519,take_profit,1060.784601,-148.686105
fresh_btc_gold_hybrid,BTCUSD,SELL,2025-12-24T08:20:00+00:00,2025-12-24T08:25:00+00:00,-52.984832,stop_loss,1007.799769,-201.670936
fresh_btc_gold_hybrid,BTCUSD,SELL,2025-12-24T08:55:00+00:00,2025-12-24T10:05:00+00:00,-52.719907,stop_loss,955.079862,-254.390844
fresh_btc_gold_hybrid,GOLD,BUY,2025-12-24T13:15:00+00:00,2025-12-24T13:35:00+00:00,41.855273,take_profit,996.935135,-212.535571
fresh_btc_gold_hybrid,GOLD,BUY,2025-12-24T15:40:00+00:00,2025-12-24T16:00:00+00:00,42.022694,take_profit,1038.957829,-170.512876
fresh_btc_gold_hybrid,BTCUSD,SELL,2025-12-25T08:20:00+00:00,2025-12-25T08:25:00+00:00,-52.456308,stop_loss,986.501521,-222.969184
fresh_btc_gold_hybrid,BTCUSD,SELL,2025-12-25T10:35:00+00:00,2025-12-25T10:40:00+00:00,-52.194026,stop_loss,934.307495,-275.163211
fresh_btc_gold_hybrid,BTCUSD,BUY,2025-12-26T07:10:00+00:00,2025-12-26T07:25:00+00:00,103.866112,take_profit,1038.173607,-171.297098
fresh_btc_gold_hybrid,BTCUSD,BUY,2025-12-26T09:45:00+00:00,2025-12-26T09:55:00+00:00,-52.452387,stop_loss,985.721221,-223.749485
fresh_btc_gold_hybrid,GOLD,SELL,2025-12-26T13:35:00+00:00,2025-12-26T13:45:00+00:00,42.190785,take_profit,1027.912006,-181.5587
fresh_btc_gold_hybrid,GOLD,SELL,2025-12-26T14:00:00+00:00,2025-12-26T14:40:00+00:00,42.359548,take_profit,1070.271554,-139.199152
fresh_btc_gold_hybrid,GOLD,SELL,2025-12-26T15:45:00+00:00,2025-12-26T16:10:00+00:00,42.528986,take_profit,1112.80054,-96.670165
fresh_btc_gold_hybrid,BTCUSD,BUY,2025-12-27T08:20:00+00:00,2025-12-27T08:45:00+00:00,-52.190125,stop_loss,1060.610415,-148.86029
fresh_btc_gold_hybrid,BTCUSD,SELL,2025-12-27T10:30:00+00:00,2025-12-27T10:40:00+00:00,103.858348,take_profit,1164.468764,-45.001942
fresh_btc_gold_hybrid,BTCUSD,BUY,2025-12-28T08:05:00+00:00,2025-12-28T08:30:00+00:00,-52.448466,stop_loss,1112.020298,-97.450408
fresh_btc_gold_hybrid,BTCUSD,BUY,2025-12-28T08:35:00+00:00,2025-12-28T08:40:00+00:00,104.372447,take_profit,1216.392745,0.0
fresh_btc_gold_hybrid,BTCUSD,SELL,2025-12-29T09:35:00+00:00,2025-12-29T09:45:00+00:00,105.416172,take_profit,1321.808917,0.0
fresh_btc_gold_hybrid,BTCUSD,SELL,2025-12-29T09:45:00+00:00,2025-12-29T10:55:00+00:00,106.470333,take_profit,1428.27925,0.0
fresh_btc_gold_hybrid,BTCUSD,SELL,2025-12-29T11:55:00+00:00,2025-12-29T12:05:00+00:00,107.535037,take_profit,1535.814287,0.0
fresh_btc_gold_hybrid,GOLD,BUY,2025-12-29T13:40:00+00:00,2025-12-29T13:45:00+00:00,-53.373878,stop_loss,1482.440409,-53.373878
fresh_btc_gold_hybrid,GOLD,BUY,2025-12-29T13:45:00+00:00,2025-12-29T14:00:00+00:00,-53.107008,stop_loss,1429.333401,-106.480886
fresh_btc_gold_hybrid,GOLD,BUY,2025-12-29T14:00:00+00:00,2025-12-29T14:30:00+00:00,-52.841473,stop_loss,1376.491927,-159.32236
fresh_btc_gold_hybrid,BTCUSD,BUY,2025-12-30T08:00:00+00:00,2025-12-30T08:10:00+00:00,108.610387,take_profit,1485.102314,-50.711973
fresh_btc_gold_hybrid,BTCUSD,BUY,2025-12-30T08:10:00+00:00,2025-12-30T08:15:00+00:00,109.696491,take_profit,1594.798806,0.0
fresh_btc_gold_hybrid,BTCUSD,BUY,2025-12-30T08:15:00+00:00,2025-12-30T08:20:00+00:00,-55.396728,stop_loss,1539.402078,-55.396728
fresh_btc_gold_hybrid,GOLD,SELL,2025-12-30T13:00:00+00:00,2025-12-30T13:10:00+00:00,42.061813,take_profit,1581.46389,-13.334915
fresh_btc_gold_hybrid,GOLD,BUY,2025-12-30T19:30:00+00:00,2025-12-30T19:45:00+00:00,-52.787575,stop_loss,1528.676315,-66.12249
fresh_btc_gold_hybrid,GOLD,BUY,2025-12-30T19:45:00+00:00,2025-12-30T19:50:00+00:00,-52.523637,stop_loss,1476.152678,-118.646127
fresh_btc_gold_hybrid,BTCUSD,BUY,2025-12-31T07:35:00+00:00,2025-12-31T08:05:00+00:00,110.239489,take_profit,1586.392167,-8.406639
fresh_btc_gold_hybrid,BTCUSD,BUY,2025-12-31T08:05:00+00:00,2025-12-31T08:10:00+00:00,-55.670942,stop_loss,1530.721225,-64.077581
fresh_btc_gold_hybrid,BTCUSD,SELL,2025-12-31T08:40:00+00:00,2025-12-31T09:00:00+00:00,-55.392587,stop_loss,1475.328638,-119.470168
fresh_btc_gold_hybrid,GOLD,SELL,2025-12-31T13:45:00+00:00,2025-12-31T13:55:00+00:00,-52.261019,stop_loss,1423.067619,-171.731187
fresh_btc_gold_hybrid,GOLD,SELL,2025-12-31T13:55:00+00:00,2025-12-31T14:00:00+00:00,41.599771,take_profit,1464.66739,-130.131416
fresh_btc_gold_hybrid,GOLD,SELL,2025-12-31T14:00:00+00:00,2025-12-31T14:25:00+00:00,41.76617,take_profit,1506.43356,-88.365245
fresh_btc_gold_hybrid,BTCUSD,BUY,2026-01-01T09:10:00+00:00,2026-01-01T09:15:00+00:00,110.231248,take_profit,1616.664809,0.0
fresh_btc_gold_hybrid,BTCUSD,BUY,2026-01-01T09:15:00+00:00,2026-01-01T09:20:00+00:00,-55.66678,stop_loss,1560.998028,-55.66678
fresh_btc_gold_hybrid,BTCUSD,BUY,2026-01-01T11:50:00+00:00,2026-01-01T12:30:00+00:00,-55.388446,stop_loss,1505.609582,-111.055227
fresh_btc_gold_hybrid,BTCUSD,BUY,2026-01-02T08:20:00+00:00,2026-01-02T09:10:00+00:00,110.223009,take_profit,1615.83259,-0.832218
fresh_btc_gold_hybrid,BTCUSD,BUY,2026-01-02T09:10:00+00:00,2026-01-02T09:15:00+00:00,-55.662619,stop_loss,1560.169971,-56.494838
fresh_btc_gold_hybrid,BTCUSD,BUY,2026-01-02T09:45:00+00:00,2026-01-02T09:50:00+00:00,-55.384306,stop_loss,1504.785665,-111.879144
fresh_btc_gold_hybrid,GOLD,BUY,2026-01-02T14:30:00+00:00,2026-01-02T15:00:00+00:00,-52.416544,stop_loss,1452.369121,-164.295688
fresh_btc_gold_hybrid,GOLD,BUY,2026-01-02T15:00:00+00:00,2026-01-02T15:20:00+00:00,-52.154461,stop_loss,1400.21466,-216.450148
fresh_btc_gold_hybrid,GOLD,BUY,2026-01-02T15:20:00+00:00,2026-01-02T15:40:00+00:00,41.514951,take_profit,1441.729611,-174.935198
fresh_btc_gold_hybrid,BTCUSD,SELL,2026-01-03T08:00:00+00:00,2026-01-03T08:05:00+00:00,110.214769,take_profit,1551.94438,-64.720428
fresh_btc_gold_hybrid,BTCUSD,SELL,2026-01-03T08:05:00+00:00,2026-01-03T08:25:00+00:00,-55.658459,stop_loss,1496.285922,-120.378887
fresh_btc_gold_hybrid,BTCUSD,BUY,2026-01-04T10:10:00+00:00,2026-01-04T10:15:00+00:00,-55.380166,stop_loss,1440.905756,-175.759053
fresh_btc_gold_hybrid,BTCUSD,BUY,2026-01-05T08:05:00+00:00,2026-01-05T08:25:00+00:00,110.206531,take_profit,1551.112286,-65.552522
fresh_btc_gold_hybrid,BTCUSD,BUY,2026-01-05T09:45:00+00:00,2026-01-05T10:00:00+00:00,-55.654298,stop_loss,1495.457988,-121.20682
fresh_btc_gold_hybrid,BTCUSD,BUY,2026-01-05T10:10:00+00:00,2026-01-05T10:35:00+00:00,-55.376027,stop_loss,1440.081962,-176.582847
fresh_btc_gold_hybrid,GOLD,SELL,2026-01-05T14:45:00+00:00,2026-01-05T15:00:00+00:00,-52.101263,stop_loss,1387.980698,-228.68411
fresh_btc_gold_hybrid,GOLD,SELL,2026-01-05T15:00:00+00:00,2026-01-05T15:25:00+00:00,41.472606,take_profit,1429.453304,-187.211504
fresh_btc_gold_hybrid,GOLD,SELL,2026-01-05T18:10:00+00:00,2026-01-05T18:25:00+00:00,41.638496,take_profit,1471.0918,-145.573008
fresh_btc_gold_hybrid,BTCUSD,SELL,2026-01-06T07:10:00+00:00,2026-01-06T07:20:00+00:00,110.198293,take_profit,1581.290093,-35.374716
fresh_btc_gold_hybrid,BTCUSD,SELL,2026-01-06T07:20:00+00:00,2026-01-06T07:45:00+00:00,111.300276,take_profit,1692.590369,0.0
fresh_btc_gold_hybrid,BTCUSD,SELL,2026-01-06T07:45:00+00:00,2026-01-06T07:50:00+00:00,-56.206639,stop_loss,1636.383729,-56.206639
fresh_btc_gold_hybrid,GOLD,SELL,2026-01-06T14:30:00+00:00,2026-01-06T14:50:00+00:00,-52.256313,stop_loss,1584.127417,-108.462952
fresh_btc_gold_hybrid,GOLD,SELL,2026-01-06T14:50:00+00:00,2026-01-06T15:10:00+00:00,41.596025,take_profit,1625.723442,-66.866927
fresh_btc_gold_hybrid,GOLD,SELL,2026-01-06T16:40:00+00:00,2026-01-06T17:40:00+00:00,41.762409,take_profit,1667.485851,-25.104518
fresh_btc_gold_hybrid,BTCUSD,BUY,2026-01-07T08:05:00+00:00,2026-01-07T08:20:00+00:00,-55.925606,stop_loss,1611.560245,-81.030124
fresh_btc_gold_hybrid,BTCUSD,SELL,2026-01-07T09:05:00+00:00,2026-01-07T09:10:00+00:00,111.291956,take_profit,1722.852201,0.0
fresh_btc_gold_hybrid,BTCUSD,SELL,2026-01-07T09:10:00+00:00,2026-01-07T09:15:00+00:00,112.404876,take_profit,1835.257076,0.0
fresh_btc_gold_hybrid,GOLD,BUY,2026-01-07T15:10:00+00:00,2026-01-07T15:25:00+00:00,41.929459,take_profit,1877.186535,0.0
fresh_btc_gold_hybrid,BTCUSD,SELL,2026-01-08T07:00:00+00:00,2026-01-08T07:10:00+00:00,-56.764462,stop_loss,1820.422073,-56.764462
fresh_btc_gold_hybrid,BTCUSD,SELL,2026-01-08T09:25:00+00:00,2026-01-08T10:00:00+00:00,112.96128,take_profit,1933.383352,0.0
fresh_btc_gold_hybrid,BTCUSD,SELL,2026-01-08T10:00:00+00:00,2026-01-08T10:05:00+00:00,-57.045446,stop_loss,1876.337906,-57.045446
fresh_btc_gold_hybrid,GOLD,SELL,2026-01-08T15:30:00+00:00,2026-01-08T16:35:00+00:00,-52.62147,stop_loss,1823.716436,-109.666917
fresh_btc_gold_hybrid,GOLD,SELL,2026-01-08T17:20:00+00:00,2026-01-08T18:05:00+00:00,41.886691,take_profit,1865.603126,-67.780226
fresh_btc_gold_hybrid,BTCUSD,SELL,2026-01-09T07:55:00+00:00,2026-01-09T08:00:00+00:00,-56.760219,stop_loss,1808.842907,-124.540445
fresh_btc_gold_hybrid,BTCUSD,SELL,2026-01-09T08:00:00+00:00,2026-01-09T08:05:00+00:00,-56.476418,stop_loss,1752.366489,-181.016863
fresh_btc_gold_hybrid,BTCUSD,SELL,2026-01-09T08:35:00+00:00,2026-01-09T08:45:00+00:00,112.388072,take_profit,1864.754561,-68.628792
fresh_btc_gold_hybrid,GOLD,SELL,2026-01-09T15:50:00+00:00,2026-01-09T16:10:00+00:00,42.054237,take_profit,1906.808798,-26.574554
fresh_btc_gold_hybrid,BTCUSD,BUY,2026-01-10T08:00:00+00:00,2026-01-10T08:05:00+00:00,-56.755976,stop_loss,1850.052822,-83.33053
fresh_btc_gold_hybrid,BTCUSD,BUY,2026-01-10T09:55:00+00:00,2026-01-10T12:00:00+00:00,-56.472196,stop_loss,1793.580626,-139.802727
fresh_btc_gold_hybrid,BTCUSD,BUY,2026-01-11T08:30:00+00:00,2026-01-11T08:35:00+00:00,-56.189835,stop_loss,1737.39079,-195.992562
fresh_btc_gold_hybrid,BTCUSD,BUY,2026-01-11T08:55:00+00:00,2026-01-11T09:25:00+00:00,-55.908886,stop_loss,1681.481904,-251.901448
fresh_btc_gold_hybrid,BTCUSD,BUY,2026-01-11T11:55:00+00:00,2026-01-11T12:00:00+00:00,-55.629342,stop_loss,1625.852562,-307.53079
fresh_btc_gold_hybrid,BTCUSD,SELL,2026-01-12T08:30:00+00:00,2026-01-12T08:35:00+00:00,110.70239,take_profit,1736.554952,-196.8284
fresh_btc_gold_hybrid,BTCUSD,SELL,2026-01-12T08:35:00+00:00,2026-01-12T08:45:00+00:00,111.809414,take_profit,1848.364366,-85.018986
fresh_btc_gold_hybrid,BTCUSD,SELL,2026-01-12T10:50:00+00:00,2026-01-12T11:05:00+00:00,-56.463754,stop_loss,1791.900612,-141.48274
fresh_btc_gold_hybrid,GOLD,SELL,2026-01-12T13:00:00+00:00,2026-01-12T13:05:00+00:00,-52.778068,stop_loss,1739.122544,-194.260808
fresh_btc_gold_hybrid,GOLD,SELL,2026-01-12T13:05:00+00:00,2026-01-12T13:10:00+00:00,-52.514177,stop_loss,1686.608367,-246.774985
fresh_btc_gold_hybrid,GOLD,SELL,2026-01-12T13:10:00+00:00,2026-01-12T13:40:00+00:00,-52.251607,stop_loss,1634.356761,-299.026592
fresh_btc_gold_hybrid,BTCUSD,BUY,2026-01-13T09:00:00+00:00,2026-01-13T09:20:00+00:00,112.362871,take_profit,1746.719631,-186.663721
fresh_btc_gold_hybrid,BTCUSD,BUY,2026-01-13T09:20:00+00:00,2026-01-13T09:35:00+00:00,-56.74325,stop_loss,1689.976381,-243.406971
fresh_btc_gold_hybrid,GOLD,SELL,2026-01-13T13:10:00+00:00,2026-01-13T13:30:00+00:00,-51.990349,stop_loss,1637.986033,-295.397319
fresh_btc_gold_hybrid,GOLD,SELL,2026-01-13T13:30:00+00:00,2026-01-13T14:20:00+00:00,-51.730397,stop_loss,1586.255636,-347.127716
fresh_btc_gold_hybrid,GOLD,BUY,2026-01-13T18:00:00+00:00,2026-01-13T18:35:00+00:00,41.177396,take_profit,1627.433032,-305.95032
fresh_btc_gold_hybrid,BTCUSD,BUY,2026-01-14T07:45:00+00:00,2026-01-14T08:35:00+00:00,-56.459533,stop_loss,1570.973499,-362.409854
fresh_btc_gold_hybrid,BTCUSD,SELL,2026-01-14T11:15:00+00:00,2026-01-14T11:20:00+00:00,-56.177236,stop_loss,1514.796263,-418.587089
fresh_btc_gold_hybrid,BTCUSD,SELL,2026-01-14T11:50:00+00:00,2026-01-14T12:05:00+00:00,-55.89635,stop_loss,1458.899913,-474.483439
fresh_btc_gold_hybrid,GOLD,BUY,2026-01-14T14:45:00+00:00,2026-01-14T14:50:00+00:00,41.342105,take_profit,1500.242019,-433.141334
fresh_btc_gold_hybrid,GOLD,BUY,2026-01-14T15:00:00+00:00,2026-01-14T15:10:00+00:00,41.507474,take_profit,1541.749493,-391.63386
fresh_btc_gold_hybrid,GOLD,SELL,2026-01-14T18:50:00+00:00,2026-01-14T19:00:00+00:00,-52.09188,stop_loss,1489.657613,-443.725739
fresh_btc_gold_hybrid,BTCUSD,BUY,2026-01-15T09:35:00+00:00,2026-01-15T09:55:00+00:00,111.233736,take_profit,1600.891349,-332.492004
fresh_btc_gold_hybrid,BTCUSD,SELL,2026-01-15T11:35:00+00:00,2026-01-15T12:00:00+00:00,112.346073,take_profit,1713.237421,-220.145931
fresh_btc_gold_hybrid,GOLD,BUY,2026-01-15T13:30:00+00:00,2026-01-15T13:45:00+00:00,-51.83142,stop_loss,1661.406001,-271.977351
fresh_btc_gold_hybrid,GOLD,BUY,2026-01-15T13:45:00+00:00,2026-01-15T14:05:00+00:00,41.257811,take_profit,1702.663812,-230.719541
fresh_btc_gold_hybrid,GOLD,SELL,2026-01-15T18:00:00+00:00,2026-01-15T18:30:00+00:00,41.422842,take_profit,1744.086654,-189.296699
fresh_btc_gold_hybrid,BTCUSD,BUY,2026-01-16T08:25:00+00:00,2026-01-16T08:35:00+00:00,-56.734767,stop_loss,1687.351887,-246.031466
fresh_btc_gold_hybrid,BTCUSD,SELL,2026-01-16T10:00:00+00:00,2026-01-16T10:15:00+00:00,112.902186,take_profit,1800.254073,-133.12928
fresh_btc_gold_hybrid,BTCUSD,SELL,2026-01-16T10:15:00+00:00,2026-01-16T10:40:00+00:00,114.031208,take_profit,1914.285281,-19.098072
fresh_btc_gold_hybrid,GOLD,BUY,2026-01-16T13:15:00+00:00,2026-01-16T13:30:00+00:00,41.588533,take_profit,1955.873814,0.0
fresh_btc_gold_hybrid,GOLD,BUY,2026-01-16T15:25:00+00:00,2026-01-16T15:30:00+00:00,-52.193609,stop_loss,1903.680205,-52.193609
fresh_btc_gold_hybrid,GOLD,BUY,2026-01-16T15:30:00+00:00,2026-01-16T15:45:00+00:00,41.546113,take_profit,1945.226317,-10.647496
fresh_btc_gold_hybrid,BTCUSD,SELL,2026-01-17T08:00:00+00:00,2026-01-17T08:15:00+00:00,-57.58576,stop_loss,1887.640557,-68.233256
fresh_btc_gold_hybrid,BTCUSD,SELL,2026-01-17T10:40:00+00:00,2026-01-17T11:00:00+00:00,114.595662,take_profit,2002.23622,0.0
fresh_btc_gold_hybrid,BTCUSD,SELL,2026-01-17T11:05:00+00:00,2026-01-17T11:15:00+00:00,-57.870809,stop_loss,1944.36541,-57.870809
fresh_btc_gold_hybrid,BTCUSD,SELL,2026-01-18T07:30:00+00:00,2026-01-18T07:45:00+00:00,-57.581455,stop_loss,1886.783955,-115.452265
fresh_btc_gold_hybrid,BTCUSD,BUY,2026-01-18T09:20:00+00:00,2026-01-18T09:35:00+00:00,114.587096,take_profit,2001.371051,-0.865169
fresh_btc_gold_hybrid,BTCUSD,BUY,2026-01-18T09:35:00+00:00,2026-01-18T09:40:00+00:00,-57.866484,stop_loss,1943.504568,-58.731652
fresh_btc_gold_hybrid,GOLD,SELL,2026-01-19T17:40:00+00:00,2026-01-19T18:00:00+00:00,41.712297,take_profit,1985.216865,-17.019355
fresh_btc_gold_hybrid,GOLD,SELL,2026-01-19T18:20:00+00:00,2026-01-19T18:30:00+00:00,41.879146,take_profit,2027.096011,0.0
fresh_btc_gold_hybrid,BTCUSD,SELL,2026-01-20T08:35:00+00:00,2026-01-20T08:45:00+00:00,-57.577151,stop_loss,1969.51886,-57.577151
fresh_btc_gold_hybrid,GOLD,SELL,2026-01-20T14:15:00+00:00,2026-01-20T14:30:00+00:00,42.046663,take_profit,2011.565523,-15.530488
fresh_btc_gold_hybrid,GOLD,SELL,2026-01-20T16:45:00+00:00,2026-01-20T16:55:00+00:00,-52.768562,stop_loss,1958.796961,-68.29905
fresh_btc_gold_hybrid,GOLD,SELL,2026-01-20T16:55:00+00:00,2026-01-20T17:00:00+00:00,42.003775,take_profit,2000.800736,-26.295275
fresh_btc_gold_hybrid,BTCUSD,SELL,2026-01-21T07:30:00+00:00,2026-01-21T07:35:00+00:00,114.578531,take_profit,2115.379267,0.0
fresh_btc_gold_hybrid,BTCUSD,SELL,2026-01-21T07:35:00+00:00,2026-01-21T08:20:00+00:00,-57.862158,stop_loss,2057.517109,-57.862158
fresh_btc_gold_hybrid,BTCUSD,SELL,2026-01-21T08:35:00+00:00,2026-01-21T08:55:00+00:00,-57.572847,stop_loss,1999.944262,-115.435005
fresh_btc_gold_hybrid,GOLD,SELL,2026-01-21T13:55:00+00:00,2026-01-21T14:00:00+00:00,42.171791,take_profit,2042.116053,-73.263215
fresh_btc_gold_hybrid,GOLD,BUY,2026-01-21T17:40:00+00:00,2026-01-21T17:50:00+00:00,42.340478,take_profit,2084.45653,-30.922737
fresh_btc_gold_hybrid,GOLD,BUY,2026-01-21T19:35:00+00:00,2026-01-21T19:50:00+00:00,-53.1373,stop_loss,2031.319231,-84.060037
fresh_btc_gold_hybrid,BTCUSD,BUY,2026-01-22T09:35:00+00:00,2026-01-22T10:00:00+00:00,-57.284983,stop_loss,1974.034248,-141.34502
fresh_btc_gold_hybrid,GOLD,SELL,2026-01-22T14:40:00+00:00,2026-01-22T14:45:00+00:00,42.29729,take_profit,2016.331538,-99.047729
fresh_btc_gold_hybrid,GOLD,SELL,2026-01-22T14:50:00+00:00,2026-01-22T14:55:00+00:00,42.46648,take_profit,2058.798018,-56.58125
fresh_btc_gold_hybrid,GOLD,SELL,2026-01-22T15:25:00+00:00,2026-01-22T15:50:00+00:00,-53.295432,stop_loss,2005.502586,-109.876682
fresh_btc_gold_hybrid,BTCUSD,SELL,2026-01-23T08:25:00+00:00,2026-01-23T08:35:00+00:00,113.997116,take_profit,2119.499702,0.0
fresh_btc_gold_hybrid,BTCUSD,SELL,2026-01-23T09:15:00+00:00,2026-01-23T11:05:00+00:00,-57.568544,stop_loss,2061.931158,-57.568544
fresh_btc_gold_hybrid,GOLD,SELL,2026-01-23T14:45:00+00:00,2026-01-23T14:55:00+00:00,42.423164,take_profit,2104.354322,-15.14538
fresh_btc_gold_hybrid,GOLD,SELL,2026-01-23T16:05:00+00:00,2026-01-23T16:25:00+00:00,-53.241071,stop_loss,2051.113252,-68.386451
fresh_btc_gold_hybrid,GOLD,SELL,2026-01-23T16:25:00+00:00,2026-01-23T16:45:00+00:00,42.379892,take_profit,2093.493144,-26.006558
fresh_btc_gold_hybrid,BTCUSD,SELL,2026-01-24T08:00:00+00:00,2026-01-24T08:50:00+00:00,-57.280701,stop_loss,2036.212443,-83.287259
fresh_btc_gold_hybrid,BTCUSD,SELL,2026-01-25T08:35:00+00:00,2026-01-25T08:40:00+00:00,113.988595,take_profit,2150.201038,0.0
fresh_btc_gold_hybrid,BTCUSD,SELL,2026-01-25T08:40:00+00:00,2026-01-25T09:20:00+00:00,-57.564241,stop_loss,2092.636797,-57.564241
fresh_btc_gold_hybrid,BTCUSD,BUY,2026-01-26T08:00:00+00:00,2026-01-26T08:10:00+00:00,-57.276419,stop_loss,2035.360378,-114.84066
fresh_btc_gold_hybrid,BTCUSD,BUY,2026-01-26T08:20:00+00:00,2026-01-26T08:45:00+00:00,-56.990037,stop_loss,1978.370341,-171.830697
fresh_btc_gold_hybrid,BTCUSD,BUY,2026-01-26T11:05:00+00:00,2026-01-26T11:25:00+00:00,-56.705087,stop_loss,1921.665254,-228.535784
fresh_btc_gold_hybrid,GOLD,BUY,2026-01-26T19:00:00+00:00,2026-01-26T19:05:00+00:00,42.549412,take_profit,1964.214665,-185.986372
fresh_btc_gold_hybrid,GOLD,BUY,2026-01-26T19:20:00+00:00,2026-01-26T19:30:00+00:00,42.719609,take_profit,2006.934275,-143.266763
fresh_btc_gold_hybrid,BTCUSD,SELL,2026-01-27T08:25:00+00:00,2026-01-27T08:35:00+00:00,-56.421562,stop_loss,1950.512713,-199.688325
fresh_btc_gold_hybrid,BTCUSD,SELL,2026-01-27T08:45:00+00:00,2026-01-27T08:50:00+00:00,-56.139454,stop_loss,1894.373259,-255.827778
fresh_btc_gold_hybrid,BTCUSD,SELL,2026-01-27T09:00:00+00:00,2026-01-27T09:30:00+00:00,111.717513,take_profit,2006.090772,-144.110265
fresh_btc_gold_hybrid,BTCUSD,BUY,2026-01-28T09:35:00+00:00,2026-01-28T09:55:00+00:00,112.834688,take_profit,2118.925461,-31.275577
fresh_btc_gold_hybrid,BTCUSD,BUY,2026-01-28T09:55:00+00:00,2026-01-28T10:00:00+00:00,-56.981518,stop_loss,2061.943943,-88.257095
fresh_btc_gold_hybrid,BTCUSD,BUY,2026-01-28T11:45:00+00:00,2026-01-28T11:50:00+00:00,113.39322,take_profit,2175.337163,0.0
fresh_btc_gold_hybrid,GOLD,SELL,2026-01-28T13:00:00+00:00,2026-01-28T13:10:00+00:00,42.890488,take_profit,2218.227651,0.0
fresh_btc_gold_hybrid,GOLD,SELL,2026-01-28T16:55:00+00:00,2026-01-28T17:35:00+00:00,43.06205,take_profit,2261.289701,0.0
fresh_btc_gold_hybrid,GOLD,SELL,2026-01-28T19:55:00+00:00,2026-01-28T20:25:00+00:00,-54.042872,stop_loss,2207.246828,-54.042872
fresh_btc_gold_hybrid,BTCUSD,SELL,2026-01-29T08:05:00+00:00,2026-01-29T08:25:00+00:00,-57.263576,stop_loss,2149.983252,-111.306449
fresh_btc_gold_hybrid,BTCUSD,SELL,2026-01-29T09:50:00+00:00,2026-01-29T11:05:00+00:00,-56.977258,stop_loss,2093.005994,-168.283707
fresh_btc_gold_hybrid,BTCUSD,SELL,2026-01-29T11:25:00+00:00,2026-01-29T11:30:00+00:00,-56.692372,stop_loss,2036.313622,-224.976079
fresh_btc_gold_hybrid,GOLD,BUY,2026-01-29T15:05:00+00:00,2026-01-29T15:10:00+00:00,-53.772658,stop_loss,1982.540964,-278.748737
fresh_btc_gold_hybrid,GOLD,BUY,2026-01-29T15:10:00+00:00,2026-01-29T15:15:00+00:00,-53.503795,stop_loss,1929.037169,-332.252531
fresh_btc_gold_hybrid,GOLD,BUY,2026-01-29T15:15:00+00:00,2026-01-29T15:25:00+00:00,-53.236276,stop_loss,1875.800893,-385.488807
fresh_btc_gold_hybrid,BTCUSD,SELL,2026-01-30T09:25:00+00:00,2026-01-30T09:35:00+00:00,-56.40891,stop_loss,1819.391983,-441.897717
fresh_btc_gold_hybrid,GOLD,BUY,2026-01-30T13:20:00+00:00,2026-01-30T14:00:00+00:00,42.376076,take_profit,1861.768059,-399.521642
fresh_btc_gold_hybrid,GOLD,BUY,2026-01-30T16:35:00+00:00,2026-01-30T16:40:00+00:00,42.54558,take_profit,1904.313639,-356.976062
fresh_btc_gold_hybrid,GOLD,BUY,2026-01-30T17:05:00+00:00,2026-01-30T17:40:00+00:00,-53.394703,stop_loss,1850.918936,-410.370765
fresh_btc_gold_hybrid,BTCUSD,SELL,2026-01-31T08:00:00+00:00,2026-01-31T08:10:00+00:00,112.253731,take_profit,1963.172667,-298.117034
fresh_btc_gold_hybrid,BTCUSD,SELL,2026-01-31T08:10:00+00:00,2026-01-31T08:15:00+00:00,113.376268,take_profit,2076.548935,-184.740765
fresh_btc_gold_hybrid,BTCUSD,SELL,2026-01-31T08:30:00+00:00,2026-01-31T08:40:00+00:00,114.510031,take_profit,2191.058966,-70.230735
fresh_btc_gold_hybrid,BTCUSD,SELL,2026-02-01T07:00:00+00:00,2026-02-01T07:10:00+00:00,-57.827566,stop_loss,2133.2314,-128.0583
fresh_btc_gold_hybrid,BTCUSD,BUY,2026-02-01T08:40:00+00:00,2026-02-01T08:45:00+00:00,-57.538428,stop_loss,2075.692973,-185.596728
fresh_btc_gold_hybrid,BTCUSD,BUY,2026-02-01T09:55:00+00:00,2026-02-01T10:00:00+00:00,-57.250736,stop_loss,2018.442237,-242.847464
fresh_btc_gold_hybrid,BTCUSD,BUY,2026-02-02T08:15:00+00:00,2026-02-02T08:20:00+00:00,-56.964482,stop_loss,1961.477755,-299.811946
fresh_btc_gold_hybrid,BTCUSD,BUY,2026-02-02T09:25:00+00:00,2026-02-02T10:05:00+00:00,113.359319,take_profit,2074.837074,-186.452626
fresh_btc_gold_hybrid,BTCUSD,BUY,2026-02-02T11:30:00+00:00,2026-02-02T11:55:00+00:00,-57.246456,stop_loss,2017.590618,-243.699083
fresh_btc_gold_hybrid,GOLD,BUY,2026-02-02T15:55:00+00:00,2026-02-02T16:05:00+00:00,42.502183,take_profit,2060.092801,-201.196899
fresh_btc_gold_hybrid,GOLD,BUY,2026-02-02T18:15:00+00:00,2026-02-02T18:30:00+00:00,42.672192,take_profit,2102.764993,-158.524707
fresh_btc_gold_hybrid,BTCUSD,BUY,2026-02-03T08:35:00+00:00,2026-02-03T08:50:00+00:00,-56.960224,stop_loss,2045.80477,-215.484931
fresh_btc_gold_hybrid,BTCUSD,SELL,2026-02-03T09:10:00+00:00,2026-02-03T09:20:00+00:00,-56.675423,stop_loss,1989.129347,-272.160354
fresh_btc_gold_hybrid,BTCUSD,SELL,2026-02-03T09:25:00+00:00,2026-02-03T09:30:00+00:00,-56.392046,stop_loss,1932.737301,-328.552399
fresh_btc_gold_hybrid,GOLD,SELL,2026-02-03T13:30:00+00:00,2026-02-03T13:55:00+00:00,42.842881,take_profit,1975.580182,-285.709518
fresh_btc_gold_hybrid,GOLD,SELL,2026-02-03T16:25:00+00:00,2026-02-03T16:35:00+00:00,-53.767815,stop_loss,1921.812367,-339.477334
fresh_btc_gold_hybrid,GOLD,SELL,2026-02-03T16:35:00+00:00,2026-02-03T16:45:00+00:00,42.799181,take_profit,1964.611548,-296.678153
fresh_btc_gold_hybrid,BTCUSD,SELL,2026-02-04T08:00:00+00:00,2026-02-04T08:10:00+00:00,-56.110085,stop_loss,1908.501462,-352.788238
fresh_btc_gold_hybrid,BTCUSD,SELL,2026-02-04T08:25:00+00:00,2026-02-04T08:35:00+00:00,-55.829535,stop_loss,1852.671927,-408.617773
fresh_btc_gold_hybrid,BTCUSD,SELL,2026-02-04T09:35:00+00:00,2026-02-04T09:40:00+00:00,-55.550387,stop_loss,1797.12154,-464.168161
fresh_btc_gold_hybrid,GOLD,BUY,2026-02-04T14:35:00+00:00,2026-02-04T14:50:00+00:00,42.970378,take_profit,1840.091918,-421.197783
fresh_btc_gold_hybrid,GOLD,BUY,2026-02-04T15:20:00+00:00,2026-02-04T15:30:00+00:00,-53.927824,stop_loss,1786.164094,-475.125607
fresh_btc_gold_hybrid,GOLD,BUY,2026-02-04T15:30:00+00:00,2026-02-04T16:45:00+00:00,-53.658185,stop_loss,1732.505909,-528.783792
fresh_btc_gold_hybrid,BTCUSD,SELL,2026-02-05T10:50:00+00:00,2026-02-05T11:05:00+00:00,-55.272635,stop_loss,1677.233273,-584.056427
fresh_btc_gold_hybrid,BTCUSD,SELL,2026-02-05T11:20:00+00:00,2026-02-05T11:25:00+00:00,-54.996272,stop_loss,1622.237001,-639.0527
fresh_btc_gold_hybrid,BTCUSD,BUY,2026-02-06T09:25:00+00:00,2026-02-06T11:30:00+00:00,109.442582,take_profit,1731.679583,-529.610118
fresh_btc_gold_hybrid,BTCUSD,BUY,2026-02-06T11:50:00+00:00,2026-02-06T12:05:00+00:00,-55.268504,stop_loss,1676.411079,-584.878622
fresh_btc_gold_hybrid,GOLD,SELL,2026-02-06T13:00:00+00:00,2026-02-06T13:05:00+00:00,42.711915,take_profit,1719.122994,-542.166706
fresh_btc_gold_hybrid,GOLD,SELL,2026-02-06T13:35:00+00:00,2026-02-06T14:05:00+00:00,42.882763,take_profit,1762.005757,-499.283943
fresh_btc_gold_hybrid,GOLD,SELL,2026-02-06T15:30:00+00:00,2026-02-06T15:45:00+00:00,43.054294,take_profit,1805.060051,-456.229649
fresh_btc_gold_hybrid,BTCUSD,SELL,2026-02-07T08:00:00+00:00,2026-02-07T08:20:00+00:00,-54.992161,stop_loss,1750.06789,-511.22181
fresh_btc_gold_hybrid,BTCUSD,SELL,2026-02-07T10:30:00+00:00,2026-02-07T11:00:00+00:00,-54.7172,stop_loss,1695.35069,-565.939011
fresh_btc_gold_hybrid,BTCUSD,BUY,2026-02-08T07:15:00+00:00,2026-02-08T07:55:00+00:00,108.887229,take_profit,1804.237919,-457.051782
fresh_btc_gold_hybrid,BTCUSD,BUY,2026-02-08T07:55:00+00:00,2026-02-08T08:10:00+00:00,-54.988051,stop_loss,1749.249868,-512.039833
fresh_btc_gold_hybrid,BTCUSD,BUY,2026-02-08T08:20:00+00:00,2026-02-08T08:30:00+00:00,109.426221,take_profit,1858.676089,-402.613612
fresh_btc_gold_hybrid,BTCUSD,SELL,2026-02-09T08:20:00+00:00,2026-02-09T08:30:00+00:00,110.520483,take_profit,1969.196571,-292.093129
fresh_btc_gold_hybrid,BTCUSD,SELL,2026-02-09T08:30:00+00:00,2026-02-09T08:35:00+00:00,-55.812844,stop_loss,1913.383728,-347.905973
fresh_btc_gold_hybrid,BTCUSD,SELL,2026-02-09T10:15:00+00:00,2026-02-09T10:30:00+00:00,111.067559,take_profit,2024.451287,-236.838414
fresh_btc_gold_hybrid,GOLD,SELL,2026-02-09T14:50:00+00:00,2026-02-09T15:15:00+00:00,43.226511,take_profit,2067.677798,-193.611903
fresh_btc_gold_hybrid,GOLD,SELL,2026-02-09T15:30:00+00:00,2026-02-09T16:15:00+00:00,-54.249272,stop_loss,2013.428526,-247.861174
fresh_btc_gold_hybrid,GOLD,SELL,2026-02-09T16:15:00+00:00,2026-02-09T16:25:00+00:00,-53.978025,stop_loss,1959.450501,-301.839199
fresh_btc_gold_hybrid,BTCUSD,SELL,2026-02-10T10:55:00+00:00,2026-02-10T11:30:00+00:00,-56.089117,stop_loss,1903.361384,-357.928317
fresh_btc_gold_hybrid,BTCUSD,SELL,2026-02-10T11:40:00+00:00,2026-02-10T12:05:00+00:00,-55.808672,stop_loss,1847.552712,-413.736989
fresh_btc_gold_hybrid,GOLD,SELL,2026-02-10T14:15:00+00:00,2026-02-10T14:35:00+00:00,42.966508,take_profit,1890.51922,-370.770481
fresh_btc_gold_hybrid,GOLD,BUY,2026-02-10T15:35:00+00:00,2026-02-10T15:45:00+00:00,43.138374,take_profit,1933.657594,-327.632106
fresh_btc_gold_hybrid,GOLD,BUY,2026-02-10T18:25:00+00:00,2026-02-10T18:40:00+00:00,43.310928,take_profit,1976.968522,-284.321179
fresh_btc_gold_hybrid,BTCUSD,SELL,2026-02-11T09:45:00+00:00,2026-02-11T09:50:00+00:00,-55.529628,stop_loss,1921.438893,-339.850807
fresh_btc_gold_hybrid,BTCUSD,SELL,2026-02-11T10:00:00+00:00,2026-02-11T10:10:00+00:00,-55.25198,stop_loss,1866.186913,-395.102788
fresh_btc_gold_hybrid,BTCUSD,SELL,2026-02-11T10:50:00+00:00,2026-02-11T11:00:00+00:00,-54.97572,stop_loss,1811.211193,-450.078508
fresh_btc_gold_hybrid,GOLD,SELL,2026-02-11T17:40:00+00:00,2026-02-11T18:00:00+00:00,43.484171,take_profit,1854.695364,-406.594337
fresh_btc_gold_hybrid,GOLD,SELL,2026-02-11T19:20:00+00:00,2026-02-11T19:35:00+00:00,43.658108,take_profit,1898.353472,-362.936229
fresh_btc_gold_hybrid,BTCUSD,SELL,2026-02-12T08:25:00+00:00,2026-02-12T08:40:00+00:00,-54.700842,stop_loss,1843.65263,-417.63707
fresh_btc_gold_hybrid,BTCUSD,BUY,2026-02-12T09:30:00+00:00,2026-02-12T09:55:00+00:00,108.854675,take_profit,1952.507305,-308.782395
fresh_btc_gold_hybrid,BTCUSD,BUY,2026-02-12T10:30:00+00:00,2026-02-12T10:55:00+00:00,109.943222,take_profit,2062.450527,-198.839173
fresh_btc_gold_hybrid,GOLD,BUY,2026-02-12T16:10:00+00:00,2026-02-12T16:15:00+00:00,-54.790926,stop_loss,2007.659602,-253.630099
fresh_btc_gold_hybrid,GOLD,BUY,2026-02-12T16:15:00+00:00,2026-02-12T16:20:00+00:00,-54.516971,stop_loss,1953.142631,-308.14707
fresh_btc_gold_hybrid,GOLD,BUY,2026-02-12T16:20:00+00:00,2026-02-12T16:25:00+00:00,-54.244386,stop_loss,1898.898245,-362.391456
fresh_btc_gold_hybrid,BTCUSD,BUY,2026-02-13T07:10:00+00:00,2026-02-13T07:30:00+00:00,-55.521327,stop_loss,1843.376918,-417.912783
fresh_btc_gold_hybrid,BTCUSD,BUY,2026-02-13T08:45:00+00:00,2026-02-13T09:45:00+00:00,110.487441,take_profit,1953.864359,-307.425342
fresh_btc_gold_hybrid,BTCUSD,BUY,2026-02-13T09:45:00+00:00,2026-02-13T10:00:00+00:00,-55.796158,stop_loss,1898.068201,-363.2215
fresh_btc_gold_hybrid,GOLD,SELL,2026-02-13T14:15:00+00:00,2026-02-13T14:35:00+00:00,43.178531,take_profit,1941.246732,-320.042968
fresh_btc_gold_hybrid,GOLD,SELL,2026-02-13T17:05:00+00:00,2026-02-13T18:10:00+00:00,-54.189057,stop_loss,1887.057675,-374.232025
fresh_btc_gold_hybrid,GOLD,SELL,2026-02-13T19:05:00+00:00,2026-02-13T19:10:00+00:00,43.134489,take_profit,1930.192165,-331.097536
fresh_btc_gold_hybrid,BTCUSD,BUY,2026-02-14T08:00:00+00:00,2026-02-14T08:05:00+00:00,111.034354,take_profit,2041.226518,-220.063182
fresh_btc_gold_hybrid,BTCUSD,BUY,2026-02-14T08:05:00+00:00,2026-02-14T08:45:00+00:00,112.144697,take_profit,2153.371216,-107.918485
fresh_btc_gold_hybrid,BTCUSD,BUY,2026-02-14T08:45:00+00:00,2026-02-14T09:20:00+00:00,-56.633072,stop_loss,2096.738144,-164.551557
fresh_btc_gold_hybrid,BTCUSD,BUY,2026-02-15T07:15:00+00:00,2026-02-15T07:20:00+00:00,-56.349907,stop_loss,2040.388237,-220.901464
fresh_btc_gold_hybrid,BTCUSD,BUY,2026-02-16T08:20:00+00:00,2026-02-16T08:35:00+00:00,-56.068157,stop_loss,1984.32008,-276.969621
fresh_btc_gold_hybrid,BTCUSD,BUY,2026-02-16T08:40:00+00:00,2026-02-16T09:00:00+00:00,111.575633,take_profit,2095.895712,-165.393988
fresh_btc_gold_hybrid,BTCUSD,BUY,2026-02-16T09:00:00+00:00,2026-02-16T09:05:00+00:00,-56.345695,stop_loss,2039.550018,-221.739683
fresh_btc_gold_hybrid,GOLD,BUY,2026-02-16T14:50:00+00:00,2026-02-16T15:00:00+00:00,-54.133784,stop_loss,1985.416234,-275.873467
fresh_btc_gold_hybrid,GOLD,BUY,2026-02-16T15:00:00+00:00,2026-02-16T15:20:00+00:00,43.090492,take_profit,2028.506726,-232.782975
fresh_btc_gold_hybrid,GOLD,BUY,2026-02-16T15:20:00+00:00,2026-02-16T16:25:00+00:00,43.262854,take_profit,2071.76958,-189.520121
fresh_btc_gold_hybrid,BTCUSD,SELL,2026-02-17T09:10:00+00:00,2026-02-17T10:15:00+00:00,112.127932,take_profit,2183.897512,-77.392188
fresh_btc_gold_hybrid,BTCUSD,SELL,2026-02-17T10:15:00+00:00,2026-02-17T10:20:00+00:00,-56.624606,stop_loss,2127.272906,-134.016794
fresh_btc_gold_hybrid,GOLD,BUY,2026-02-17T13:15:00+00:00,2026-02-17T13:20:00+00:00,43.435905,take_profit,2170.708812,-90.580889
fresh_btc_gold_hybrid,GOLD,BUY,2026-02-17T13:55:00+00:00,2026-02-17T14:00:00+00:00,-54.512061,stop_loss,2116.19675,-145.09295
fresh_btc_gold_hybrid,GOLD,BUY,2026-02-17T14:00:00+00:00,2026-02-17T14:05:00+00:00,43.391601,take_profit,2159.588351,-101.701349
fresh_btc_gold_hybrid,BTCUSD,BUY,2026-02-18T07:40:00+00:00,2026-02-18T08:10:00+00:00,112.682966,take_profit,2272.271317,0.0
fresh_btc_gold_hybrid,BTCUSD,BUY,2026-02-18T08:10:00+00:00,2026-02-18T08:15:00+00:00,113.809795,take_profit,2386.081112,0.0
fresh_btc_gold_hybrid,BTCUSD,BUY,2026-02-18T08:15:00+00:00,2026-02-18T08:30:00+00:00,-57.473947,stop_loss,2328.607165,-57.473947
fresh_btc_gold_hybrid,GOLD,SELL,2026-02-18T13:00:00+00:00,2026-02-18T13:05:00+00:00,-54.456459,stop_loss,2274.150706,-111.930406
fresh_btc_gold_hybrid,GOLD,SELL,2026-02-18T13:05:00+00:00,2026-02-18T13:35:00+00:00,-54.184177,stop_loss,2219.96653,-166.114582
fresh_btc_gold_hybrid,GOLD,SELL,2026-02-18T13:35:00+00:00,2026-02-18T13:40:00+00:00,43.130605,take_profit,2263.097134,-122.983978
fresh_btc_gold_hybrid,BTCUSD,SELL,2026-02-19T09:45:00+00:00,2026-02-19T10:10:00+00:00,-57.186577,stop_loss,2205.910558,-180.170554
fresh_btc_gold_hybrid,BTCUSD,SELL,2026-02-19T11:35:00+00:00,2026-02-19T11:50:00+00:00,113.801288,take_profit,2319.711845,-66.369267
fresh_btc_gold_hybrid,BTCUSD,SELL,2026-02-19T11:50:00+00:00,2026-02-19T12:05:00+00:00,114.939301,take_profit,2434.651146,0.0
fresh_btc_gold_hybrid,GOLD,SELL,2026-02-19T15:30:00+00:00,2026-02-19T15:50:00+00:00,43.303127,take_profit,2477.954273,0.0
fresh_btc_gold_hybrid,GOLD,BUY,2026-02-19T18:25:00+00:00,2026-02-19T19:05:00+00:00,43.47634,take_profit,2521.430613,0.0
fresh_fx_pullback_core3,GBPJPY,BUY,2026-02-20T07:55:00+00:00,2026-02-20T08:48:00+00:00,50.0,take_profit,2571.430613,0.0
fresh_btc_gold_hybrid,BTCUSD,BUY,2026-02-20T09:00:00+00:00,2026-02-20T10:45:00+00:00,-58.044347,stop_loss,2513.386266,-58.044347
fresh_btc_gold_hybrid,BTCUSD,SELL,2026-02-20T11:55:00+00:00,2026-02-20T12:10:00+00:00,-57.754125,stop_loss,2455.632141,-115.798472
fresh_btc_gold_hybrid,GOLD,SELL,2026-02-20T13:45:00+00:00,2026-02-20T14:30:00+00:00,-54.562806,stop_loss,2401.069335,-170.361278
fresh_btc_gold_hybrid,GOLD,SELL,2026-02-20T14:40:00+00:00,2026-02-20T15:00:00+00:00,43.431994,take_profit,2444.501328,-126.929285
fresh_btc_gold_hybrid,GOLD,SELL,2026-02-20T16:30:00+00:00,2026-02-20T20:20:00+00:00,-54.507152,stop_loss,2389.994176,-181.436437
fresh_btc_gold_hybrid,BTCUSD,BUY,2026-02-21T08:10:00+00:00,2026-02-21T08:25:00+00:00,114.930709,take_profit,2504.924885,-66.505728
fresh_btc_gold_hybrid,BTCUSD,BUY,2026-02-21T08:25:00+00:00,2026-02-21T08:55:00+00:00,116.080016,take_profit,2621.004901,0.0
fresh_btc_gold_hybrid,BTCUSD,BUY,2026-02-21T08:55:00+00:00,2026-02-21T09:05:00+00:00,-58.620408,stop_loss,2562.384493,-58.620408
fresh_btc_gold_hybrid,BTCUSD,SELL,2026-02-22T08:20:00+00:00,2026-02-22T08:35:00+00:00,-58.327306,stop_loss,2504.057187,-116.947714
fresh_btc_gold_hybrid,BTCUSD,BUY,2026-02-22T10:50:00+00:00,2026-02-22T11:05:00+00:00,116.071339,take_profit,2620.128526,-0.876375
fresh_btc_gold_hybrid,BTCUSD,BUY,2026-02-22T11:05:00+00:00,2026-02-22T11:35:00+00:00,-58.616026,stop_loss,2561.5125,-59.492401
fresh_fx_pullback_core3,EURJPY,BUY,2026-02-23T07:00:00+00:00,2026-02-23T07:31:00+00:00,12.218045,trailing_stop,2573.730545,-47.274356
fresh_btc_gold_hybrid,BTCUSD,BUY,2026-02-23T09:50:00+00:00,2026-02-23T10:10:00+00:00,-58.322946,stop_loss,2515.407599,-105.597302
fresh_btc_gold_hybrid,BTCUSD,SELL,2026-02-23T11:40:00+00:00,2026-02-23T12:05:00+00:00,-58.031331,stop_loss,2457.376268,-163.628634
fresh_btc_gold_hybrid,GOLD,SELL,2026-02-23T14:30:00+00:00,2026-02-23T14:35:00+00:00,-54.234616,stop_loss,2403.141651,-217.86325
fresh_btc_gold_hybrid,GOLD,SELL,2026-02-23T14:35:00+00:00,2026-02-23T14:45:00+00:00,-53.963443,stop_loss,2349.178208,-271.826693
fresh_btc_gold_hybrid,GOLD,SELL,2026-02-23T14:45:00+00:00,2026-02-23T15:00:00+00:00,42.954901,take_profit,2392.133109,-228.871793
fresh_fx_pullback_core3,GBPJPY,BUY,2026-02-24T07:24:00+00:00,2026-02-24T07:33:00+00:00,9.019231,trailing_stop,2401.15234,-219.852562
fresh_fx_pullback_core3,EURJPY,BUY,2026-02-24T07:24:00+00:00,2026-02-24T07:35:00+00:00,4.829044,trailing_stop,2405.981384,-215.023518
fresh_fx_pullback_core3,EURJPY,BUY,2026-02-24T07:30:00+00:00,2026-02-24T07:50:00+00:00,9.531204,trailing_stop,2415.512588,-205.492314
fresh_fx_pullback_core3,GBPJPY,BUY,2026-02-24T07:28:00+00:00,2026-02-24T07:58:00+00:00,50.25,take_profit,2465.762588,-155.242314
fresh_fx_pullback_core3,EURJPY,BUY,2026-02-24T07:17:00+00:00,2026-02-24T08:21:00+00:00,50.06109,take_profit,2515.823678,-105.181224
fresh_fx_pullback_core3,GBPJPY,BUY,2026-02-24T07:17:00+00:00,2026-02-24T08:22:00+00:00,50.25,take_profit,2566.073678,-54.931224
fresh_btc_gold_hybrid,GOLD,BUY,2026-02-24T13:55:00+00:00,2026-02-24T14:10:00+00:00,-53.908401,stop_loss,2512.165277,-108.839624
fresh_btc_gold_hybrid,GOLD,BUY,2026-02-24T14:10:00+00:00,2026-02-24T14:30:00+00:00,42.911087,take_profit,2555.076364,-65.928537
fresh_btc_gold_hybrid,GOLD,SELL,2026-02-24T18:00:00+00:00,2026-02-24T18:15:00+00:00,43.082731,take_profit,2598.159095,-22.845806
fresh_btc_gold_hybrid,BTCUSD,BUY,2026-02-25T08:20:00+00:00,2026-02-25T08:35:00+00:00,115.48235,take_profit,2713.641445,0.0
fresh_btc_gold_hybrid,BTCUSD,BUY,2026-02-25T08:35:00+00:00,2026-02-25T09:10:00+00:00,116.637173,take_profit,2830.278618,0.0
fresh_btc_gold_hybrid,GOLD,BUY,2026-02-25T14:35:00+00:00,2026-02-25T14:40:00+00:00,43.255062,take_profit,2873.53368,0.0
fresh_btc_gold_hybrid,GOLD,SELL,2026-02-25T16:30:00+00:00,2026-02-25T19:05:00+00:00,43.428082,take_profit,2916.961762,0.0
fresh_btc_gold_hybrid,BTCUSD,SELL,2026-02-26T07:35:00+00:00,2026-02-26T07:50:00+00:00,117.803545,take_profit,3034.765307,0.0
fresh_btc_gold_hybrid,BTCUSD,SELL,2026-02-26T07:50:00+00:00,2026-02-26T08:10:00+00:00,-59.49079,stop_loss,2975.274517,-59.49079
fresh_btc_gold_hybrid,BTCUSD,BUY,2026-02-26T09:35:00+00:00,2026-02-26T10:30:00+00:00,-59.193336,stop_loss,2916.081181,-118.684126
fresh_btc_gold_hybrid,GOLD,BUY,2026-02-26T15:25:00+00:00,2026-02-26T15:35:00+00:00,43.601795,take_profit,2959.682976,-75.082332
fresh_btc_gold_hybrid,GOLD,SELL,2026-02-26T19:45:00+00:00,2026-02-26T19:55:00+00:00,43.776202,take_profit,3003.459177,-31.30613
fresh_fx_pullback_core3,EURJPY,BUY,2026-02-27T07:27:00+00:00,2026-02-27T07:45:00+00:00,42.973903,trailing_stop,3046.433081,0.0
fresh_btc_gold_hybrid,BTCUSD,BUY,2026-02-27T08:05:00+00:00,2026-02-27T08:15:00+00:00,-58.897369,stop_loss,2987.535711,-58.897369
fresh_btc_gold_hybrid,BTCUSD,SELL,2026-02-27T09:45:00+00:00,2026-02-27T10:10:00+00:00,117.205765,take_profit,3104.741477,0.0
fresh_btc_gold_hybrid,BTCUSD,SELL,2026-02-27T10:10:00+00:00,2026-02-27T11:15:00+00:00,118.377823,take_profit,3223.119299,0.0
fresh_btc_gold_hybrid,GOLD,SELL,2026-02-27T13:00:00+00:00,2026-02-27T13:05:00+00:00,-54.939133,stop_loss,3168.180166,-54.939133
fresh_btc_gold_hybrid,GOLD,SELL,2026-02-27T13:05:00+00:00,2026-02-27T13:15:00+00:00,-54.664438,stop_loss,3113.515728,-109.603571
fresh_btc_gold_hybrid,GOLD,SELL,2026-02-27T13:15:00+00:00,2026-02-27T13:20:00+00:00,-54.391115,stop_loss,3059.124613,-163.994687
fresh_btc_gold_hybrid,BTCUSD,SELL,2026-02-28T08:00:00+00:00,2026-02-28T08:55:00+00:00,119.561601,take_profit,3178.686214,-44.433085
fresh_btc_gold_hybrid,BTCUSD,SELL,2026-02-28T09:05:00+00:00,2026-02-28T09:10:00+00:00,-60.378609,stop_loss,3118.307605,-104.811694
fresh_btc_gold_hybrid,BTCUSD,BUY,2026-03-01T08:10:00+00:00,2026-03-01T08:20:00+00:00,-60.076716,stop_loss,3058.23089,-164.888409
fresh_btc_gold_hybrid,BTCUSD,SELL,2026-03-01T08:50:00+00:00,2026-03-01T09:00:00+00:00,-59.776332,stop_loss,2998.454558,-224.664741
fresh_btc_gold_hybrid,BTCUSD,SELL,2026-03-01T09:35:00+00:00,2026-03-01T10:10:00+00:00,-59.47745,stop_loss,2938.977108,-284.142192
fresh_btc_gold_hybrid,BTCUSD,SELL,2026-03-02T07:00:00+00:00,2026-03-02T07:05:00+00:00,118.360126,take_profit,3057.337234,-165.782066
fresh_btc_gold_hybrid,BTCUSD,SELL,2026-03-02T07:05:00+00:00,2026-03-02T07:25:00+00:00,-59.771864,stop_loss,2997.56537,-225.553929
fresh_fx_pullback_core3,GBPJPY,SELL,2026-03-02T07:48:00+00:00,2026-03-02T07:51:00+00:00,20.442935,trailing_stop,3018.008305,-205.110994
fresh_fx_pullback_core3,EURJPY,SELL,2026-03-02T07:42:00+00:00,2026-03-02T07:55:00+00:00,3.114568,trailing_stop,3021.122873,-201.996426
fresh_fx_pullback_core3,EURUSD,SELL,2026-03-02T07:49:00+00:00,2026-03-02T08:00:00+00:00,-50.0,trailing_stop,2971.122873,-251.996426
fresh_fx_pullback_core3,EURJPY,SELL,2026-03-02T07:48:00+00:00,2026-03-02T08:01:00+00:00,-50.598066,trailing_stop,2920.524807,-302.594493
fresh_fx_pullback_core3,EURJPY,SELL,2026-03-02T07:43:00+00:00,2026-03-02T08:10:00+00:00,-50.598066,trailing_stop,2869.92674,-353.192559
fresh_fx_pullback_core3,EURUSD,SELL,2026-03-02T07:45:00+00:00,2026-03-02T08:41:00+00:00,9.357542,trailing_stop,2879.284282,-343.835017
fresh_fx_pullback_core3,EURUSD,SELL,2026-03-02T07:46:00+00:00,2026-03-02T08:41:00+00:00,7.53012,trailing_stop,2886.814402,-336.304897
fresh_fx_pullback_core3,GBPJPY,SELL,2026-03-02T07:18:00+00:00,2026-03-02T08:41:00+00:00,21.781881,trailing_stop,2908.596283,-314.523016
fresh_fx_pullback_core3,GBPJPY,SELL,2026-03-02T07:20:00+00:00,2026-03-02T08:41:00+00:00,18.9223,trailing_stop,2927.518583,-295.600717
fresh_btc_gold_hybrid,BTCUSD,BUY,2026-03-02T09:10:00+00:00,2026-03-02T09:55:00+00:00,-59.473004,stop_loss,2868.045578,-355.073721
fresh_btc_gold_hybrid,GOLD,SELL,2026-03-02T13:00:00+00:00,2026-03-02T13:10:00+00:00,43.295328,take_profit,2911.340906,-311.778393
fresh_btc_gold_hybrid,GOLD,BUY,2026-03-02T14:25:00+00:00,2026-03-02T14:30:00+00:00,-54.335637,stop_loss,2857.00527,-366.11403
fresh_btc_gold_hybrid,GOLD,BUY,2026-03-02T14:30:00+00:00,2026-03-02T14:35:00+00:00,43.251167,take_profit,2900.256436,-322.862863
fresh_fx_pullback_core3,EURUSD,SELL,2026-03-03T07:35:00+00:00,2026-03-03T07:41:00+00:00,-0.0,trailing_stop,2900.256436,-322.862863
fresh_fx_pullback_core3,EURJPY,SELL,2026-03-03T07:07:00+00:00,2026-03-03T07:59:00+00:00,7.883317,trailing_stop,2908.139753,-314.979546
fresh_fx_pullback_core3,EURJPY,SELL,2026-03-03T07:35:00+00:00,2026-03-03T07:59:00+00:00,8.97124,trailing_stop,2917.110994,-306.008306
fresh_fx_pullback_core3,GBPJPY,SELL,2026-03-03T07:07:00+00:00,2026-03-03T07:59:00+00:00,11.752597,trailing_stop,2928.863591,-294.255709
fresh_fx_pullback_core3,EURUSD,SELL,2026-03-03T07:57:00+00:00,2026-03-03T08:09:00+00:00,-0.0,trailing_stop,2928.863591,-294.255709
fresh_fx_pullback_core3,GBPJPY,SELL,2026-03-03T07:08:00+00:00,2026-03-03T08:10:00+00:00,9.622159,trailing_stop,2938.485749,-284.63355
fresh_fx_pullback_core3,EURJPY,SELL,2026-03-03T07:08:00+00:00,2026-03-03T08:20:00+00:00,2.403538,trailing_stop,2940.889287,-282.230012
fresh_btc_gold_hybrid,BTCUSD,SELL,2026-03-03T08:25:00+00:00,2026-03-03T08:40:00+00:00,118.351279,take_profit,3059.240566,-163.878733
fresh_btc_gold_hybrid,BTCUSD,SELL,2026-03-03T08:40:00+00:00,2026-03-03T08:55:00+00:00,119.534791,take_profit,3178.775358,-44.343942
fresh_btc_gold_hybrid,BTCUSD,SELL,2026-03-03T08:55:00+00:00,2026-03-03T09:05:00+00:00,-60.36507,stop_loss,3118.410288,-104.709012
fresh_btc_gold_hybrid,GOLD,BUY,2026-03-03T14:40:00+00:00,2026-03-03T14:50:00+00:00,-54.280214,stop_loss,3064.130074,-158.989226
fresh_btc_gold_hybrid,GOLD,BUY,2026-03-03T14:50:00+00:00,2026-03-03T15:15:00+00:00,-54.008813,stop_loss,3010.121261,-212.998039
fresh_btc_gold_hybrid,GOLD,BUY,2026-03-03T15:15:00+00:00,2026-03-03T15:35:00+00:00,42.991015,take_profit,3053.112276,-170.007024
fresh_fx_pullback_core3,EURUSD,BUY,2026-03-04T07:26:00+00:00,2026-03-04T07:31:00+00:00,15.504047,trailing_stop,3068.616323,-154.502976
fresh_btc_gold_hybrid,BTCUSD,BUY,2026-03-04T07:25:00+00:00,2026-03-04T07:45:00+00:00,120.126489,take_profit,3188.742812,-34.376487
fresh_fx_pullback_core3,GBPJPY,BUY,2026-03-04T07:30:00+00:00,2026-03-04T07:51:00+00:00,10.369668,trailing_stop,3199.11248,-24.00682
fresh_fx_pullback_core3,EURUSD,BUY,2026-03-04T07:31:00+00:00,2026-03-04T08:02:00+00:00,-49.911959,trailing_stop,3149.200521,-73.918778
fresh_btc_gold_hybrid,BTCUSD,BUY,2026-03-04T07:45:00+00:00,2026-03-04T08:20:00+00:00,-60.663877,stop_loss,3088.536644,-134.582655
fresh_btc_gold_hybrid,BTCUSD,BUY,2026-03-04T08:40:00+00:00,2026-03-04T08:45:00+00:00,120.721115,take_profit,3209.257759,-13.86154
fresh_fx_pullback_core3,GBPJPY,BUY,2026-03-04T07:31:00+00:00,2026-03-04T09:01:00+00:00,-51.210206,trailing_stop,3158.047554,-65.071746
fresh_btc_gold_hybrid,GOLD,BUY,2026-03-04T18:10:00+00:00,2026-03-04T18:40:00+00:00,-53.953724,stop_loss,3104.09383,-119.02547
fresh_btc_gold_hybrid,BTCUSD,SELL,2026-03-05T07:50:00+00:00,2026-03-05T07:55:00+00:00,-60.964163,stop_loss,3043.129667,-179.989633
fresh_btc_gold_hybrid,BTCUSD,BUY,2026-03-05T10:20:00+00:00,2026-03-05T10:25:00+00:00,121.318684,take_profit,3164.448351,-58.670949
fresh_btc_gold_hybrid,BTCUSD,BUY,2026-03-05T10:25:00+00:00,2026-03-05T10:50:00+00:00,122.531871,take_profit,3286.980222,0.0
fresh_btc_gold_hybrid,GOLD,BUY,2026-03-05T13:15:00+00:00,2026-03-05T13:20:00+00:00,-53.683956,stop_loss,3233.296267,-53.683956
fresh_btc_gold_hybrid,GOLD,BUY,2026-03-05T13:20:00+00:00,2026-03-05T13:25:00+00:00,42.732429,take_profit,3276.028695,-10.951527
fresh_btc_gold_hybrid,GOLD,BUY,2026-03-05T13:25:00+00:00,2026-03-05T14:35:00+00:00,-53.629198,stop_loss,3222.399497,-64.580725
fresh_btc_gold_hybrid,BTCUSD,BUY,2026-03-06T07:45:00+00:00,2026-03-06T08:00:00+00:00,-61.878595,stop_loss,3160.520902,-126.45932
fresh_btc_gold_hybrid,BTCUSD,SELL,2026-03-06T09:30:00+00:00,2026-03-06T09:40:00+00:00,-61.569202,stop_loss,3098.9517,-188.028522
fresh_btc_gold_hybrid,BTCUSD,SELL,2026-03-06T11:45:00+00:00,2026-03-06T12:05:00+00:00,122.522712,take_profit,3221.474412,-65.50581
fresh_btc_gold_hybrid,GOLD,SELL,2026-03-06T15:05:00+00:00,2026-03-06T16:35:00+00:00,42.688842,take_profit,3264.163254,-22.816968
fresh_btc_gold_hybrid,GOLD,SELL,2026-03-06T18:50:00+00:00,2026-03-06T19:05:00+00:00,-53.574496,stop_loss,3210.588758,-76.391464
fresh_btc_gold_hybrid,GOLD,SELL,2026-03-06T19:05:00+00:00,2026-03-06T19:35:00+00:00,42.645299,take_profit,3253.234057,-33.746165
fresh_btc_gold_hybrid,BTCUSD,SELL,2026-03-07T08:00:00+00:00,2026-03-07T08:15:00+00:00,-61.87397,stop_loss,3191.360087,-95.620135
fresh_btc_gold_hybrid,BTCUSD,BUY,2026-03-07T11:10:00+00:00,2026-03-07T11:25:00+00:00,-61.5646,stop_loss,3129.795487,-157.184735
fresh_btc_gold_hybrid,BTCUSD,BUY,2026-03-08T08:40:00+00:00,2026-03-08T09:10:00+00:00,122.513553,take_profit,3252.309041,-34.671181
fresh_btc_gold_hybrid,BTCUSD,BUY,2026-03-08T09:10:00+00:00,2026-03-08T10:15:00+00:00,123.738689,take_profit,3376.04773,0.0
fresh_btc_gold_hybrid,BTCUSD,BUY,2026-03-08T10:15:00+00:00,2026-03-08T10:25:00+00:00,124.976076,take_profit,3501.023805,0.0
fresh_btc_gold_hybrid,BTCUSD,SELL,2026-03-09T07:15:00+00:00,2026-03-09T07:20:00+00:00,-63.112918,stop_loss,3437.910887,-63.112918
fresh_btc_gold_hybrid,BTCUSD,BUY,2026-03-09T08:20:00+00:00,2026-03-09T09:30:00+00:00,125.594707,take_profit,3563.505594,0.0
fresh_btc_gold_hybrid,BTCUSD,BUY,2026-03-09T09:30:00+00:00,2026-03-09T09:55:00+00:00,-63.425327,stop_loss,3500.080267,-63.425327
fresh_btc_gold_hybrid,GOLD,SELL,2026-03-09T18:30:00+00:00,2026-03-09T18:40:00+00:00,-53.51985,stop_loss,3446.560417,-116.945177
fresh_btc_gold_hybrid,GOLD,SELL,2026-03-09T18:40:00+00:00,2026-03-09T18:55:00+00:00,-53.252251,stop_loss,3393.308166,-170.197428
fresh_btc_gold_hybrid,GOLD,SELL,2026-03-09T18:55:00+00:00,2026-03-09T19:15:00+00:00,-52.98599,stop_loss,3340.322177,-223.183418
fresh_fx_pullback_core3,EURUSD,BUY,2026-03-10T07:23:00+00:00,2026-03-10T07:45:00+00:00,49.662399,take_profit,3389.984575,-173.521019
fresh_fx_pullback_core3,EURUSD,BUY,2026-03-10T07:24:00+00:00,2026-03-10T07:45:00+00:00,49.662399,take_profit,3439.646974,-123.85862
fresh_fx_pullback_core3,EURUSD,BUY,2026-03-10T07:25:00+00:00,2026-03-10T07:49:00+00:00,49.662399,take_profit,3489.309373,-74.196222
fresh_fx_pullback_core3,EURJPY,BUY,2026-03-10T07:50:00+00:00,2026-03-10T08:20:00+00:00,9.94299,trailing_stop,3499.252363,-64.253232
fresh_fx_pullback_core3,EURJPY,BUY,2026-03-10T07:51:00+00:00,2026-03-10T08:42:00+00:00,50.203949,take_profit,3549.456312,-14.049283
fresh_btc_gold_hybrid,BTCUSD,BUY,2026-03-10T08:05:00+00:00,2026-03-10T08:50:00+00:00,-63.108201,stop_loss,3486.348111,-77.157483
fresh_btc_gold_hybrid,BTCUSD,BUY,2026-03-10T09:20:00+00:00,2026-03-10T09:45:00+00:00,-62.79266,stop_loss,3423.555452,-139.950143
fresh_btc_gold_hybrid,GOLD,SELL,2026-03-10T13:05:00+00:00,2026-03-10T13:15:00+00:00,-52.72106,stop_loss,3370.834392,-192.671202
fresh_btc_gold_hybrid,GOLD,SELL,2026-03-10T13:15:00+00:00,2026-03-10T13:25:00+00:00,-52.457454,stop_loss,3318.376938,-245.128657
fresh_btc_gold_hybrid,GOLD,SELL,2026-03-10T13:25:00+00:00,2026-03-10T13:30:00+00:00,41.756134,take_profit,3360.133071,-203.372523
fresh_btc_gold_hybrid,BTCUSD,SELL,2026-03-11T08:25:00+00:00,2026-03-11T08:30:00+00:00,-62.478696,stop_loss,3297.654375,-265.851219
fresh_fx_pullback_core3,EURUSD,SELL,2026-03-11T07:57:00+00:00,2026-03-11T08:42:00+00:00,12.869958,trailing_stop,3310.524333,-252.981261
fresh_btc_gold_hybrid,BTCUSD,SELL,2026-03-11T11:50:00+00:00,2026-03-11T12:00:00+00:00,124.332606,take_profit,3434.856938,-128.648656
fresh_btc_gold_hybrid,GOLD,BUY,2026-03-11T16:05:00+00:00,2026-03-11T16:35:00+00:00,41.923158,take_profit,3476.780097,-86.725498
fresh_btc_gold_hybrid,BTCUSD,BUY,2026-03-12T09:40:00+00:00,2026-03-12T09:45:00+00:00,-62.787966,stop_loss,3413.992131,-149.513463
fresh_btc_gold_hybrid,BTCUSD,BUY,2026-03-12T11:35:00+00:00,2026-03-12T11:50:00+00:00,-62.474026,stop_loss,3351.518105,-211.987489
fresh_btc_gold_hybrid,GOLD,BUY,2026-03-12T13:50:00+00:00,2026-03-12T14:00:00+00:00,42.090851,take_profit,3393.608956,-169.896639
fresh_btc_gold_hybrid,GOLD,BUY,2026-03-12T14:30:00+00:00,2026-03-12T15:00:00+00:00,-52.824018,stop_loss,3340.784938,-222.720656
fresh_btc_gold_hybrid,GOLD,BUY,2026-03-12T15:10:00+00:00,2026-03-12T16:20:00+00:00,42.047918,take_profit,3382.832856,-180.672738
fresh_fx_pullback_core3,EURJPY,SELL,2026-03-13T07:00:00+00:00,2026-03-13T07:18:00+00:00,10.583702,trailing_stop,3393.416558,-170.089036
fresh_fx_pullback_core3,EURUSD,SELL,2026-03-13T07:00:00+00:00,2026-03-13T07:35:00+00:00,14.519252,trailing_stop,3407.93581,-155.569784
fresh_fx_pullback_core3,EURUSD,SELL,2026-03-13T07:06:00+00:00,2026-03-13T07:35:00+00:00,6.605355,trailing_stop,3414.541165,-148.96443
fresh_fx_pullback_core3,EURJPY,SELL,2026-03-13T07:02:00+00:00,2026-03-13T07:42:00+00:00,50.504684,take_profit,3465.045848,-98.459746
fresh_fx_pullback_core3,EURJPY,SELL,2026-03-13T07:06:00+00:00,2026-03-13T07:44:00+00:00,50.504684,take_profit,3515.550532,-47.955062
fresh_fx_pullback_core3,EURUSD,SELL,2026-03-13T07:21:00+00:00,2026-03-13T07:47:00+00:00,27.784917,trailing_stop,3543.335449,-20.170145
fresh_fx_pullback_core3,GBPJPY,SELL,2026-03-13T07:50:00+00:00,2026-03-13T08:00:00+00:00,3.02578,trailing_stop,3546.361229,-17.144365
fresh_fx_pullback_core3,GBPJPY,SELL,2026-03-13T07:06:00+00:00,2026-03-13T08:03:00+00:00,51.006003,take_profit,3597.367232,0.0
fresh_fx_pullback_core3,GBPJPY,SELL,2026-03-13T07:44:00+00:00,2026-03-13T08:03:00+00:00,51.006003,take_profit,3648.373235,0.0
fresh_btc_gold_hybrid,BTCUSD,BUY,2026-03-13T08:30:00+00:00,2026-03-13T08:35:00+00:00,124.323312,take_profit,3772.696547,0.0
fresh_btc_gold_hybrid,BTCUSD,BUY,2026-03-13T08:35:00+00:00,2026-03-13T08:45:00+00:00,-62.783272,stop_loss,3709.913274,-62.783272
fresh_btc_gold_hybrid,BTCUSD,BUY,2026-03-13T10:00:00+00:00,2026-03-13T10:15:00+00:00,124.938712,take_profit,3834.851986,0.0
fresh_btc_gold_hybrid,GOLD,SELL,2026-03-13T13:00:00+00:00,2026-03-13T13:10:00+00:00,42.21611,take_profit,3877.068096,0.0
fresh_btc_gold_hybrid,GOLD,BUY,2026-03-13T14:50:00+00:00,2026-03-13T14:55:00+00:00,-52.981218,stop_loss,3824.086878,-52.981218
fresh_btc_gold_hybrid,GOLD,BUY,2026-03-13T14:55:00+00:00,2026-03-13T15:05:00+00:00,42.173049,take_profit,3866.259928,-10.808168
fresh_btc_gold_hybrid,BTCUSD,SELL,2026-03-14T07:00:00+00:00,2026-03-14T09:45:00+00:00,126.188099,take_profit,3992.448027,0.0
fresh_btc_gold_hybrid,BTCUSD,SELL,2026-03-14T09:45:00+00:00,2026-03-14T09:50:00+00:00,-63.72499,stop_loss,3928.723037,-63.72499
fresh_btc_gold_hybrid,BTCUSD,BUY,2026-03-15T08:55:00+00:00,2026-03-15T09:00:00+00:00,126.81273,take_profit,4055.535767,0.0
fresh_btc_gold_hybrid,BTCUSD,BUY,2026-03-15T09:00:00+00:00,2026-03-15T09:35:00+00:00,-64.040429,stop_loss,3991.495338,-64.040429
fresh_fx_pullback_core3,GBPJPY,SELL,2026-03-16T07:14:00+00:00,2026-03-16T07:41:00+00:00,6.017115,trailing_stop,3997.512453,-58.023314
fresh_btc_gold_hybrid,BTCUSD,BUY,2026-03-16T10:50:00+00:00,2026-03-16T11:00:00+00:00,127.440453,take_profit,4124.952907,0.0
fresh_btc_gold_hybrid,GOLD,SELL,2026-03-16T13:15:00+00:00,2026-03-16T13:30:00+00:00,42.341742,take_profit,4167.294648,0.0
fresh_btc_gold_hybrid,GOLD,BUY,2026-03-16T16:25:00+00:00,2026-03-16T16:40:00+00:00,42.511109,take_profit,4209.805757,0.0
fresh_btc_gold_hybrid,GOLD,SELL,2026-03-16T18:45:00+00:00,2026-03-16T19:05:00+00:00,42.681153,take_profit,4252.48691,0.0
fresh_btc_gold_hybrid,BTCUSD,SELL,2026-03-17T09:50:00+00:00,2026-03-17T10:05:00+00:00,128.714858,take_profit,4381.201768,0.0
fresh_btc_gold_hybrid,BTCUSD,SELL,2026-03-17T10:05:00+00:00,2026-03-17T10:25:00+00:00,-65.001003,stop_loss,4316.200765,-65.001003
fresh_btc_gold_hybrid,BTCUSD,SELL,2026-03-18T07:30:00+00:00,2026-03-18T07:50:00+00:00,-64.675998,stop_loss,4251.524766,-129.677001
fresh_fx_pullback_core3,EURJPY,SELL,2026-03-18T07:46:00+00:00,2026-03-18T08:34:00+00:00,-51.062649,trailing_stop,4200.462117,-180.739651
fresh_fx_pullback_core3,EURJPY,SELL,2026-03-18T07:44:00+00:00,2026-03-18T08:44:00+00:00,-51.062649,trailing_stop,4149.399468,-231.8023
fresh_btc_gold_hybrid,BTCUSD,BUY,2026-03-18T09:35:00+00:00,2026-03-18T09:50:00+00:00,-64.352618,stop_loss,4085.04685,-296.154918
fresh_btc_gold_hybrid,BTCUSD,SELL,2026-03-18T10:40:00+00:00,2026-03-18T11:10:00+00:00,-64.030855,stop_loss,4021.015995,-360.185773
fresh_btc_gold_hybrid,GOLD,BUY,2026-03-18T13:00:00+00:00,2026-03-18T13:15:00+00:00,-53.564847,stop_loss,3967.451148,-413.75062
fresh_btc_gold_hybrid,GOLD,BUY,2026-03-18T13:15:00+00:00,2026-03-18T13:35:00+00:00,42.637618,take_profit,4010.088766,-371.113002
fresh_btc_gold_hybrid,GOLD,BUY,2026-03-18T18:45:00+00:00,2026-03-18T18:55:00+00:00,-53.510211,stop_loss,3956.578555,-424.623213
fresh_fx_pullback_core3,GBPJPY,SELL,2026-03-19T07:07:00+00:00,2026-03-19T07:08:00+00:00,1.680727,trailing_stop,3958.259282,-422.942486
fresh_btc_gold_hybrid,BTCUSD,SELL,2026-03-19T07:00:00+00:00,2026-03-19T07:10:00+00:00,127.421402,take_profit,4085.680684,-295.521084
fresh_btc_gold_hybrid,BTCUSD,SELL,2026-03-19T07:10:00+00:00,2026-03-19T07:20:00+00:00,128.695616,take_profit,4214.376299,-166.825469
fresh_btc_gold_hybrid,BTCUSD,SELL,2026-03-19T07:20:00+00:00,2026-03-19T07:25:00+00:00,-64.991286,stop_loss,4149.385013,-231.816754
fresh_fx_pullback_core3,EURJPY,SELL,2026-03-19T07:31:00+00:00,2026-03-19T07:57:00+00:00,50.552023,take_profit,4199.937036,-181.264732
fresh_fx_pullback_core3,GBPJPY,SELL,2026-03-19T07:56:00+00:00,2026-03-19T08:04:00+00:00,51.569681,take_profit,4251.506717,-129.695051
fresh_fx_pullback_core3,GBPJPY,SELL,2026-03-19T07:57:00+00:00,2026-03-19T08:10:00+00:00,51.569681,take_profit,4303.076398,-78.12537
fresh_fx_pullback_core3,EURJPY,SELL,2026-03-19T07:57:00+00:00,2026-03-19T08:13:00+00:00,50.804783,take_profit,4353.881181,-27.320587
fresh_fx_pullback_core3,EURUSD,SELL,2026-03-19T07:57:00+00:00,2026-03-19T08:15:00+00:00,0.667319,trailing_stop,4354.548499,-26.653268
fresh_btc_gold_hybrid,GOLD,BUY,2026-03-19T13:00:00+00:00,2026-03-19T13:25:00+00:00,42.594128,take_profit,4397.142627,0.0
fresh_btc_gold_hybrid,GOLD,BUY,2026-03-19T17:10:00+00:00,2026-03-19T17:15:00+00:00,42.764504,take_profit,4439.907132,0.0
fresh_fx_pullback_core3,EURJPY,BUY,2026-03-20T07:06:00+00:00,2026-03-20T07:32:00+00:00,8.583161,trailing_stop,4448.490293,0.0
fresh_fx_pullback_core3,EURJPY,BUY,2026-03-20T07:07:00+00:00,2026-03-20T07:48:00+00:00,5.393536,trailing_stop,4453.883829,0.0
fresh_btc_gold_hybrid,BTCUSD,BUY,2026-03-20T07:35:00+00:00,2026-03-20T08:05:00+00:00,129.332659,take_profit,4583.216488,0.0
fresh_fx_pullback_core3,EURJPY,BUY,2026-03-20T07:08:00+00:00,2026-03-20T08:59:00+00:00,22.134912,trailing_stop,4605.3514,0.0
fresh_btc_gold_hybrid,BTCUSD,BUY,2026-03-20T08:05:00+00:00,2026-03-20T09:00:00+00:00,-65.312993,stop_loss,4540.038407,-65.312993
fresh_fx_pullback_core3,GBPJPY,BUY,2026-03-20T07:46:00+00:00,2026-03-20T10:00:00+00:00,-52.085378,trailing_stop,4487.95303,-117.398371
fresh_btc_gold_hybrid,GOLD,BUY,2026-03-20T13:30:00+00:00,2026-03-20T13:35:00+00:00,42.935562,take_profit,4530.888592,-74.462808
fresh_btc_gold_hybrid,GOLD,BUY,2026-03-20T13:50:00+00:00,2026-03-20T14:10:00+00:00,-53.884131,stop_loss,4477.004461,-128.346939
fresh_btc_gold_hybrid,GOLD,BUY,2026-03-20T14:10:00+00:00,2026-03-20T14:20:00+00:00,-53.61471,stop_loss,4423.389751,-181.961649
fresh_btc_gold_hybrid,BTCUSD,BUY,2026-03-21T07:25:00+00:00,2026-03-21T07:30:00+00:00,-64.986428,stop_loss,4358.403323,-246.948077
fresh_btc_gold_hybrid,BTCUSD,SELL,2026-03-22T07:35:00+00:00,2026-03-22T07:50:00+00:00,-64.661496,stop_loss,4293.741827,-311.609573
fresh_btc_gold_hybrid,BTCUSD,SELL,2026-03-22T07:55:00+00:00,2026-03-22T08:00:00+00:00,128.676376,take_profit,4422.418204,-182.933196
fresh_btc_gold_hybrid,BTCUSD,SELL,2026-03-22T08:00:00+00:00,2026-03-22T08:10:00+00:00,-64.98157,stop_loss,4357.436634,-247.914766
fresh_btc_gold_hybrid,BTCUSD,SELL,2026-03-23T07:00:00+00:00,2026-03-23T07:05:00+00:00,-64.656662,stop_loss,4292.779972,-312.571429
fresh_btc_gold_hybrid,BTCUSD,BUY,2026-03-23T11:05:00+00:00,2026-03-23T11:10:00+00:00,-64.333379,stop_loss,4228.446593,-376.904807
fresh_btc_gold_hybrid,GOLD,SELL,2026-03-23T13:10:00+00:00,2026-03-23T13:25:00+00:00,42.677309,take_profit,4271.123902,-334.227498
fresh_btc_gold_hybrid,GOLD,SELL,2026-03-23T14:25:00+00:00,2026-03-23T14:50:00+00:00,42.848019,take_profit,4313.97192,-291.37948
fresh_fx_pullback_core3,EURJPY,BUY,2026-03-24T07:04:00+00:00,2026-03-24T07:10:00+00:00,6.48465,trailing_stop,4320.45657,-284.89483
fresh_fx_pullback_core3,EURUSD,BUY,2026-03-24T07:09:00+00:00,2026-03-24T07:10:00+00:00,2.519184,trailing_stop,4322.975754,-282.375646
fresh_btc_gold_hybrid,BTCUSD,BUY,2026-03-24T07:05:00+00:00,2026-03-24T07:20:00+00:00,128.023424,take_profit,4450.999178,-154.352222
fresh_btc_gold_hybrid,BTCUSD,BUY,2026-03-24T07:50:00+00:00,2026-03-24T07:55:00+00:00,129.303658,take_profit,4580.302837,-25.048564
fresh_btc_gold_hybrid,BTCUSD,BUY,2026-03-24T07:55:00+00:00,2026-03-24T08:00:00+00:00,-65.298347,stop_loss,4515.004489,-90.346911
fresh_fx_pullback_core3,GBPJPY,BUY,2026-03-24T07:09:00+00:00,2026-03-24T08:04:00+00:00,-51.824951,trailing_stop,4463.179538,-142.171862
fresh_fx_pullback_core3,GBPJPY,BUY,2026-03-24T07:10:00+00:00,2026-03-24T08:04:00+00:00,-51.824951,trailing_stop,4411.354587,-193.996813
fresh_fx_pullback_core3,EURUSD,BUY,2026-03-24T07:10:00+00:00,2026-03-24T08:50:00+00:00,-50.732165,trailing_stop,4360.622423,-244.728977
fresh_fx_pullback_core3,EURUSD,BUY,2026-03-24T07:12:00+00:00,2026-03-24T08:50:00+00:00,-50.732165,trailing_stop,4309.890258,-295.461142
fresh_fx_pullback_core3,GBPJPY,BUY,2026-03-25T07:52:00+00:00,2026-03-25T08:04:00+00:00,51.306701,take_profit,4361.196959,-244.154441
fresh_fx_pullback_core3,GBPJPY,BUY,2026-03-25T07:55:00+00:00,2026-03-25T08:06:00+00:00,13.758222,trailing_stop,4374.955181,-230.396219
fresh_fx_pullback_core3,EURJPY,BUY,2026-03-25T07:52:00+00:00,2026-03-25T08:16:00+00:00,-51.271788,trailing_stop,4323.683393,-281.668007
fresh_fx_pullback_core3,GBPJPY,BUY,2026-03-25T07:56:00+00:00,2026-03-25T08:23:00+00:00,0.185446,trailing_stop,4323.868839,-281.482561
fresh_btc_gold_hybrid,BTCUSD,BUY,2026-03-25T08:30:00+00:00,2026-03-25T08:35:00+00:00,-64.971856,stop_loss,4258.896983,-346.454417
fresh_btc_gold_hybrid,BTCUSD,BUY,2026-03-25T10:45:00+00:00,2026-03-25T11:20:00+00:00,129.293993,take_profit,4388.190976,-217.160424
fresh_btc_gold_hybrid,BTCUSD,BUY,2026-03-25T11:20:00+00:00,2026-03-25T11:25:00+00:00,130.586933,take_profit,4518.777909,-86.573491
fresh_btc_gold_hybrid,GOLD,BUY,2026-03-25T19:05:00+00:00,2026-03-25T19:10:00+00:00,-53.774263,stop_loss,4465.003646,-140.347754
fresh_btc_gold_hybrid,GOLD,BUY,2026-03-25T19:10:00+00:00,2026-03-25T19:40:00+00:00,42.804314,take_profit,4507.807959,-97.543441
fresh_btc_gold_hybrid,GOLD,BUY,2026-03-25T19:45:00+00:00,2026-03-25T19:55:00+00:00,42.975531,take_profit,4550.78349,-54.56791
fresh_fx_pullback_core3,GBPJPY,SELL,2026-03-26T07:11:00+00:00,2026-03-26T07:20:00+00:00,1.552871,trailing_stop,4552.336361,-53.015039
fresh_btc_gold_hybrid,BTCUSD,SELL,2026-03-26T09:30:00+00:00,2026-03-26T09:55:00+00:00,-65.946401,stop_loss,4486.38996,-118.96144
fresh_btc_gold_hybrid,BTCUSD,SELL,2026-03-26T11:20:00+00:00,2026-03-26T11:40:00+00:00,-65.616669,stop_loss,4420.773291,-184.578109
fresh_btc_gold_hybrid,GOLD,BUY,2026-03-26T16:20:00+00:00,2026-03-26T16:30:00+00:00,-53.934291,stop_loss,4366.839,-238.512401
fresh_btc_gold_hybrid,GOLD,BUY,2026-03-26T16:30:00+00:00,2026-03-26T16:35:00+00:00,-53.66462,stop_loss,4313.17438,-292.17702
fresh_btc_gold_hybrid,GOLD,BUY,2026-03-26T16:35:00+00:00,2026-03-26T17:00:00+00:00,42.717037,take_profit,4355.891417,-249.459983
fresh_btc_gold_hybrid,BTCUSD,BUY,2026-03-27T07:15:00+00:00,2026-03-27T07:30:00+00:00,-65.288586,stop_loss,4290.602831,-314.748569
fresh_fx_pullback_core3,EURUSD,SELL,2026-03-27T07:21:00+00:00,2026-03-27T07:47:00+00:00,14.220287,trailing_stop,4304.823118,-300.528282
fresh_btc_gold_hybrid,BTCUSD,SELL,2026-03-27T07:55:00+00:00,2026-03-27T08:25:00+00:00,129.924286,take_profit,4434.747404,-170.603996
fresh_btc_gold_hybrid,BTCUSD,SELL,2026-03-27T08:25:00+00:00,2026-03-27T08:35:00+00:00,131.223528,take_profit,4565.970932,-39.380468
fresh_btc_gold_hybrid,GOLD,SELL,2026-03-27T14:45:00+00:00,2026-03-27T14:50:00+00:00,-53.609882,stop_loss,4512.36105,-92.99035
fresh_btc_gold_hybrid,GOLD,SELL,2026-03-27T14:50:00+00:00,2026-03-27T14:55:00+00:00,-53.341832,stop_loss,4459.019218,-146.332182
fresh_btc_gold_hybrid,GOLD,SELL,2026-03-27T14:55:00+00:00,2026-03-27T15:10:00+00:00,-53.075123,stop_loss,4405.944095,-199.407305
fresh_btc_gold_hybrid,BTCUSD,BUY,2026-03-28T07:00:00+00:00,2026-03-28T07:55:00+00:00,132.535764,take_profit,4538.479859,-66.871542
fresh_btc_gold_hybrid,BTCUSD,BUY,2026-03-28T07:55:00+00:00,2026-03-28T08:00:00+00:00,-66.930561,stop_loss,4471.549298,-133.802102
fresh_btc_gold_hybrid,BTCUSD,SELL,2026-03-28T10:35:00+00:00,2026-03-28T10:45:00+00:00,-66.595908,stop_loss,4404.95339,-200.39801
fresh_btc_gold_hybrid,BTCUSD,SELL,2026-03-29T09:30:00+00:00,2026-03-29T09:40:00+00:00,-66.262928,stop_loss,4338.690462,-266.660938
fresh_btc_gold_hybrid,BTCUSD,SELL,2026-03-29T10:05:00+00:00,2026-03-29T10:35:00+00:00,131.863227,take_profit,4470.553689,-134.797711
fresh_btc_gold_hybrid,BTCUSD,BUY,2026-03-29T11:05:00+00:00,2026-03-29T11:40:00+00:00,133.18186,take_profit,4603.735549,-1.615851
fresh_fx_pullback_core3,GBPJPY,SELL,2026-03-30T07:17:00+00:00,2026-03-30T07:24:00+00:00,51.640718,take_profit,4655.376266,0.0
fresh_fx_pullback_core3,EURJPY,SELL,2026-03-30T07:17:00+00:00,2026-03-30T07:25:00+00:00,51.015429,take_profit,4706.391695,0.0
fresh_fx_pullback_core3,GBPJPY,SELL,2026-03-30T07:12:00+00:00,2026-03-30T07:25:00+00:00,51.640718,take_profit,4758.032413,0.0
fresh_fx_pullback_core3,GBPJPY,SELL,2026-03-30T07:14:00+00:00,2026-03-30T07:55:00+00:00,19.947858,trailing_stop,4777.980271,0.0
fresh_fx_pullback_core3,EURJPY,SELL,2026-03-30T07:19:00+00:00,2026-03-30T07:56:00+00:00,9.373659,trailing_stop,4787.35393,0.0
fresh_fx_pullback_core3,EURJPY,SELL,2026-03-30T07:20:00+00:00,2026-03-30T07:57:00+00:00,1.39133,trailing_stop,4788.74526,0.0
fresh_btc_gold_hybrid,BTCUSD,BUY,2026-03-30T07:55:00+00:00,2026-03-30T08:05:00+00:00,134.513678,take_profit,4923.258938,0.0
fresh_fx_pullback_core3,EURUSD,SELL,2026-03-30T07:39:00+00:00,2026-03-30T08:29:00+00:00,2.173282,trailing_stop,4925.43222,0.0
fresh_btc_gold_hybrid,BTCUSD,BUY,2026-03-30T08:05:00+00:00,2026-03-30T08:55:00+00:00,-67.929408,stop_loss,4857.502812,-67.929408
fresh_btc_gold_hybrid,BTCUSD,BUY,2026-03-30T11:25:00+00:00,2026-03-30T11:30:00+00:00,-67.58976,stop_loss,4789.913052,-135.519168
fresh_btc_gold_hybrid,GOLD,BUY,2026-03-30T18:50:00+00:00,2026-03-30T19:00:00+00:00,-52.809748,stop_loss,4737.103304,-188.328916
fresh_btc_gold_hybrid,GOLD,BUY,2026-03-30T19:00:00+00:00,2026-03-30T19:30:00+00:00,42.036559,take_profit,4779.139863,-146.292356
fresh_btc_gold_hybrid,BTCUSD,SELL,2026-03-31T07:15:00+00:00,2026-03-31T07:20:00+00:00,-67.251812,stop_loss,4711.888052,-213.544168
fresh_btc_gold_hybrid,BTCUSD,SELL,2026-03-31T08:35:00+00:00,2026-03-31T08:45:00+00:00,133.831105,take_profit,4845.719157,-79.713063
fresh_btc_gold_hybrid,BTCUSD,SELL,2026-03-31T09:15:00+00:00,2026-03-31T09:55:00+00:00,135.169416,take_profit,4980.888573,0.0
fresh_btc_gold_hybrid,GOLD,SELL,2026-03-31T13:55:00+00:00,2026-03-31T14:00:00+00:00,-52.755882,stop_loss,4928.132692,-52.755882
fresh_btc_gold_hybrid,GOLD,SELL,2026-03-31T14:00:00+00:00,2026-03-31T14:55:00+00:00,41.993682,take_profit,4970.126373,-10.7622
fresh_btc_gold_hybrid,GOLD,SELL,2026-03-31T17:00:00+00:00,2026-03-31T17:45:00+00:00,-52.702071,stop_loss,4917.424303,-63.464271
fresh_fx_pullback_core3,EURJPY,BUY,2026-04-01T07:58:00+00:00,2026-04-01T10:55:00+00:00,1.11899,trailing_stop,4918.543293,-62.345281
fresh_btc_gold_hybrid,BTCUSD,BUY,2026-04-01T11:50:00+00:00,2026-04-01T12:00:00+00:00,-68.260555,stop_loss,4850.282737,-130.605836
fresh_btc_gold_hybrid,GOLD,SELL,2026-04-01T14:50:00+00:00,2026-04-01T15:40:00+00:00,-52.43856,stop_loss,4797.844177,-183.044396
fresh_btc_gold_hybrid,GOLD,SELL,2026-04-01T15:40:00+00:00,2026-04-01T17:55:00+00:00,41.741094,take_profit,4839.585271,-141.303302
fresh_btc_gold_hybrid,BTCUSD,SELL,2026-04-02T08:40:00+00:00,2026-04-02T09:00:00+00:00,135.838505,take_profit,4975.423776,-5.464797
fresh_btc_gold_hybrid,BTCUSD,SELL,2026-04-02T09:05:00+00:00,2026-04-02T09:10:00+00:00,-68.598445,stop_loss,4906.825331,-74.063242
fresh_btc_gold_hybrid,BTCUSD,SELL,2026-04-02T10:10:00+00:00,2026-04-02T10:20:00+00:00,-68.255453,stop_loss,4838.569878,-142.318695
fresh_btc_gold_hybrid,GOLD,SELL,2026-04-02T14:20:00+00:00,2026-04-02T15:50:00+00:00,41.908058,take_profit,4880.477937,-100.410637
fresh_btc_gold_hybrid,GOLD,SELL,2026-04-02T18:55:00+00:00,2026-04-02T19:05:00+00:00,-52.594613,stop_loss,4827.883323,-153.00525
fresh_btc_gold_hybrid,GOLD,SELL,2026-04-02T19:05:00+00:00,2026-04-02T19:15:00+00:00,41.865312,take_profit,4869.748636,-111.139938
fresh_btc_gold_hybrid,BTCUSD,BUY,2026-04-03T07:05:00+00:00,2026-04-03T07:10:00+00:00,-67.914175,stop_loss,4801.83446,-179.054113
fresh_btc_gold_hybrid,BTCUSD,BUY,2026-04-03T07:25:00+00:00,2026-04-03T07:35:00+00:00,135.149209,take_profit,4936.983669,-43.904904
fresh_btc_gold_hybrid,BTCUSD,BUY,2026-04-03T08:05:00+00:00,2026-04-03T08:15:00+00:00,-68.250351,stop_loss,4868.733319,-112.155255
fresh_btc_gold_hybrid,BTCUSD,BUY,2026-04-04T07:00:00+00:00,2026-04-04T07:20:00+00:00,-67.909099,stop_loss,4800.82422,-180.064354
fresh_btc_gold_hybrid,BTCUSD,BUY,2026-04-04T10:35:00+00:00,2026-04-04T10:40:00+00:00,135.139107,take_profit,4935.963326,-44.925247
fresh_btc_gold_hybrid,BTCUSD,BUY,2026-04-04T10:40:00+00:00,2026-04-04T10:45:00+00:00,136.490498,take_profit,5072.453824,0.0
fresh_fx_pullback_core3,GBPJPY,BUY,2026-04-06T07:20:00+00:00,2026-04-06T07:36:00+00:00,52.256864,take_profit,5124.710688,0.0
fresh_fx_pullback_core3,EURUSD,BUY,2026-04-06T07:42:00+00:00,2026-04-06T07:52:00+00:00,50.306811,take_profit,5175.017499,0.0
fresh_fx_pullback_core3,GBPJPY,BUY,2026-04-06T07:36:00+00:00,2026-04-06T07:55:00+00:00,21.125721,trailing_stop,5196.143221,0.0
fresh_fx_pullback_core3,EURJPY,BUY,2026-04-06T07:36:00+00:00,2026-04-06T07:56:00+00:00,17.31612,trailing_stop,5213.45934,0.0
fresh_fx_pullback_core3,EURUSD,BUY,2026-04-06T07:46:00+00:00,2026-04-06T08:06:00+00:00,12.208963,trailing_stop,5225.668303,0.0
fresh_fx_pullback_core3,EURJPY,BUY,2026-04-06T07:53:00+00:00,2026-04-06T08:07:00+00:00,-51.329926,trailing_stop,5174.338377,-51.329926
fresh_fx_pullback_core3,EURUSD,BUY,2026-04-06T07:47:00+00:00,2026-04-06T08:07:00+00:00,2.9125,trailing_stop,5177.250877,-48.417426
fresh_btc_gold_hybrid,BTCUSD,BUY,2026-04-06T08:30:00+00:00,2026-04-06T09:10:00+00:00,137.855403,take_profit,5315.106279,0.0
fresh_btc_gold_hybrid,BTCUSD,BUY,2026-04-06T09:10:00+00:00,2026-04-06T09:15:00+00:00,139.233957,take_profit,5454.340236,0.0
fresh_btc_gold_hybrid,BTCUSD,BUY,2026-04-06T09:15:00+00:00,2026-04-06T09:20:00+00:00,140.626296,take_profit,5594.966533,0.0
fresh_fx_pullback_core3,GBPJPY,BUY,2026-04-06T07:52:00+00:00,2026-04-06T11:20:00+00:00,-52.518148,trailing_stop,5542.448384,-52.518148
fresh_btc_gold_hybrid,BTCUSD,BUY,2026-04-07T09:05:00+00:00,2026-04-07T09:10:00+00:00,-71.01628,stop_loss,5471.432105,-123.534428
fresh_btc_gold_hybrid,BTCUSD,SELL,2026-04-07T10:25:00+00:00,2026-04-07T10:35:00+00:00,141.322397,take_profit,5612.754501,0.0
fresh_btc_gold_hybrid,BTCUSD,SELL,2026-04-07T10:35:00+00:00,2026-04-07T10:50:00+00:00,142.735621,take_profit,5755.490122,0.0
fresh_btc_gold_hybrid,GOLD,BUY,2026-04-07T14:05:00+00:00,2026-04-07T14:20:00+00:00,42.032773,take_profit,5797.522895,0.0
fresh_btc_gold_hybrid,GOLD,SELL,2026-04-07T18:25:00+00:00,2026-04-07T18:45:00+00:00,42.200904,take_profit,5839.7238,0.0
fresh_btc_gold_hybrid,GOLD,BUY,2026-04-08T14:30:00+00:00,2026-04-08T14:40:00+00:00,42.369708,take_profit,5882.093508,0.0
fresh_btc_gold_hybrid,GOLD,BUY,2026-04-08T14:55:00+00:00,2026-04-08T15:15:00+00:00,42.539187,take_profit,5924.632695,0.0
fresh_btc_gold_hybrid,GOLD,BUY,2026-04-08T17:45:00+00:00,2026-04-08T18:00:00+00:00,-53.38668,stop_loss,5871.246015,-53.38668
fresh_fx_pullback_core3,EURJPY,BUY,2026-04-09T07:57:00+00:00,2026-04-09T08:16:00+00:00,51.159857,take_profit,5922.405872,-2.226823
fresh_fx_pullback_core3,EURJPY,BUY,2026-04-09T07:59:00+00:00,2026-04-09T08:29:00+00:00,51.159857,take_profit,5973.565729,0.0
fresh_btc_gold_hybrid,BTCUSD,BUY,2026-04-09T08:40:00+00:00,2026-04-09T08:45:00+00:00,-72.081488,stop_loss,5901.484241,-72.081488
fresh_btc_gold_hybrid,BTCUSD,BUY,2026-04-09T09:15:00+00:00,2026-04-09T09:25:00+00:00,-71.721081,stop_loss,5829.76316,-143.802569
fresh_btc_gold_hybrid,BTCUSD,BUY,2026-04-09T09:55:00+00:00,2026-04-09T10:05:00+00:00,-71.362476,stop_loss,5758.400684,-215.165045
fresh_btc_gold_hybrid,GOLD,SELL,2026-04-09T13:30:00+00:00,2026-04-09T13:35:00+00:00,-53.119746,stop_loss,5705.280938,-268.284791
fresh_btc_gold_hybrid,GOLD,SELL,2026-04-09T13:35:00+00:00,2026-04-09T13:50:00+00:00,42.283318,take_profit,5747.564256,-226.001473
fresh_btc_gold_hybrid,GOLD,SELL,2026-04-09T14:00:00+00:00,2026-04-09T14:15:00+00:00,42.452451,take_profit,5790.016707,-183.549022
fresh_btc_gold_hybrid,BTCUSD,SELL,2026-04-10T07:00:00+00:00,2026-04-10T07:45:00+00:00,142.011326,take_profit,5932.028034,-41.537696
fresh_btc_gold_hybrid,BTCUSD,SELL,2026-04-10T07:45:00+00:00,2026-04-10T07:50:00+00:00,143.43144,take_profit,6075.459473,0.0
fresh_btc_gold_hybrid,BTCUSD,SELL,2026-04-10T07:50:00+00:00,2026-04-10T08:05:00+00:00,-72.432877,stop_loss,6003.026596,-72.432877
fresh_fx_pullback_core3,GBPJPY,BUY,2026-04-10T07:10:00+00:00,2026-04-10T09:19:00+00:00,0.720567,trailing_stop,6003.747163,-71.71231
fresh_btc_gold_hybrid,BTCUSD,SELL,2026-04-11T08:50:00+00:00,2026-04-11T09:15:00+00:00,-72.070713,stop_loss,5931.676451,-143.783023
fresh_btc_gold_hybrid,BTCUSD,SELL,2026-04-12T09:00:00+00:00,2026-04-12T09:20:00+00:00,-71.710359,stop_loss,5859.966091,-215.493382
fresh_btc_gold_hybrid,BTCUSD,SELL,2026-04-12T09:45:00+00:00,2026-04-12T10:05:00+00:00,-71.351807,stop_loss,5788.614284,-286.845189
fresh_btc_gold_hybrid,BTCUSD,SELL,2026-04-12T10:45:00+00:00,2026-04-12T10:50:00+00:00,141.990096,take_profit,5930.604381,-144.855093
fresh_btc_gold_hybrid,BTCUSD,SELL,2026-04-13T08:15:00+00:00,2026-04-13T08:25:00+00:00,-71.704999,stop_loss,5858.899382,-216.560091
fresh_btc_gold_hybrid,BTCUSD,SELL,2026-04-13T08:40:00+00:00,2026-04-13T08:55:00+00:00,-71.346474,stop_loss,5787.552908,-287.906565
fresh_btc_gold_hybrid,GOLD,SELL,2026-04-13T13:45:00+00:00,2026-04-13T13:50:00+00:00,42.622261,take_profit,5830.175169,-245.284304
fresh_btc_gold_hybrid,GOLD,SELL,2026-04-13T16:35:00+00:00,2026-04-13T16:45:00+00:00,-53.490938,stop_loss,5776.684232,-298.775242
fresh_btc_gold_hybrid,GOLD,SELL,2026-04-13T16:45:00+00:00,2026-04-13T17:05:00+00:00,42.578786,take_profit,5819.263018,-256.196455
fresh_fx_pullback_core3,EURUSD,BUY,2026-04-14T07:00:00+00:00,2026-04-14T07:02:00+00:00,29.385776,trailing_stop,5848.648794,-226.810679
fresh_fx_pullback_core3,EURUSD,BUY,2026-04-14T07:01:00+00:00,2026-04-14T07:02:00+00:00,13.754893,trailing_stop,5862.403686,-213.055787
fresh_btc_gold_hybrid,BTCUSD,BUY,2026-04-14T07:00:00+00:00,2026-04-14T07:05:00+00:00,141.979483,take_profit,6004.383169,-71.076304
fresh_btc_gold_hybrid,BTCUSD,BUY,2026-04-14T07:05:00+00:00,2026-04-14T07:10:00+00:00,-71.699639,stop_loss,5932.68353,-142.775943
fresh_fx_pullback_core3,EURUSD,BUY,2026-04-14T07:05:00+00:00,2026-04-14T12:01:00+00:00,3.732085,trailing_stop,5936.415615,-139.043858
fresh_btc_gold_hybrid,GOLD,SELL,2026-04-14T14:05:00+00:00,2026-04-14T14:30:00+00:00,-53.436377,stop_loss,5882.979238,-192.480235
fresh_btc_gold_hybrid,GOLD,SELL,2026-04-14T16:15:00+00:00,2026-04-14T17:05:00+00:00,-53.169195,stop_loss,5829.810043,-245.64943
fresh_btc_gold_hybrid,GOLD,SELL,2026-04-14T17:05:00+00:00,2026-04-14T17:35:00+00:00,-52.903349,stop_loss,5776.906694,-298.552779
fresh_btc_gold_hybrid,BTCUSD,SELL,2026-04-15T07:05:00+00:00,2026-04-15T07:10:00+00:00,-71.341141,stop_loss,5705.565554,-369.89392
fresh_btc_gold_hybrid,BTCUSD,SELL,2026-04-15T07:15:00+00:00,2026-04-15T07:50:00+00:00,-70.984435,stop_loss,5634.581119,-440.878355
fresh_btc_gold_hybrid,BTCUSD,SELL,2026-04-15T10:25:00+00:00,2026-04-15T10:40:00+00:00,-70.629513,stop_loss,5563.951606,-511.507867
fresh_btc_gold_hybrid,GOLD,SELL,2026-04-15T13:55:00+00:00,2026-04-15T14:00:00+00:00,42.111066,take_profit,5606.062672,-469.396801
fresh_btc_gold_hybrid,GOLD,BUY,2026-04-15T15:25:00+00:00,2026-04-15T15:30:00+00:00,-52.849388,stop_loss,5553.213284,-522.246189
fresh_btc_gold_hybrid,GOLD,BUY,2026-04-15T15:30:00+00:00,2026-04-15T15:35:00+00:00,42.068113,take_profit,5595.281397,-480.178076
fresh_btc_gold_hybrid,BTCUSD,SELL,2026-04-16T07:50:00+00:00,2026-04-16T08:00:00+00:00,-70.276365,stop_loss,5525.005032,-550.454442
fresh_btc_gold_hybrid,BTCUSD,SELL,2026-04-16T08:00:00+00:00,2026-04-16T08:20:00+00:00,-69.924983,stop_loss,5455.080049,-620.379425
fresh_btc_gold_hybrid,BTCUSD,SELL,2026-04-16T10:10:00+00:00,2026-04-16T10:25:00+00:00,-69.575358,stop_loss,5385.50469,-689.954783
fresh_btc_gold_hybrid,GOLD,BUY,2026-04-16T13:50:00+00:00,2026-04-16T14:10:00+00:00,42.236385,take_profit,5427.741075,-647.718398
fresh_btc_gold_hybrid,GOLD,BUY,2026-04-16T16:45:00+00:00,2026-04-16T17:00:00+00:00,42.405331,take_profit,5470.146406,-605.313068
fresh_btc_gold_hybrid,GOLD,BUY,2026-04-16T17:10:00+00:00,2026-04-16T17:35:00+00:00,-53.21869,stop_loss,5416.927716,-658.531758
fresh_btc_gold_hybrid,BTCUSD,BUY,2026-04-17T07:00:00+00:00,2026-04-17T08:05:00+00:00,138.454963,take_profit,5555.382679,-520.076794
fresh_btc_gold_hybrid,BTCUSD,BUY,2026-04-17T08:05:00+00:00,2026-04-17T08:20:00+00:00,-69.919756,stop_loss,5485.462923,-589.996551
fresh_btc_gold_hybrid,BTCUSD,BUY,2026-04-17T08:30:00+00:00,2026-04-17T08:35:00+00:00,-69.570158,stop_loss,5415.892765,-659.566708
fresh_btc_gold_hybrid,GOLD,SELL,2026-04-17T13:00:00+00:00,2026-04-17T13:05:00+00:00,-52.952596,stop_loss,5362.940169,-712.519305
fresh_btc_gold_hybrid,GOLD,SELL,2026-04-17T13:05:00+00:00,2026-04-17T13:10:00+00:00,-52.687833,stop_loss,5310.252335,-765.207138
fresh_btc_gold_hybrid,GOLD,SELL,2026-04-17T13:10:00+00:00,2026-04-17T13:15:00+00:00,41.939515,take_profit,5352.191851,-723.267623
fresh_btc_gold_hybrid,BTCUSD,SELL,2026-04-18T08:10:00+00:00,2026-04-18T08:15:00+00:00,138.444614,take_profit,5490.636464,-584.823009
fresh_btc_gold_hybrid,BTCUSD,SELL,2026-04-18T08:30:00+00:00,2026-04-18T08:50:00+00:00,-69.91453,stop_loss,5420.721934,-654.737539
fresh_btc_gold_hybrid,BTCUSD,SELL,2026-04-18T09:05:00+00:00,2026-04-18T09:30:00+00:00,-69.564957,stop_loss,5351.156977,-724.302496
fresh_btc_gold_hybrid,BTCUSD,SELL,2026-04-19T07:05:00+00:00,2026-04-19T07:20:00+00:00,138.434265,take_profit,5489.591242,-585.868231
fresh_btc_gold_hybrid,BTCUSD,SELL,2026-04-19T07:20:00+00:00,2026-04-19T07:30:00+00:00,-69.909304,stop_loss,5419.681938,-655.777535
fresh_btc_gold_hybrid,BTCUSD,BUY,2026-04-19T11:50:00+00:00,2026-04-19T12:10:00+00:00,-69.559757,stop_loss,5350.122181,-725.337292
fresh_btc_gold_hybrid,BTCUSD,BUY,2026-04-20T07:15:00+00:00,2026-04-20T07:20:00+00:00,138.423917,take_profit,5488.546098,-586.913375
fresh_btc_gold_hybrid,BTCUSD,BUY,2026-04-20T07:20:00+00:00,2026-04-20T07:25:00+00:00,-69.904078,stop_loss,5418.64202,-656.817453
fresh_btc_gold_hybrid,BTCUSD,BUY,2026-04-20T09:40:00+00:00,2026-04-20T09:50:00+00:00,-69.554558,stop_loss,5349.087462,-726.372011
fresh_btc_gold_hybrid,GOLD,SELL,2026-04-20T13:40:00+00:00,2026-04-20T14:00:00+00:00,42.107273,take_profit,5391.194736,-684.264738
fresh_btc_gold_hybrid,GOLD,SELL,2026-04-20T19:05:00+00:00,2026-04-20T19:30:00+00:00,42.275703,take_profit,5433.470438,-641.989035
fresh_btc_gold_hybrid,BTCUSD,BUY,2026-04-21T07:20:00+00:00,2026-04-21T07:30:00+00:00,-69.206785,stop_loss,5364.263653,-711.19582
fresh_btc_gold_hybrid,BTCUSD,BUY,2026-04-21T08:20:00+00:00,2026-04-21T08:45:00+00:00,137.721502,take_profit,5501.985155,-573.474318
fresh_btc_gold_hybrid,BTCUSD,BUY,2026-04-21T08:45:00+00:00,2026-04-21T08:55:00+00:00,-69.549358,stop_loss,5432.435797,-643.023677
fresh_btc_gold_hybrid,GOLD,BUY,2026-04-21T13:05:00+00:00,2026-04-21T13:30:00+00:00,42.444805,take_profit,5474.880602,-600.578871
fresh_btc_gold_hybrid,GOLD,BUY,2026-04-21T14:40:00+00:00,2026-04-21T14:45:00+00:00,-53.268231,stop_loss,5421.612371,-653.847102
fresh_btc_gold_hybrid,GOLD,BUY,2026-04-21T14:45:00+00:00,2026-04-21T14:50:00+00:00,42.401512,take_profit,5464.013883,-611.44559
fresh_btc_gold_hybrid,BTCUSD,BUY,2026-04-22T11:00:00+00:00,2026-04-22T11:05:00+00:00,-69.201612,stop_loss,5394.812271,-680.647202
fresh_btc_gold_hybrid,BTCUSD,BUY,2026-04-22T11:25:00+00:00,2026-04-22T11:35:00+00:00,-68.855604,stop_loss,5325.956668,-749.502806
fresh_btc_gold_hybrid,GOLD,BUY,2026-04-22T15:35:00+00:00,2026-04-22T17:00:00+00:00,42.571118,take_profit,5368.527785,-706.931688
fresh_btc_gold_hybrid,BTCUSD,SELL,2026-04-23T08:30:00+00:00,2026-04-23T09:00:00+00:00,137.022651,take_profit,5505.550437,-569.909037
fresh_btc_gold_hybrid,BTCUSD,SELL,2026-04-23T09:00:00+00:00,2026-04-23T09:40:00+00:00,-69.196439,stop_loss,5436.353998,-639.105476
fresh_btc_gold_hybrid,BTCUSD,SELL,2026-04-23T10:05:00+00:00,2026-04-23T10:45:00+00:00,-68.850457,stop_loss,5367.503541,-707.955932
fresh_btc_gold_hybrid,GOLD,SELL,2026-04-23T13:00:00+00:00,2026-04-23T13:10:00+00:00,42.741402,take_profit,5410.244943,-665.21453
fresh_btc_gold_hybrid,GOLD,SELL,2026-04-23T15:15:00+00:00,2026-04-23T15:30:00+00:00,42.912368,take_profit,5453.157311,-622.302162
fresh_btc_gold_hybrid,GOLD,BUY,2026-04-23T17:40:00+00:00,2026-04-23T17:50:00+00:00,43.084017,take_profit,5496.241328,-579.218145
fresh_btc_gold_hybrid,BTCUSD,SELL,2026-04-24T09:05:00+00:00,2026-04-24T09:15:00+00:00,-68.506204,stop_loss,5427.735124,-647.72435
fresh_btc_gold_hybrid,BTCUSD,BUY,2026-04-24T11:00:00+00:00,2026-04-24T11:05:00+00:00,136.327347,take_profit,5564.062471,-511.397003
fresh_btc_gold_hybrid,BTCUSD,BUY,2026-04-24T11:05:00+00:00,2026-04-24T11:30:00+00:00,137.69062,take_profit,5701.753091,-373.706383
fresh_btc_gold_hybrid,GOLD,SELL,2026-04-24T14:05:00+00:00,2026-04-24T15:35:00+00:00,43.256353,take_profit,5745.009444,-330.450029
fresh_btc_gold_hybrid,BTCUSD,SELL,2026-04-25T07:00:00+00:00,2026-04-25T07:15:00+00:00,-69.533763,stop_loss,5675.475681,-399.983792
fresh_btc_gold_hybrid,BTCUSD,BUY,2026-04-25T09:35:00+00:00,2026-04-25T10:20:00+00:00,138.372189,take_profit,5813.84787,-261.611604
fresh_btc_gold_hybrid,BTCUSD,BUY,2026-04-25T10:20:00+00:00,2026-04-25T11:05:00+00:00,-69.877955,stop_loss,5743.969914,-331.489559
fresh_btc_gold_hybrid,BTCUSD,BUY,2026-04-26T07:50:00+00:00,2026-04-26T08:35:00+00:00,139.057131,take_profit,5883.027045,-192.432428
fresh_btc_gold_hybrid,BTCUSD,BUY,2026-04-26T08:35:00+00:00,2026-04-26T08:40:00+00:00,-70.223851,stop_loss,5812.803194,-262.656279
fresh_btc_gold_hybrid,BTCUSD,BUY,2026-04-26T11:20:00+00:00,2026-04-26T11:35:00+00:00,-69.872732,stop_loss,5742.930462,-332.529011
fresh_fx_pullback_core3,EURUSD,BUY,2026-04-27T07:52:00+00:00,2026-04-27T08:02:00+00:00,2.076258,trailing_stop,5745.00672,-330.452753
fresh_fx_pullback_core3,EURUSD,BUY,2026-04-27T07:57:00+00:00,2026-04-27T08:17:00+00:00,4.488381,trailing_stop,5749.495101,-325.964373
fresh_fx_pullback_core3,EURUSD,BUY,2026-04-27T07:58:00+00:00,2026-04-27T09:22:00+00:00,3.448699,trailing_stop,5752.9438,-322.515673
fresh_btc_gold_hybrid,GOLD,BUY,2026-04-27T15:00:00+00:00,2026-04-27T15:15:00+00:00,43.429379,take_profit,5796.373179,-279.086294
fresh_btc_gold_hybrid,GOLD,BUY,2026-04-27T19:35:00+00:00,2026-04-27T19:45:00+00:00,43.603096,take_profit,5839.976275,-235.483198
fresh_btc_gold_hybrid,BTCUSD,SELL,2026-04-28T07:10:00+00:00,2026-04-28T07:20:00+00:00,-69.523368,stop_loss,5770.452907,-305.006566
fresh_btc_gold_hybrid,BTCUSD,BUY,2026-04-28T08:25:00+00:00,2026-04-28T08:30:00+00:00,-69.175751,stop_loss,5701.277155,-374.182318
fresh_btc_gold_hybrid,BTCUSD,SELL,2026-04-28T09:45:00+00:00,2026-04-28T10:00:00+00:00,-68.829873,stop_loss,5632.447283,-443.012191
fresh_btc_gold_hybrid,GOLD,BUY,2026-04-28T14:00:00+00:00,2026-04-28T15:00:00+00:00,43.777509,take_profit,5676.224791,-399.234682
fresh_btc_gold_hybrid,BTCUSD,BUY,2026-04-29T09:30:00+00:00,2026-04-29T09:45:00+00:00,136.971447,take_profit,5813.196238,-262.263235
fresh_btc_gold_hybrid,BTCUSD,BUY,2026-04-29T09:45:00+00:00,2026-04-29T10:05:00+00:00,138.341161,take_profit,5951.537399,-123.922074
fresh_btc_gold_hybrid,BTCUSD,BUY,2026-04-29T10:25:00+00:00,2026-04-29T10:35:00+00:00,-69.862286,stop_loss,5881.675113,-193.784361
fresh_btc_gold_hybrid,GOLD,BUY,2026-04-29T13:05:00+00:00,2026-04-29T13:20:00+00:00,-54.940773,stop_loss,5826.734339,-248.725134
fresh_btc_gold_hybrid,GOLD,BUY,2026-04-29T13:20:00+00:00,2026-04-29T13:35:00+00:00,-54.666069,stop_loss,5772.06827,-303.391203
fresh_btc_gold_hybrid,GOLD,BUY,2026-04-29T13:35:00+00:00,2026-04-29T13:40:00+00:00,-54.392739,stop_loss,5717.675531,-357.783942
fresh_fx_pullback_core3,GBPJPY,BUY,2026-04-30T07:30:00+00:00,2026-04-30T07:43:00+00:00,52.364789,take_profit,5770.04032,-305.419153
fresh_btc_gold_hybrid,BTCUSD,BUY,2026-04-30T07:30:00+00:00,2026-04-30T07:45:00+00:00,139.02595,take_profit,5909.06627,-166.393204
fresh_btc_gold_hybrid,BTCUSD,BUY,2026-04-30T07:45:00+00:00,2026-04-30T07:50:00+00:00,-70.208105,stop_loss,5838.858165,-236.601308
fresh_fx_pullback_core3,EURJPY,BUY,2026-04-30T07:31:00+00:00,2026-04-30T07:56:00+00:00,-51.671456,trailing_stop,5787.18671,-288.272764
fresh_fx_pullback_core3,EURJPY,BUY,2026-04-30T07:32:00+00:00,2026-04-30T07:56:00+00:00,-51.671456,trailing_stop,5735.515254,-339.944219
fresh_fx_pullback_core3,GBPJPY,BUY,2026-04-30T07:39:00+00:00,2026-04-30T07:56:00+00:00,-52.364789,trailing_stop,5683.150465,-392.309008
fresh_btc_gold_hybrid,BTCUSD,BUY,2026-04-30T09:25:00+00:00,2026-04-30T09:30:00+00:00,139.714128,take_profit,5822.864593,-252.59488
fresh_btc_gold_hybrid,BTCUSD,BUY,2026-05-01T08:10:00+00:00,2026-05-01T08:15:00+00:00,141.11127,take_profit,5963.975863,-111.483611
fresh_btc_gold_hybrid,BTCUSD,BUY,2026-05-01T08:15:00+00:00,2026-05-01T08:20:00+00:00,142.522382,take_profit,6106.498245,0.0
fresh_btc_gold_hybrid,BTCUSD,BUY,2026-05-01T08:20:00+00:00,2026-05-01T08:35:00+00:00,-71.973803,stop_loss,6034.524442,-71.973803
fresh_btc_gold_hybrid,GOLD,SELL,2026-05-01T13:50:00+00:00,2026-05-01T13:55:00+00:00,-54.120775,stop_loss,5980.403667,-126.094578
fresh_btc_gold_hybrid,GOLD,SELL,2026-05-01T13:55:00+00:00,2026-05-01T14:00:00+00:00,-53.850172,stop_loss,5926.553495,-179.94475
fresh_btc_gold_hybrid,GOLD,SELL,2026-05-01T14:00:00+00:00,2026-05-01T14:10:00+00:00,-53.580921,stop_loss,5872.972574,-233.525671
fresh_btc_gold_hybrid,BTCUSD,SELL,2026-05-02T11:00:00+00:00,2026-05-02T11:20:00+00:00,-71.613934,stop_loss,5801.35864,-305.139605
fresh_btc_gold_hybrid,BTCUSD,SELL,2026-05-02T11:35:00+00:00,2026-05-02T11:45:00+00:00,142.511729,take_profit,5943.870369,-162.627876
fresh_btc_gold_hybrid,BTCUSD,SELL,2026-05-02T11:45:00+00:00,2026-05-02T12:00:00+00:00,-71.968423,stop_loss,5871.901946,-234.596299
fresh_btc_gold_hybrid,BTCUSD,BUY,2026-05-03T07:05:00+00:00,2026-05-03T09:25:00+00:00,143.217162,take_profit,6015.119108,-91.379137
fresh_btc_gold_hybrid,BTCUSD,BUY,2026-05-03T09:25:00+00:00,2026-05-03T09:30:00+00:00,-72.324667,stop_loss,5942.794441,-163.703804
fresh_btc_gold_hybrid,BTCUSD,BUY,2026-05-03T09:35:00+00:00,2026-05-03T09:40:00+00:00,-71.963043,stop_loss,5870.831398,-235.666847
fresh_fx_pullback_core3,GBPJPY,SELL,2026-05-04T07:24:00+00:00,2026-05-04T07:42:00+00:00,52.364789,take_profit,5923.196187,-183.302058
fresh_fx_pullback_core3,GBPJPY,SELL,2026-05-04T07:28:00+00:00,2026-05-04T07:43:00+00:00,52.364789,take_profit,5975.560976,-130.937269
fresh_btc_gold_hybrid,BTCUSD,BUY,2026-05-04T09:50:00+00:00,2026-05-04T09:55:00+00:00,-71.603228,stop_loss,5903.957748,-202.540497
fresh_btc_gold_hybrid,BTCUSD,SELL,2026-05-04T10:00:00+00:00,2026-05-04T10:05:00+00:00,142.490424,take_profit,6046.448172,-60.050073
fresh_btc_gold_hybrid,BTCUSD,SELL,2026-05-04T10:05:00+00:00,2026-05-04T10:15:00+00:00,143.915328,take_profit,6190.3635,0.0
fresh_btc_gold_hybrid,GOLD,BUY,2026-05-04T15:20:00+00:00,2026-05-04T15:25:00+00:00,42.650413,take_profit,6233.013913,0.0
fresh_btc_gold_hybrid,GOLD,BUY,2026-05-04T15:30:00+00:00,2026-05-04T15:50:00+00:00,-53.526268,stop_loss,6179.487645,-53.526268
fresh_btc_gold_hybrid,GOLD,BUY,2026-05-04T15:50:00+00:00,2026-05-04T16:05:00+00:00,-53.258637,stop_loss,6126.229008,-106.784905
fresh_btc_gold_hybrid,BTCUSD,BUY,2026-05-05T11:05:00+00:00,2026-05-05T11:10:00+00:00,145.354482,take_profit,6271.58349,0.0
fresh_btc_gold_hybrid,BTCUSD,BUY,2026-05-05T11:10:00+00:00,2026-05-05T11:15:00+00:00,-73.404013,stop_loss,6198.179476,-73.404013
fresh_btc_gold_hybrid,BTCUSD,BUY,2026-05-05T11:30:00+00:00,2026-05-05T11:50:00+00:00,-73.036993,stop_loss,6125.142483,-146.441006
fresh_btc_gold_hybrid,GOLD,SELL,2026-05-05T13:10:00+00:00,2026-05-05T14:10:00+00:00,42.393875,take_profit,6167.536358,-104.047131
fresh_btc_gold_hybrid,BTCUSD,BUY,2026-05-06T07:05:00+00:00,2026-05-06T07:10:00+00:00,-72.671808,stop_loss,6094.86455,-176.71894
fresh_btc_gold_hybrid,BTCUSD,BUY,2026-05-06T08:30:00+00:00,2026-05-06T08:35:00+00:00,-72.308449,stop_loss,6022.556101,-249.027389
fresh_btc_gold_hybrid,BTCUSD,BUY,2026-05-06T08:50:00+00:00,2026-05-06T09:00:00+00:00,-71.946907,stop_loss,5950.609194,-320.974296
fresh_btc_gold_hybrid,GOLD,SELL,2026-05-06T14:00:00+00:00,2026-05-06T15:10:00+00:00,42.56345,take_profit,5993.172644,-278.410845
fresh_btc_gold_hybrid,GOLD,SELL,2026-05-06T19:10:00+00:00,2026-05-06T19:20:00+00:00,-53.41713,stop_loss,5939.755514,-331.827975
fresh_btc_gold_hybrid,GOLD,SELL,2026-05-06T19:20:00+00:00,2026-05-06T19:30:00+00:00,42.520036,take_profit,5982.27555,-289.30794
fresh_btc_gold_hybrid,BTCUSD,BUY,2026-05-07T07:10:00+00:00,2026-05-07T07:30:00+00:00,-71.587172,stop_loss,5910.688378,-360.895112
fresh_btc_gold_hybrid,BTCUSD,SELL,2026-05-07T08:40:00+00:00,2026-05-07T09:20:00+00:00,142.458473,take_profit,6053.14685,-218.436639
fresh_btc_gold_hybrid,BTCUSD,SELL,2026-05-07T09:20:00+00:00,2026-05-07T09:40:00+00:00,143.883058,take_profit,6197.029908,-74.553581
fresh_fx_pullback_core3,EURUSD,BUY,2026-05-07T07:14:00+00:00,2026-05-07T09:57:00+00:00,8.093963,trailing_stop,6205.123871,-66.459619
fresh_fx_pullback_core3,EURUSD,BUY,2026-05-07T07:15:00+00:00,2026-05-07T09:57:00+00:00,5.728318,trailing_stop,6210.852189,-60.731301
fresh_btc_gold_hybrid,GOLD,SELL,2026-05-07T14:20:00+00:00,2026-05-07T14:35:00+00:00,42.690116,take_profit,6253.542305,-18.041185
fresh_btc_gold_hybrid,GOLD,SELL,2026-05-07T14:55:00+00:00,2026-05-07T15:15:00+00:00,42.860876,take_profit,6296.403181,0.0
fresh_btc_gold_hybrid,GOLD,BUY,2026-05-07T16:05:00+00:00,2026-05-07T16:15:00+00:00,-53.7904,stop_loss,6242.612781,-53.7904
fresh_btc_gold_hybrid,BTCUSD,SELL,2026-05-08T07:00:00+00:00,2026-05-08T07:25:00+00:00,145.321888,take_profit,6387.934669,0.0
fresh_btc_gold_hybrid,BTCUSD,BUY,2026-05-08T08:35:00+00:00,2026-05-08T08:45:00+00:00,146.775107,take_profit,6534.709776,0.0
fresh_btc_gold_hybrid,BTCUSD,BUY,2026-05-08T08:45:00+00:00,2026-05-08T08:55:00+00:00,-74.121429,stop_loss,6460.588347,-74.121429
fresh_btc_gold_hybrid,GOLD,SELL,2026-05-08T13:50:00+00:00,2026-05-08T14:05:00+00:00,42.817158,take_profit,6503.405506,-31.304271
fresh_btc_gold_hybrid,GOLD,SELL,2026-05-08T18:00:00+00:00,2026-05-08T18:45:00+00:00,42.988427,take_profit,6546.393932,0.0
fresh_btc_gold_hybrid,BTCUSD,SELL,2026-05-09T07:05:00+00:00,2026-05-09T07:15:00+00:00,-73.750822,stop_loss,6472.64311,-73.750822
fresh_btc_gold_hybrid,BTCUSD,SELL,2026-05-09T10:05:00+00:00,2026-05-09T10:15:00+00:00,-73.382068,stop_loss,6399.261043,-147.13289
fresh_btc_gold_hybrid,BTCUSD,BUY,2026-05-10T08:20:00+00:00,2026-05-10T08:25:00+00:00,146.030315,take_profit,6545.291358,-1.102575
fresh_btc_gold_hybrid,BTCUSD,BUY,2026-05-10T08:25:00+00:00,2026-05-10T08:40:00+00:00,-73.745309,stop_loss,6471.546048,-74.847884
fresh_btc_gold_hybrid,BTCUSD,BUY,2026-05-10T11:00:00+00:00,2026-05-10T11:05:00+00:00,-73.376583,stop_loss,6398.169466,-148.224466
fresh_btc_gold_hybrid,BTCUSD,SELL,2026-05-11T07:00:00+00:00,2026-05-11T07:15:00+00:00,-73.0097,stop_loss,6325.159766,-221.234166
fresh_btc_gold_hybrid,BTCUSD,SELL,2026-05-11T08:05:00+00:00,2026-05-11T08:10:00+00:00,-72.644651,stop_loss,6252.515115,-293.878817
fresh_fx_pullback_core3,EURJPY,BUY,2026-05-11T07:15:00+00:00,2026-05-11T08:11:00+00:00,51.154741,take_profit,6303.669856,-242.724076
fresh_fx_pullback_core3,GBPJPY,BUY,2026-05-11T07:15:00+00:00,2026-05-11T08:34:00+00:00,19.510673,trailing_stop,6323.18053,-223.213403
fresh_btc_gold_hybrid,BTCUSD,BUY,2026-05-11T10:25:00+00:00,2026-05-11T10:30:00+00:00,-72.281428,stop_loss,6250.899102,-295.494831
fresh_btc_gold_hybrid,GOLD,SELL,2026-05-11T13:00:00+00:00,2026-05-11T13:10:00+00:00,-53.950476,stop_loss,6196.948626,-349.445306
fresh_btc_gold_hybrid,GOLD,SELL,2026-05-11T13:10:00+00:00,2026-05-11T13:20:00+00:00,-53.680723,stop_loss,6143.267903,-403.12603
fresh_btc_gold_hybrid,GOLD,SELL,2026-05-11T13:20:00+00:00,2026-05-11T13:40:00+00:00,-53.41232,stop_loss,6089.855583,-456.538349
fresh_btc_gold_hybrid,BTCUSD,SELL,2026-05-12T07:00:00+00:00,2026-05-12T07:05:00+00:00,-71.920021,stop_loss,6017.935562,-528.45837
fresh_fx_pullback_core3,GBPJPY,SELL,2026-05-12T07:37:00+00:00,2026-05-12T07:53:00+00:00,12.316142,trailing_stop,6030.251704,-516.142228
fresh_fx_pullback_core3,GBPJPY,SELL,2026-05-12T07:44:00+00:00,2026-05-12T08:00:00+00:00,10.749554,trailing_stop,6041.001258,-505.392674
fresh_fx_pullback_core3,GBPJPY,SELL,2026-05-12T07:38:00+00:00,2026-05-12T08:01:00+00:00,14.025703,trailing_stop,6055.026961,-491.366971
fresh_btc_gold_hybrid,BTCUSD,SELL,2026-05-12T07:45:00+00:00,2026-05-12T10:25:00+00:00,143.120841,take_profit,6198.147803,-348.24613
fresh_btc_gold_hybrid,BTCUSD,SELL,2026-05-12T10:25:00+00:00,2026-05-12T11:05:00+00:00,144.55205,take_profit,6342.699852,-203.69408
fresh_btc_gold_hybrid,GOLD,BUY,2026-05-12T13:55:00+00:00,2026-05-12T14:00:00+00:00,42.516206,take_profit,6385.216059,-161.177874
fresh_btc_gold_hybrid,GOLD,BUY,2026-05-12T15:10:00+00:00,2026-05-12T15:20:00+00:00,-53.357839,stop_loss,6331.85822,-214.535713
fresh_btc_gold_hybrid,GOLD,BUY,2026-05-12T15:20:00+00:00,2026-05-12T15:25:00+00:00,42.47284,take_profit,6374.331059,-172.062873
fresh_fx_pullback_core3,EURJPY,SELL,2026-05-13T07:13:00+00:00,2026-05-13T07:44:00+00:00,11.587344,trailing_stop,6385.918403,-160.475529
fresh_btc_gold_hybrid,BTCUSD,BUY,2026-05-13T08:40:00+00:00,2026-05-13T09:00:00+00:00,145.99757,take_profit,6531.915974,-14.477959
fresh_btc_gold_hybrid,BTCUSD,BUY,2026-05-13T09:00:00+00:00,2026-05-13T09:10:00+00:00,-73.728773,stop_loss,6458.187201,-88.206732
fresh_btc_gold_hybrid,BTCUSD,SELL,2026-05-13T10:40:00+00:00,2026-05-13T11:05:00+00:00,146.720258,take_profit,6604.907459,0.0
fresh_btc_gold_hybrid,GOLD,SELL,2026-05-13T16:20:00+00:00,2026-05-13T16:40:00+00:00,42.642731,take_profit,6647.55019,0.0
fresh_btc_gold_hybrid,GOLD,BUY,2026-05-13T18:45:00+00:00,2026-05-13T18:50:00+00:00,42.813302,take_profit,6690.363492,0.0
fresh_btc_gold_hybrid,BTCUSD,SELL,2026-05-14T10:40:00+00:00,2026-05-14T10:50:00+00:00,-74.09373,stop_loss,6616.269762,-74.09373
fresh_btc_gold_hybrid,BTCUSD,SELL,2026-05-14T11:25:00+00:00,2026-05-14T12:25:00+00:00,-73.723262,stop_loss,6542.5465,-147.816992
fresh_btc_gold_hybrid,GOLD,BUY,2026-05-14T16:35:00+00:00,2026-05-14T16:50:00+00:00,42.984555,take_profit,6585.531056,-104.832437
fresh_btc_gold_hybrid,GOLD,BUY,2026-05-14T18:50:00+00:00,2026-05-14T19:30:00+00:00,-53.945617,stop_loss,6531.585439,-158.778054
fresh_btc_gold_hybrid,GOLD,BUY,2026-05-14T19:30:00+00:00,2026-05-14T19:35:00+00:00,-53.675889,stop_loss,6477.90955,-212.453943
fresh_btc_gold_hybrid,BTCUSD,SELL,2026-05-15T09:50:00+00:00,2026-05-15T09:55:00+00:00,-73.354645,stop_loss,6404.554904,-285.808588
fresh_btc_gold_hybrid,GOLD,BUY,2026-05-15T16:00:00+00:00,2026-05-15T16:35:00+00:00,42.726008,take_profit,6447.280912,-243.08258
fresh_btc_gold_hybrid,BTCUSD,SELL,2026-05-16T07:00:00+00:00,2026-05-16T07:05:00+00:00,145.975744,take_profit,6593.256656,-97.106836
fresh_btc_gold_hybrid,BTCUSD,SELL,2026-05-16T07:05:00+00:00,2026-05-16T07:10:00+00:00,147.435502,take_profit,6740.692158,0.0
fresh_btc_gold_hybrid,BTCUSD,SELL,2026-05-16T07:10:00+00:00,2026-05-16T07:20:00+00:00,-74.454928,stop_loss,6666.23723,-74.454928
