instrument,action,size,entry_price,stop_loss,take_profit,entry_time,exit_price,exit_time,pnl,exit_reason
BTCUSD,SELL,0.9415984755072669,91027.1,91186.40357142857,90549.1892857143,2025-11-18T12:10:00+00:00,91186.40357142857,2025-11-18T12:15:00+00:00,-150.0,stop_loss
BTCUSD,BUY,0.8114947038053861,91707.65,91525.57857142856,92253.86428571428,2025-11-18T12:40:00+00:00,91525.57857142856,2025-11-18T12:50:00+00:00,-147.75,stop_loss
BTCUSD,SELL,0.7721062205127301,90988.3,91176.78928571429,90422.83214285714,2025-11-18T13:35:00+00:00,91176.78928571429,2025-11-18T13:40:00+00:00,-145.53375,stop_loss
BTCUSD,BUY,0.5364564527338389,91962.05,91694.83214285714,92763.70357142859,2025-11-18T14:30:00+00:00,91694.83214285714,2025-11-18T14:40:00+00:00,-143.35074375,stop_loss
BTCUSD,SELL,0.8044956683674184,91135.65,91311.16428571429,90609.10714285713,2025-11-19T14:05:00+00:00,91311.16428571429,2025-11-19T14:10:00+00:00,-141.20048259375,stop_loss
BTCUSD,SELL,0.7085328875672133,91061.9,91258.19642857142,90473.0107142857,2025-11-19T14:25:00+00:00,91258.19642857142,2025-11-19T14:30:00+00:00,-139.08247535484375,stop_loss
BTCUSD,BUY,0.4632723031747025,92157.45,91861.7357142857,93044.59285714285,2025-11-19T15:05:00+00:00,91861.7357142857,2025-11-19T15:20:00+00:00,-136.9962382245211,stop_loss
BTCUSD,SELL,0.3639018241755466,90673.8,91044.61785714286,89561.34642857143,2025-11-19T15:30:00+00:00,89561.34642857143,2025-11-19T16:25:00+00:00,404.8238839534598,take_profit
BTCUSD,SELL,0.46861178080072374,90963.15,91264.06785714286,90060.39642857142,2025-11-20T14:00:00+00:00,91264.06785714286,2025-11-20T14:20:00+00:00,-141.0136529104552,stop_loss
BTCUSD,SELL,0.3414326202314441,90308.65,90715.46071428571,89088.21785714285,2025-11-20T15:10:00+00:00,90715.46071428571,2025-11-20T15:20:00+00:00,-138.89844811679836,stop_loss
BTCUSD,SELL,0.3799586597232025,90094.55,90454.62857142858,89014.31428571428,2025-11-20T15:50:00+00:00,89014.31428571428,2025-11-20T16:05:00+00:00,410.4449141851391,take_profit
BTCUSD,SELL,0.3668089414142925,88852.35,89242.12142857144,87683.03571428572,2025-11-20T16:05:00+00:00,87683.03571428572,2025-11-20T16:55:00+00:00,428.91493532346504,take_profit
BTCUSD,SELL,0.8232672759190358,85309.4,85490.87857142856,84764.96428571429,2025-11-21T07:15:00+00:00,84764.96428571429,2025-11-21T07:30:00+00:00,448.2161074130263,take_profit
BTCUSD,SELL,0.3868639304933952,83367.4,83770.97499999999,82156.675,2025-11-21T07:30:00+00:00,83770.97499999999,2025-11-21T07:35:00+00:00,-156.12861074887084,stop_loss
BTCUSD,SELL,0.5508400814171329,82537.55,82816.7357142857,81699.99285714288,2025-11-21T09:40:00+00:00,81699.99285714288,2025-11-21T10:00:00+00:00,461.36004476292135,take_profit
BTCUSD,SELL,0.48739204359151794,81809.8,82139.52857142857,80820.6142857143,2025-11-21T10:00:00+00:00,82139.52857142857,2025-11-21T10:05:00+00:00,-160.7070822590816,stop_loss
BTCUSD,SELL,0.9201181890983037,83765.3,83937.33928571429,83249.18214285714,2025-11-22T10:20:00+00:00,83937.33928571429,2025-11-22T11:05:00+00:00,-158.29647602519537,stop_loss
BTCUSD,BUY,0.9573949713328824,84376.05,84213.1892857143,84864.63214285715,2025-11-22T14:10:00+00:00,84213.1892857143,2025-11-22T14:45:00+00:00,-155.92202888481742,stop_loss
BTCUSD,BUY,1.0448344323444179,84765.7,84618.70714285714,85206.67857142858,2025-11-22T16:40:00+00:00,84618.70714285714,2025-11-22T16:50:00+00:00,-153.58319845154517,stop_loss
BTCUSD,BUY,1.2582653913063608,86093.35,85973.12142857144,86454.03571428572,2025-11-23T08:55:00+00:00,85973.12142857144,2025-11-23T11:00:00+00:00,-151.279450474772,stop_loss
BTCUSD,BUY,1.0587949155190635,86557.4,86416.66428571429,86979.60714285713,2025-11-23T12:10:00+00:00,86416.66428571429,2025-11-23T13:10:00+00:00,-149.01025871765043,stop_loss
BTCUSD,BUY,0.8183887797823026,86888.35,86709.00357142858,87426.3892857143,2025-11-23T13:55:00+00:00,86709.00357142858,2025-11-23T14:15:00+00:00,-146.77510483688567,stop_loss
BTCUSD,BUY,1.0192510301645303,87225.9,87084.05714285714,87651.42857142857,2025-11-23T16:00:00+00:00,87084.05714285714,2025-11-23T16:10:00+00:00,-144.57347826433238,stop_loss
BTCUSD,SELL,0.8582115173005977,86533.15,86699.08214285714,86035.35357142857,2025-11-24T09:05:00+00:00,86035.35357142857,2025-11-24T09:20:00+00:00,427.2146282711022,take_profit
BTCUSD,SELL,0.8221231328856049,86002.75,86183.76071428572,85459.71785714285,2025-11-24T09:20:00+00:00,86183.76071428572,2025-11-24T11:35:00+00:00,-148.8130955144339,stop_loss
BTCUSD,SELL,0.6069781972681867,85526.5,85767.99285714286,84802.02142857142,2025-11-24T14:40:00+00:00,85767.99285714286,2025-11-24T14:50:00+00:00,-146.58089908171743,stop_loss
BTCUSD,BUY,0.41439800695741447,87042.15,86693.7357142857,88087.39285714284,2025-11-24T16:00:00+00:00,88087.39285714284,2025-11-24T17:55:00+00:00,433.14655678646903,take_profit
BTCUSD,SELL,1.1397568527825799,87394.4,87526.77857142857,86997.26428571426,2025-11-25T07:50:00+00:00,87526.77857142857,2025-11-25T08:20:00+00:00,-150.8793839472887,stop_loss
BTCUSD,SELL,1.1392579010201815,87220.85,87351.3,86829.50000000001,2025-11-25T08:45:00+00:00,86829.50000000001,2025-11-25T09:10:00+00:00,445.8485795642381,take_profit
BTCUSD,SELL,1.2150069328535875,86816.55,86944.37142857144,86433.08571428571,2025-11-25T09:10:00+00:00,86944.37142857144,2025-11-25T09:40:00+00:00,-155.30392188154292,stop_loss
BTCUSD,SELL,0.9769146232165219,87175.05,87331.6392857143,86705.28214285715,2025-11-25T13:35:00+00:00,86705.28214285715,2025-11-25T14:40:00+00:00,458.92308915994516,take_profit
BTCUSD,BUY,1.7920606409656907,87906.85,87817.64642857143,88174.46071428571,2025-11-26T07:55:00+00:00,87817.64642857143,2025-11-26T08:00:00+00:00,-159.85820939071897,stop_loss
BTCUSD,SELL,1.8154784496586056,87287.05,87373.78214285715,87026.85357142858,2025-11-26T09:05:00+00:00,87373.78214285715,2025-11-26T09:10:00+00:00,-157.4603362498582,stop_loss
BTCUSD,SELL,1.8959032889946443,87282.3,87364.10714285714,87036.87857142858,2025-11-26T09:15:00+00:00,87036.87857142858,2025-11-26T09:30:00+00:00,465.2952936183309,take_profit
BTCUSD,SELL,1.7939597964544278,86951.4,87041.74642857142,86680.3607142857,2025-11-26T09:30:00+00:00,86680.3607142857,2025-11-26T10:30:00+00:00,486.23358183115573,take_profit
BTCUSD,BUY,2.258930266485702,91508.2,91433.22142857143,91733.1357142857,2025-11-27T08:50:00+00:00,91733.1357142857,2025-11-27T09:15:00+00:00,508.1140930135577,take_profit
BTCUSD,BUY,2.4124062310886014,91747.05,91673.68214285714,91967.15357142857,2025-11-27T09:15:00+00:00,91673.68214285714,2025-11-27T09:20:00+00:00,-176.99307573305595,stop_loss
BTCUSD,BUY,1.9360921067377215,91799.7,91709.65357142857,92069.83928571428,2025-11-27T09:30:00+00:00,91709.65357142857,2025-11-27T09:45:00+00:00,-174.33817959706008,stop_loss
BTCUSD,BUY,1.1773088301673982,91220.7,91074.83928571428,91658.28214285715,2025-11-27T16:10:00+00:00,91658.28214285715,2025-11-27T18:35:00+00:00,515.1693207092954,take_profit
BTCUSD,SELL,1.9857795945084036,91155.25,91245.61785714286,90884.14642857143,2025-11-28T07:35:00+00:00,90884.14642857143,2025-11-28T07:55:00+00:00,538.351940141202,take_profit
BTCUSD,BUY,2.380417953959631,91834.7,91755.92142857143,92071.03571428571,2025-11-28T10:50:00+00:00,91755.92142857143,2025-11-28T11:00:00+00:00,-187.52592581586165,stop_loss
BTCUSD,SELL,1.4134141435289906,91164.25,91294.93571428572,90772.19285714286,2025-11-28T11:15:00+00:00,91294.93571428572,2025-11-28T11:20:00+00:00,-184.7130369286237,stop_loss
BTCUSD,BUY,1.6983549668259716,91800.3,91693.17142857143,92121.68571428572,2025-11-28T13:35:00+00:00,92121.68571428572,2025-11-28T13:45:00+00:00,545.8270241240583,take_profit
BTCUSD,SELL,2.8798187323505777,90549.95,90615.97142857143,90351.8857142857,2025-11-29T08:00:00+00:00,90615.97142857143,2025-11-29T08:05:00+00:00,-190.12974673655523,stop_loss
BTCUSD,SELL,3.281668699539469,90494.75,90551.81785714286,90323.54642857143,2025-11-29T10:15:00+00:00,90551.81785714286,2025-11-29T10:20:00+00:00,-187.2778005355069,stop_loss
BTCUSD,BUY,3.74365567787917,90970.5,90921.225,91118.325,2025-11-30T07:10:00+00:00,91118.325,2025-11-30T08:20:00+00:00,553.4059005824774,take_profit
BTCUSD,BUY,2.613320527265132,91331.05,91257.28571428571,91552.34285714285,2025-11-30T08:20:00+00:00,91257.28571428571,2025-11-30T08:25:00+00:00,-192.76972203621145,stop_loss
BTCUSD,BUY,1.303085522980039,91506.9,91361.1857142857,91944.04285714285,2025-11-30T09:10:00+00:00,91361.1857142857,2025-11-30T09:25:00+00:00,-189.87817620566827,stop_loss
BTCUSD,BUY,2.1434348803833316,91459.75,91372.49285714286,91721.52142857143,2025-11-30T12:40:00+00:00,91721.52142857143,2025-11-30T13:20:00+00:00,561.0900106877809,take_profit
BTCUSD,SELL,2.6373483875860466,86493.25,86567.35714285714,86270.92857142858,2025-12-01T11:05:00+00:00,86270.92857142858,2025-12-01T11:40:00+00:00,586.3390611686616,take_profit
BTCUSD,SELL,2.654702585614937,86278.8,86355.73571428572,86047.99285714286,2025-12-01T11:40:00+00:00,86047.99285714286,2025-12-01T12:05:00+00:00,612.7243189212511,take_profit
BTCUSD,SELL,2.1472062819339026,85993.05,86092.45000000001,85694.85,2025-12-01T12:05:00+00:00,85694.85,2025-12-01T12:30:00+00:00,640.2969132726835,take_profit
BTCUSD,SELL,1.6847494408798456,85693.15,85825.53571428571,85295.99285714285,2025-12-01T12:30:00+00:00,85825.53571428571,2025-12-01T12:35:00+00:00,-223.03675812333893,stop_loss
BTCUSD,BUY,2.2067636911361697,87049.6,86950.04642857144,87348.26071428572,2025-12-02T10:40:00+00:00,87348.26071428572,2025-12-02T10:50:00+00:00,659.0736202544987,take_profit
BTCUSD,BUY,1.6814011429333573,87712.15,87575.6107142857,88121.76785714286,2025-12-02T13:50:00+00:00,88121.76785714286,2025-12-02T14:05:00+00:00,688.7319331659189,take_profit
BTCUSD,BUY,1.3556328950351646,88111.2,87934.22857142857,88642.11428571428,2025-12-02T14:05:00+00:00,88642.11428571428,2025-12-02T14:25:00+00:00,719.7248701583853,take_profit
BTCUSD,BUY,1.207610068458927,88676.95,88469.34642857143,89299.7607142857,2025-12-02T14:25:00+00:00,88469.34642857143,2025-12-02T14:40:00+00:00,-250.70416310517086,stop_loss
BTCUSD,BUY,1.9231832721721787,93207.15,93078.74642857142,93592.3607142857,2025-12-03T09:55:00+00:00,93078.74642857142,2025-12-03T10:00:00+00:00,-246.94360065859328,stop_loss
BTCUSD,BUY,2.159249415434771,93376.85,93264.20000000001,93714.8,2025-12-03T10:20:00+00:00,93264.20000000001,2025-12-03T10:25:00+00:00,-243.2394466487144,stop_loss
BTCUSD,BUY,1.9527125421543303,93232.15,93109.45357142856,93600.23928571428,2025-12-03T13:40:00+00:00,93109.45357142856,2025-12-03T14:00:00+00:00,-239.59085494898366,stop_loss
BTCUSD,SELL,1.091838498949599,91792.1,92008.24642857144,91143.66071428572,2025-12-03T14:00:00+00:00,92008.24642857144,2025-12-03T14:05:00+00:00,-235.99699212474894,stop_loss
BTCUSD,BUY,2.3941723838743876,93411.85,93314.75714285715,93703.12857142858,2025-12-04T07:55:00+00:00,93314.75714285715,2025-12-04T08:05:00+00:00,-232.4570372428777,stop_loss
BTCUSD,SELL,2.5588365943557845,93023.55,93113.03214285715,92755.10357142857,2025-12-04T11:25:00+00:00,93113.03214285715,2025-12-04T12:40:00+00:00,-228.97018168423455,stop_loss
BTCUSD,SELL,1.6080971761780465,92602.4,92742.65,92181.65,2025-12-04T13:00:00+00:00,92742.65,2025-12-04T13:20:00+00:00,-225.53562895897102,stop_loss
BTCUSD,SELL,1.150751590388931,92493.95,92687.0,91914.79999999999,2025-12-04T13:45:00+00:00,92687.0,2025-12-04T14:05:00+00:00,-222.15259452458648,stop_loss
BTCUSD,BUY,2.486998115354592,92484.85,92396.86428571428,92748.80714285716,2025-12-05T07:25:00+00:00,92396.86428571428,2025-12-05T07:40:00+00:00,-218.82030560671762,stop_loss
BTCUSD,SELL,2.47572056800794,91901.85,91988.91071428572,91640.66785714285,2025-12-05T09:10:00+00:00,91640.66785714285,2025-12-05T09:15:00+00:00,646.6140030678506,take_profit
BTCUSD,SELL,1.8909336501324834,91409.85,91528.96428571429,91052.50714285714,2025-12-05T09:15:00+00:00,91528.96428571429,2025-12-05T09:20:00+00:00,-225.23721106863465,stop_loss
BTCUSD,SELL,1.6062580238073467,91261.6,91399.72142857144,90847.2357142857,2025-12-05T09:30:00+00:00,91399.72142857144,2025-12-05T10:25:00+00:00,-221.85865290260514,stop_loss
BTCUSD,SELL,3.4250554979314005,89420.2,89484.00357142856,89228.78928571427,2025-12-06T08:20:00+00:00,89484.00357142856,2025-12-06T09:10:00+00:00,-218.53077310906605,stop_loss
BTCUSD,BUY,5.350269615932295,89782.45,89742.21785714285,89903.14642857142,2025-12-06T13:40:00+00:00,89742.21785714285,2025-12-06T13:45:00+00:00,-215.25281151243007,stop_loss
BTCUSD,BUY,2.556486323965418,90084.25,90001.31428571428,90333.05714285714,2025-12-06T14:15:00+00:00,90001.31428571428,2025-12-06T14:20:00+00:00,-212.0240193397436,stop_loss
BTCUSD,SELL,1.479586674103125,89575.7,89716.84999999999,89152.25,2025-12-06T15:15:00+00:00,89716.84999999999,2025-12-06T15:30:00+00:00,-208.84365904964747,stop_loss
BTCUSD,SELL,3.2031521057664554,89422.55,89486.77142857143,89229.88571428572,2025-12-07T07:15:00+00:00,89229.88571428572,2025-12-07T08:10:00+00:00,617.1330124917083,take_profit
BTCUSD,SELL,2.9983083346626502,89132.2,89203.89642857143,88917.1107142857,2025-12-07T09:20:00+00:00,89203.89642857143,2025-12-07T09:25:00+00:00,-214.96799935127837,stop_loss
BTCUSD,SELL,2.8634713461037227,89106.45,89180.39642857143,88884.6107142857,2025-12-07T09:50:00+00:00,89180.39642857143,2025-12-07T10:00:00+00:00,-211.7434793610092,stop_loss
BTCUSD,BUY,3.1804188872543357,89536.6,89471.02142857143,89733.33571428571,2025-12-07T12:45:00+00:00,89471.02142857143,2025-12-07T12:55:00+00:00,-208.56732717059404,stop_loss
BTCUSD,BUY,1.9797242852990087,91703.55,91599.77857142857,92014.86428571428,2025-12-08T07:25:00+00:00,91599.77857142857,2025-12-08T07:45:00+00:00,-205.43881726303513,stop_loss
BTCUSD,BUY,1.7934360713179638,91959.35,91846.51785714287,92297.84642857144,2025-12-08T09:00:00+00:00,91846.51785714287,2025-12-08T10:05:00+00:00,-202.3572350040896,stop_loss
BTCUSD,SELL,0.8532614575301186,91012.85,91246.45,90312.05000000002,2025-12-08T14:35:00+00:00,91246.45,2025-12-08T14:40:00+00:00,-199.32187647902825,stop_loss
BTCUSD,SELL,0.5661538587721315,90518.65,90865.43214285714,89478.30357142857,2025-12-08T15:05:00+00:00,90169.5,2025-12-08T19:05:00+00:00,197.67261979028643,max_hold
BTCUSD,SELL,2.231592359275202,90310.55,90399.85714285714,90042.62857142858,2025-12-09T09:25:00+00:00,90042.62857142858,2025-12-09T10:35:00+00:00,597.8914128860913,take_profit
BTCUSD,SELL,2.191774128773763,90014.7,90109.72142857143,89729.63571428572,2025-12-09T10:35:00+00:00,90109.72142857143,2025-12-09T10:40:00+00:00,-208.26550882198848,stop_loss
BTCUSD,BUY,2.4231017647377024,90454.7,90370.03928571429,90708.68214285714,2025-12-09T12:00:00+00:00,90370.03928571429,2025-12-09T12:05:00+00:00,-205.14152618965863,stop_loss
BTCUSD,BUY,2.1694031028799508,90580.75,90487.60714285714,90860.17857142857,2025-12-09T12:15:00+00:00,90487.60714285714,2025-12-09T13:05:00+00:00,-202.06440329681377,stop_loss
BTCUSD,BUY,2.611987365451039,92800.35,92724.15000000001,93028.95,2025-12-10T07:55:00+00:00,92724.15000000001,2025-12-10T08:00:00+00:00,-199.03343724736155,stop_loss
BTCUSD,BUY,2.168243551479965,92836.8,92746.38214285714,93108.05357142858,2025-12-10T09:45:00+00:00,93108.05357142858,2025-12-10T10:00:00+00:00,588.1438070659218,take_profit
BTCUSD,BUY,1.7848603249166652,93130.1,93015.31785714286,93474.44642857143,2025-12-10T10:00:00+00:00,93015.31785714286,2025-12-10T10:05:00+00:00,-204.87009279464,stop_loss
BTCUSD,SELL,1.2795392013578695,92344.65,92502.3607142857,91871.51785714286,2025-12-10T10:30:00+00:00,91871.51785714286,2025-12-10T11:45:00+00:00,605.3911242081612,take_profit
BTCUSD,SELL,3.6400847243965746,90185.85,90243.78214285715,90012.05357142858,2025-12-11T12:05:00+00:00,90243.78214285715,2025-12-11T12:20:00+00:00,-210.87790826584282,stop_loss
BTCUSD,SELL,2.661668898435702,90036.35,90114.3892857143,89802.23214285716,2025-12-11T12:55:00+00:00,90114.3892857143,2025-12-11T13:00:00+00:00,-207.7147396418552,stop_loss
BTCUSD,SELL,2.4151654803212836,90001.4,90086.11428571428,89747.25714285715,2025-12-11T13:15:00+00:00,90086.11428571428,2025-12-11T13:20:00+00:00,-204.59901854722736,stop_loss
BTCUSD,SELL,2.1976246958493504,89927.3,90019.00357142858,89652.1892857143,2025-12-11T13:30:00+00:00,90019.00357142858,2025-12-11T13:35:00+00:00,-201.53003326901896,stop_loss
BTCUSD,BUY,1.8535977848195164,92539.1,92432.00714285715,92860.37857142858,2025-12-12T09:55:00+00:00,92432.00714285715,2025-12-12T10:45:00+00:00,-198.50708276998367,stop_loss
BTCUSD,BUY,2.298029442073636,92509.2,92424.11428571428,92764.45714285714,2025-12-12T13:15:00+00:00,92424.11428571428,2025-12-12T13:20:00+00:00,-195.52947652843395,stop_loss
BTCUSD,SELL,0.7708596656023269,91810.85,92060.69642857143,91061.31071428572,2025-12-12T15:15:00+00:00,91061.31071428572,2025-12-12T15:25:00+00:00,577.7896031415222,take_profit
BTCUSD,SELL,0.6323639521492871,90852.7,91170.97142857143,89897.88571428572,2025-12-12T15:25:00+00:00,89897.88571428572,2025-12-12T15:55:00+00:00,603.7901352828815,take_profit
BTCUSD,SELL,4.822278457904259,90367.2,90410.81428571428,90236.35714285714,2025-12-13T11:40:00+00:00,90410.81428571428,2025-12-13T11:45:00+00:00,-210.32023045687345,stop_loss
BTCUSD,SELL,3.527506662613049,90314.05,90372.77857142857,90137.8642857143,2025-12-13T12:45:00+00:00,90372.77857142857,2025-12-13T13:00:00+00:00,-207.16542700002034,stop_loss
BTCUSD,SELL,3.2910676093888966,90245.55,90307.55357142858,90059.53928571429,2025-12-13T13:25:00+00:00,90307.55357142858,2025-12-13T13:35:00+00:00,-204.05794559502004,stop_loss
BTCUSD,SELL,3.044092459709373,90151.8,90217.82857142857,89953.71428571429,2025-12-13T14:20:00+00:00,89953.71428571429,2025-12-13T14:30:00+00:00,602.9912292332842,take_profit
BTCUSD,SELL,5.40847384199818,90075.3,90114.13571428572,89958.79285714286,2025-12-14T09:30:00+00:00,89958.79285714286,2025-12-14T10:10:00+00:00,630.125834548782,take_profit
BTCUSD,SELL,4.614330885426094,89825.8,89873.36785714286,89683.09642857143,2025-12-14T10:10:00+00:00,89873.36785714286,2025-12-14T10:15:00+00:00,-219.4938323678258,stop_loss
BTCUSD,SELL,2.077005385543445,89667.6,89771.69285714286,89355.32142857143,2025-12-14T11:00:00+00:00,89771.69285714286,2025-12-14T11:05:00+00:00,-216.20142488230837,stop_loss
BTCUSD,SELL,1.7769803606668224,89529.6,89649.44285714287,89170.07142857142,2025-12-14T11:25:00+00:00,89170.07142857142,2025-12-14T11:40:00+00:00,638.8752105271953,take_profit
BTCUSD,BUY,2.559209334103813,89924.5,89837.54285714286,90185.37142857142,2025-12-15T09:00:00+00:00,89837.54285714286,2025-12-15T09:10:00+00:00,-222.54153166698168,stop_loss
BTCUSD,SELL,1.5555403206972311,89075.6,89216.51785714287,88652.84642857143,2025-12-15T14:30:00+00:00,89216.51785714287,2025-12-15T14:35:00+00:00,-219.20340869197696,stop_loss
BTCUSD,SELL,0.8431253067045013,88714.0,88970.08928571429,87945.73214285714,2025-12-15T14:45:00+00:00,87945.73214285714,2025-12-15T14:55:00+00:00,647.7460726847796,take_profit
BTCUSD,SELL,0.7312133521125236,88049.9,88358.47142857143,87124.1857142857,2025-12-15T14:55:00+00:00,87124.1857142857,2025-12-15T15:15:00+00:00,676.8946459555963,take_profit
BTCUSD,SELL,2.033380286298528,85882.9,85998.85714285713,85535.02857142856,2025-12-16T07:40:00+00:00,85998.85714285713,2025-12-16T07:45:00+00:00,-235.78496834120295,stop_loss
BTCUSD,BUY,2.186747402935602,86733.8,86627.59285714285,87052.42142857143,2025-12-16T10:35:00+00:00,87052.42142857143,2025-12-16T10:40:00+00:00,696.7445814481911,take_profit
BTCUSD,BUY,1.7944026170574703,87117.5,86982.24642857142,87523.26071428572,2025-12-16T10:40:00+00:00,86982.24642857142,2025-12-16T10:45:00+00:00,-242.69936253780776,stop_loss
BTCUSD,BUY,1.9003089992029818,87357.8,87232.0,87735.2,2025-12-16T12:45:00+00:00,87232.0,2025-12-16T12:50:00+00:00,-239.05887209974065,stop_loss
BTCUSD,SELL,1.92683490926156,86489.75,86611.95714285714,86123.12857142858,2025-12-17T08:25:00+00:00,86611.95714285714,2025-12-17T10:10:00+00:00,-235.47298901824453,stop_loss
BTCUSD,BUY,2.358406884236902,87148.55,87050.20357142857,87443.58928571429,2025-12-17T12:00:00+00:00,87050.20357142857,2025-12-17T12:10:00+00:00,-231.94089418297088,stop_loss
BTCUSD,BUY,1.452395300509994,87349.45,87192.15,87821.35,2025-12-17T13:40:00+00:00,87821.35,2025-12-17T14:15:00+00:00,685.3853423106789,take_profit
BTCUSD,BUY,1.152967747863329,87820.75,87613.68214285714,88441.95357142857,2025-12-17T14:15:00+00:00,87613.68214285714,2025-12-17T14:30:00+00:00,-238.7425609048865,stop_loss
BTCUSD,BUY,2.6568695596806866,86766.2,86677.68928571428,87031.73214285713,2025-12-18T07:10:00+00:00,86677.68928571428,2025-12-18T08:00:00+00:00,-235.1614224913132,stop_loss
BTCUSD,BUY,2.4941362991504366,86944.1,86851.22857142858,87222.71428571429,2025-12-18T08:20:00+00:00,86851.22857142858,2025-12-18T09:00:00+00:00,-231.6340011539435,stop_loss
BTCUSD,BUY,1.945212152678095,87222.3,87105.00714285714,87574.17857142858,2025-12-18T09:30:00+00:00,87105.00714285714,2025-12-18T11:10:00+00:00,-228.15949113663436,stop_loss
BTCUSD,BUY,1.9131213564235539,87632.85,87515.37857142858,87985.2642857143,2025-12-18T13:00:00+00:00,87515.37857142858,2025-12-18T13:05:00+00:00,-224.73709876958483,stop_loss
BTCUSD,BUY,1.5268127855120777,87694.0,87549.01428571428,88128.95714285715,2025-12-19T07:00:00+00:00,88128.95714285715,2025-12-19T07:10:00+00:00,664.098126864101,take_profit
BTCUSD,BUY,1.2738800293726646,88088.95,87907.35714285714,88633.72857142857,2025-12-19T07:10:00+00:00,87907.35714285714,2025-12-19T07:15:00+00:00,-231.3275141910026,stop_loss
BTCUSD,BUY,2.165505682366379,88239.65,88134.42857142857,88555.3142857143,2025-12-19T10:00:00+00:00,88134.42857142857,2025-12-19T10:05:00+00:00,-227.85760147813752,stop_loss
BTCUSD,BUY,1.6135549975009666,88294.05,88154.95357142857,88711.33928571429,2025-12-19T11:10:00+00:00,88154.95357142857,2025-12-19T11:15:00+00:00,-224.43973745596548,stop_loss
BTCUSD,BUY,5.116164938454176,88282.25,88239.03928571429,88411.88214285714,2025-12-20T12:05:00+00:00,88239.03928571429,2025-12-20T12:10:00+00:00,-221.07314139412603,stop_loss
BTCUSD,SELL,3.9492177211278023,87994.9,88050.03928571429,87829.48214285713,2025-12-20T13:15:00+00:00,88050.03928571429,2025-12-20T13:20:00+00:00,-217.75704427321412,stop_loss
BTCUSD,SELL,2.965211455048558,87994.8,88067.13571428572,87777.79285714285,2025-12-20T13:20:00+00:00,88067.13571428572,2025-12-20T13:35:00+00:00,-214.49068860911592,stop_loss
BTCUSD,SELL,7.6066004781246725,88041.05,88068.82500000001,87957.725,2025-12-21T07:40:00+00:00,88068.82500000001,2025-12-21T07:45:00+00:00,-211.27332827997918,stop_loss
BTCUSD,BUY,6.460714484934084,88199.95,88167.73928571428,88296.58214285714,2025-12-21T08:20:00+00:00,88296.58214285714,2025-12-21T08:30:00+00:00,624.3126850673384,take_profit
BTCUSD,BUY,4.923691858729843,88306.8,88262.63214285715,88439.30357142857,2025-12-21T08:30:00+00:00,88439.30357142857,2025-12-21T08:40:00+00:00,652.4067558954403,take_profit
BTCUSD,BUY,3.110799588935094,88574.45,88501.39642857143,88793.6107142857,2025-12-21T08:40:00+00:00,88501.39642857143,2025-12-21T08:45:00+00:00,-227.25501997022113,stop_loss
BTCUSD,BUY,2.384513391964504,88990.95,88897.075,89272.575,2025-12-22T07:00:00+00:00,89272.575,2025-12-22T08:15:00+00:00,671.5385840120034,take_profit
BTCUSD,BUY,2.2503829775173556,89437.9,89333.95357142857,89749.73928571427,2025-12-22T08:15:00+00:00,89749.73928571427,2025-12-22T08:20:00+00:00,701.7578202925763,take_profit
BTCUSD,BUY,1.9545041093653663,89586.6,89461.53214285715,89961.80357142857,2025-12-22T08:20:00+00:00,89461.53214285715,2025-12-22T08:45:00+00:00,-244.4456407352365,stop_loss
BTCUSD,BUY,2.539479724076056,89927.8,89832.9857142857,90212.24285714288,2025-12-22T11:30:00+00:00,89832.9857142857,2025-12-22T11:35:00+00:00,-240.77895612420798,stop_loss
BTCUSD,SELL,2.896825863682129,87337.0,87418.87142857144,87091.38571428572,2025-12-23T09:20:00+00:00,87418.87142857144,2025-12-23T09:40:00+00:00,-237.1672717823448,stop_loss
BTCUSD,SELL,1.7896233531481667,87539.2,87669.73571428572,87147.59285714285,2025-12-23T13:35:00+00:00,87669.73571428572,2025-12-23T13:40:00+00:00,-233.60976270560965,stop_loss
BTCUSD,SELL,1.1910008420837812,87342.45,87535.65357142857,86762.83928571428,2025-12-23T14:35:00+00:00,87535.65357142857,2025-12-23T14:40:00+00:00,-230.1056162650255,stop_loss
BTCUSD,SELL,1.1474286095552702,87066.85,87264.38214285715,86474.25357142858,2025-12-23T14:45:00+00:00,87264.38214285715,2025-12-23T15:15:00+00:00,-226.65403202105014,stop_loss
BTCUSD,SELL,2.5394532836937254,86742.75,86830.66428571429,86479.00714285714,2025-12-24T08:20:00+00:00,86830.66428571429,2025-12-24T08:25:00+00:00,-223.2542215407344,stop_loss
BTCUSD,SELL,2.016423706475472,86726.1,86835.15714285715,86398.92857142858,2025-12-24T08:55:00+00:00,86835.15714285715,2025-12-24T10:05:00+00:00,-219.90540821762337,stop_loss
BTCUSD,BUY,3.5267727851610142,87351.35,87289.93214285714,87535.60357142858,2025-12-24T12:35:00+00:00,87289.93214285714,2025-12-24T12:45:00+00:00,-216.60682709435903,stop_loss
BTCUSD,SELL,2.680974864812561,87054.8,87134.38214285715,86816.05357142857,2025-12-24T13:30:00+00:00,87134.38214285715,2025-12-24T13:35:00+00:00,-213.3577246879437,stop_loss
BTCUSD,SELL,3.3025064804654463,87328.4,87392.03571428571,87137.49285714285,2025-12-25T08:20:00+00:00,87392.03571428571,2025-12-25T08:25:00+00:00,-210.1573588176245,stop_loss
BTCUSD,SELL,4.3963440201685655,87224.15,87271.2357142857,87082.89285714286,2025-12-25T10:35:00+00:00,87271.2357142857,2025-12-25T10:40:00+00:00,-207.0049984353601,stop_loss
BTCUSD,BUY,3.491864132628401,87496.7,87438.30714285714,87671.87857142858,2025-12-25T11:25:00+00:00,87438.30714285714,2025-12-25T11:45:00+00:00,-203.8999234588297,stop_loss
BTCUSD,BUY,4.330145444671577,87528.25,87481.86785714286,87667.39642857143,2025-12-25T12:30:00+00:00,87481.86785714286,2025-12-25T12:40:00+00:00,-200.84142460694724,stop_loss
BTCUSD,BUY,2.463621459997956,89294.55,89214.25,89535.45000000001,2025-12-26T07:10:00+00:00,89214.25,2025-12-26T07:30:00+00:00,-197.82880323784303,stop_loss
BTCUSD,BUY,3.0414841369639563,88821.65,88757.58214285714,89013.85357142857,2025-12-26T09:45:00+00:00,88757.58214285714,2025-12-26T09:55:00+00:00,-194.86137118927542,stop_loss
BTCUSD,BUY,3.1989741770239375,88697.1,88637.1,88877.1,2025-12-26T13:05:00+00:00,88877.1,2025-12-26T13:35:00+00:00,575.8153518643087,take_profit
BTCUSD,BUY,3.167579844998687,88888.4,88825.07857142856,89078.36428571428,2025-12-26T13:35:00+00:00,88825.07857142856,2025-12-26T14:30:00+00:00,-200.5756808994009,stop_loss
BTCUSD,SELL,4.602993242807288,87425.95,87468.87142857142,87297.18571428572,2025-12-27T10:30:00+00:00,87468.87142857142,2025-12-27T11:15:00+00:00,-197.56704568590987,stop_loss
BTCUSD,SELL,8.760287974302853,87350.4,87372.61428571428,87283.75714285714,2025-12-27T13:20:00+00:00,87372.61428571428,2025-12-27T13:35:00+00:00,-194.60354000062125,stop_loss
BTCUSD,BUY,7.738128075571531,87476.25,87451.47857142857,87550.56428571428,2025-12-27T14:45:00+00:00,87451.47857142857,2025-12-27T15:00:00+00:00,-191.68448690061194,stop_loss
BTCUSD,BUY,6.502654549470645,87491.45,87462.41428571429,87578.55714285714,2025-12-27T15:10:00+00:00,87462.41428571429,2025-12-27T15:20:00+00:00,-188.80921959710275,stop_loss
BTCUSD,BUY,6.1889211748129185,87742.45,87712.4,87832.59999999999,2025-12-28T08:05:00+00:00,87712.4,2025-12-28T08:30:00+00:00,-185.9770813031462,stop_loss
BTCUSD,BUY,6.274309360660155,87796.45,87767.25357142856,87884.03928571429,2025-12-28T08:35:00+00:00,87884.03928571429,2025-12-28T08:40:00+00:00,549.5622752507057,take_profit
BTCUSD,BUY,4.125665069231111,87908.55,87862.15,88047.75000000001,2025-12-28T14:00:00+00:00,87862.15,2025-12-28T14:50:00+00:00,-191.4308592123596,stop_loss
BTCUSD,SELL,4.297300258079299,87709.0,87752.87857142858,87577.36428571428,2025-12-28T16:20:00+00:00,87752.87857142858,2025-12-28T16:25:00+00:00,-188.5593963241742,stop_loss
BTCUSD,SELL,1.0701212318909783,88427.05,88600.61071428572,87906.36785714286,2025-12-29T09:35:00+00:00,87906.36785714286,2025-12-29T09:45:00+00:00,557.1930161379191,take_profit
BTCUSD,SELL,0.9399465931125265,87976.85,88183.33928571429,87357.38214285715,2025-12-29T09:45:00+00:00,87357.38214285715,2025-12-29T12:05:00+00:00,582.2667018641412,take_profit
BTCUSD,SELL,1.738623938336195,86937.2,87053.85714285714,86587.22857142857,2025-12-29T12:05:00+00:00,87053.85714285714,2025-12-29T12:20:00+00:00,-202.8229011493425,stop_loss
BTCUSD,BUY,2.784813866530092,87602.65,87530.91071428571,87817.86785714286,2025-12-30T08:00:00+00:00,87817.86785714286,2025-12-30T08:10:00+00:00,599.3416728963476,take_profit
BTCUSD,BUY,2.245794735224331,87772.5,87679.53928571429,88051.38214285715,2025-12-30T08:10:00+00:00,88051.38214285715,2025-12-30T08:15:00+00:00,626.3120481766754,take_profit
BTCUSD,BUY,1.9646951552004277,87991.35,87880.30714285714,88324.47857142858,2025-12-30T08:15:00+00:00,87880.30714285714,2025-12-30T08:20:00+00:00,-218.1653634481977,stop_loss
BTCUSD,BUY,2.4183114520721776,88035.3,87946.43928571428,88301.88214285715,2025-12-30T10:40:00+00:00,87946.43928571428,2025-12-30T10:50:00+00:00,-214.8928829964747,stop_loss
BTCUSD,BUY,4.9299165804709215,88498.3,88455.36428571428,88627.10714285716,2025-12-31T07:35:00+00:00,88455.36428571428,2025-12-31T08:35:00+00:00,-211.6694897515276,stop_loss
BTCUSD,BUY,4.727765247284062,88685.8,88641.7,88818.1,2025-12-31T10:10:00+00:00,88641.7,2025-12-31T10:20:00+00:00,-208.49444740525468,stop_loss
BTCUSD,BUY,2.8977408080212466,88800.4,88729.52857142857,89013.01428571428,2025-12-31T11:05:00+00:00,88729.52857142857,2025-12-31T11:15:00+00:00,-205.36703069417584,stop_loss
BTCUSD,BUY,3.08649267426585,88894.55,88829.01071428572,89091.16785714286,2025-12-31T11:40:00+00:00,88829.01071428572,2025-12-31T12:00:00+00:00,-202.2865252337632,stop_loss
BTCUSD,BUY,6.799588502069928,87840.8,87811.49642857144,87928.71071428571,2026-01-01T11:50:00+00:00,87811.49642857144,2026-01-01T12:30:00+00:00,-199.25222735525674,stop_loss
BTCUSD,BUY,3.9692137453645997,87916.95,87867.50357142856,88065.28928571427,2026-01-01T15:15:00+00:00,87867.50357142856,2026-01-01T15:25:00+00:00,-196.2634439449279,stop_loss
BTCUSD,BUY,2.4436575251684345,88993.1,88913.98928571428,89230.43214285714,2026-01-02T08:20:00+00:00,89230.43214285714,2026-01-02T09:45:00+00:00,579.9584768571908,take_profit
BTCUSD,BUY,2.18855077933962,89356.25,89263.94285714286,89633.17142857143,2026-01-02T09:45:00+00:00,89263.94285714286,2026-01-02T09:50:00+00:00,-202.01886943861183,stop_loss
BTCUSD,BUY,1.8084000062048442,89389.9,89279.86428571428,89720.00714285714,2026-01-02T10:00:00+00:00,89720.00714285714,2026-01-02T10:10:00+00:00,596.9657591911243,take_profit
BTCUSD,BUY,1.5899959141366404,89721.2,89590.41785714285,90113.54642857143,2026-01-02T10:10:00+00:00,89590.41785714285,2026-01-02T10:25:00+00:00,-207.9430727848995,stop_loss
BTCUSD,SELL,2.3814757692084454,89591.3,89677.30714285714,89333.27857142857,2026-01-03T08:00:00+00:00,89677.30714285714,2026-01-03T08:25:00+00:00,-204.82392669312603,stop_loss
BTCUSD,SELL,4.973187690990668,89609.4,89649.96785714285,89487.69642857142,2026-01-03T12:05:00+00:00,89649.96785714285,2026-01-03T12:20:00+00:00,-201.7515677927291,stop_loss
BTCUSD,BUY,3.893030322342224,89909.55,89858.50357142858,90062.68928571428,2026-01-03T12:45:00+00:00,90062.68928571428,2026-01-03T14:20:00+00:00,596.1758828275146,take_profit
BTCUSD,BUY,3.6648822075576057,90137.0,90080.33571428571,90306.99285714286,2026-01-03T14:20:00+00:00,90080.33571428571,2026-01-03T14:45:00+00:00,-207.6679325182509,stop_loss
BTCUSD,BUY,3.0163690640681047,91505.1,91437.28571428571,91708.54285714286,2026-01-04T10:10:00+00:00,91437.28571428571,2026-01-04T10:15:00+00:00,-204.55291353047713,stop_loss
BTCUSD,BUY,3.2291050055350343,91359.5,91297.10357142857,91546.68928571428,2026-01-04T14:10:00+00:00,91297.10357142857,2026-01-04T14:15:00+00:00,-201.48461982751996,stop_loss
BTCUSD,BUY,3.489009741221427,92587.4,92530.51785714286,92758.04642857143,2026-01-05T08:05:00+00:00,92530.51785714286,2026-01-05T08:35:00+00:00,-198.4623505301072,stop_loss
BTCUSD,BUY,1.9882279795205262,92736.35,92638.02857142857,93031.3142857143,2026-01-05T09:45:00+00:00,92638.02857142857,2026-01-05T10:00:00+00:00,-195.48541527215556,stop_loss
BTCUSD,BUY,1.9395933925266633,92873.85,92774.57500000001,93171.675,2026-01-05T10:10:00+00:00,92774.57500000001,2026-01-05T10:35:00+00:00,-192.55313404307321,stop_loss
BTCUSD,BUY,1.6517730200952052,92983.95,92869.125,93328.425,2026-01-05T10:45:00+00:00,92869.125,2026-01-05T11:10:00+00:00,-189.66483703242713,stop_loss
BTCUSD,SELL,2.0458996422694784,93536.3,93627.61428571428,93262.35714285713,2026-01-06T07:10:00+00:00,93262.35714285713,2026-01-06T07:35:00+00:00,560.4595934308817,take_profit
BTCUSD,SELL,1.9088414410010976,93267.5,93369.77500000001,92960.67499999999,2026-01-06T07:35:00+00:00,93369.77500000001,2026-01-06T08:05:00+00:00,-195.22675837840393,stop_loss
BTCUSD,BUY,2.6531753208222275,93681.35,93608.87142857144,93898.78571428572,2026-01-06T11:00:00+00:00,93898.78571428572,2026-01-06T12:05:00+00:00,576.8950710082223,take_profit
BTCUSD,BUY,2.6382753907724568,93910.55,93834.38214285715,94139.05357142858,2026-01-06T12:05:00+00:00,93834.38214285715,2026-01-06T12:30:00+00:00,-200.95178306785124,stop_loss
BTCUSD,SELL,2.3964414653916672,92466.2,92548.79642857143,92218.41071428571,2026-01-07T09:05:00+00:00,92218.41071428571,2026-01-07T09:10:00+00:00,593.8125189655003,take_profit
BTCUSD,SELL,2.1062082460456693,92219.1,92317.30714285716,91924.47857142857,2026-01-07T09:10:00+00:00,91924.47857142857,2026-01-07T09:20:00+00:00,620.5340823189173,take_profit
BTCUSD,SELL,1.7581047928977445,91886.95,92009.89642857143,91518.1107142857,2026-01-07T09:20:00+00:00,92009.89642857143,2026-01-07T11:05:00+00:00,-216.15270534109973,stop_loss
BTCUSD,SELL,2.6565178081668748,91789.2,91869.34642857143,91548.7607142857,2026-01-07T13:05:00+00:00,91869.34642857143,2026-01-07T13:10:00+00:00,-212.91041476098326,stop_loss
BTCUSD,SELL,1.114498413131642,89762.35,89950.52142857143,89197.83571428571,2026-01-08T07:00:00+00:00,89950.52142857143,2026-01-08T07:10:00+00:00,-209.71675853956847,stop_loss
BTCUSD,SELL,1.6496928782754428,89924.4,90049.61785714285,89548.74642857142,2026-01-08T09:25:00+00:00,90049.61785714285,2026-01-08T10:20:00+00:00,-206.57100716147497,stop_loss
BTCUSD,SELL,1.4240222899203692,89764.15,89907.03571428571,89335.49285714285,2026-01-08T12:10:00+00:00,89907.03571428571,2026-01-08T12:20:00+00:00,-203.47244205405283,stop_loss
BTCUSD,SELL,1.7115316432385317,89524.75,89641.85,89173.45,2026-01-08T14:25:00+00:00,89641.85,2026-01-08T14:30:00+00:00,-200.42035542324203,stop_loss
BTCUSD,SELL,3.0691801235827203,90642.15,90706.47142857143,90449.1857142857,2026-01-09T07:55:00+00:00,90706.47142857143,2026-01-09T08:00:00+00:00,-197.4140500918934,stop_loss
BTCUSD,SELL,2.2975270071458826,90443.55,90528.18571428572,90189.64285714286,2026-01-09T08:00:00+00:00,90528.18571428572,2026-01-09T08:05:00+00:00,-194.452839340515,stop_loss
BTCUSD,SELL,1.4324659603652485,90320.55,90454.26071428572,89919.41785714285,2026-01-09T08:35:00+00:00,89919.41785714285,2026-01-09T08:45:00+00:00,574.6081402512427,take_profit
BTCUSD,SELL,1.1697895443271693,89791.5,89962.60357142857,89278.18928571428,2026-01-09T08:45:00+00:00,89962.60357142857,2026-01-09T09:00:00+00:00,-200.15516885417594,stop_loss
BTCUSD,BUY,5.2260527851910625,90589.0,90551.275,90702.17499999999,2026-01-10T08:00:00+00:00,90551.275,2026-01-10T08:05:00+00:00,-197.15284132136324,stop_loss
BTCUSD,BUY,4.815334186718795,90634.85,90594.52142857143,90755.83571428571,2026-01-10T09:55:00+00:00,90594.52142857143,2026-01-10T12:00:00+00:00,-194.19554870154286,stop_loss
BTCUSD,SELL,4.655291815026518,90486.15,90527.23928571428,90362.88214285714,2026-01-10T14:10:00+00:00,90527.23928571428,2026-01-10T16:05:00+00:00,-191.28261547101968,stop_loss
BTCUSD,BUY,7.2977929654040015,90637.8,90611.98214285714,90715.25357142858,2026-01-11T08:30:00+00:00,90611.98214285714,2026-01-11T08:35:00+00:00,-188.41337623895438,stop_loss
BTCUSD,BUY,4.800407313321867,90668.95,90630.28928571429,90784.93214285714,2026-01-11T08:55:00+00:00,90630.28928571429,2026-01-11T09:25:00+00:00,-185.58717559537007,stop_loss
BTCUSD,BUY,9.099545427411996,90633.55,90613.46071428571,90693.81785714286,2026-01-11T11:55:00+00:00,90613.46071428571,2026-01-11T12:00:00+00:00,-182.80336796143953,stop_loss
BTCUSD,BUY,8.278681261701973,90637.75,90616.0,90703.0,2026-01-11T12:05:00+00:00,90703.0,2026-01-11T12:15:00+00:00,540.1839523260537,take_profit
BTCUSD,SELL,1.3652744618691903,91031.55,91169.37142857144,90618.08571428571,2026-01-12T08:30:00+00:00,90618.08571428571,2026-01-12T08:35:00+00:00,564.4922301807063,take_profit
BTCUSD,SELL,1.1881311390037592,90658.45,90823.94642857142,90161.96071428571,2026-01-12T08:35:00+00:00,90581.75,2026-01-12T12:35:00+00:00,91.12965836158487,max_hold
BTCUSD,SELL,2.1525743900373056,90365.2,90457.18214285714,90089.25357142856,2026-01-12T14:15:00+00:00,90089.25357142856,2026-01-12T14:20:00+00:00,593.9952151651291,take_profit
BTCUSD,SELL,1.8581799127302128,90105.4,90216.75,89771.34999999999,2026-01-12T14:20:00+00:00,90216.75,2026-01-12T14:30:00+00:00,-206.90833328252,stop_loss
BTCUSD,BUY,2.4917176805219796,92298.1,92216.30714285714,92543.47857142858,2026-01-13T09:00:00+00:00,92543.47857142858,2026-01-13T09:20:00+00:00,611.4141248498104,take_profit
BTCUSD,BUY,1.9889686359711438,92449.15,92342.07142857142,92770.38571428572,2026-01-13T09:20:00+00:00,92342.07142857142,2026-01-13T09:35:00+00:00,-212.97592015602936,stop_loss
BTCUSD,BUY,2.2143008549415284,92199.55,92104.81071428572,92483.76785714286,2026-01-13T13:30:00+00:00,92104.81071428572,2026-01-13T13:35:00+00:00,-209.7812813536889,stop_loss
BTCUSD,BUY,0.9314756318599305,92643.95,92422.11428571428,93309.45714285715,2026-01-13T14:35:00+00:00,92422.11428571428,2026-01-13T14:50:00+00:00,-206.63456213338358,stop_loss
BTCUSD,BUY,1.7137731471820166,95169.35,95050.58571428573,95525.64285714287,2026-01-14T07:45:00+00:00,95050.58571428573,2026-01-14T08:35:00+00:00,-203.53504370138282,stop_loss
BTCUSD,BUY,2.464762461156466,95151.8,95070.46071428571,95395.81785714286,2026-01-14T13:20:00+00:00,95070.46071428571,2026-01-14T13:30:00+00:00,-200.48201804586208,stop_loss
BTCUSD,BUY,1.7640115034950667,95212.35,95100.40357142859,95548.1892857143,2026-01-14T14:00:00+00:00,95548.1892857143,2026-01-14T14:15:00+00:00,592.4243633255737,take_profit
BTCUSD,BUY,1.4608531060353322,95621.7,95480.43928571428,96045.48214285714,2026-01-14T14:15:00+00:00,95480.43928571428,2026-01-14T14:30:00+00:00,-206.36115322505776,stop_loss
BTCUSD,BUY,1.84883075816887,96590.95,96481.00714285714,96920.77857142857,2026-01-15T07:40:00+00:00,96481.00714285714,2026-01-15T08:00:00+00:00,-203.26573592668188,stop_loss
BTCUSD,BUY,2.1135038630943503,96752.7,96657.96785714285,97036.89642857143,2026-01-15T09:25:00+00:00,97036.89642857143,2026-01-15T09:40:00+00:00,600.6502496633451,take_profit
BTCUSD,BUY,2.140893912336168,97068.25,96970.52142857143,97361.43571428572,2026-01-15T09:40:00+00:00,96970.52142857143,2026-01-15T10:00:00+00:00,-209.22650363273183,stop_loss
BTCUSD,SELL,2.8863880403117324,96597.8,96669.2,96383.6,2026-01-15T11:45:00+00:00,96669.2,2026-01-15T12:10:00+00:00,-206.08810607824088,stop_loss
BTCUSD,SELL,3.216882656425481,95541.55,95604.65357142857,95352.2392857143,2026-01-16T10:00:00+00:00,95352.2392857143,2026-01-16T10:30:00+00:00,608.9903534612017,take_profit
BTCUSD,SELL,3.5656656946159293,95355.7,95415.19285714286,95177.22142857143,2026-01-16T10:30:00+00:00,95415.19285714286,2026-01-16T11:50:00+00:00,-212.1316397889853,stop_loss
BTCUSD,BUY,2.020789798763374,95678.35,95574.95,95988.55000000002,2026-01-16T14:25:00+00:00,95574.95,2026-01-16T14:30:00+00:00,-208.9496651921505,stop_loss
BTCUSD,SELL,1.3824713364518437,95251.7,95400.575,94805.075,2026-01-16T14:35:00+00:00,95400.575,2026-01-16T14:45:00+00:00,-205.81542021426824,stop_loss
BTCUSD,SELL,4.066764070431907,95103.15,95153.0,94953.6,2026-01-17T08:00:00+00:00,95153.0,2026-01-17T08:15:00+00:00,-202.72818891105422,stop_loss
BTCUSD,SELL,6.236746737498313,95131.05,95163.06785714286,95034.99642857144,2026-01-17T10:40:00+00:00,95163.06785714286,2026-01-17T11:20:00+00:00,-199.6872660773884,stop_loss
BTCUSD,BUY,5.314459903902465,95263.0,95225.98928571428,95374.03214285713,2026-01-17T12:00:00+00:00,95225.98928571428,2026-01-17T12:25:00+00:00,-196.69195708622757,stop_loss
BTCUSD,BUY,4.580565884014588,95384.6,95342.30357142858,95511.4892857143,2026-01-17T13:45:00+00:00,95342.30357142858,2026-01-17T14:00:00+00:00,-193.74157772993416,stop_loss
BTCUSD,SELL,6.278219614370813,95013.2,95043.59642857143,94922.01071428572,2026-01-18T07:30:00+00:00,95043.59642857143,2026-01-18T07:45:00+00:00,-190.83545406398514,stop_loss
BTCUSD,BUY,6.566739642027087,95199.35,95170.725,95285.22499999999,2026-01-18T09:30:00+00:00,95170.725,2026-01-18T10:00:00+00:00,-187.97292225302536,stop_loss
BTCUSD,SELL,8.409234705172635,95051.85,95073.86785714286,94985.79642857144,2026-01-18T11:35:00+00:00,95073.86785714286,2026-01-18T11:40:00+00:00,-185.15332841922998,stop_loss
BTCUSD,SELL,5.790371694980427,95001.45,95032.94642857142,94906.96071428571,2026-01-18T13:05:00+00:00,94906.96071428571,2026-01-18T13:20:00+00:00,547.1280854789088,take_profit
BTCUSD,SELL,2.2399876563417744,92901.7,92986.78214285715,92646.45357142856,2026-01-19T13:15:00+00:00,92986.78214285715,2026-01-19T13:35:00+00:00,-190.58294977512517,stop_loss
BTCUSD,SELL,2.1008304375690767,92704.45,92793.80714285714,92436.37857142856,2026-01-19T14:35:00+00:00,92793.80714285714,2026-01-19T14:45:00+00:00,-187.7242055284983,stop_loss
BTCUSD,SELL,1.2716280458003515,90642.85,90788.26071428572,90206.61785714286,2026-01-20T08:35:00+00:00,90788.26071428572,2026-01-20T08:45:00+00:00,-184.9083424455708,stop_loss
BTCUSD,SELL,2.614195245360378,91025.1,91094.77142857143,90816.08571428573,2026-01-20T12:15:00+00:00,91094.77142857143,2026-01-20T12:25:00+00:00,-182.13471730888722,stop_loss
BTCUSD,SELL,1.971690349483535,90934.65,91025.63928571428,90661.68214285714,2026-01-20T13:05:00+00:00,91025.63928571428,2026-01-20T14:00:00+00:00,-179.40269654925393,stop_loss
BTCUSD,SELL,1.281580597500094,90678.55,90816.43571428572,90264.89285714286,2026-01-20T14:15:00+00:00,90816.43571428572,2026-01-20T14:20:00+00:00,-176.71165610101508,stop_loss
BTCUSD,SELL,1.6119422772501748,89313.2,89421.18214285714,88989.25357142856,2026-01-21T07:30:00+00:00,88989.25357142856,2026-01-21T07:55:00+00:00,522.1829437784997,take_profit
BTCUSD,SELL,1.3488239391014307,88945.85,89080.70357142857,88541.2892857143,2026-01-21T08:35:00+00:00,89080.70357142857,2026-01-21T08:55:00+00:00,-181.89372541617738,stop_loss
BTCUSD,SELL,2.257099319256164,88861.05,88940.42857142857,88622.9142857143,2026-01-21T11:50:00+00:00,88622.9142857143,2026-01-21T11:55:00+00:00,537.4959586048369,take_profit
BTCUSD,SELL,1.9422686264280773,88696.8,88793.19642857143,88407.61071428572,2026-01-21T11:55:00+00:00,88407.61071428572,2026-01-21T12:10:00+00:00,561.6832767419936,take_profit
BTCUSD,BUY,2.439455058923129,90019.75,89939.54642857143,90260.3607142857,2026-01-22T09:35:00+00:00,89939.54642857143,2026-01-22T10:00:00+00:00,-195.65300806513721,stop_loss
BTCUSD,BUY,3.6002868711212472,90030.2,89976.67142857143,90190.78571428571,2026-01-22T13:20:00+00:00,89976.67142857143,2026-01-22T13:30:00+00:00,-192.71821294416011,stop_loss
BTCUSD,SELL,1.6922437240917563,89531.7,89643.875,89195.17499999999,2026-01-22T13:40:00+00:00,89195.17499999999,2026-01-22T14:35:00+00:00,569.4823192499931,take_profit
BTCUSD,SELL,0.8593410516105566,89032.15,89262.98928571428,88339.63214285714,2026-01-22T14:45:00+00:00,89262.98928571428,2026-01-22T14:50:00+00:00,-198.3696745387476,stop_loss
BTCUSD,SELL,2.3649328364221565,89222.45,89305.07142857142,88974.5857142857,2026-01-23T08:25:00+00:00,88974.5857142857,2026-01-23T09:15:00+00:00,586.182388262068,take_profit
BTCUSD,SELL,1.6334949219567794,88947.15,89072.15,88572.15,2026-01-23T09:15:00+00:00,89072.15,2026-01-23T11:05:00+00:00,-204.1868652445974,stop_loss
BTCUSD,BUY,2.546334664246021,89345.8,89266.8142857143,89582.75714285714,2026-01-23T14:10:00+00:00,89582.75714285714,2026-01-23T14:25:00+00:00,603.3721867978223,take_profit
BTCUSD,BUY,2.2814957206720274,89569.8,89477.67857142858,89846.16428571429,2026-01-23T14:25:00+00:00,89477.67857142858,2026-01-23T14:30:00+00:00,-210.1746450678958,stop_loss
BTCUSD,SELL,5.5385216042174505,89490.5,89527.87857142856,89378.36428571428,2026-01-24T08:00:00+00:00,89527.87857142856,2026-01-24T08:50:00+00:00,-207.02202539187732,stop_loss
BTCUSD,SELL,10.345474651763613,89409.85,89429.56071428572,89350.71785714287,2026-01-24T12:05:00+00:00,89429.56071428572,2026-01-24T12:30:00+00:00,-203.91669501099918,stop_loss
BTCUSD,SELL,9.763927861808424,89394.45,89415.02142857143,89332.7357142857,2026-01-24T12:30:00+00:00,89332.7357142857,2026-01-24T13:55:00+00:00,602.5738337573605,take_profit
BTCUSD,SELL,6.8354308659952565,89243.05,89273.75714285714,89150.92857142858,2026-01-24T13:55:00+00:00,89150.92857142858,2026-01-24T14:00:00+00:00,629.6896562766832,take_profit
BTCUSD,SELL,3.9531237861859148,88302.4,88357.8857142857,88135.94285714286,2026-01-25T08:35:00+00:00,88135.94285714286,2026-01-25T08:40:00+00:00,658.025690809092,take_profit
BTCUSD,SELL,2.4110386958027794,88171.6,88266.66785714286,87886.39642857143,2026-01-25T08:40:00+00:00,88266.66785714286,2026-01-25T09:20:00+00:00,-229.21228229848123,stop_loss
BTCUSD,SELL,4.23506045809042,88457.5,88510.81071428572,88297.56785714286,2026-01-25T15:45:00+00:00,88297.56785714286,2026-01-25T15:50:00+00:00,677.3222941919504,take_profit
BTCUSD,SELL,3.57882339744972,88284.25,88350.175,88086.475,2026-01-25T15:50:00+00:00,88350.175,2026-01-25T15:55:00+00:00,-235.9339324768832,stop_loss
BTCUSD,BUY,2.028447849905668,88022.1,87907.53214285715,88365.80357142858,2026-01-26T08:00:00+00:00,87907.53214285715,2026-01-26T08:10:00+00:00,-232.39492348973,stop_loss
BTCUSD,BUY,1.4975005233163805,88089.55,87936.68928571428,88548.13214285715,2026-01-26T08:20:00+00:00,87936.68928571428,2026-01-26T08:45:00+00:00,-228.90899963738408,stop_loss
BTCUSD,SELL,2.453200003885501,87575.45,87667.3607142857,87299.71785714285,2026-01-26T09:35:00+00:00,87667.3607142857,2026-01-26T09:40:00+00:00,-225.47536464282325,stop_loss
BTCUSD,SELL,2.244013624729013,87517.4,87616.37142857142,87220.48571428572,2026-01-26T09:50:00+00:00,87616.37142857142,2026-01-26T10:00:00+00:00,-222.09323417318095,stop_loss
BTCUSD,SELL,3.031291828820211,88004.8,88076.96785714285,87788.29642857144,2026-01-27T08:45:00+00:00,88076.96785714285,2026-01-27T08:50:00+00:00,-218.76183566058322,stop_loss
BTCUSD,SELL,3.11130952326692,87984.9,88054.15714285713,87777.12857142858,2026-01-27T09:00:00+00:00,87777.12857142858,2026-01-27T09:55:00+00:00,646.4412243770234,take_profit
BTCUSD,SELL,3.073339869245632,87764.6,87837.86785714286,87544.79642857144,2026-01-27T09:55:00+00:00,87837.86785714286,2026-01-27T10:00:00+00:00,-225.17702649132983,stop_loss
BTCUSD,SELL,3.2188153781644173,87705.35,87774.25714285715,87498.62857142858,2026-01-27T10:35:00+00:00,87774.25714285715,2026-01-27T11:10:00+00:00,-221.79937109395988,stop_loss
BTCUSD,BUY,2.16807607824616,89214.3,89113.53214285715,89516.60357142857,2026-01-28T09:35:00+00:00,89516.60357142857,2026-01-28T10:15:00+00:00,655.4171415826515,take_profit
BTCUSD,BUY,2.2883486143677327,89701.15,89601.38214285714,90000.45357142856,2026-01-28T11:45:00+00:00,90000.45357142856,2026-01-28T11:55:00+00:00,684.9109129538709,take_profit
BTCUSD,BUY,1.6185313492299498,90060.15,89912.74642857142,90502.3607142857,2026-01-28T13:10:00+00:00,89912.74642857142,2026-01-28T14:20:00+00:00,-238.57730134559833,stop_loss
BTCUSD,SELL,1.1019127794338655,88971.65,89184.91428571429,88331.85714285713,2026-01-28T15:10:00+00:00,89184.91428571429,2026-01-28T15:25:00+00:00,-234.99864182541435,stop_loss
BTCUSD,SELL,2.521990171424793,87879.7,87971.48214285714,87604.35357142857,2026-01-29T08:05:00+00:00,87971.48214285714,2026-01-29T08:25:00+00:00,-231.47366219803317,stop_loss
BTCUSD,SELL,2.539194814820333,87778.5,87868.29285714286,87509.12142857142,2026-01-29T09:50:00+00:00,87868.29285714286,2026-01-29T11:05:00+00:00,-228.00155726506267,stop_loss
BTCUSD,SELL,2.605462170859736,87644.85,87731.04642857144,87386.26071428572,2026-01-29T11:25:00+00:00,87731.04642857144,2026-01-29T11:30:00+00:00,-224.5815339060867,stop_loss
BTCUSD,SELL,2.3894601902359787,87608.8,87701.37857142858,87331.06428571428,2026-01-29T11:45:00+00:00,87701.37857142858,2026-01-29T12:00:00+00:00,-221.2128108974954,stop_loss
BTCUSD,SELL,1.4253789044115537,82264.35,82417.21785714287,81805.74642857144,2026-01-30T09:25:00+00:00,82417.21785714287,2026-01-30T09:35:00+00:00,-217.89461873403295,stop_loss
BTCUSD,BUY,0.9420217551313073,83335.05,83107.21428571429,84018.55714285714,2026-01-30T14:35:00+00:00,83107.21428571429,2026-01-30T14:50:00+00:00,-214.62619945302245,stop_loss
BTCUSD,SELL,2.150160036656324,83356.3,83454.62142857142,83061.33571428573,2026-01-31T08:00:00+00:00,83061.33571428573,2026-01-31T08:10:00+00:00,634.2204193837126,take_profit
BTCUSD,SELL,1.905422362326107,83197.55,83313.49285714286,82849.72142857144,2026-01-31T08:10:00+00:00,82849.72142857144,2026-01-31T08:30:00+00:00,662.7603382559207,take_profit
BTCUSD,SELL,1.5689617716318196,82820.6,82967.74285714286,82379.17142857144,2026-01-31T08:30:00+00:00,82967.74285714286,2026-01-31T08:55:00+00:00,-230.86151782582164,stop_loss
BTCUSD,SELL,2.4992780113191455,82698.3,82789.28571428571,82425.34285714287,2026-01-31T12:10:00+00:00,82789.28571428571,2026-01-31T12:15:00+00:00,-227.3985950584343,stop_loss
BTCUSD,SELL,1.8480826413577818,78066.6,78187.8,77703.0,2026-02-01T07:00:00+00:00,78187.8,2026-02-01T07:10:00+00:00,-223.98761613255778,stop_loss
BTCUSD,SELL,1.2808049537518822,78309.2,78481.45714285714,77792.42857142858,2026-02-01T10:40:00+00:00,78481.45714285714,2026-02-01T11:30:00+00:00,-220.62780189056943,stop_loss
BTCUSD,SELL,1.484632502840404,78008.5,78154.87857142858,77569.36428571428,2026-02-01T14:15:00+00:00,77569.36428571428,2026-02-01T14:30:00+00:00,651.955154586611,take_profit
BTCUSD,SELL,1.1995577998204556,77423.9,77613.21785714285,76855.94642857142,2026-02-01T14:30:00+00:00,77613.21785714285,2026-02-01T14:40:00+00:00,-227.09771218101005,stop_loss
BTCUSD,BUY,0.9243985627770328,77270.95,77028.96428571428,77996.90714285715,2026-02-02T09:25:00+00:00,77996.90714285715,2026-02-02T12:20:00+00:00,671.0737394948712,take_profit
BTCUSD,BUY,1.6484173355513376,78060.2,77918.39285714286,78485.62142857142,2026-02-02T12:20:00+00:00,77918.39285714286,2026-02-02T12:30:00+00:00,-233.75735259071794,stop_loss
BTCUSD,BUY,0.8484940886594249,78495.45,78224.08571428571,79309.54285714286,2026-02-02T14:35:00+00:00,78224.08571428571,2026-02-02T14:45:00+00:00,-230.25099230185722,stop_loss
BTCUSD,BUY,0.4875487422407146,78998.75,78533.57142857143,80394.28571428571,2026-02-02T15:35:00+00:00,78533.57142857143,2026-02-02T16:55:00+00:00,-226.79722741732937,stop_loss
BTCUSD,BUY,1.3807486495452046,78910.2,78748.40714285713,79395.57857142857,2026-02-03T08:35:00+00:00,78748.40714285713,2026-02-03T08:50:00+00:00,-223.39526900606938,stop_loss
BTCUSD,SELL,1.2034850120494685,78126.05,78308.8892857143,77577.53214285713,2026-02-03T09:10:00+00:00,78308.8892857143,2026-02-03T09:20:00+00:00,-220.04433997097834,stop_loss
BTCUSD,SELL,1.1093726161044848,77888.55,78083.925,77302.42499999999,2026-02-03T09:25:00+00:00,78083.925,2026-02-03T09:30:00+00:00,-216.7436748714137,stop_loss
BTCUSD,SELL,1.5010899613171649,78053.45,78195.675,77626.775,2026-02-03T14:15:00+00:00,78195.675,2026-02-03T14:25:00+00:00,-213.49251974834252,stop_loss
BTCUSD,SELL,1.4204679375324716,76129.3,76277.34285714285,75685.17142857143,2026-02-04T08:00:00+00:00,76277.34285714285,2026-02-04T08:10:00+00:00,-210.2901319521174,stop_loss
BTCUSD,SELL,1.3639211342659865,76023.1,76174.96785714287,75567.49642857144,2026-02-04T08:25:00+00:00,76174.96785714287,2026-02-04T08:35:00+00:00,-207.13577997283562,stop_loss
BTCUSD,SELL,1.3841170741026254,75965.3,76112.70714285714,75523.07857142857,2026-02-04T09:35:00+00:00,76112.70714285714,2026-02-04T09:40:00+00:00,-204.02874327324307,stop_loss
BTCUSD,SELL,1.5559984347626994,75701.85,75831.00714285715,75314.37857142858,2026-02-04T11:05:00+00:00,75831.00714285715,2026-02-04T11:15:00+00:00,-200.9683121241444,stop_loss
BTCUSD,SELL,1.016954304971087,70649.4,70844.05357142857,70065.43928571428,2026-02-05T10:50:00+00:00,70844.05357142857,2026-02-05T11:05:00+00:00,-197.95378744228228,stop_loss
BTCUSD,SELL,0.7807967990014755,69952.45,70202.175,69203.275,2026-02-05T11:20:00+00:00,70202.175,2026-02-05T11:25:00+00:00,-194.984480630648,stop_loss
BTCUSD,SELL,0.5448557711621551,69805.9,70158.39642857142,68748.41071428571,2026-02-05T12:10:00+00:00,70158.39642857142,2026-02-05T14:00:00+00:00,-192.0597134211883,stop_loss
BTCUSD,SELL,0.4167229347701168,68853.9,69307.86785714285,67491.99642857142,2026-02-05T15:00:00+00:00,67491.99642857142,2026-02-05T15:20:00+00:00,567.5364531596175,take_profit
BTCUSD,BUY,0.970760282436878,66449.35,66245.70357142857,67060.2892857143,2026-02-06T11:50:00+00:00,66245.70357142857,2026-02-06T12:05:00+00:00,-197.69186451726472,stop_loss
BTCUSD,BUY,0.9738759017229737,66795.35,66595.40000000001,67395.20000000001,2026-02-06T13:00:00+00:00,66595.40000000001,2026-02-06T13:05:00+00:00,-194.72648654950575,stop_loss
BTCUSD,BUY,0.860197408308846,66966.4,66743.42142857143,67635.33571428571,2026-02-06T13:10:00+00:00,66743.42142857143,2026-02-06T13:30:00+00:00,-191.80558925126317,stop_loss
BTCUSD,BUY,0.6100301153810436,67510.3,67200.59642857143,68439.41071428572,2026-02-06T13:45:00+00:00,67200.59642857143,2026-02-06T14:00:00+00:00,-188.92850541249422,stop_loss
BTCUSD,SELL,0.47358765546709397,68067.75,68460.69642857142,66888.91071428571,2026-02-07T08:00:00+00:00,68460.69642857142,2026-02-07T08:20:00+00:00,-186.09457783130682,stop_loss
BTCUSD,SELL,0.9107100194451831,67819.7,68020.975,67215.87499999999,2026-02-07T10:30:00+00:00,68020.975,2026-02-07T11:00:00+00:00,-183.3031591638372,stop_loss
BTCUSD,BUY,0.5993907248575697,69778.2,69476.97142857143,70681.8857142857,2026-02-07T12:15:00+00:00,69476.97142857143,2026-02-07T12:20:00+00:00,-180.55361177637965,stop_loss
BTCUSD,SELL,0.8712721091774297,68501.1,68705.22142857143,67888.73571428572,2026-02-07T14:35:00+00:00,68705.22142857143,2026-02-07T14:40:00+00:00,-177.84530759973393,stop_loss
BTCUSD,BUY,1.6037711167933597,69387.2,69277.97142857143,69714.8857142857,2026-02-08T07:15:00+00:00,69714.8857142857,2026-02-08T08:00:00+00:00,525.5328839572138,take_profit
BTCUSD,BUY,1.5729270552253527,69789.65,69673.26785714286,70138.79642857141,2026-02-08T08:00:00+00:00,69673.26785714286,2026-02-08T08:05:00+00:00,-183.06062124509614,stop_loss
BTCUSD,BUY,1.2262136139164648,70020.75,69873.7,70461.9,2026-02-08T08:20:00+00:00,70461.9,2026-02-08T08:30:00+00:00,540.9441357792413,take_profit
BTCUSD,BUY,0.9155921961278214,70659.05,70453.25,71276.45000000001,2026-02-08T08:30:00+00:00,70453.25,2026-02-08T08:35:00+00:00,-188.42887396310832,stop_loss
BTCUSD,SELL,1.118881379616045,70164.35,70330.23214285714,69666.70357142857,2026-02-09T08:20:00+00:00,69666.70357142857,2026-02-09T08:30:00+00:00,556.8073225610013,take_profit
BTCUSD,SELL,0.9575469310372785,69555.15,69757.70357142857,68947.48928571427,2026-02-09T08:30:00+00:00,69757.70357142857,2026-02-09T08:35:00+00:00,-193.9545506920767,stop_loss
BTCUSD,SELL,0.9377768149937703,69161.75,69365.47142857143,68550.58571428571,2026-02-09T10:15:00+00:00,68550.58571428571,2026-02-09T10:35:00+00:00,573.1356972950866,take_profit
BTCUSD,SELL,1.1504390823114934,68546.8,68720.33571428571,68026.19285714286,2026-02-09T13:55:00+00:00,68720.33571428571,2026-02-09T14:00:00+00:00,-199.64226789112186,stop_loss
BTCUSD,SELL,2.0028130905124706,68874.6,68972.78571428572,68580.04285714286,2026-02-10T10:55:00+00:00,68972.78571428572,2026-02-10T11:30:00+00:00,-196.64763387275502,stop_loss
BTCUSD,SELL,1.618194815076595,68610.75,68730.45,68251.65,2026-02-10T11:40:00+00:00,68730.45,2026-02-10T12:05:00+00:00,-193.6979193646637,stop_loss
BTCUSD,SELL,0.7035675775157725,68188.75,68459.92857142858,67375.21428571429,2026-02-10T14:40:00+00:00,68459.92857142858,2026-02-10T14:55:00+00:00,-190.79245057419374,stop_loss
BTCUSD,BUY,0.5265636419601678,69643.25,69286.35,70713.95000000001,2026-02-10T16:10:00+00:00,69286.35,2026-02-10T16:20:00+00:00,-187.93056381558083,stop_loss
BTCUSD,SELL,1.6116180933534525,66716.85,66831.71071428571,66372.26785714287,2026-02-11T09:45:00+00:00,66831.71071428571,2026-02-11T09:50:00+00:00,-185.11160535834713,stop_loss
BTCUSD,SELL,1.5122565390354166,66681.1,66801.67142857143,66319.38571428573,2026-02-11T10:00:00+00:00,66801.67142857143,2026-02-11T10:10:00+00:00,-182.33493127797195,stop_loss
BTCUSD,SELL,1.2045600758470514,66468.15,66617.25,66020.84999999999,2026-02-11T10:50:00+00:00,66617.25,2026-02-11T11:00:00+00:00,-179.5999073088024,stop_loss
BTCUSD,BUY,0.5155352140439045,68419.7,68076.54999999999,69449.15,2026-02-11T14:10:00+00:00,68076.54999999999,2026-02-11T14:20:00+00:00,-176.9059086991703,stop_loss
BTCUSD,SELL,1.4031187881181655,66882.0,67006.18928571428,66509.43214285714,2026-02-12T08:25:00+00:00,67006.18928571428,2026-02-12T08:40:00+00:00,-174.25232006868276,stop_loss
BTCUSD,BUY,1.5422241792869467,67419.1,67307.80714285714,67752.97857142857,2026-02-12T09:30:00+00:00,67752.97857142857,2026-02-12T10:30:00+00:00,514.9156058029126,take_profit
BTCUSD,BUY,1.277151677626747,67693.2,67552.76071428572,68114.51785714287,2026-02-12T10:30:00+00:00,68114.51785714287,2026-02-12T11:25:00+00:00,538.0868080641258,take_profit
BTCUSD,BUY,1.0980980481071638,68172.7,68002.01071428572,68684.76785714286,2026-02-12T11:25:00+00:00,68002.01071428572,2026-02-12T11:50:00+00:00,-187.4335714756581,stop_loss
BTCUSD,BUY,1.2973818299156423,66614.4,66472.09642857143,67041.3107142857,2026-02-13T08:45:00+00:00,67041.3107142857,2026-02-13T10:40:00+00:00,553.8662037105886,take_profit
BTCUSD,BUY,1.6787475393445916,67118.6,67003.675,67463.37500000001,2026-02-13T11:55:00+00:00,67003.675,2026-02-13T12:00:00+00:00,-192.93006095918207,stop_loss
BTCUSD,BUY,1.5623839684218823,67182.5,67060.86785714286,67547.39642857143,2026-02-13T13:20:00+00:00,67547.39642857143,2026-02-13T13:30:00+00:00,570.1083301344057,take_profit
BTCUSD,BUY,1.4066066074500327,67456.35,67315.16785714286,67879.89642857145,2026-02-13T13:30:00+00:00,67315.16785714286,2026-02-13T13:35:00+00:00,-198.5877349968104,stop_loss
BTCUSD,BUY,2.1348858823668024,69361.0,69269.375,69635.875,2026-02-14T08:00:00+00:00,69635.875,2026-02-14T08:05:00+00:00,586.8267569155748,take_profit
BTCUSD,BUY,1.7609737767264937,69501.55,69385.47142857143,69849.78571428571,2026-02-14T08:05:00+00:00,69849.78571428571,2026-02-14T09:00:00+00:00,613.23396097675,take_profit
BTCUSD,BUY,2.809467439863974,70051.0,69974.96785714285,70279.09642857141,2026-02-14T11:10:00+00:00,69974.96785714285,2026-02-14T11:15:00+00:00,-213.60982974024307,stop_loss
BTCUSD,BUY,2.0419947676807855,70295.45,70192.41071428571,70604.56785714284,2026-02-14T11:20:00+00:00,70192.41071428571,2026-02-14T11:25:00+00:00,-210.4056822941395,stop_loss
BTCUSD,BUY,1.726309301702415,70761.75,70641.69642857143,71121.91071428571,2026-02-15T07:15:00+00:00,70641.69642857143,2026-02-15T07:20:00+00:00,-207.24959705972736,stop_loss
BTCUSD,SELL,1.6849759416641512,69958.6,70079.75357142858,69595.1392857143,2026-02-15T12:45:00+00:00,69595.1392857143,2026-02-15T12:50:00+00:00,612.4225593114943,take_profit
BTCUSD,SELL,1.4315202420116895,69570.55,69719.57142857143,69123.48571428572,2026-02-15T12:50:00+00:00,69123.48571428572,2026-02-15T13:25:00+00:00,639.9815744804908,take_profit
BTCUSD,SELL,1.0221316602966772,69019.55,69237.65000000001,68365.25,2026-02-15T13:25:00+00:00,68958.15,2026-02-15T17:25:00+00:00,62.758883942224905,max_hold
BTCUSD,BUY,2.9527120233433424,68917.75,68841.93214285714,69145.20357142857,2026-02-16T09:00:00+00:00,68841.93214285714,2026-02-16T09:05:00+00:00,-223.86829836984467,stop_loss
BTCUSD,BUY,2.6540094863481807,68932.95,68849.86428571428,69182.20714285714,2026-02-16T09:25:00+00:00,68849.86428571428,2026-02-16T10:20:00+00:00,-220.51027389429697,stop_loss
BTCUSD,SELL,2.6593525532399727,68672.15,68753.825,68427.125,2026-02-16T11:05:00+00:00,68427.125,2026-02-16T11:20:00+00:00,651.6078593576088,take_profit
BTCUSD,SELL,2.0203289108735363,68391.95,68504.29642857143,68054.91071428571,2026-02-16T11:20:00+00:00,68504.29642857143,2026-02-16T11:25:00+00:00,-226.97673767624667,stop_loss
BTCUSD,SELL,2.6314760709197422,68071.55,68156.51071428572,67816.66785714286,2026-02-17T09:10:00+00:00,67816.66785714286,2026-02-17T10:15:00+00:00,670.7162598333089,take_profit
BTCUSD,SELL,2.162408850403434,67804.3,67912.34285714287,67480.17142857143,2026-02-17T10:15:00+00:00,67912.34285714287,2026-02-17T10:20:00+00:00,-233.63283050860255,stop_loss
BTCUSD,BUY,1.6664753182193173,68303.9,68165.80714285713,68718.17857142858,2026-02-17T13:20:00+00:00,68165.80714285713,2026-02-17T13:25:00+00:00,-230.12833805097353,stop_loss
BTCUSD,SELL,1.238378904910173,67580.25,67763.29285714286,67031.12142857142,2026-02-17T14:35:00+00:00,67031.12142857142,2026-02-17T14:40:00+00:00,680.0292389406087,take_profit
BTCUSD,BUY,2.9745052667507252,68044.15,67964.51428571428,68283.05714285713,2026-02-18T07:40:00+00:00,68283.05714285713,2026-02-18T08:15:00+00:00,710.6305546929109,take_profit
BTCUSD,BUY,2.418527697945263,68304.35,68202.0,68611.40000000001,2026-02-18T08:15:00+00:00,68202.0,2026-02-18T08:30:00+00:00,-247.53630988471176,stop_loss
BTCUSD,SELL,2.0034191468204976,67162.55,67284.25357142858,66797.4392857143,2026-02-18T11:05:00+00:00,67284.25357142858,2026-02-18T11:10:00+00:00,-243.82326523644105,stop_loss
BTCUSD,SELL,2.3786373510740253,67265.6,67366.56785714286,66962.69642857143,2026-02-18T13:40:00+00:00,66962.69642857143,2026-02-18T14:45:00+00:00,720.497748773718,take_profit
BTCUSD,SELL,2.951511911338399,66925.85,67010.88214285715,66670.75357142856,2026-02-19T08:20:00+00:00,67010.88214285715,2026-02-19T09:20:00+00:00,-250.97338248950024,stop_loss
BTCUSD,SELL,2.5427396550805916,66757.05,66854.27142857143,66465.3857142857,2026-02-19T09:45:00+00:00,66854.27142857143,2026-02-19T10:10:00+00:00,-247.20878175215773,stop_loss
BTCUSD,SELL,3.35185988925038,66664.25,66736.89642857143,66446.3107142857,2026-02-19T11:35:00+00:00,66446.3107142857,2026-02-19T12:00:00+00:00,730.5019500776261,take_profit
BTCUSD,SELL,3.3940687022470812,66407.3,66482.27142857143,66182.38571428572,2026-02-19T12:00:00+00:00,66482.27142857143,2026-02-19T12:05:00+00:00,-254.45817927703973,stop_loss
BTCUSD,BUY,2.7241505257592737,68151.8,68059.79285714286,68427.82142857143,2026-02-20T09:00:00+00:00,68059.79285714286,2026-02-20T10:45:00+00:00,-250.64130658788412,stop_loss
BTCUSD,SELL,1.8017742886132713,67211.5,67348.52142857143,66800.43571428572,2026-02-20T13:00:00+00:00,66800.43571428572,2026-02-20T13:35:00+00:00,740.6450609671714,take_profit
BTCUSD,SELL,1.4126560859863584,66512.2,66694.82857142857,65964.31428571428,2026-02-20T13:35:00+00:00,66694.82857142857,2026-02-20T13:45:00+00:00,-257.9913629035734,stop_loss
BTCUSD,BUY,7.067343850697131,67888.35,67852.39285714287,67996.22142857143,2026-02-21T08:10:00+00:00,67996.22142857143,2026-02-21T08:50:00+00:00,762.3644773801623,take_profit
BTCUSD,BUY,7.309146632634037,67998.3,67961.96785714285,68107.29642857143,2026-02-21T08:50:00+00:00,67961.96785714285,2026-02-21T08:55:00+00:00,-265.55695962072224,stop_loss
BTCUSD,BUY,6.2883669153768755,68041.3,67999.70357142857,68166.08928571429,2026-02-21T08:55:00+00:00,67999.70357142857,2026-02-21T09:05:00+00:00,-261.5736052264114,stop_loss
BTCUSD,BUY,5.046306681690364,68100.25,68049.19285714286,68253.42142857143,2026-02-21T09:15:00+00:00,68253.42142857143,2026-02-21T09:25:00+00:00,772.9500034440457,take_profit
BTCUSD,SELL,8.730560548453862,67948.55,67979.3892857143,67856.03214285715,2026-02-22T08:20:00+00:00,67979.3892857143,2026-02-22T08:35:00+00:00,-269.24425119967594,stop_loss
BTCUSD,BUY,7.654629881544532,68170.75,68136.10357142857,68274.68928571428,2026-02-22T11:00:00+00:00,68136.10357142857,2026-02-22T12:00:00+00:00,-265.20558743168084,stop_loss
BTCUSD,SELL,6.054942136892476,67996.25,68039.39285714286,67866.82142857142,2026-02-22T12:10:00+00:00,68039.39285714286,2026-02-22T12:15:00+00:00,-261.22750362020565,stop_loss
BTCUSD,SELL,4.501502374160551,67901.5,67958.66071428572,67730.01785714284,2026-02-22T12:35:00+00:00,67958.66071428572,2026-02-22T12:50:00+00:00,-257.3090910659026,stop_loss
BTCUSD,SELL,2.713280340890044,66127.85,66221.26071428572,65847.61785714286,2026-02-23T11:40:00+00:00,66221.26071428572,2026-02-23T12:05:00+00:00,-253.44945469991407,stop_loss
BTCUSD,SELL,2.8199677104339447,65948.35,66036.87857142858,65682.7642857143,2026-02-23T12:30:00+00:00,66036.87857142858,2026-02-23T12:35:00+00:00,-249.64771287941534,stop_loss
BTCUSD,SELL,1.7887571238735984,65836.3,65973.77142857143,65423.885714285716,2026-02-23T14:35:00+00:00,65973.77142857143,2026-02-23T14:50:00+00:00,-245.90299718622413,stop_loss
BTCUSD,SELL,1.1858517358318832,65395.15,65599.40357142857,64782.389285714286,2026-02-23T16:00:00+00:00,65599.40357142857,2026-02-23T16:25:00+00:00,-242.21445222843076,stop_loss
BTCUSD,SELL,2.9135880113660084,63011.7,63093.58571428571,62766.04285714286,2026-02-24T12:45:00+00:00,63093.58571428571,2026-02-24T12:50:00+00:00,-238.58123544500427,stop_loss
BTCUSD,SELL,2.5821412210387704,62958.0,63049.010714285716,62684.96785714286,2026-02-24T12:55:00+00:00,63049.010714285716,2026-02-24T13:10:00+00:00,-235.00251691332926,stop_loss
BTCUSD,SELL,1.7586133269487505,62692.65,62824.275,62297.775,2026-02-24T13:30:00+00:00,62824.275,2026-02-24T13:35:00+00:00,-231.4774791596293,stop_loss
BTCUSD,BUY,0.8868351496391915,63894.75,63637.65,64666.05,2026-02-24T15:20:00+00:00,64666.05,2026-02-24T19:05:00+00:00,684.015950916711,take_profit
BTCUSD,BUY,2.373838448123922,65220.9,65120.52857142857,65522.014285714286,2026-02-25T08:20:00+00:00,65522.014285714286,2026-02-25T08:50:00+00:00,714.7966687079394,take_profit
BTCUSD,BUY,2.48463957213907,65572.3,65472.08928571429,65872.93214285714,2026-02-25T08:50:00+00:00,65472.08928571429,2026-02-25T09:05:00+00:00,-248.98750626660464,stop_loss
BTCUSD,BUY,2.4868093803264038,65707.7,65609.07857142857,66003.56428571428,2026-02-25T12:15:00+00:00,66003.56428571428,2026-02-25T12:45:00+00:00,735.7580810178528,take_profit
BTCUSD,BUY,2.1779397908465437,66010.75,65893.075,66363.775,2026-02-25T12:45:00+00:00,66363.775,2026-02-25T13:40:00+00:00,768.8671946635884,take_profit
BTCUSD,BUY,1.8692402509145976,68335.2,68191.92142857143,68765.03571428571,2026-02-26T09:10:00+00:00,68191.92142857143,2026-02-26T09:15:00+00:00,-267.82207280782717,stop_loss
BTCUSD,BUY,1.873328117687119,68463.85,68323.02857142859,68886.3142857143,2026-02-26T09:35:00+00:00,68323.02857142859,2026-02-26T10:30:00+00:00,-263.8047417157098,stop_loss
BTCUSD,SELL,2.567483512075571,68084.1,68185.30714285714,67780.47857142858,2026-02-26T11:40:00+00:00,68185.30714285714,2026-02-26T12:00:00+00:00,-259.8476705899741,stop_loss
BTCUSD,SELL,2.326968879430886,67903.85,68013.84285714287,67573.87142857144,2026-02-26T13:55:00+00:00,68013.84285714287,2026-02-26T14:10:00+00:00,-255.9499555311245,stop_loss
BTCUSD,SELL,2.9150560677022646,67514.4,67600.88571428572,67254.94285714284,2026-02-27T07:25:00+00:00,67600.88571428572,2026-02-27T07:30:00+00:00,-252.11070619815766,stop_loss
BTCUSD,BUY,2.0964883546238195,67995.1,67876.65000000001,68350.45000000001,2026-02-27T08:05:00+00:00,67876.65000000001,2026-02-27T08:15:00+00:00,-248.3290456051853,stop_loss
BTCUSD,SELL,1.697629158683093,67464.3,67608.38571428572,67032.04285714286,2026-02-27T09:45:00+00:00,67032.04285714286,2026-02-27T10:10:00+00:00,733.8123297633226,take_profit
BTCUSD,SELL,1.3974648552751672,66884.15,67067.0607142857,66335.41785714285,2026-02-27T10:10:00+00:00,66335.41785714285,2026-02-27T11:35:00+00:00,766.8338846026924,take_profit
BTCUSD,SELL,1.3681355274342475,63814.55,64009.78928571429,63228.83214285715,2026-02-28T08:00:00+00:00,64009.78928571429,2026-02-28T10:30:00+00:00,-267.11380313659777,stop_loss
BTCUSD,BUY,1.822251580713189,65169.1,65024.71428571428,65602.25714285714,2026-02-28T16:40:00+00:00,65024.71428571428,2026-02-28T16:50:00+00:00,-263.10709608954875,stop_loss
BTCUSD,BUY,2.139044248953383,67270.85,67149.69285714286,67634.32142857143,2026-03-01T08:10:00+00:00,67149.69285714286,2026-03-01T08:20:00+00:00,-259.16048964820556,stop_loss
BTCUSD,SELL,2.7974037432965777,66293.6,66384.85357142858,66019.83928571429,2026-03-01T12:30:00+00:00,66384.85357142858,2026-03-01T12:40:00+00:00,-255.27308230348245,stop_loss
BTCUSD,BUY,1.454304106490242,67157.5,66984.60357142857,67676.18928571428,2026-03-01T13:50:00+00:00,66984.60357142857,2026-03-01T13:55:00+00:00,-251.4439860689302,stop_loss
BTCUSD,SELL,1.2079262050445128,66105.5,66310.53928571429,65490.38214285714,2026-03-01T16:45:00+00:00,66310.53928571429,2026-03-01T18:00:00+00:00,-247.67232627789622,stop_loss
BTCUSD,SELL,1.5275970030290058,65981.9,66141.59999999999,65502.799999999996,2026-03-02T07:00:00+00:00,66141.59999999999,2026-03-02T08:50:00+00:00,-243.9572413837278,stop_loss
BTCUSD,BUY,1.3239552769309746,66401.0,66219.5,66945.49999999999,2026-03-02T09:10:00+00:00,66219.5,2026-03-02T09:55:00+00:00,-240.29788276297188,stop_loss
BTCUSD,SELL,2.0168027773357973,65988.2,66105.5607142857,65636.11785714285,2026-03-02T12:40:00+00:00,66105.5607142857,2026-03-02T13:25:00+00:00,-236.6934145215273,stop_loss
BTCUSD,SELL,1.4510223326821232,65584.6,65745.27500000001,65102.575,2026-03-02T13:40:00+00:00,65745.27500000001,2026-03-02T14:30:00+00:00,-233.14301330370438,stop_loss
BTCUSD,SELL,1.7632611146834807,67748.45,67878.68928571428,67357.73214285714,2026-03-03T08:25:00+00:00,67357.73214285714,2026-03-03T08:40:00+00:00,688.9376043124464,take_profit
BTCUSD,SELL,1.5969764475537707,67338.8,67489.07142857143,66887.98571428572,2026-03-03T08:40:00+00:00,66887.98571428572,2026-03-03T09:05:00+00:00,719.9397965064833,take_profit
BTCUSD,SELL,1.257668150032297,66613.55,66812.95,66015.35,2026-03-03T09:25:00+00:00,66812.95,2026-03-03T10:45:00+00:00,-250.7790291164327,stop_loss
BTCUSD,SELL,1.4513052905199895,66719.95,66890.15357142857,66209.33928571428,2026-03-03T13:45:00+00:00,66890.15357142857,2026-03-03T13:50:00+00:00,-247.01734367968626,stop_loss
BTCUSD,BUY,1.5907206357257035,68768.35,68615.39285714287,69227.22142857144,2026-03-04T07:25:00+00:00,69227.22142857144,2026-03-04T07:45:00+00:00,729.9362505735191,take_profit
BTCUSD,BUY,1.4347665384777222,69437.1,69259.88571428572,69968.74285714286,2026-03-04T07:45:00+00:00,69259.88571428572,2026-03-04T08:20:00+00:00,-254.26112728309374,stop_loss
BTCUSD,BUY,0.9850015999420841,69911.85,69657.58928571429,70674.63214285715,2026-03-04T08:40:00+00:00,70674.63214285715,2026-03-04T08:50:00+00:00,751.341631121542,take_profit
BTCUSD,BUY,0.8597406466209985,70663.2,70358.78571428571,71576.44285714286,2026-03-04T08:50:00+00:00,71576.44285714286,2026-03-04T09:35:00+00:00,785.1520045220113,take_profit
BTCUSD,SELL,1.9685987705495007,71825.8,71964.72857142858,71409.01428571428,2026-03-05T07:50:00+00:00,71964.72857142858,2026-03-05T07:55:00+00:00,-273.4946149085006,stop_loss
BTCUSD,BUY,1.5899039856620891,72952.8,72783.36071428572,73461.11785714286,2026-03-05T10:20:00+00:00,73461.11785714286,2026-03-05T10:30:00+00:00,808.1765870546424,take_profit
BTCUSD,BUY,1.423255447653521,73531.1,73333.30357142858,74124.48928571428,2026-03-05T10:30:00+00:00,73333.30357142858,2026-03-05T10:35:00+00:00,-281.5148444906927,stop_loss
BTCUSD,SELL,1.7018498555637824,72513.8,72676.73571428572,72024.99285714286,2026-03-05T13:20:00+00:00,72676.73571428572,2026-03-05T13:45:00+00:00,-277.29212182333237,stop_loss
BTCUSD,SELL,2.18831312804389,70332.95,70457.76428571428,69958.50714285714,2026-03-06T09:30:00+00:00,70457.76428571428,2026-03-06T09:40:00+00:00,-273.1327399959824,stop_loss
BTCUSD,SELL,2.5688858849711615,70314.75,70419.47857142857,70000.5642857143,2026-03-06T11:45:00+00:00,70000.5642857143,2026-03-06T12:05:00+00:00,807.107246688128,take_profit
BTCUSD,SELL,2.275008962689454,69849.3,69972.87857142858,69478.5642857143,2026-03-06T12:05:00+00:00,69972.87857142858,2026-03-06T12:15:00+00:00,-281.14235759636455,stop_loss
BTCUSD,SELL,1.7728076781078388,69770.7,69926.90714285713,69302.07857142857,2026-03-06T12:35:00+00:00,69926.90714285713,2026-03-06T12:50:00+00:00,-276.9252222324191,stop_loss
BTCUSD,SELL,3.317089089758926,67803.2,67885.43214285714,67556.50357142856,2026-03-07T08:00:00+00:00,67885.43214285714,2026-03-07T08:15:00+00:00,-272.77134389893286,stop_loss
BTCUSD,SELL,3.923150638680301,67889.95,67958.4357142857,67684.49285714285,2026-03-07T13:35:00+00:00,67684.49285714285,2026-03-07T14:10:00+00:00,806.0393212214608,take_profit
BTCUSD,BUY,3.771079857843008,67489.8,67415.34642857143,67713.16071428572,2026-03-08T08:40:00+00:00,67713.16071428572,2026-03-08T09:10:00+00:00,842.3110906763123,take_profit
BTCUSD,BUY,3.0032318909629354,67765.8,67668.10357142857,68058.8892857143,2026-03-08T09:10:00+00:00,68058.8892857143,2026-03-08T10:20:00+00:00,880.2150897567028,take_profit
BTCUSD,BUY,3.2577054511543686,68101.9,68007.78214285713,68384.25357142856,2026-03-08T10:20:00+00:00,68007.78214285713,2026-03-08T10:30:00+00:00,-306.60825626526605,stop_loss
BTCUSD,SELL,2.042771211662074,67308.3,67456.14285714286,66864.77142857143,2026-03-08T12:05:00+00:00,67456.14285714286,2026-03-08T12:40:00+00:00,-302.00913242128706,stop_loss
BTCUSD,SELL,2.2117397430109125,66993.25,67127.75,66589.75,2026-03-09T07:15:00+00:00,67127.75,2026-03-09T07:20:00+00:00,-297.4789954349677,stop_loss
BTCUSD,BUY,1.754816848632539,67705.1,67538.12142857144,68206.03571428571,2026-03-09T08:20:00+00:00,68206.03571428571,2026-03-09T09:30:00+00:00,879.0504315103296,take_profit
BTCUSD,BUY,1.9072100091939743,68166.1,68005.55,68647.75,2026-03-09T09:30:00+00:00,68005.55,2026-03-09T09:55:00+00:00,-306.2025669760981,stop_loss
BTCUSD,BUY,2.367089945119071,67983.8,67856.38214285715,68366.05357142858,2026-03-09T12:15:00+00:00,68366.05357142858,2026-03-09T13:10:00+00:00,904.8285854144389,take_profit
BTCUSD,BUY,1.6578552004574179,70922.35,70732.23571428572,71492.69285714286,2026-03-10T08:05:00+00:00,70732.23571428572,2026-03-10T08:50:00+00:00,-315.1819572526732,stop_loss
BTCUSD,BUY,1.871494656611402,71180.85,71014.96428571429,71678.50714285714,2026-03-10T09:20:00+00:00,71014.96428571429,2026-03-10T09:45:00+00:00,-310.4542278938831,stop_loss
BTCUSD,BUY,3.1679471678678897,70766.6,70670.07142857143,71056.18571428572,2026-03-10T13:10:00+00:00,70670.07142857143,2026-03-10T13:30:00+00:00,-305.79741447547485,stop_loss
BTCUSD,SELL,0.9984010099241868,69630.9,69932.59285714285,68725.82142857142,2026-03-10T14:05:00+00:00,69932.59285714285,2026-03-10T14:25:00+00:00,-301.2104532583428,stop_loss
BTCUSD,SELL,3.006653746241628,69513.1,69611.77857142857,69217.0642857143,2026-03-11T08:25:00+00:00,69611.77857142857,2026-03-11T08:30:00+00:00,-296.6922964594676,stop_loss
BTCUSD,SELL,2.9514061447618714,69339.2,69438.21785714285,69042.14642857142,2026-03-11T11:50:00+00:00,69042.14642857142,2026-03-11T12:05:00+00:00,876.7257360377697,take_profit
BTCUSD,SELL,2.5735864520218774,69035.45,69154.11428571428,68679.45714285714,2026-03-11T12:05:00+00:00,69154.11428571428,2026-03-11T12:10:00+00:00,-305.39279805314214,stop_loss
BTCUSD,BUY,1.5206783726268969,70092.35,69894.53571428572,70685.79285714286,2026-03-11T13:15:00+00:00,70685.79285714286,2026-03-11T13:30:00+00:00,902.4357182470573,take_profit
BTCUSD,BUY,2.636282496771063,70018.95,69899.71071428571,70376.66785714286,2026-03-12T08:15:00+00:00,69899.71071428571,2026-03-12T08:25:00+00:00,-314.3484418560509,stop_loss
BTCUSD,BUY,2.417053730628149,70285.95,70157.84642857143,70670.26071428572,2026-03-12T09:40:00+00:00,70157.84642857143,2026-03-12T09:45:00+00:00,-309.63321522821013,stop_loss
BTCUSD,BUY,2.2696231531371107,70662.9,70528.52142857142,71066.03571428572,2026-03-12T11:35:00+00:00,70528.52142857142,2026-03-12T11:50:00+00:00,-304.988716999787,stop_loss
BTCUSD,SELL,2.2444669570280706,70119.6,70253.44642857143,69718.06071428572,2026-03-12T13:20:00+00:00,70253.44642857143,2026-03-12T13:30:00+00:00,-300.4138862447902,stop_loss
BTCUSD,BUY,2.529048253298413,71716.85,71599.84642857143,72067.86071428572,2026-03-13T08:30:00+00:00,72067.86071428572,2026-03-13T08:35:00+00:00,887.7230338533182,take_profit
BTCUSD,BUY,2.176316774796346,72050.05,71907.96428571429,72476.30714285714,2026-03-13T08:35:00+00:00,71907.96428571429,2026-03-13T08:45:00+00:00,-309.2235234589181,stop_loss
BTCUSD,BUY,2.236542740217318,72192.65,72056.46428571428,72601.20714285714,2026-03-13T10:00:00+00:00,72601.20714285714,2026-03-13T12:45:00+00:00,913.7555118210707,take_profit
BTCUSD,BUY,2.3168933842774035,72760.7,72623.32142857142,73172.83571428571,2026-03-13T12:45:00+00:00,73172.83571428571,2026-03-13T13:15:00+00:00,954.8745098530175,take_profit
BTCUSD,SELL,3.1884725208326214,70678.2,70782.51785714286,70365.24642857142,2026-03-14T07:00:00+00:00,70655.8,2026-03-14T11:00:00+00:00,71.42178446663216,max_hold
BTCUSD,SELL,4.7730301586598305,70615.65,70685.5607142857,70405.91785714285,2026-03-14T14:40:00+00:00,70685.5607142857,2026-03-14T15:00:00+00:00,-333.6859476991451,stop_loss
BTCUSD,SELL,4.397696008765053,70578.6,70653.33928571429,70354.38214285715,2026-03-14T15:30:00+00:00,70653.33928571429,2026-03-14T16:10:00+00:00,-328.68065848365796,stop_loss
BTCUSD,BUY,4.856430173030706,71723.95,71657.28571428571,71923.94285714286,2026-03-15T08:55:00+00:00,71923.94285714286,2026-03-15T09:20:00+00:00,971.2513458192091,take_profit
BTCUSD,BUY,4.169426992175878,71936.0,71854.85714285714,72179.42857142857,2026-03-15T09:20:00+00:00,71854.85714285714,2026-03-15T09:25:00+00:00,-338.31921879369116,stop_loss
BTCUSD,BUY,2.8641549678708134,73575.75,73459.4,73924.8,2026-03-16T10:50:00+00:00,73924.8,2026-03-16T12:30:00+00:00,999.7332915353157,take_profit
BTCUSD,BUY,2.363240920207149,73915.15,73767.79285714285,74357.22142857143,2026-03-16T12:30:00+00:00,73767.79285714285,2026-03-16T12:40:00+00:00,-348.2404298848155,stop_loss
BTCUSD,BUY,1.9785491329796272,74326.25,74152.88214285714,74846.35357142857,2026-03-16T13:30:00+00:00,74152.88214285714,2026-03-16T13:40:00+00:00,-343.0168234365433,stop_loss
BTCUSD,SELL,2.684640310559356,73982.75,74108.60357142857,73605.18928571428,2026-03-17T09:50:00+00:00,73605.18928571428,2026-03-17T10:05:00+00:00,1013.6147132550245,take_profit
BTCUSD,SELL,2.48732505659618,73671.9,73813.84999999999,73246.04999999999,2026-03-17T10:05:00+00:00,73813.84999999999,2026-03-17T10:25:00+00:00,-353.07579178382053,stop_loss
BTCUSD,SELL,1.9051945408900874,73571.85,73754.39285714287,73024.22142857143,2026-03-17T13:50:00+00:00,73754.39285714287,2026-03-17T14:05:00+00:00,-347.7796549070632,stop_loss
BTCUSD,BUY,1.4425005086679907,74270.45,74032.97142857143,74982.88571428572,2026-03-17T14:40:00+00:00,74032.97142857143,2026-03-17T15:25:00+00:00,-342.56296008345726,stop_loss
BTCUSD,SELL,4.230081235326616,73780.8,73860.56785714286,73541.49642857142,2026-03-18T07:30:00+00:00,73860.56785714286,2026-03-18T07:50:00+00:00,-337.42451568220537,stop_loss
BTCUSD,BUY,4.467461064046281,74185.95,74111.55357142857,74409.13928571428,2026-03-18T09:10:00+00:00,74111.55357142857,2026-03-18T10:30:00+00:00,-332.36314794697233,stop_loss
BTCUSD,SELL,4.220532998930612,73902.85,73980.41785714286,73670.14642857143,2026-03-18T10:40:00+00:00,73980.41785714286,2026-03-18T11:10:00+00:00,-327.3777007277677,stop_loss
BTCUSD,SELL,2.823969282229442,73625.3,73739.48928571428,73282.73214285714,2026-03-18T11:25:00+00:00,73282.73214285714,2026-03-18T11:30:00+00:00,967.4011056505947,take_profit
BTCUSD,SELL,2.864937587430725,70449.65,70567.27142857143,70096.78571428571,2026-03-19T07:00:00+00:00,70096.78571428571,2026-03-19T07:10:00+00:00,1010.9341554047469,take_profit
BTCUSD,SELL,2.4005983969311675,70004.75,70151.43928571428,69564.68214285714,2026-03-19T07:10:00+00:00,69564.68214285714,2026-03-19T07:20:00+00:00,1056.426192398079,take_profit
BTCUSD,SELL,2.1964776799237957,69677.0,69844.53571428571,69174.39285714286,2026-03-19T07:20:00+00:00,69844.53571428571,2026-03-19T07:25:00+00:00,-367.9884570186525,stop_loss
BTCUSD,SELL,4.267384957564219,70030.85,70115.78928571429,69776.03214285715,2026-03-19T11:35:00+00:00,69776.03214285715,2026-03-19T12:05:00+00:00,1087.4058904901801,take_profit
BTCUSD,BUY,2.972236672527728,70742.05,70614.61071428572,71124.36785714286,2026-03-20T07:35:00+00:00,71124.36785714286,2026-03-20T08:05:00+00:00,1136.3391555622193,take_profit
BTCUSD,BUY,2.663437124847776,71153.45,71004.83571428571,71599.29285714285,2026-03-20T08:05:00+00:00,71004.83571428571,2026-03-20T09:00:00+00:00,-395.8248058541586,stop_loss
BTCUSD,SELL,2.579351702452128,70006.6,70157.75714285714,69553.12857142859,2026-03-20T13:30:00+00:00,70157.75714285714,2026-03-20T13:35:00+00:00,-389.8874337663463,stop_loss
BTCUSD,SELL,1.5398741852867188,69505.55,69754.94642857143,68757.36071428572,2026-03-20T15:05:00+00:00,69754.94642857143,2026-03-20T15:10:00+00:00,-384.03912225985107,stop_loss
BTCUSD,BUY,7.166790034458144,70863.3,70810.51785714286,71021.64642857143,2026-03-21T07:25:00+00:00,70810.51785714286,2026-03-21T07:30:00+00:00,-378.2785354259533,stop_loss
BTCUSD,BUY,14.744095544158307,70705.4,70680.12857142856,70781.21428571428,2026-03-21T12:00:00+00:00,70680.12857142856,2026-03-21T12:05:00+00:00,-372.604357394564,stop_loss
BTCUSD,BUY,12.882572617453521,70711.25,70682.76071428572,70796.71785714285,2026-03-21T12:10:00+00:00,70682.76071428572,2026-03-21T12:20:00+00:00,-367.0152920336455,stop_loss
BTCUSD,BUY,10.47746791666117,70757.1,70722.59642857143,70860.61071428572,2026-03-21T12:20:00+00:00,70722.59642857143,2026-03-21T12:30:00+00:00,-361.51006265314084,stop_loss
BTCUSD,SELL,6.330442874903889,69003.65,69059.9,68834.9,2026-03-22T07:35:00+00:00,69059.9,2026-03-22T07:50:00+00:00,-356.0874117133437,stop_loss
BTCUSD,SELL,4.536208228662,68904.15,68981.47142857143,68672.1857142857,2026-03-22T07:55:00+00:00,68672.1857142857,2026-03-22T08:25:00+00:00,1052.238301612865,take_profit
BTCUSD,SELL,2.8399000779599834,68618.1,68747.16428571429,68230.90714285715,2026-03-22T08:25:00+00:00,68747.16428571429,2026-03-22T08:40:00+00:00,-366.5296750618366,stop_loss
BTCUSD,SELL,5.082652942935664,68412.9,68483.93214285714,68199.80357142857,2026-03-22T11:25:00+00:00,68483.93214285714,2026-03-22T11:30:00+00:00,-361.031729935909,stop_loss
BTCUSD,SELL,1.8970536335224668,67647.55,67835.00714285714,67085.17857142858,2026-03-23T07:00:00+00:00,67835.00714285714,2026-03-23T07:05:00+00:00,-355.6162539868704,stop_loss
BTCUSD,BUY,1.1496772107558417,71198.8,70894.12142857144,72112.83571428573,2026-03-23T11:05:00+00:00,70894.12142857144,2026-03-23T11:10:00+00:00,-350.2820101770673,stop_loss
BTCUSD,BUY,1.5524808511736445,71113.65,70891.40714285713,71780.37857142856,2026-03-23T13:35:00+00:00,71780.37857142856,2026-03-23T14:10:00+00:00,1035.0833400732115,take_profit
BTCUSD,BUY,4.7314584259801915,70551.55,70475.34642857143,70780.16071428571,2026-03-24T07:00:00+00:00,70780.16071428571,2026-03-24T07:05:00+00:00,1081.6620903764594,take_profit
BTCUSD,BUY,4.198762605059783,70785.1,70695.3642857143,71054.30714285714,2026-03-24T07:05:00+00:00,71054.30714285714,2026-03-24T07:55:00+00:00,1130.3368844435304,take_profit
BTCUSD,BUY,2.8627765289376774,71278.25,71140.71428571429,71690.85714285713,2026-03-24T07:55:00+00:00,71140.71428571429,2026-03-24T08:00:00+00:00,-393.7340147478094,stop_loss
BTCUSD,SELL,3.2191575391290597,70711.7,70832.175,70350.275,2026-03-24T13:05:00+00:00,70832.175,2026-03-24T13:10:00+00:00,-387.8280045265922,stop_loss
BTCUSD,BUY,2.7894892071568465,71468.7,71331.75357142856,71879.53928571429,2026-03-25T08:30:00+00:00,71331.75357142856,2026-03-25T08:35:00+00:00,-382.01058445869336,stop_loss
BTCUSD,BUY,3.676536943633569,71525.75,71423.40357142857,71832.78928571429,2026-03-25T10:45:00+00:00,71832.78928571429,2026-03-25T11:25:00+00:00,1128.8412770754387,take_profit
BTCUSD,BUY,3.974429736387964,71869.75,71770.81428571428,72166.55714285714,2026-03-25T11:25:00+00:00,71770.81428571428,2026-03-25T11:45:00+00:00,-393.21304484794456,stop_loss
BTCUSD,SELL,1.9549014469412007,70677.7,70875.825,70083.325,2026-03-25T15:15:00+00:00,70875.825,2026-03-25T15:20:00+00:00,-387.3148491752254,stop_loss
BTCUSD,SELL,2.84758444812525,69434.6,69568.57500000001,69032.675,2026-03-26T09:30:00+00:00,69568.57500000001,2026-03-26T09:55:00+00:00,-381.50512643759697,stop_loss
BTCUSD,SELL,4.021983634856855,69328.65,69422.08214285714,69048.35357142857,2026-03-26T11:20:00+00:00,69422.08214285714,2026-03-26T11:40:00+00:00,-375.782549541033,stop_loss
BTCUSD,SELL,1.8422088406017776,69135.6,69336.52500000001,68532.825,2026-03-26T15:05:00+00:00,68532.825,2026-03-26T17:55:00+00:00,1110.4374338937525,take_profit
BTCUSD,SELL,3.7438094778861974,68482.35,68585.66785714286,68172.39642857143,2026-03-27T07:55:00+00:00,68172.39642857143,2026-03-27T08:30:00+00:00,1160.4071184189715,take_profit
BTCUSD,SELL,3.68947627732205,68182.95,68292.50714285714,67854.27857142857,2026-03-27T08:30:00+00:00,67854.27857142857,2026-03-27T08:35:00+00:00,1212.6254387478252,take_profit
BTCUSD,SELL,2.8280385721495254,67637.1,67786.46071428573,67189.01785714286,2026-03-27T08:35:00+00:00,67786.46071428573,2026-03-27T08:40:00+00:00,-422.3978611638258,stop_loss
BTCUSD,SELL,2.6828484929412553,66951.4,67106.48214285713,66486.15357142857,2026-03-27T10:35:00+00:00,66486.15357142857,2026-03-27T10:55:00+00:00,1248.185679739144,take_profit
BTCUSD,BUY,10.730692813036033,66505.45,66464.93214285714,66627.00357142858,2026-03-28T07:55:00+00:00,66464.93214285714,2026-03-28T08:00:00+00:00,-434.7846784424555,stop_loss
BTCUSD,SELL,9.171213331886289,66319.55,66366.24642857144,66179.46071428571,2026-03-28T09:00:00+00:00,66179.46071428571,2026-03-28T10:20:00+00:00,1284.7887247973226,take_profit
BTCUSD,SELL,9.011846598963574,66121.8,66171.46071428571,65972.81785714286,2026-03-28T10:25:00+00:00,66171.46071428571,2026-03-28T10:30:00+00:00,-447.5347391377786,stop_loss
BTCUSD,SELL,7.712933890782992,66092.8,66149.95357142857,65921.33928571429,2026-03-28T10:35:00+00:00,66149.95357142857,2026-03-28T10:45:00+00:00,-440.82171805071187,stop_loss
BTCUSD,SELL,8.393415936374279,66502.1,66553.83214285715,66346.90357142857,2026-03-29T09:30:00+00:00,66553.83214285715,2026-03-29T09:40:00+00:00,-434.2093922799511,stop_loss
BTCUSD,SELL,7.48234616624925,66480.95,66538.1107142857,66309.46785714285,2026-03-29T10:05:00+00:00,66538.1107142857,2026-03-29T11:00:00+00:00,-427.6962513957519,stop_loss
BTCUSD,BUY,5.465602174726372,66704.85,66627.77142857143,66936.08571428573,2026-03-29T11:05:00+00:00,66627.77142857143,2026-03-29T13:05:00+00:00,-421.2808076248156,stop_loss
BTCUSD,SELL,6.045540701542059,66486.25,66554.88928571428,66280.33214285715,2026-03-29T13:05:00+00:00,66554.88928571428,2026-03-29T13:10:00+00:00,-414.96159551044343,stop_loss
BTCUSD,BUY,4.121076232104759,67560.3,67461.11785714286,67857.84642857143,2026-03-30T07:55:00+00:00,67857.84642857143,2026-03-30T08:35:00+00:00,1226.2115147333604,take_profit
BTCUSD,BUY,5.767299821751123,67627.1,67553.03928571429,67849.28214285715,2026-03-30T11:25:00+00:00,67553.03928571429,2026-03-30T11:30:00+00:00,-427.1303442987872,stop_loss
BTCUSD,BUY,4.299049301423528,67989.95,67892.08571428571,68283.54285714285,2026-03-30T13:20:00+00:00,67892.08571428571,2026-03-30T13:25:00+00:00,-420.7233891343054,stop_loss
BTCUSD,SELL,4.754384607196581,67239.15,67326.31428571428,66977.65714285713,2026-03-31T07:10:00+00:00,67326.31428571428,2026-03-31T07:45:00+00:00,-414.4125382972908,stop_loss
BTCUSD,SELL,3.6322171818856774,66982.3,67094.68214285714,66645.15357142857,2026-03-31T08:35:00+00:00,66645.15357142857,2026-03-31T08:45:00+00:00,1224.5890506685473,take_profit
BTCUSD,SELL,2.8237328496667526,66485.45,66636.51428571428,66032.25714285714,2026-03-31T09:15:00+00:00,66032.25714285714,2026-03-31T09:55:00+00:00,1279.6955579486198,take_profit
BTCUSD,SELL,2.81065988286947,66057.0,66215.59642857143,65581.21071428571,2026-03-31T09:55:00+00:00,66215.59642857143,2026-03-31T10:05:00+00:00,-445.7606193520889,stop_loss
BTCUSD,BUY,4.914878820552804,68692.65,68603.31428571428,68960.65714285713,2026-04-01T11:50:00+00:00,68603.31428571428,2026-04-01T12:00:00+00:00,-439.0742100618076,stop_loss
BTCUSD,SELL,2.0033859500222264,68084.8,68300.67857142858,67437.16428571429,2026-04-01T13:40:00+00:00,68300.67857142858,2026-04-01T14:15:00+00:00,-432.4880969108805,stop_loss
BTCUSD,BUY,2.2981815176298004,68784.4,68599.03571428571,69340.49285714285,2026-04-01T15:20:00+00:00,68599.03571428571,2026-04-01T16:15:00+00:00,-426.00077545721723,stop_loss
BTCUSD,SELL,5.5162690206629055,66499.0,66575.06785714286,66270.79642857143,2026-04-02T08:40:00+00:00,66270.79642857143,2026-04-02T10:10:00+00:00,1258.8322914760768,take_profit
BTCUSD,SELL,5.002163760248762,66243.85,66331.51071428572,65980.86785714286,2026-04-02T10:10:00+00:00,66331.51071428572,2026-04-02T10:20:00+00:00,-438.4932481975001,stop_loss
BTCUSD,SELL,3.9174771744635613,66040.25,66150.50357142858,65709.48928571428,2026-04-02T12:15:00+00:00,66150.50357142858,2026-04-02T12:35:00+00:00,-431.9158494745376,stop_loss
BTCUSD,SELL,3.8706261790055922,65904.55,66014.46428571429,65574.80714285714,2026-04-02T13:15:00+00:00,66014.46428571429,2026-04-02T13:20:00+00:00,-425.4371117324195,stop_loss
BTCUSD,BUY,5.467894842061162,66882.3,66805.66071428571,67112.21785714287,2026-04-03T07:05:00+00:00,66805.66071428571,2026-04-03T07:10:00+00:00,-419.0555550564332,stop_loss
BTCUSD,BUY,5.283935540829275,66937.4,66859.28214285713,67171.75357142858,2026-04-03T07:25:00+00:00,67171.75357142858,2026-04-03T07:35:00+00:00,1238.30916519176,take_profit
BTCUSD,BUY,4.349482158541224,67270.25,67171.07857142857,67567.7642857143,2026-04-03T08:05:00+00:00,67171.07857142857,2026-04-03T08:15:00+00:00,-431.34435920846306,stop_loss
BTCUSD,SELL,6.637177765549433,66729.6,66793.61428571428,66537.55714285714,2026-04-03T10:30:00+00:00,66793.61428571428,2026-04-03T10:40:00+00:00,-424.8741938203362,stop_loss
BTCUSD,BUY,13.091308530400365,66998.2,66966.23214285713,67094.10357142858,2026-04-04T07:00:00+00:00,66966.23214285713,2026-04-04T07:20:00+00:00,-418.50108091303116,stop_loss
BTCUSD,BUY,19.1604578545445,67000.95,66979.4357142857,67065.49285714286,2026-04-04T10:35:00+00:00,67065.49285714286,2026-04-04T10:45:00+00:00,1236.6706940977283,take_profit
BTCUSD,BUY,13.90393256841687,67129.45,67098.46785714285,67222.39642857143,2026-04-04T10:45:00+00:00,67098.46785714285,2026-04-04T11:30:00+00:00,-430.77362511080156,stop_loss
BTCUSD,BUY,14.508165320012338,67232.15,67202.90357142857,67319.88928571428,2026-04-04T13:35:00+00:00,67202.90357142857,2026-04-04T13:45:00+00:00,-424.3120207341396,stop_loss
BTCUSD,SELL,13.381961728812797,66915.4,66946.63214285714,66821.70357142857,2026-04-05T12:00:00+00:00,66821.70357142857,2026-04-05T12:30:00+00:00,1253.8420212691879,take_profit
BTCUSD,SELL,11.363258855955374,66749.9,66788.33571428571,66634.59285714285,2026-04-05T12:30:00+00:00,66788.33571428571,2026-04-05T13:00:00+00:00,-436.7549707421653,stop_loss
BTCUSD,BUY,5.6188553470797835,67480.85,67404.28571428572,67710.54285714286,2026-04-05T15:25:00+00:00,67404.28571428572,2026-04-05T15:30:00+00:00,-430.20364618103287,stop_loss
BTCUSD,BUY,4.866102022586964,69240.45,69153.36785714286,69501.69642857142,2026-04-06T08:30:00+00:00,69501.69642857142,2026-04-06T09:10:00+00:00,1271.2517744650231,take_profit
BTCUSD,BUY,4.790380677258745,69633.7,69541.26071428572,69911.01785714286,2026-04-06T09:10:00+00:00,69911.01785714286,2026-04-06T09:15:00+00:00,1328.4581043159478,take_profit
BTCUSD,BUY,4.173316169279264,69928.65,69817.76785714286,70261.29642857143,2026-04-06T09:15:00+00:00,70261.29642857143,2026-04-06T09:20:00+00:00,1388.2387190101565,take_profit
BTCUSD,BUY,3.5665248584831115,70051.8,69916.21428571429,70458.55714285714,2026-04-06T09:20:00+00:00,69916.21428571429,2026-04-06T09:25:00+00:00,-483.5698204551843,stop_loss
BTCUSD,BUY,4.701207532219632,69208.45,69107.13214285714,69512.40357142857,2026-04-07T09:05:00+00:00,69107.13214285714,2026-04-07T09:10:00+00:00,-476.3162731483566,stop_loss
BTCUSD,SELL,4.333290280192396,68736.2,68844.47142857143,68411.3857142857,2026-04-07T10:25:00+00:00,68411.3857142857,2026-04-07T10:45:00+00:00,1407.5145871533934,take_profit
BTCUSD,SELL,4.016724387756557,68425.2,68547.26071428572,68059.01785714286,2026-04-07T10:45:00+00:00,68547.26071428572,2026-04-07T12:55:00+00:00,-490.2842478584321,stop_loss
BTCUSD,SELL,3.2301465663213844,67848.1,67997.60714285716,67399.57857142857,2026-04-07T14:05:00+00:00,67997.60714285716,2026-04-07T14:20:00+00:00,-482.92998414055563,stop_loss
BTCUSD,BUY,5.235332322862869,71841.05,71750.18928571428,72113.63214285715,2026-04-08T12:10:00+00:00,71750.18928571428,2026-04-08T12:20:00+00:00,-475.68603437844723,stop_loss
BTCUSD,BUY,4.12547430211563,71927.25,71813.675,72267.975,2026-04-08T12:35:00+00:00,72267.975,2026-04-08T13:05:00+00:00,1405.652231588372,take_profit
BTCUSD,BUY,3.2268210900804584,72644.65,72492.91071428571,73099.86785714286,2026-04-08T13:05:00+00:00,72492.91071428571,2026-04-08T13:10:00+00:00,-489.63552733659617,stop_loss
BTCUSD,SELL,1.9378844577661365,70891.4,71140.275,70144.775,2026-04-08T14:50:00+00:00,71140.275,2026-04-08T15:15:00+00:00,-482.29099442654723,stop_loss
BTCUSD,BUY,5.974481506594946,71338.6,71259.08571428571,71577.14285714287,2026-04-09T08:40:00+00:00,71259.08571428571,2026-04-09T08:45:00+00:00,-475.056629510149,stop_loss
BTCUSD,BUY,4.412954476891351,71387.4,71281.36428571428,71705.50714285714,2026-04-09T09:15:00+00:00,71281.36428571428,2026-04-09T09:25:00+00:00,-467.93078006749676,stop_loss
BTCUSD,BUY,4.766761806257461,71543.0,71446.30714285714,71833.07857142857,2026-04-09T09:55:00+00:00,71446.30714285714,2026-04-09T10:05:00+00:00,-460.9118183664843,stop_loss
BTCUSD,SELL,6.261734865546865,71083.2,71155.70357142857,70865.68928571428,2026-04-09T11:25:00+00:00,71155.70357142857,2026-04-09T11:30:00+00:00,-453.9981410909871,stop_loss
BTCUSD,SELL,6.021867326162239,71791.7,71865.96071428571,71568.91785714285,2026-04-10T07:00:00+00:00,71568.91785714285,2026-04-10T07:50:00+00:00,1341.564506923867,take_profit
BTCUSD,SELL,6.4087406691464235,71454.5,71527.41785714286,71235.74642857142,2026-04-10T07:50:00+00:00,71527.41785714286,2026-04-10T08:05:00+00:00,-467.31163657848026,stop_loss
BTCUSD,BUY,5.507416005826041,71827.15,71743.57142857142,72077.88571428572,2026-04-10T09:15:00+00:00,71743.57142857142,2026-04-10T10:05:00+00:00,-460.30196202980306,stop_loss
BTCUSD,BUY,8.432499576740259,71912.85,71859.08214285715,72074.15357142857,2026-04-10T10:50:00+00:00,72074.15357142857,2026-04-10T11:05:00+00:00,1360.1922977980682,take_profit
BTCUSD,BUY,19.03358519061444,72956.9,72932.00714285714,73031.57857142856,2026-04-11T12:00:00+00:00,72932.00714285714,2026-04-11T12:10:00+00:00,-473.800317066327,stop_loss
BTCUSD,BUY,12.624299820974844,72995.05,72958.08214285715,73105.95357142857,2026-04-11T12:40:00+00:00,72958.08214285715,2026-04-11T13:00:00+00:00,-466.69331231033203,stop_loss
BTCUSD,SELL,9.160487903721565,72791.5,72841.68214285714,72640.95357142857,2026-04-11T13:05:00+00:00,72640.95357142857,2026-04-11T13:10:00+00:00,1379.0787378770312,take_profit
BTCUSD,SELL,7.454341954903092,72637.4,72701.84285714285,72444.07142857142,2026-04-11T13:10:00+00:00,72701.84285714285,2026-04-11T13:15:00+00:00,-480.3790936938326,stop_loss
BTCUSD,SELL,10.514964606409446,71600.5,71645.5,71465.5,2026-04-12T09:00:00+00:00,71645.5,2026-04-12T09:20:00+00:00,-473.1734072884251,stop_loss
BTCUSD,SELL,11.12732142992347,71559.95,71601.83571428571,71434.29285714285,2026-04-12T09:45:00+00:00,71601.83571428571,2026-04-12T10:05:00+00:00,-466.07580617909866,stop_loss
BTCUSD,SELL,10.539825134814519,71527.75,71571.30714285714,71397.07857142857,2026-04-12T10:45:00+00:00,71397.07857142857,2026-04-12T10:55:00+00:00,1377.2540072592367,take_profit
BTCUSD,SELL,6.576010876520274,71176.2,71249.15357142857,70957.33928571429,2026-04-12T12:50:00+00:00,70957.33928571429,2026-04-12T13:45:00+00:00,1439.2304375858068,take_profit
BTCUSD,SELL,6.510502389153322,70697.05,70774.05357142858,70466.03928571429,2026-04-13T08:15:00+00:00,70774.05357142858,2026-04-13T08:25:00+00:00,-501.33193575908797,stop_loss
BTCUSD,SELL,6.525430548036771,70617.05,70692.725,70390.02500000001,2026-04-13T08:40:00+00:00,70692.725,2026-04-13T08:55:00+00:00,-493.8119567227016,stop_loss
BTCUSD,BUY,7.260933926753985,71026.35,70959.36071428572,71227.31785714286,2026-04-13T12:05:00+00:00,70959.36071428572,2026-04-13T12:15:00+00:00,-486.40477737186114,stop_loss
BTCUSD,BUY,5.014782161383034,71216.55,71121.01071428572,71503.16785714286,2026-04-13T12:50:00+00:00,71121.01071428572,2026-04-13T12:55:00+00:00,-479.1087057112832,stop_loss
BTCUSD,BUY,6.7119510862581055,74624.6,74554.28928571429,74835.53214285715,2026-04-14T07:00:00+00:00,74835.53214285715,2026-04-14T07:05:00+00:00,1415.7662253767444,take_profit
BTCUSD,BUY,5.447331223391322,74949.6,74859.06785714286,75221.19642857143,2026-04-14T07:05:00+00:00,74859.06785714286,2026-04-14T07:10:00+00:00,-493.15856850626506,stop_loss
BTCUSD,BUY,4.853971421220937,74625.9,74525.825,74926.12499999999,2026-04-14T13:00:00+00:00,74926.12499999999,2026-04-14T13:35:00+00:00,1457.2835699360135,take_profit
BTCUSD,BUY,3.352684912670531,75254.7,75103.29285714285,75708.92142857143,2026-04-14T13:40:00+00:00,75708.92142857143,2026-04-14T14:15:00+00:00,1522.8613305830852,take_profit
BTCUSD,SELL,8.138615987736394,73889.5,73954.67857142858,73693.96428571428,2026-04-15T07:05:00+00:00,73954.67857142858,2026-04-15T07:10:00+00:00,-530.4633634864576,stop_loss
BTCUSD,SELL,6.114250904778983,73677.65,73763.10714285714,73421.27857142856,2026-04-15T07:15:00+00:00,73763.10714285714,2026-04-15T07:50:00+00:00,-522.5064130341608,stop_loss
BTCUSD,SELL,6.238409901074525,73929.5,74012.0,73682.0,2026-04-15T10:25:00+00:00,74012.0,2026-04-15T10:40:00+00:00,-514.6688168386484,stop_loss
BTCUSD,BUY,4.772726528499576,74472.5,74366.28214285715,74791.15357142857,2026-04-15T12:35:00+00:00,74366.28214285715,2026-04-15T12:40:00+00:00,-506.94878458606865,stop_loss
BTCUSD,SELL,6.305139787546896,74557.3,74636.49642857142,74319.71071428573,2026-04-16T08:05:00+00:00,74636.49642857142,2026-04-16T08:15:00+00:00,-499.34455281727764,stop_loss
BTCUSD,SELL,5.771245344969022,74442.1,74527.32500000001,74186.425,2026-04-16T10:10:00+00:00,74527.32500000001,2026-04-16T10:25:00+00:00,-491.8543845250185,stop_loss
BTCUSD,SELL,4.828555536840669,74294.95,74395.28571428571,73993.94285714284,2026-04-16T10:45:00+00:00,74395.28571428571,2026-04-16T10:55:00+00:00,-484.4765687571431,stop_loss
BTCUSD,BUY,6.2708202394985655,74755.05,74678.95000000001,74983.34999999999,2026-04-16T12:00:00+00:00,74678.95000000001,2026-04-16T12:05:00+00:00,-477.20942022578606,stop_loss
BTCUSD,BUY,7.186935952507652,75013.6,74948.19642857143,75209.81071428572,2026-04-17T07:00:00+00:00,75209.81071428572,2026-04-17T08:30:00+00:00,1410.1538367671978,take_profit
BTCUSD,BUY,5.6314541298246645,75377.4,75290.175,75639.07499999998,2026-04-17T08:30:00+00:00,75290.175,2026-04-17T08:35:00+00:00,-491.2035864739072,stop_loss
BTCUSD,BUY,3.6849621681400446,75565.45,75434.15,75959.34999999999,2026-04-17T08:45:00+00:00,75959.34999999999,2026-04-17T09:15:00+00:00,1451.506598030342,take_profit
BTCUSD,BUY,2.3522909221924513,76299.8,76084.85714285714,76944.62857142858,2026-04-17T09:25:00+00:00,76084.85714285714,2026-04-17T09:30:00+00:00,-505.6081316472537,stop_loss
BTCUSD,SELL,8.758115984695179,76839.25,76896.11428571428,76668.65714285715,2026-04-18T08:10:00+00:00,76668.65714285715,2026-04-18T08:30:00+00:00,1494.0720290176346,take_profit
BTCUSD,SELL,5.684265299976126,76635.05,76726.60714285714,76360.37857142858,2026-04-18T08:30:00+00:00,76726.60714285714,2026-04-18T08:50:00+00:00,-520.4350901078094,stop_loss
BTCUSD,SELL,3.921641426511279,76502.35,76633.06785714286,76110.19642857142,2026-04-18T09:05:00+00:00,76633.06785714286,2026-04-18T09:30:00+00:00,-512.6285637561923,stop_loss
BTCUSD,SELL,4.7480591692903005,76419.95,76526.29642857143,76100.9107142857,2026-04-18T10:00:00+00:00,76100.9107142857,2026-04-18T11:00:00+00:00,1514.8174058996174,take_profit
BTCUSD,SELL,8.436315365085486,75273.9,75336.44642857142,75086.2607142857,2026-04-19T07:05:00+00:00,75086.2607142857,2026-04-19T07:20:00+00:00,1582.9841891651538,take_profit
BTCUSD,SELL,7.392211269905209,75043.5,75118.09285714285,74819.72142857143,2026-04-19T07:20:00+00:00,75118.09285714285,2026-04-19T07:30:00+00:00,-551.4061592258209,stop_loss
BTCUSD,BUY,6.121309721240022,75646.05,75557.32142857143,75912.23571428572,2026-04-19T11:50:00+00:00,75557.32142857143,2026-04-19T12:10:00+00:00,-543.1350668374336,stop_loss
BTCUSD,BUY,5.448141532415154,75707.3,75609.10357142857,76001.8892857143,2026-04-19T12:10:00+00:00,75609.10357142857,2026-04-19T12:25:00+00:00,-534.9880408348721,stop_loss
BTCUSD,BUY,4.2691308854311,74937.85,74814.4142857143,75308.15714285715,2026-04-20T07:15:00+00:00,75308.15714285715,2026-04-20T07:20:00+00:00,1580.8896606671715,take_profit
BTCUSD,BUY,3.3447458347701002,75408.05,75243.41071428572,75901.96785714285,2026-04-20T07:20:00+00:00,75243.41071428572,2026-04-20T07:25:00+00:00,-550.6765651323566,stop_loss
BTCUSD,BUY,4.318110902522061,75187.6,75061.98571428572,75564.44285714287,2026-04-20T09:40:00+00:00,75061.98571428572,2026-04-20T09:50:00+00:00,-542.4164166553712,stop_loss
BTCUSD,BUY,4.231802430300274,75294.15,75167.89642857142,75672.91071428571,2026-04-20T10:05:00+00:00,75167.89642857142,2026-04-20T10:45:00+00:00,-534.2801704055406,stop_loss
BTCUSD,BUY,5.7129636334603235,76158.55,76066.43214285714,76434.90357142857,2026-04-21T07:20:00+00:00,76066.43214285714,2026-04-21T07:30:00+00:00,-526.2659678494575,stop_loss
BTCUSD,BUY,4.327365133206489,76361.6,76241.81071428572,76720.96785714287,2026-04-21T08:20:00+00:00,76720.96785714287,2026-04-21T08:45:00+00:00,1555.1159349951467,take_profit
BTCUSD,BUY,4.052139693298628,76683.85,76550.16785714286,77084.89642857143,2026-04-21T08:45:00+00:00,76550.16785714286,2026-04-21T08:55:00+00:00,-541.6987173566429,stop_loss
BTCUSD,BUY,5.58047610365175,76866.65,76771.03571428571,77153.49285714286,2026-04-21T10:50:00+00:00,76771.03571428571,2026-04-21T11:00:00+00:00,-533.5732365962931,stop_loss
BTCUSD,BUY,6.979345442412608,78243.2,78167.89642857143,78469.11071428572,2026-04-22T11:00:00+00:00,78167.89642857143,2026-04-22T11:05:00+00:00,-525.5696380473488,stop_loss
BTCUSD,BUY,6.158216763253747,78336.95,78252.88571428572,78589.14285714286,2026-04-22T11:25:00+00:00,78252.88571428572,2026-04-22T11:35:00+00:00,-517.6860934766386,stop_loss
BTCUSD,BUY,4.851438144099698,78450.55,78345.44285714286,78765.87142857142,2026-04-22T12:10:00+00:00,78345.44285714286,2026-04-22T12:15:00+00:00,-509.9208020744891,stop_loss
BTCUSD,BUY,3.1954048262323904,78873.15,78715.96428571428,79344.70714285714,2026-04-22T13:55:00+00:00,78715.96428571428,2026-04-22T14:30:00+00:00,-502.27199004337166,stop_loss
BTCUSD,SELL,5.076094351555734,77889.3,77986.7642857143,77596.90714285713,2026-04-23T08:30:00+00:00,77596.90714285713,2026-04-23T09:05:00+00:00,1484.2137305781632,take_profit
BTCUSD,SELL,4.458278796500925,77564.6,77680.5642857143,77216.70714285714,2026-04-23T09:05:00+00:00,77680.5642857143,2026-04-23T09:15:00+00:00,-517.0011161513936,stop_loss
BTCUSD,SELL,3.6558446230945547,77331.75,77471.04642857143,76913.8607142857,2026-04-23T10:05:00+00:00,77471.04642857143,2026-04-23T10:45:00+00:00,-509.24609940912273,stop_loss
BTCUSD,SELL,3.4380219871007944,77445.4,77591.29999999999,77007.69999999998,2026-04-23T13:50:00+00:00,77591.29999999999,2026-04-23T13:55:00+00:00,-501.6074079179859,stop_loss
BTCUSD,SELL,4.3197190752443,77465.95,77580.32857142857,77122.81428571428,2026-04-24T09:05:00+00:00,77580.32857142857,2026-04-24T09:15:00+00:00,-494.083296799216,stop_loss
BTCUSD,BUY,5.907494397070705,77975.85,77893.46785714287,78222.99642857144,2026-04-24T11:00:00+00:00,78222.99642857144,2026-04-24T11:05:00+00:00,1460.0161420417692,take_profit
BTCUSD,BUY,4.874884155071829,78142.55,78038.225,78455.52500000001,2026-04-24T11:05:00+00:00,78455.52500000001,2026-04-24T13:10:00+00:00,1525.716868433634,take_profit
BTCUSD,SELL,3.435410746634576,78022.5,78177.2,77558.40000000001,2026-04-24T13:50:00+00:00,78177.2,2026-04-24T15:45:00+00:00,-531.4580425043589,stop_loss
BTCUSD,SELL,14.584689365443847,77481.75,77517.64285714286,77374.07142857143,2026-04-25T07:00:00+00:00,77517.64285714286,2026-04-25T07:15:00+00:00,-523.4861718667935,stop_loss
BTCUSD,BUY,16.118955699549975,77750.85,77718.86071428572,77846.81785714286,2026-04-25T09:35:00+00:00,77846.81785714286,2026-04-25T10:25:00+00:00,1546.9016378663746,take_profit
BTCUSD,BUY,13.662453416636591,77848.1,77808.66071428572,77966.41785714285,2026-04-25T10:25:00+00:00,77808.66071428572,2026-04-25T11:00:00+00:00,-538.8374038567871,stop_loss
BTCUSD,SELL,13.02808415742158,77634.9,77675.63928571428,77512.68214285713,2026-04-25T12:25:00+00:00,77675.63928571428,2026-04-25T13:40:00+00:00,-530.7548427989353,stop_loss
BTCUSD,BUY,13.748679031085635,78079.8,78041.77500000001,78193.875,2026-04-26T07:50:00+00:00,78193.875,2026-04-26T08:35:00+00:00,1568.3805604710537,take_profit
BTCUSD,BUY,13.661640081980096,78167.25,78127.26071428572,78287.21785714285,2026-04-26T08:35:00+00:00,78127.26071428572,2026-04-26T08:40:00+00:00,-546.3192285640171,stop_loss
BTCUSD,BUY,18.93613714187767,78121.1,78092.68214285714,78206.35357142858,2026-04-26T11:20:00+00:00,78092.68214285714,2026-04-26T11:35:00+00:00,-538.1244401355567,stop_loss
BTCUSD,BUY,8.361392709261489,78076.7,78013.30714285714,78266.87857142856,2026-04-26T14:20:00+00:00,78013.30714285714,2026-04-26T16:45:00+00:00,-530.0525735335234,stop_loss
BTCUSD,SELL,8.722984651861916,77664.4,77724.25357142856,77484.83928571429,2026-04-27T12:35:00+00:00,77724.25357142856,2026-04-27T12:40:00+00:00,-522.1017849305205,stop_loss
BTCUSD,BUY,3.490042712713367,78222.4,78075.04642857143,78664.4607142857,2026-04-27T14:45:00+00:00,78075.04642857143,2026-04-27T14:50:00+00:00,-514.2702581565627,stop_loss
BTCUSD,SELL,2.8494231713358507,77365.35,77543.125,76832.02500000001,2026-04-27T15:00:00+00:00,77543.125,2026-04-27T15:05:00+00:00,-506.5562042842143,stop_loss
BTCUSD,SELL,2.3465777775431875,76981.5,77194.13214285714,76343.60357142858,2026-04-27T15:15:00+00:00,76803.65,2026-04-27T19:15:00+00:00,417.33885773606954,max_hold
BTCUSD,SELL,6.037087075113949,76556.7,76640.38571428572,76305.64285714286,2026-04-28T07:10:00+00:00,76640.38571428572,2026-04-28T07:20:00+00:00,-505.21794408599214,stop_loss
BTCUSD,SELL,7.362700606547321,76580.5,76648.08928571429,76377.73214285714,2026-04-28T09:45:00+00:00,76648.08928571429,2026-04-28T10:00:00+00:00,-497.6396749247022,stop_loss
BTCUSD,SELL,7.566515372634782,76475.2,76539.98214285714,76280.85357142857,2026-04-28T11:05:00+00:00,76280.85357142857,2026-04-28T11:25:00+00:00,1470.525239402385,take_profit
BTCUSD,SELL,6.31023046987187,76211.45,76292.625,75967.925,2026-04-28T11:35:00+00:00,76292.625,2026-04-28T12:10:00+00:00,-512.2329583918674,stop_loss
BTCUSD,BUY,9.547465697403252,77215.75,77162.90357142857,77374.28928571429,2026-04-29T09:30:00+00:00,77374.28928571429,2026-04-29T09:45:00+00:00,1513.6483920479682,take_profit
BTCUSD,BUY,6.839843086132361,77644.0,77566.91428571429,77875.25714285714,2026-04-29T09:45:00+00:00,77875.25714285714,2026-04-29T10:25:00+00:00,1581.7625696901266,take_profit
BTCUSD,BUY,4.359639866724549,77884.85,77758.46785714287,78263.99642857144,2026-04-29T10:25:00+00:00,77758.46785714287,2026-04-29T10:35:00+00:00,-550.9806284420608,stop_loss
BTCUSD,SELL,5.04986233298949,76657.65,76765.12142857142,76335.2357142857,2026-04-29T13:30:00+00:00,76765.12142857142,2026-04-29T13:35:00+00:00,-542.7159190154298,stop_loss
BTCUSD,BUY,7.773619863124387,76174.5,76105.73214285714,76380.80357142858,2026-04-30T09:25:00+00:00,76105.73214285714,2026-04-30T09:40:00+00:00,-534.5751802301984,stop_loss
BTCUSD,SELL,6.287242418229797,75962.55,76046.3,75711.3,2026-04-30T10:25:00+00:00,76046.3,2026-04-30T10:30:00+00:00,-526.5565525267455,stop_loss
BTCUSD,SELL,7.572442235210578,75904.45,75972.94285714286,75698.97142857143,2026-04-30T11:40:00+00:00,75972.94285714286,2026-04-30T11:45:00+00:00,-518.6582042388443,stop_loss
BTCUSD,BUY,5.976683075502583,76331.3,76245.82142857143,76587.73571428572,2026-04-30T12:20:00+00:00,76245.82142857143,2026-04-30T12:40:00+00:00,-510.8783311752616,stop_loss
BTCUSD,BUY,7.637697513992498,77238.1,77172.21428571429,77435.75714285715,2026-05-01T08:10:00+00:00,77435.75714285715,2026-05-01T08:20:00+00:00,1509.645468622898,take_profit
BTCUSD,BUY,6.743645447758523,77467.65,77389.67142857143,77701.58571428571,2026-05-01T08:20:00+00:00,77389.67142857143,2026-05-01T08:35:00+00:00,-525.8598382369761,stop_loss
BTCUSD,BUY,8.348615207560584,77413.25,77351.20714285714,77599.37857142858,2026-05-01T11:15:00+00:00,77351.20714285714,2026-05-01T11:25:00+00:00,-517.9719406634215,stop_loss
BTCUSD,BUY,5.337243564035683,77675.8,77580.20714285715,77962.57857142857,2026-05-01T12:15:00+00:00,77962.57857142857,2026-05-01T12:30:00+00:00,1530.607084660488,take_profit
BTCUSD,SELL,22.034717489373755,78173.1,78197.29642857144,78100.51071428572,2026-05-02T11:10:00+00:00,78197.29642857144,2026-05-02T11:20:00+00:00,-533.1614678233774,stop_loss
BTCUSD,SELL,18.743904757896548,78163.55,78191.56785714286,78079.49642857142,2026-05-02T11:35:00+00:00,78191.56785714286,2026-05-02T12:25:00+00:00,-525.1640458060268,stop_loss
BTCUSD,BUY,12.084118457642667,78307.3,78264.49285714286,78435.72142857143,2026-05-02T13:00:00+00:00,78435.72142857143,2026-05-02T14:25:00+00:00,1551.8597553568093,take_profit
BTCUSD,BUY,17.935543880289764,78478.65,78448.5107142857,78569.06785714286,2026-05-02T15:55:00+00:00,78569.06785714286,2026-05-02T16:15:00+00:00,1621.6934443476048,take_profit
BTCUSD,BUY,12.415162266252805,78355.1,78309.6,78491.60000000002,2026-05-03T07:00:00+00:00,78491.60000000002,2026-05-03T09:25:00+00:00,1694.6696493436887,take_profit
BTCUSD,BUY,17.170868460351986,78497.6,78463.22142857144,78600.7357142857,2026-05-03T09:25:00+00:00,78463.22142857144,2026-05-03T09:30:00+00:00,-590.309927854658,stop_loss
BTCUSD,BUY,14.293896233743602,78593.25,78552.57142857143,78715.28571428571,2026-05-03T09:35:00+00:00,78552.57142857143,2026-05-03T09:40:00+00:00,-581.4552789368381,stop_loss
BTCUSD,BUY,12.543243326616704,78712.65,78666.98928571428,78849.63214285714,2026-05-03T11:40:00+00:00,78666.98928571428,2026-05-03T11:55:00+00:00,-572.7334497527855,stop_loss
BTCUSD,BUY,7.34662971219086,79905.2,79828.41071428571,80135.56785714286,2026-05-04T09:50:00+00:00,79828.41071428571,2026-05-04T09:55:00+00:00,-564.1424480064937,stop_loss
BTCUSD,SELL,3.5006634378841266,78817.75,78976.4857142857,78341.54285714286,2026-05-04T10:05:00+00:00,78341.54285714286,2026-05-04T10:20:00+00:00,1667.0409338592399,take_profit
BTCUSD,SELL,2.884065188775433,78253.25,78454.59285714285,77649.22142857143,2026-05-04T10:20:00+00:00,78454.59285714285,2026-05-04T10:25:00+00:00,-580.685925294285,stop_loss
BTCUSD,SELL,3.831782424063552,78532.95,78682.22142857143,78085.1357142857,2026-05-04T14:05:00+00:00,78682.22142857143,2026-05-04T14:10:00+00:00,-571.9756364148707,stop_loss
BTCUSD,BUY,9.371525011775175,80847.95,80787.83214285714,81028.30357142857,2026-05-05T11:05:00+00:00,81028.30357142857,2026-05-05T11:35:00+00:00,1690.1880056058064,take_profit
BTCUSD,BUY,7.101915825727095,81029.7,80946.8,81278.4,2026-05-05T11:35:00+00:00,80946.8,2026-05-05T11:50:00+00:00,-588.7488219527348,stop_loss
BTCUSD,BUY,6.561479173013744,81233.1,81144.71785714287,81498.24642857144,2026-05-05T12:25:00+00:00,81498.24642857144,2026-05-05T13:00:00+00:00,1739.7527688704267,take_profit
BTCUSD,BUY,6.345220504219082,81485.85,81390.34285714287,81772.37142857142,2026-05-05T13:00:00+00:00,81390.34285714287,2026-05-05T13:30:00+00:00,-606.0138811565001,stop_loss
BTCUSD,BUY,8.138414978962935,81557.35,81484.00357142858,81777.3892857143,2026-05-06T07:05:00+00:00,81484.00357142858,2026-05-06T07:10:00+00:00,-596.9236729391527,stop_loss
BTCUSD,BUY,6.3613426969331295,81724.2,81631.77142857143,82001.48571428572,2026-05-06T08:30:00+00:00,81631.77142857143,2026-05-06T08:35:00+00:00,-587.9698178450653,stop_loss
BTCUSD,BUY,4.6494086748573595,81923.55,81798.98571428572,82297.24285714286,2026-05-06T08:50:00+00:00,81798.98571428572,2026-05-06T09:00:00+00:00,-579.1502705773894,stop_loss
BTCUSD,BUY,3.5388524597936653,82009.7,81848.5,82493.3,2026-05-06T09:35:00+00:00,81848.5,2026-05-06T09:45:00+00:00,-570.4630165187285,stop_loss
BTCUSD,BUY,5.410746954943825,81659.1,81555.25,81970.65000000001,2026-05-07T07:10:00+00:00,81555.25,2026-05-07T07:30:00+00:00,-561.9060712709477,stop_loss
BTCUSD,SELL,6.302049304889289,81260.25,81348.075,80996.775,2026-05-07T08:40:00+00:00,80996.775,2026-05-07T09:25:00+00:00,1660.4324406057422,take_profit
BTCUSD,SELL,7.171530896602745,81029.2,81109.84999999999,80787.25,2026-05-07T09:25:00+00:00,80787.25,2026-05-07T10:25:00+00:00,1735.1519004330132,take_profit
BTCUSD,SELL,5.7371736622442455,80610.35,80715.70000000001,80294.30000000002,2026-05-07T10:25:00+00:00,80715.70000000001,2026-05-07T10:30:00+00:00,-604.4112453174647,stop_loss
BTCUSD,SELL,7.525127368118467,79426.9,79506.01428571428,79189.55714285714,2026-05-08T07:00:00+00:00,79506.01428571428,2026-05-08T07:35:00+00:00,-595.3450766377027,stop_loss
BTCUSD,BUY,7.453637120916627,80053.0,79974.325,80289.025,2026-05-08T10:35:00+00:00,80289.025,2026-05-08T11:00:00+00:00,1759.2447014643035,take_profit
BTCUSD,SELL,5.412434543020247,79891.95,80005.17142857143,79552.28571428571,2026-05-08T13:05:00+00:00,79552.28571428571,2026-05-08T13:45:00+00:00,1838.4107130303053,take_profit
BTCUSD,SELL,16.49097074197731,80175.4,80214.23214285714,80058.90357142856,2026-05-09T10:05:00+00:00,80214.23214285714,2026-05-09T10:15:00+00:00,-640.3797317055563,stop_loss
BTCUSD,BUY,20.28911315386201,80388.6,80357.51071428572,80481.86785714286,2026-05-09T12:20:00+00:00,80357.51071428572,2026-05-09T12:30:00+00:00,-630.774035729973,stop_loss
BTCUSD,BUY,17.784448891259842,80417.3,80382.36428571428,80522.10714285716,2026-05-09T13:10:00+00:00,80382.36428571428,2026-05-09T13:20:00+00:00,-621.3124251940234,stop_loss
BTCUSD,BUY,11.069636102617864,80437.95,80382.66428571429,80603.80714285714,2026-05-09T15:30:00+00:00,80603.80714285714,2026-05-09T16:10:00+00:00,1835.9782164485,take_profit
BTCUSD,BUY,19.695234863351633,80817.85,80785.37857142858,80915.2642857143,2026-05-10T08:20:00+00:00,80785.37857142858,2026-05-10T09:35:00+00:00,-639.5324120628405,stop_loss
BTCUSD,BUY,11.892060359151163,80931.0,80878.02857142857,81089.91428571429,2026-05-10T11:00:00+00:00,80878.02857142857,2026-05-10T11:05:00+00:00,-629.9394258818979,stop_loss
BTCUSD,BUY,16.789456287036984,80959.55,80922.59285714287,81070.42142857143,2026-05-10T13:20:00+00:00,80922.59285714287,2026-05-10T14:05:00+00:00,-620.4903344936694,stop_loss
BTCUSD,BUY,10.244925422254532,81040.15,80980.49285714285,81219.12142857142,2026-05-10T15:00:00+00:00,80980.49285714285,2026-05-10T15:05:00+00:00,-611.1829794762643,stop_loss
BTCUSD,SELL,7.842022132568424,80734.05,80810.81785714286,80503.74642857144,2026-05-11T07:00:00+00:00,80810.81785714286,2026-05-11T07:15:00+00:00,-602.0152347841204,stop_loss
BTCUSD,SELL,8.17910353465322,80646.4,80718.9,80428.9,2026-05-11T08:05:00+00:00,80718.9,2026-05-11T08:10:00+00:00,-592.9850062623585,stop_loss
BTCUSD,BUY,9.177624283230294,81120.4,81056.75714285714,81311.32857142856,2026-05-11T10:15:00+00:00,81056.75714285714,2026-05-11T10:35:00+00:00,-584.0902311684232,stop_loss
BTCUSD,BUY,7.626021859318752,81297.15,81221.70714285714,81523.47857142857,2026-05-11T12:20:00+00:00,81221.70714285714,2026-05-11T12:35:00+00:00,-575.3288777008968,stop_loss
BTCUSD,SELL,9.224259066962881,80901.1,80962.53571428572,80716.79285714286,2026-05-12T07:00:00+00:00,80962.53571428572,2026-05-12T07:05:00+00:00,-566.6989445353832,stop_loss
BTCUSD,SELL,5.98535476210531,80855.05,80948.31071428572,80575.26785714286,2026-05-12T07:45:00+00:00,80575.26785714286,2026-05-12T11:05:00+00:00,1674.595381102058,take_profit
BTCUSD,SELL,7.274255979312193,80510.9,80591.08928571428,80270.33214285714,2026-05-12T11:15:00+00:00,80591.08928571428,2026-05-12T11:25:00+00:00,-583.3173910838834,stop_loss
BTCUSD,SELL,5.162332706357683,80434.5,80545.8,80100.59999999999,2026-05-12T13:55:00+00:00,80545.8,2026-05-12T14:00:00+00:00,-574.5676302176252,stop_loss
BTCUSD,BUY,9.176313186288352,81127.7,81066.025,81312.72499999999,2026-05-13T08:40:00+00:00,81066.025,2026-05-13T10:25:00+00:00,-565.9491157643608,stop_loss
BTCUSD,SELL,8.641831808649085,80822.1,80886.60714285714,80628.57857142857,2026-05-13T10:40:00+00:00,80628.57857142857,2026-05-13T11:05:00+00:00,1672.379637083812,take_profit
BTCUSD,SELL,7.959049507346582,80637.9,80711.09285714285,80418.32142857142,2026-05-13T11:05:00+00:00,80418.32142857142,2026-05-13T12:20:00+00:00,1747.6367207524574,take_profit
BTCUSD,SELL,6.3651680358008305,80246.2,80341.83928571429,79959.28214285713,2026-05-13T12:20:00+00:00,80341.83928571429,2026-05-13T12:25:00+00:00,-608.7601243954394,stop_loss
BTCUSD,SELL,8.37219718301959,79634.25,79705.87142857142,79419.38571428572,2026-05-14T08:00:00+00:00,79705.87142857142,2026-05-14T08:05:00+00:00,-599.6287225295079,stop_loss
BTCUSD,SELL,8.268880083682635,79585.15,79656.57857142856,79370.86428571428,2026-05-14T09:35:00+00:00,79656.57857142856,2026-05-14T10:00:00+00:00,-590.6342916915652,stop_loss
BTCUSD,SELL,5.74693729576752,79415.5,79516.73214285714,79111.80357142857,2026-05-14T10:40:00+00:00,79516.73214285714,2026-05-14T10:50:00+00:00,-581.7747773161917,stop_loss
BTCUSD,SELL,6.260866379889435,79325.9,79417.42857142857,79051.31428571428,2026-05-14T11:25:00+00:00,79417.42857142857,2026-05-14T12:25:00+00:00,-573.0481556564489,stop_loss
BTCUSD,BUY,5.56130340019202,80898.45,80796.95357142857,81202.93928571428,2026-05-15T07:20:00+00:00,80796.95357142857,2026-05-15T07:30:00+00:00,-564.4524333216021,stop_loss
BTCUSD,SELL,6.587228921850745,80389.8,80474.20357142857,80136.58928571429,2026-05-15T09:50:00+00:00,80474.20357142857,2026-05-15T09:55:00+00:00,-555.9856468217781,stop_loss
BTCUSD,SELL,5.103705821050268,80352.9,80460.20357142856,80030.98928571428,2026-05-15T12:50:00+00:00,80030.98928571428,2026-05-15T13:25:00+00:00,1642.9375863584285,take_profit
BTCUSD,SELL,5.42087886522809,79997.05,80102.62142857144,79680.33571428573,2026-05-15T13:25:00+00:00,79680.33571428573,2026-05-15T13:30:00+00:00,1716.869777744326,take_profit
BTCUSD,SELL,6.952544418629105,78614.1,78700.11785714286,78356.04642857144,2026-05-16T07:00:00+00:00,78356.04642857144,2026-05-16T07:10:00+00:00,1794.128917742978,take_profit
BTCUSD,SELL,5.329943461277159,78217.15,78334.40357142857,77865.38928571428,2026-05-16T07:10:00+00:00,78334.40357142857,2026-05-16T07:20:00+00:00,-624.9549063471374,stop_loss
BTCUSD,SELL,7.2088064897760225,77934.9,78020.29285714285,77678.72142857143,2026-05-16T09:15:00+00:00,78020.29285714285,2026-05-16T09:20:00+00:00,-615.5805827519304,stop_loss
BTCUSD,SELL,4.754995791149283,77851.95,77979.46785714285,77469.39642857143,2026-05-16T10:05:00+00:00,77979.46785714285,2026-05-16T11:00:00+00:00,-606.3468740106514,stop_loss
