symbol,entry_time,exit_time,direction,size,risk_amount,stop_distance,entry_price,exit_price,pnl,starting_balance_before_trade,balance_after_trade,drawdown_after_trade,exit_reason
GOLD,2025-11-17T18:55:00+00:00,2025-11-17T19:10:00+00:00,BUY,13.54227123,75.0,5.53821429,4062.71,4057.17178571,-75.0,5000.0,4925.0,-75.0,stop_loss
GOLD,2025-11-17T19:10:00+00:00,2025-11-17T19:25:00+00:00,BUY,11.73217628,73.875,6.29678571,4060.69,4054.39321429,-73.875,4925.0,4851.125,-148.875,stop_loss
GOLD,2025-11-17T19:25:00+00:00,2025-11-17T19:30:00+00:00,BUY,10.44536297,72.766875,6.96642857,4056.64,4049.67357143,-72.766875,4851.125,4778.358125,-221.641875,stop_loss
BTCUSD,2025-11-18T12:10:00+00:00,2025-11-18T12:15:00+00:00,SELL,0.44992947,71.67537188,159.30357143,91027.1,91186.40357143,-71.67537187,4778.358125,4706.68275313,-293.31724687,stop_loss
BTCUSD,2025-11-18T13:35:00+00:00,2025-11-18T13:40:00+00:00,SELL,0.37455838,70.6002413,188.48928571,90988.3,91176.78928571,-70.6002413,4706.68275313,4636.08251183,-363.91748817,stop_loss
GOLD,2025-11-18T13:35:00+00:00,2025-11-18T14:15:00+00:00,SELL,7.00314579,69.54123768,9.93,4066.04,4075.97,-69.54123768,4636.08251183,4566.54127415,-433.45872585,stop_loss
GOLD,2025-11-18T14:15:00+00:00,2025-11-18T14:30:00+00:00,SELL,6.94606452,68.49811911,9.86142857,4080.4,4072.51085714,54.79849529,4566.54127415,4621.33976944,-378.66023056,take_profit
GOLD,2025-11-18T14:30:00+00:00,2025-11-18T14:50:00+00:00,SELL,6.81900893,69.32009654,10.16571429,4074.99,4066.85742857,55.45607723,4621.33976944,4676.79584667,-323.20415333,take_profit
BTCUSD,2025-11-19T14:05:00+00:00,2025-11-19T14:10:00+00:00,SELL,0.39969361,70.1519377,175.51428571,91135.65,91311.16428571,-70.1519377,4676.79584667,4606.64390897,-393.35609103,stop_loss
BTCUSD,2025-11-19T14:25:00+00:00,2025-11-19T14:30:00+00:00,SELL,0.35201689,69.09965863,196.29642857,91061.9,91258.19642857,-69.09965863,4606.64390897,4537.54425034,-462.45574966,stop_loss
GOLD,2025-11-19T16:25:00+00:00,2025-11-19T17:00:00+00:00,BUY,4.89298463,68.06316376,13.91035714,4074.42,4060.50964286,-68.06316376,4537.54425034,4469.48108658,-530.51891342,stop_loss
GOLD,2025-11-19T17:00:00+00:00,2025-11-19T17:25:00+00:00,BUY,4.66230052,67.0422163,14.37964286,4060.85,4072.35371429,53.63377304,4469.48108658,4523.11485962,-476.88514038,take_profit
BTCUSD,2025-11-20T09:45:00+00:00,2025-11-20T09:50:00+00:00,SELL,0.53260857,67.84672289,127.38571429,91409.55,91536.93571429,-67.84672289,4523.11485962,4455.26813673,-544.73186327,stop_loss
GOLD,2025-11-20T13:00:00+00:00,2025-11-20T13:30:00+00:00,SELL,8.42546993,66.82902205,7.93178571,4087.81,4081.46457143,53.46321764,4455.26813673,4508.73135437,-491.26864563,take_profit
BTCUSD,2025-11-20T13:40:00+00:00,2025-11-20T13:50:00+00:00,SELL,0.27656485,67.63097032,244.53928571,91545.65,91790.18928571,-67.63097032,4508.73135437,4441.10038405,-558.89961595,stop_loss
GOLD,2025-11-20T16:55:00+00:00,2025-11-20T17:20:00+00:00,BUY,4.94751376,66.61650576,13.46464286,4048.99,4059.76171429,53.29320461,4441.10038405,4494.39358866,-505.60641134,take_profit
GOLD,2025-11-20T19:25:00+00:00,2025-11-20T20:10:00+00:00,SELL,7.5418327,67.41590383,8.93892857,4084.38,4077.22885714,53.93272306,4494.39358866,4548.32631173,-451.67368827,take_profit
BTCUSD,2025-11-21T07:15:00+00:00,2025-11-21T07:30:00+00:00,SELL,0.37593912,68.22489468,181.47857143,85309.4,84764.96428571,204.67468403,4548.32631173,4753.00099575,-246.99900425,take_profit
BTCUSD,2025-11-21T07:30:00+00:00,2025-11-21T07:35:00+00:00,SELL,0.17665865,71.29501494,403.575,83367.4,83770.975,-71.29501494,4753.00099575,4681.70598082,-318.29401918,stop_loss
GOLD,2025-11-21T14:00:00+00:00,2025-11-21T14:15:00+00:00,SELL,8.19605899,70.22558971,8.56821429,4078.35,4071.49542857,56.18047177,4681.70598082,4737.88645259,-262.11354741,take_profit
GOLD,2025-11-21T16:45:00+00:00,2025-11-21T16:50:00+00:00,SELL,8.06841143,71.06829679,8.80821429,4082.6,4091.40821429,-71.06829679,4737.88645259,4666.8181558,-333.1818442,stop_loss
GOLD,2025-11-21T16:50:00+00:00,2025-11-21T17:10:00+00:00,SELL,7.4312391,70.00227234,9.42,4093.92,4086.384,56.00181787,4666.8181558,4722.81997367,-277.18002633,take_profit
BTCUSD,2025-11-22T10:20:00+00:00,2025-11-22T11:05:00+00:00,SELL,0.41177978,70.84229961,172.03928571,83765.3,83937.33928571,-70.84229961,4722.81997367,4651.97767406,-348.02232594,stop_loss
BTCUSD,2025-11-22T14:10:00+00:00,2025-11-22T14:45:00+00:00,BUY,0.42846223,69.77966511,162.86071429,84376.05,84213.18928571,-69.77966511,4651.97767406,4582.19800895,-417.80199105,stop_loss
BTCUSD,2025-11-23T08:55:00+00:00,2025-11-23T11:00:00+00:00,BUY,0.57168583,68.73297013,120.22857143,86093.35,85973.12142857,-68.73297013,4582.19800895,4513.46503882,-486.53496118,stop_loss
BTCUSD,2025-11-23T12:10:00+00:00,2025-11-23T13:10:00+00:00,BUY,0.48105753,67.70197558,140.73571429,86557.4,86416.66428571,-67.70197558,4513.46503882,4445.76306324,-554.23693676,stop_loss
BTCUSD,2025-11-24T09:05:00+00:00,2025-11-24T09:20:00+00:00,SELL,0.40188986,66.68644595,165.93214286,86533.15,86035.35357143,200.05933785,4445.76306324,4645.82240108,-354.17759892,take_profit
BTCUSD,2025-11-24T09:20:00+00:00,2025-11-24T11:35:00+00:00,SELL,0.38499012,69.68733602,181.01071429,86002.75,86183.76071429,-69.68733602,4645.82240108,4576.13506507,-423.86493493,stop_loss
GOLD,2025-11-24T13:15:00+00:00,2025-11-24T13:40:00+00:00,SELL,11.44442496,68.64202598,5.99785714,4081.43,4076.63171429,54.91362078,4576.13506507,4631.04868585,-368.95131415,take_profit
GOLD,2025-11-24T15:10:00+00:00,2025-11-24T18:35:00+00:00,SELL,8.18309751,69.46573029,8.48892857,4092.35,4100.83892857,-69.46573029,4631.04868585,4561.58295556,-438.41704444,stop_loss
GOLD,2025-11-24T18:35:00+00:00,2025-11-24T18:50:00+00:00,SELL,11.50255068,68.42374433,5.94857143,4111.68,4117.62857143,-68.42374433,4561.58295556,4493.15921123,-506.84078877,stop_loss
BTCUSD,2025-11-25T07:25:00+00:00,2025-11-25T07:50:00+00:00,SELL,0.6148395,67.39738817,109.61785714,87702.5,87373.64642857,202.19216451,4493.15921123,4695.35137573,-304.64862427,take_profit
BTCUSD,2025-11-25T07:50:00+00:00,2025-11-25T08:20:00+00:00,SELL,0.53203679,70.43027064,132.37857143,87394.4,87526.77857143,-70.43027064,4695.35137573,4624.92110509,-375.07889491,stop_loss
GOLD,2025-11-25T14:45:00+00:00,2025-11-25T14:55:00+00:00,BUY,6.90066029,69.37381658,10.05321429,4115.17,4123.21257143,55.49905326,4624.92110509,4680.42015836,-319.57984164,take_profit
GOLD,2025-11-25T17:05:00+00:00,2025-11-25T17:30:00+00:00,SELL,7.97345853,70.20630238,8.805,4150.57,4159.375,-70.20630238,4680.42015836,4610.21385598,-389.78614402,stop_loss
GOLD,2025-11-25T17:30:00+00:00,2025-11-25T17:35:00+00:00,SELL,8.22099019,69.15320784,8.41178571,4157.49,4150.76057143,55.32256627,4610.21385598,4665.53642225,-334.46357775,take_profit
BTCUSD,2025-11-26T07:55:00+00:00,2025-11-26T08:00:00+00:00,BUY,0.78453189,69.98304633,89.20357143,87906.85,87817.64642857,-69.98304633,4665.53642225,4595.55337592,-404.44662408,stop_loss
BTCUSD,2025-11-26T08:55:00+00:00,2025-11-26T09:20:00+00:00,SELL,0.75000288,68.93330064,91.91071429,87388.9,87113.16785714,206.79990192,4595.55337592,4802.35327783,-197.64672217,take_profit
GOLD,2025-11-26T14:25:00+00:00,2025-11-26T14:30:00+00:00,BUY,7.94903593,72.03529917,9.06214286,4142.28,4149.52971429,57.62823933,4802.35327783,4859.98151717,-140.01848283,take_profit
GOLD,2025-11-26T16:40:00+00:00,2025-11-26T18:30:00+00:00,SELL,13.46788227,72.89972276,5.41285714,4167.55,4163.21971429,58.31977821,4859.98151717,4918.30129537,-81.69870463,take_profit
BTCUSD,2025-11-27T08:50:00+00:00,2025-11-27T09:15:00+00:00,BUY,0.98394139,73.77451943,74.97857143,91508.2,91733.13571429,221.32355829,4918.30129537,5139.62485367,0.0,take_profit
BTCUSD,2025-11-27T09:15:00+00:00,2025-11-27T09:20:00+00:00,BUY,1.05079221,77.0943728,73.36785714,91747.05,91673.68214286,-77.0943728,5139.62485367,5062.53048086,-77.0943728,stop_loss
BTCUSD,2025-11-28T07:40:00+00:00,2025-11-28T08:10:00+00:00,SELL,0.83109084,75.93795721,91.37142857,91067.3,91158.67142857,-75.93795721,5062.53048086,4986.59252365,-153.03233002,stop_loss
BTCUSD,2025-11-28T10:50:00+00:00,2025-11-28T11:00:00+00:00,BUY,0.94948266,74.79888785,78.77857143,91834.7,91755.92142857,-74.79888785,4986.59252365,4911.79363579,-227.83121787,stop_loss
GOLD,2025-11-28T14:15:00+00:00,2025-11-28T14:35:00+00:00,SELL,10.24815364,73.67690454,7.18928571,4194.03,4201.21928571,-73.67690454,4911.79363579,4838.11673126,-301.50812241,stop_loss
GOLD,2025-11-28T14:35:00+00:00,2025-11-28T14:40:00+00:00,SELL,8.69717954,72.57175097,8.34428571,4203.15,4196.47457143,58.05740078,4838.11673126,4896.17413203,-243.45072163,take_profit
GOLD,2025-11-28T14:40:00+00:00,2025-11-28T15:00:00+00:00,SELL,8.26956664,73.44261198,8.88107143,4199.37,4192.26514286,58.75408958,4896.17413203,4954.92822162,-184.69663205,take_profit
BTCUSD,2025-11-29T08:00:00+00:00,2025-11-29T08:05:00+00:00,SELL,1.12575455,74.32392332,66.02142857,90549.95,90615.97142857,-74.32392332,4954.92822162,4880.60429829,-259.02055537,stop_loss
BTCUSD,2025-11-29T10:15:00+00:00,2025-11-29T10:20:00+00:00,SELL,1.28284236,73.20906447,57.06785714,90494.75,90551.81785714,-73.20906447,4880.60429829,4807.39523382,-332.22961985,stop_loss
BTCUSD,2025-11-30T07:10:00+00:00,2025-11-30T08:20:00+00:00,BUY,1.46343843,72.11092851,49.275,90970.5,91118.325,216.33278552,4807.39523382,5023.72801934,-115.89683433,take_profit
BTCUSD,2025-11-30T08:20:00+00:00,2025-11-30T08:25:00+00:00,BUY,1.02157731,75.35592029,73.76428571,91331.05,91257.28571429,-75.35592029,5023.72801934,4948.37209905,-191.25275462,stop_loss
BTCUSD,2025-12-01T11:05:00+00:00,2025-12-01T11:40:00+00:00,SELL,1.00159821,74.22558149,74.10714286,86493.25,86270.92857143,222.67674446,4948.37209905,5171.04884351,0.0,take_profit
BTCUSD,2025-12-01T11:40:00+00:00,2025-12-01T12:05:00+00:00,SELL,1.00818889,77.56573265,76.93571429,86278.8,86047.99285714,232.69719796,5171.04884351,5403.74604146,0.0,take_profit
GOLD,2025-12-01T14:40:00+00:00,2025-12-01T14:45:00+00:00,BUY,7.57585065,81.05619062,10.69928571,4225.23,4233.78942857,64.8449525,5403.74604146,5468.59099396,0.0,take_profit
BTCUSD,2025-12-02T08:15:00+00:00,2025-12-02T08:40:00+00:00,SELL,0.90368595,82.02886491,90.77142857,86581.1,86671.87142857,-82.02886491,5468.59099396,5386.56212905,-82.02886491,stop_loss
BTCUSD,2025-12-02T10:40:00+00:00,2025-12-02T10:50:00+00:00,BUY,0.81160757,80.79843194,99.55357143,87049.6,87348.26071429,242.39529581,5386.56212905,5628.95742486,0.0,take_profit
GOLD,2025-12-02T14:15:00+00:00,2025-12-02T14:40:00+00:00,SELL,11.69740299,84.43436137,7.21821429,4224.26,4218.48542857,67.5474891,5628.95742486,5696.50491396,0.0,take_profit
GOLD,2025-12-02T15:25:00+00:00,2025-12-02T15:50:00+00:00,BUY,7.87431564,85.44757371,10.85142857,4188.3,4177.44857143,-85.44757371,5696.50491396,5611.05734025,-85.44757371,stop_loss
GOLD,2025-12-02T15:50:00+00:00,2025-12-02T16:30:00+00:00,BUY,6.83977386,84.1658601,12.30535714,4171.33,4181.17428571,67.33268808,5611.05734025,5678.39002833,-18.11488563,take_profit
BTCUSD,2025-12-03T09:55:00+00:00,2025-12-03T10:00:00+00:00,BUY,0.66334487,85.17585042,128.40357143,93207.15,93078.74642857,-85.17585042,5678.39002833,5593.21417791,-103.29073605,stop_loss
BTCUSD,2025-12-03T10:20:00+00:00,2025-12-03T10:25:00+00:00,BUY,0.74476887,83.89821267,112.65,93376.85,93264.2,-83.89821267,5593.21417791,5509.31596524,-187.18894872,stop_loss
GOLD,2025-12-03T13:15:00+00:00,2025-12-03T13:45:00+00:00,SELL,16.61219546,82.63973948,4.97464286,4220.86,4225.83464286,-82.63973948,5509.31596524,5426.67622576,-269.8286882,stop_loss
GOLD,2025-12-03T13:45:00+00:00,2025-12-03T13:50:00+00:00,SELL,13.56184705,81.40014339,6.00214286,4226.71,4232.71214286,-81.40014339,5426.67622576,5345.27608237,-351.22883158,stop_loss
GOLD,2025-12-03T13:50:00+00:00,2025-12-03T14:05:00+00:00,SELL,11.687313,80.17914124,6.86035714,4236.05,4230.56171429,64.14331299,5345.27608237,5409.41939536,-287.0855186,take_profit
BTCUSD,2025-12-04T07:55:00+00:00,2025-12-04T08:05:00+00:00,BUY,0.83570814,81.14129093,97.09285714,93411.85,93314.75714286,-81.14129093,5409.41939536,5328.27810443,-368.22680953,stop_loss
BTCUSD,2025-12-04T11:25:00+00:00,2025-12-04T12:40:00+00:00,SELL,0.89318571,79.92417157,89.48214286,93023.55,93113.03214286,-79.92417157,5328.27810443,5248.35393286,-448.15098109,stop_loss
GOLD,2025-12-04T16:15:00+00:00,2025-12-04T16:35:00+00:00,SELL,10.93569803,78.72530899,7.19892857,4217.33,4211.57085714,62.98024719,5248.35393286,5311.33418006,-385.1707339,take_profit
BTCUSD,2025-12-05T07:05:00+00:00,2025-12-05T07:10:00+00:00,BUY,0.90958628,79.6700127,87.58928571,92448.75,92361.16071429,-79.6700127,5311.33418006,5231.66416736,-464.8407466,stop_loss
BTCUSD,2025-12-05T07:25:00+00:00,2025-12-05T07:40:00+00:00,BUY,0.89190573,78.47496251,87.98571429,92484.85,92396.86428571,-78.47496251,5231.66416736,5153.18920485,-543.31570911,stop_loss
GOLD,2025-12-05T13:35:00+00:00,2025-12-05T13:40:00+00:00,SELL,12.91757366,77.29783807,5.98392857,4236.15,4231.36285714,61.83827046,5153.18920485,5215.02747531,-481.47743865,take_profit
GOLD,2025-12-05T15:30:00+00:00,2025-12-05T15:50:00+00:00,SELL,9.6510753,78.22541213,8.10535714,4252.54,4246.05571429,62.5803297,5215.02747531,5277.60780501,-418.89710895,take_profit
GOLD,2025-12-05T16:10:00+00:00,2025-12-05T16:25:00+00:00,BUY,6.5259238,79.16411708,12.13071429,4203.74,4213.44457143,63.33129366,5277.60780501,5340.93909867,-355.56581529,take_profit
BTCUSD,2025-12-06T08:20:00+00:00,2025-12-06T09:10:00+00:00,SELL,1.2556364,80.11408648,63.80357143,89420.2,89484.00357143,-80.11408648,5340.93909867,5260.82501219,-435.67990177,stop_loss
BTCUSD,2025-12-06T14:15:00+00:00,2025-12-06T14:20:00+00:00,BUY,0.95148846,78.91237518,82.93571429,90084.25,90001.31428571,-78.91237518,5260.82501219,5181.91263701,-514.59227695,stop_loss
BTCUSD,2025-12-07T07:15:00+00:00,2025-12-07T08:10:00+00:00,SELL,1.21032327,77.72868956,64.22142857,89422.55,89229.88571429,233.18606867,5181.91263701,5415.09870567,-281.40620829,take_profit
BTCUSD,2025-12-07T09:20:00+00:00,2025-12-07T09:25:00+00:00,SELL,1.13292227,81.22648059,71.69642857,89132.2,89203.89642857,-81.22648059,5415.09870567,5333.87222509,-362.63268887,stop_loss
BTCUSD,2025-12-08T07:25:00+00:00,2025-12-08T07:45:00+00:00,BUY,0.77100301,80.00808338,103.77142857,91703.55,91599.77857143,-80.00808338,5333.87222509,5253.86414171,-442.64077225,stop_loss
BTCUSD,2025-12-08T09:00:00+00:00,2025-12-08T10:05:00+00:00,BUY,0.69845312,78.80796213,112.83214286,91959.35,91846.51785714,-78.80796213,5253.86414171,5175.05617959,-521.44873437,stop_loss
GOLD,2025-12-08T15:05:00+00:00,2025-12-08T15:20:00+00:00,BUY,7.90688492,77.62584269,9.8175,4180.51,4188.364,62.10067416,5175.05617959,5237.15685374,-459.34806022,take_profit
GOLD,2025-12-08T16:00:00+00:00,2025-12-08T16:15:00+00:00,BUY,7.48317983,78.55735281,10.49785714,4179.44,4187.83828571,62.84588224,5237.15685374,5300.00273598,-396.50217797,take_profit
GOLD,2025-12-08T19:00:00+00:00,2025-12-08T20:05:00+00:00,BUY,18.17737342,79.50004104,4.37357143,4185.53,4189.02885714,63.60003283,5300.00273598,5363.60276882,-332.90214514,take_profit
BTCUSD,2025-12-09T07:35:00+00:00,2025-12-09T09:00:00+00:00,BUY,0.64114104,80.45404153,125.48571429,90504.85,90379.36428571,-80.45404153,5363.60276882,5283.14872728,-413.35618667,stop_loss
BTCUSD,2025-12-09T09:25:00+00:00,2025-12-09T10:35:00+00:00,SELL,0.88735602,79.24723091,89.30714286,90310.55,90042.62857143,237.74169273,5283.14872728,5520.89042001,-175.61449395,take_profit
GOLD,2025-12-09T16:10:00+00:00,2025-12-09T16:20:00+00:00,SELL,8.92522701,82.8133563,9.27857143,4218.58,4211.15714286,66.25068504,5520.89042001,5587.14110505,-109.36380891,take_profit
GOLD,2025-12-09T16:40:00+00:00,2025-12-09T16:55:00+00:00,SELL,10.12425258,83.80711658,8.27785714,4219.24,4212.61771429,67.04569326,5587.14110505,5654.18679831,-42.31811564,take_profit
GOLD,2025-12-09T19:05:00+00:00,2025-12-09T19:20:00+00:00,SELL,21.12586474,84.81280197,4.01464286,4211.66,4208.44828571,67.85024158,5654.18679831,5722.03703989,0.0,take_profit
BTCUSD,2025-12-10T07:55:00+00:00,2025-12-10T08:00:00+00:00,BUY,1.12638524,85.8305556,76.2,92800.35,92724.15,-85.8305556,5722.03703989,5636.20648429,-85.8305556,stop_loss
BTCUSD,2025-12-10T09:45:00+00:00,2025-12-10T10:00:00+00:00,BUY,0.93502655,84.54309726,90.41785714,92836.8,93108.05357143,253.62929179,5636.20648429,5889.83577609,0.0,take_profit
GOLD,2025-12-10T18:35:00+00:00,2025-12-10T18:50:00+00:00,BUY,23.92158424,88.34753664,3.69321429,4192.42,4195.37457143,70.67802931,5889.83577609,5960.5138054,0.0,take_profit
GOLD,2025-12-10T19:05:00+00:00,2025-12-10T19:10:00+00:00,SELL,12.9255256,89.40770708,6.91714286,4216.02,4210.48628571,71.52616566,5960.5138054,6032.03997107,0.0,take_profit
BTCUSD,2025-12-11T12:05:00+00:00,2025-12-11T12:20:00+00:00,SELL,1.56183761,90.48059957,57.93214286,90185.85,90243.78214286,-90.48059957,6032.03997107,5941.5593715,-90.48059957,stop_loss
BTCUSD,2025-12-11T12:55:00+00:00,2025-12-11T13:00:00+00:00,SELL,1.14203237,89.12339057,78.03928571,90036.35,90114.38928571,-89.12339057,5941.5593715,5852.43598093,-179.60399014,stop_loss
GOLD,2025-12-11T14:20:00+00:00,2025-12-11T14:35:00+00:00,SELL,10.70054901,87.78653971,8.20392857,4230.87,4239.07392857,-87.78653971,5852.43598093,5764.64944121,-267.39052985,stop_loss
GOLD,2025-12-11T14:35:00+00:00,2025-12-11T14:45:00+00:00,SELL,10.25477664,86.46974162,8.43214286,4239.97,4233.22428571,69.17579329,5764.64944121,5833.82523451,-198.21473656,take_profit
GOLD,2025-12-11T15:55:00+00:00,2025-12-11T16:45:00+00:00,SELL,9.60187553,87.50737852,9.11357143,4256.13,4265.24357143,-87.50737852,5833.82523451,5746.31785599,-285.72211508,stop_loss
BTCUSD,2025-12-12T09:55:00+00:00,2025-12-12T10:45:00+00:00,BUY,0.8048601,86.19476784,107.09285714,92539.1,92432.00714286,-86.19476784,5746.31785599,5660.12308815,-371.91688292,stop_loss
BTCUSD,2025-12-12T13:15:00+00:00,2025-12-12T13:20:00+00:00,BUY,0.99783903,84.90184632,85.08571429,92509.2,92424.11428571,-84.90184632,5660.12308815,5575.22124183,-456.81872924,stop_loss
GOLD,2025-12-12T13:55:00+00:00,2025-12-12T14:30:00+00:00,SELL,10.3422681,83.62831863,8.08607143,4341.07,4334.60114286,66.9026549,5575.22124183,5642.12389673,-389.91607434,take_profit
GOLD,2025-12-12T16:00:00+00:00,2025-12-12T17:40:00+00:00,BUY,4.06911882,84.63185845,20.79857143,4277.28,4293.91885714,67.70548676,5642.12389673,5709.82938349,-322.21058757,take_profit
BTCUSD,2025-12-13T11:40:00+00:00,2025-12-13T11:45:00+00:00,SELL,1.96374741,85.64744075,43.61428571,90367.2,90410.81428571,-85.64744075,5709.82938349,5624.18194274,-407.85802833,stop_loss
BTCUSD,2025-12-13T12:45:00+00:00,2025-12-13T13:00:00+00:00,SELL,1.43648529,84.36272914,58.72857143,90314.05,90372.77857143,-84.36272914,5624.18194274,5539.8192136,-492.22075747,stop_loss
BTCUSD,2025-12-14T09:30:00+00:00,2025-12-14T10:10:00+00:00,SELL,2.13971314,83.0972882,38.83571429,90075.3,89958.79285714,249.29186461,5539.8192136,5789.11107821,-242.92889286,take_profit
BTCUSD,2025-12-14T10:10:00+00:00,2025-12-14T10:15:00+00:00,SELL,1.82553244,86.83666617,47.56785714,89825.8,89873.36785714,-86.83666617,5789.11107821,5702.27441204,-329.76555903,stop_loss
BTCUSD,2025-12-15T09:00:00+00:00,2025-12-15T09:10:00+00:00,BUY,0.98363531,85.53411618,86.95714286,89924.5,89837.54285714,-85.53411618,5702.27441204,5616.74029586,-415.29967521,stop_loss
BTCUSD,2025-12-15T12:05:00+00:00,2025-12-15T12:15:00+00:00,SELL,1.23477149,84.25110444,68.23214286,89461.45,89529.68214286,-84.25110444,5616.74029586,5532.48919142,-499.55077965,stop_loss
GOLD,2025-12-15T16:20:00+00:00,2025-12-15T17:45:00+00:00,BUY,6.49898042,82.98733787,12.76928571,4295.51,4305.72542857,66.3898703,5532.48919142,5598.87906171,-433.16090935,take_profit
BTCUSD,2025-12-16T07:40:00+00:00,2025-12-16T07:45:00+00:00,SELL,0.72426057,83.98318593,115.95714286,85882.9,85998.85714286,-83.98318593,5598.87906171,5514.89587579,-517.14409528,stop_loss
BTCUSD,2025-12-16T10:35:00+00:00,2025-12-16T10:40:00+00:00,BUY,0.77888771,82.72343814,106.20714286,86733.8,87052.42142857,248.17031441,5514.89587579,5763.0661902,-268.97378087,take_profit
GOLD,2025-12-16T13:05:00+00:00,2025-12-16T13:20:00+00:00,SELL,15.91379224,86.44599285,5.43214286,4296.24,4301.67214286,-86.44599285,5763.0661902,5676.62019735,-355.41977372,stop_loss
GOLD,2025-12-16T13:20:00+00:00,2025-12-16T13:30:00+00:00,SELL,16.45397159,85.14930296,5.175,4301.0,4306.175,-85.14930296,5676.62019735,5591.47089439,-440.56907668,stop_loss
GOLD,2025-12-16T13:30:00+00:00,2025-12-16T13:40:00+00:00,SELL,14.61003966,83.87206342,5.74071429,4307.47,4302.87742857,67.09765073,5591.47089439,5658.56854512,-373.47142595,take_profit
BTCUSD,2025-12-17T08:25:00+00:00,2025-12-17T10:10:00+00:00,SELL,0.69454638,84.87852818,122.20714286,86489.75,86611.95714286,-84.87852818,5658.56854512,5573.69001694,-458.34995412,stop_loss
BTCUSD,2025-12-17T12:00:00+00:00,2025-12-17T12:10:00+00:00,BUY,0.85011069,83.60535025,98.34642857,87148.55,87050.20357143,-83.60535025,5573.69001694,5490.08466669,-541.95530438,stop_loss
GOLD,2025-12-17T13:15:00+00:00,2025-12-17T13:30:00+00:00,SELL,15.61901754,82.35127,5.2725,4329.2,4334.4725,-82.35127,5490.08466669,5407.73339669,-624.30657438,stop_loss
GOLD,2025-12-17T13:30:00+00:00,2025-12-17T13:40:00+00:00,SELL,14.14050571,81.11600095,5.73642857,4332.72,4338.45642857,-81.11600095,5407.73339669,5326.61739574,-705.42257533,stop_loss
GOLD,2025-12-17T13:40:00+00:00,2025-12-17T13:45:00+00:00,SELL,13.10130772,79.89926094,6.09857143,4338.36,4333.48114286,63.91940875,5326.61739574,5390.53680449,-641.50316658,take_profit
BTCUSD,2025-12-18T07:10:00+00:00,2025-12-18T08:00:00+00:00,BUY,0.91353971,80.85805207,88.51071429,86766.2,86677.68928571,-80.85805207,5390.53680449,5309.67875242,-722.36121865,stop_loss
BTCUSD,2025-12-18T08:20:00+00:00,2025-12-18T09:00:00+00:00,BUY,0.8575854,79.64518129,92.87142857,86944.1,86851.22857143,-79.64518129,5309.67875242,5230.03357113,-802.00639993,stop_loss
GOLD,2025-12-18T13:05:00+00:00,2025-12-18T13:15:00+00:00,BUY,18.06129008,78.45050357,4.34357143,4318.49,4321.96485714,62.76040285,5230.03357113,5292.79397399,-739.24599708,take_profit
GOLD,2025-12-18T13:45:00+00:00,2025-12-18T14:00:00+00:00,SELL,10.83082886,79.39190961,7.33017857,4339.81,4333.94585714,63.51352769,5292.79397399,5356.30750167,-675.73246939,take_profit
GOLD,2025-12-18T16:05:00+00:00,2025-12-18T16:10:00+00:00,SELL,9.36183583,80.34461253,8.58214286,4346.74,4355.32214286,-80.34461253,5356.30750167,5275.96288915,-756.07708192,stop_loss
BTCUSD,2025-12-19T07:00:00+00:00,2025-12-19T07:10:00+00:00,BUY,0.54584304,79.13944334,144.98571429,87694.0,88128.95714286,237.41833001,5275.96288915,5513.38121916,-518.6587519,take_profit
BTCUSD,2025-12-19T07:10:00+00:00,2025-12-19T07:15:00+00:00,BUY,0.45541834,82.70071829,181.59285714,88088.95,87907.35714286,-82.70071829,5513.38121916,5430.68050087,-601.35947019,stop_loss
GOLD,2025-12-19T15:55:00+00:00,2025-12-19T17:55:00+00:00,SELL,10.13321698,81.46020751,8.03892857,4347.83,4355.86892857,-81.46020751,5430.68050087,5349.22029336,-682.81967771,stop_loss
GOLD,2025-12-19T18:20:00+00:00,2025-12-19T18:30:00+00:00,SELL,16.79127446,80.2383044,4.77857143,4354.84,4351.01714286,64.19064352,5349.22029336,5413.41093688,-618.62903419,take_profit
BTCUSD,2025-12-20T12:05:00+00:00,2025-12-20T12:10:00+00:00,BUY,1.87919051,81.20116405,43.21071429,88282.25,88239.03928571,-81.20116405,5413.41093688,5332.20977283,-699.83019824,stop_loss
BTCUSD,2025-12-20T13:15:00+00:00,2025-12-20T13:20:00+00:00,SELL,1.45056552,79.98314659,55.13928571,87994.9,88050.03928571,-79.98314659,5332.20977283,5252.22662623,-779.81334483,stop_loss
BTCUSD,2025-12-21T07:40:00+00:00,2025-12-21T07:45:00+00:00,SELL,2.83648603,78.78339939,27.775,88041.05,88068.825,-78.78339939,5252.22662623,5173.44322684,-858.59674422,stop_loss
BTCUSD,2025-12-21T08:20:00+00:00,2025-12-21T08:30:00+00:00,BUY,2.40918744,77.6016484,32.21071429,88199.95,88296.58214286,232.80494521,5173.44322684,5406.24817205,-625.79179902,take_profit
BTCUSD,2025-12-22T07:00:00+00:00,2025-12-22T08:15:00+00:00,BUY,0.86384791,81.09372258,93.875,88990.95,89272.575,243.28116774,5406.24817205,5649.52933979,-382.51063127,take_profit
BTCUSD,2025-12-22T08:15:00+00:00,2025-12-22T08:20:00+00:00,BUY,0.81525591,84.7429401,103.94642857,89437.9,89749.73928571,254.22882029,5649.52933979,5903.75816008,-128.28181098,take_profit
GOLD,2025-12-22T13:00:00+00:00,2025-12-22T13:10:00+00:00,SELL,19.61847003,88.5563724,4.51392857,4417.95,4422.46392857,-88.5563724,5903.75816008,5815.20178768,-216.83818338,stop_loss
GOLD,2025-12-22T13:10:00+00:00,2025-12-22T13:20:00+00:00,SELL,16.95747241,87.22802682,5.14392857,4425.66,4421.54485714,69.78242145,5815.20178768,5884.98420913,-147.05576193,take_profit
GOLD,2025-12-22T16:05:00+00:00,2025-12-22T20:05:00+00:00,SELL,11.12924205,88.27476314,7.93178571,4434.74,4437.95,-35.72486699,5884.98420913,5849.25934214,-182.78062893,max_hold
BTCUSD,2025-12-23T09:20:00+00:00,2025-12-23T09:40:00+00:00,SELL,1.07166678,87.73889013,81.87142857,87337.0,87418.87142857,-87.73889013,5849.25934214,5761.52045201,-270.51951906,stop_loss
BTCUSD,2025-12-23T13:35:00+00:00,2025-12-23T13:40:00+00:00,SELL,0.66206254,86.42280678,130.53571429,87539.2,87669.73571429,-86.42280678,5761.52045201,5675.09764523,-356.94232584,stop_loss
GOLD,2025-12-23T14:30:00+00:00,2025-12-23T14:55:00+00:00,BUY,6.89382794,85.12646468,12.34821429,4457.77,4445.42178571,-85.12646468,5675.09764523,5589.97118055,-442.06879052,stop_loss
GOLD,2025-12-23T14:55:00+00:00,2025-12-23T15:00:00+00:00,BUY,5.55820998,83.84956771,15.08571429,4446.42,4431.33428571,-83.84956771,5589.97118055,5506.12161284,-525.91835823,stop_loss
GOLD,2025-12-23T15:00:00+00:00,2025-12-23T15:10:00+00:00,BUY,5.29289361,82.59182419,15.60428571,4434.25,4446.73342857,66.07345935,5506.12161284,5572.19507219,-459.84489887,take_profit
BTCUSD,2025-12-24T08:20:00+00:00,2025-12-24T08:25:00+00:00,SELL,0.95073202,83.58292608,87.91428571,86742.75,86830.66428571,-83.58292608,5572.19507219,5488.61214611,-543.42782495,stop_loss
BTCUSD,2025-12-24T08:55:00+00:00,2025-12-24T10:05:00+00:00,SELL,0.75491784,82.32918219,109.05714286,86726.1,86835.15714286,-82.32918219,5488.61214611,5406.28296392,-625.75700715,stop_loss
GOLD,2025-12-24T13:15:00+00:00,2025-12-24T13:35:00+00:00,BUY,13.73397959,81.09424446,5.90464286,4480.22,4484.94371429,64.87539557,5406.28296392,5471.15835949,-560.88161158,take_profit
GOLD,2025-12-24T15:40:00+00:00,2025-12-24T16:00:00+00:00,BUY,5.4055199,82.06737539,15.18214286,4453.23,4465.37571429,65.65390031,5471.15835949,5536.8122598,-495.22771127,take_profit
BTCUSD,2025-12-25T08:20:00+00:00,2025-12-25T08:25:00+00:00,SELL,1.30511906,83.0521839,63.63571429,87328.4,87392.03571429,-83.0521839,5536.8122598,5453.7600759,-578.27989516,stop_loss
BTCUSD,2025-12-25T10:35:00+00:00,2025-12-25T10:40:00+00:00,SELL,1.73739323,81.80640114,47.08571429,87224.15,87271.23571429,-81.80640114,5453.7600759,5371.95367476,-660.0862963,stop_loss
BTCUSD,2025-12-26T07:10:00+00:00,2025-12-26T07:30:00+00:00,BUY,1.00347827,80.57930512,80.3,89294.55,89214.25,-80.57930512,5371.95367476,5291.37436964,-740.66560142,stop_loss
BTCUSD,2025-12-26T09:45:00+00:00,2025-12-26T09:55:00+00:00,BUY,1.23885235,79.37061554,64.06785714,88821.65,88757.58214286,-79.37061554,5291.37436964,5212.0037541,-820.03621697,stop_loss
GOLD,2025-12-26T13:35:00+00:00,2025-12-26T13:45:00+00:00,SELL,12.45826405,78.18005631,6.27535714,4524.02,4518.99971429,62.54404505,5212.0037541,5274.54779915,-757.49217192,take_profit
GOLD,2025-12-26T14:00:00+00:00,2025-12-26T14:40:00+00:00,SELL,9.75993513,79.11821699,8.10642857,4526.59,4520.10485714,63.29457359,5274.54779915,5337.84237274,-694.19759833,take_profit
GOLD,2025-12-26T15:45:00+00:00,2025-12-26T16:10:00+00:00,SELL,7.93731208,80.06763559,10.0875,4544.35,4536.28,64.05410847,5337.84237274,5401.89648121,-630.14348986,take_profit
BTCUSD,2025-12-27T10:30:00+00:00,2025-12-27T11:15:00+00:00,SELL,1.88783202,81.02844722,42.92142857,87425.95,87468.87142857,-81.02844722,5401.89648121,5320.86803399,-711.17193707,stop_loss
BTCUSD,2025-12-27T13:20:00+00:00,2025-12-27T13:35:00+00:00,SELL,3.59286909,79.81302051,22.21428571,87350.4,87372.61428571,-79.81302051,5320.86803399,5241.05501348,-790.98495758,stop_loss
BTCUSD,2025-12-28T08:05:00+00:00,2025-12-28T08:30:00+00:00,BUY,2.61616723,78.6158252,30.05,87742.45,87712.4,-78.6158252,5241.05501348,5162.43918828,-869.60078279,stop_loss
BTCUSD,2025-12-28T08:35:00+00:00,2025-12-28T08:40:00+00:00,BUY,2.65226234,77.43658782,29.19642857,87796.45,87884.03928571,232.30976347,5162.43918828,5394.74895175,-637.29101931,take_profit
BTCUSD,2025-12-29T09:30:00+00:00,2025-12-29T09:40:00+00:00,SELL,0.53992483,80.92123428,149.875,88600.65,88151.025,242.76370283,5394.74895175,5637.51265458,-394.52731648,take_profit
BTCUSD,2025-12-29T09:40:00+00:00,2025-12-29T10:55:00+00:00,SELL,0.43560948,84.56268982,194.125,88140.1,87557.725,253.68806946,5637.51265458,5891.20072404,-140.83924703,take_profit
GOLD,2025-12-29T13:40:00+00:00,2025-12-29T13:45:00+00:00,BUY,8.32762623,88.36801086,10.61142857,4429.66,4419.04857143,-88.36801086,5891.20072404,5802.83271318,-229.20725789,stop_loss
GOLD,2025-12-29T13:45:00+00:00,2025-12-29T14:00:00+00:00,BUY,7.53474847,87.0424907,11.55214286,4417.08,4405.52785714,-87.0424907,5802.83271318,5715.79022248,-316.24974859,stop_loss
GOLD,2025-12-29T14:00:00+00:00,2025-12-29T14:30:00+00:00,BUY,5.43141676,85.73685334,15.78535714,4400.13,4384.34464286,-85.73685334,5715.79022248,5630.05336914,-401.98660192,stop_loss
BTCUSD,2025-12-30T08:00:00+00:00,2025-12-30T08:10:00+00:00,BUY,1.17719043,84.45080054,71.73928571,87602.65,87817.86785714,253.35240161,5630.05336914,5883.40577075,-148.63420031,take_profit
BTCUSD,2025-12-30T08:10:00+00:00,2025-12-30T08:15:00+00:00,BUY,0.94933744,88.25108656,92.96071429,87772.5,88051.38214286,264.75325968,5883.40577075,6148.15903044,0.0,take_profit
GOLD,2025-12-30T13:00:00+00:00,2025-12-30T13:10:00+00:00,SELL,13.48914377,92.22238546,6.83678571,4402.8,4397.33057143,73.77790837,6148.15903044,6221.9369388,0.0,take_profit
GOLD,2025-12-30T19:30:00+00:00,2025-12-30T19:45:00+00:00,BUY,17.71189857,93.32905408,5.26928571,4361.8,4356.53071429,-93.32905408,6221.9369388,6128.60788472,-93.32905408,stop_loss
GOLD,2025-12-30T19:45:00+00:00,2025-12-30T19:50:00+00:00,BUY,14.97652477,91.92911827,6.13821429,4349.82,4343.68178571,-91.92911827,6128.60788472,6036.67876645,-185.25817235,stop_loss
BTCUSD,2025-12-31T07:35:00+00:00,2025-12-31T08:35:00+00:00,BUY,2.10897112,90.5501815,42.93571429,88498.3,88455.36428571,-90.5501815,6036.67876645,5946.12858495,-275.80835385,stop_loss
BTCUSD,2025-12-31T10:10:00+00:00,2025-12-31T10:20:00+00:00,BUY,2.02249272,89.19192877,44.1,88685.8,88641.7,-89.19192877,5946.12858495,5856.93665618,-365.00028262,stop_loss
GOLD,2025-12-31T13:45:00+00:00,2025-12-31T13:55:00+00:00,SELL,10.58027267,87.85404984,8.30357143,4339.64,4347.94357143,-87.85404984,5856.93665618,5769.08260634,-452.85433247,stop_loss
GOLD,2025-12-31T13:55:00+00:00,2025-12-31T14:00:00+00:00,SELL,10.04691585,86.5362391,8.61321429,4345.95,4339.05942857,69.22899128,5769.08260634,5838.31159761,-383.62534119,take_profit
GOLD,2025-12-31T14:00:00+00:00,2025-12-31T14:25:00+00:00,SELL,9.24305805,87.57467396,9.47464286,4341.34,4333.76028571,70.05973917,5838.31159761,5908.37133678,-313.56560202,take_profit
BTCUSD,2026-01-01T09:15:00+00:00,2026-01-01T09:20:00+00:00,BUY,1.95717754,81.42557577,41.60357143,87789.3,87747.69642857,-81.42557577,5428.37171792,5346.94614215,-874.99079666,stop_loss
BTCUSD,2026-01-01T11:50:00+00:00,2026-01-01T12:30:00+00:00,BUY,2.73701082,80.20419213,29.30357143,87840.8,87811.49642857,-80.20419213,5346.94614215,5266.74195002,-955.19498879,stop_loss
BTCUSD,2026-01-02T08:20:00+00:00,2026-01-02T09:45:00+00:00,BUY,0.99861479,79.00112925,79.11071429,88993.1,89230.43214286,237.00338775,5266.74195002,5503.74533777,-718.19160104,take_profit
BTCUSD,2026-01-02T09:45:00+00:00,2026-01-02T09:50:00+00:00,BUY,0.89436394,82.55618007,92.30714286,89356.25,89263.94285714,-82.55618007,5503.74533777,5421.1891577,-800.7477811,stop_loss
GOLD,2026-01-02T14:30:00+00:00,2026-01-02T15:00:00+00:00,BUY,7.63547769,81.31783737,10.65,4355.44,4344.79,-81.31783737,5421.1891577,5339.87132033,-882.06561847,stop_loss
GOLD,2026-01-02T15:00:00+00:00,2026-01-02T15:20:00+00:00,BUY,6.79496441,80.09806981,11.78785714,4342.33,4330.54214286,-80.09806981,5339.87132033,5259.77325053,-962.16368827,stop_loss
GOLD,2026-01-02T15:20:00+00:00,2026-01-02T15:40:00+00:00,BUY,5.55581904,78.89659876,14.20071429,4334.28,4345.64057143,63.11727901,5259.77325053,5322.89052954,-899.04640927,take_profit
BTCUSD,2026-01-03T08:00:00+00:00,2026-01-03T08:25:00+00:00,SELL,0.92833403,79.84335794,86.00714286,89591.3,89677.30714286,-79.84335794,5322.89052954,5243.04717159,-978.88976721,stop_loss
BTCUSD,2026-01-03T12:05:00+00:00,2026-01-03T12:20:00+00:00,SELL,1.93862119,78.64570757,40.56785714,89609.4,89649.96785714,-78.64570757,5243.04717159,5164.40146402,-1057.53547478,stop_loss
BTCUSD,2026-01-04T10:10:00+00:00,2026-01-04T10:15:00+00:00,BUY,1.142326,77.46602196,67.81428571,91505.1,91437.28571429,-77.46602196,5164.40146402,5086.93544206,-1135.00149674,stop_loss
BTCUSD,2026-01-04T14:10:00+00:00,2026-01-04T14:15:00+00:00,BUY,1.22289101,76.30403163,62.39642857,91359.5,91297.10357143,-76.30403163,5086.93544206,5010.63141043,-1211.30552838,stop_loss
BTCUSD,2026-01-05T08:05:00+00:00,2026-01-05T08:35:00+00:00,BUY,1.32131926,75.15947116,56.88214286,92587.4,92530.51785714,-75.15947116,5010.63141043,4935.47193927,-1286.46499953,stop_loss
BTCUSD,2026-01-05T09:45:00+00:00,2026-01-05T10:00:00+00:00,BUY,0.75295976,74.03207909,98.32142857,92736.35,92638.02857143,-74.03207909,4935.47193927,4861.43986018,-1360.49707862,stop_loss
GOLD,2026-01-05T13:25:00+00:00,2026-01-05T13:30:00+00:00,BUY,7.66098132,72.9215979,9.51857143,4399.77,4407.38485714,58.33727832,4861.43986018,4919.7771385,-1302.1598003,take_profit
GOLD,2026-01-05T14:45:00+00:00,2026-01-05T15:00:00+00:00,SELL,8.09173871,73.79665708,9.12,4436.92,4446.04,-73.79665708,4919.7771385,4845.98048143,-1375.95645738,stop_loss
GOLD,2026-01-05T15:00:00+00:00,2026-01-05T15:25:00+00:00,SELL,6.37509178,72.68970722,11.40214286,4452.03,4442.90828571,58.15176578,4845.98048143,4904.1322472,-1317.8046916,take_profit
BTCUSD,2026-01-06T07:10:00+00:00,2026-01-06T07:35:00+00:00,SELL,0.80559119,73.56198371,91.31428571,93536.3,93262.35714286,220.68595112,4904.1322472,5124.81819833,-1097.11874048,take_profit
BTCUSD,2026-01-06T07:35:00+00:00,2026-01-06T08:05:00+00:00,SELL,0.7516233,76.87227297,102.275,93267.5,93369.775,-76.87227297,5124.81819833,5047.94592535,-1173.99101345,stop_loss
GOLD,2026-01-06T14:30:00+00:00,2026-01-06T14:50:00+00:00,SELL,8.76705656,75.71918888,8.63678571,4479.11,4487.74678571,-75.71918888,5047.94592535,4972.22673647,-1249.71020233,stop_loss
GOLD,2026-01-06T14:50:00+00:00,2026-01-06T15:10:00+00:00,SELL,7.71913665,74.58340105,9.66214286,4487.95,4480.22028571,59.66672084,4972.22673647,5031.89345731,-1190.04348149,take_profit
GOLD,2026-01-06T16:40:00+00:00,2026-01-06T17:40:00+00:00,SELL,9.41672349,75.47840186,8.01535714,4488.26,4481.84771429,60.38272149,5031.89345731,5092.2761788,-1129.66076,take_profit
BTCUSD,2026-01-07T09:05:00+00:00,2026-01-07T09:10:00+00:00,SELL,0.92478748,76.38414268,82.59642857,92466.2,92218.41071429,229.15242805,5092.2761788,5321.42860684,-900.50833196,take_profit
BTCUSD,2026-01-07T09:10:00+00:00,2026-01-07T09:20:00+00:00,SELL,0.81278639,79.8214291,98.20714286,92219.1,91924.47857143,239.46428731,5321.42860684,5560.89289415,-661.04404465,take_profit
GOLD,2026-01-07T15:10:00+00:00,2026-01-07T15:25:00+00:00,BUY,6.98667329,83.41339341,11.93892857,4426.86,4436.41114286,66.73071473,5560.89289415,5627.62360888,-594.31332992,take_profit
GOLD,2026-01-07T16:40:00+00:00,2026-01-07T17:00:00+00:00,SELL,9.12728574,84.41435413,9.24857143,4467.8,4460.40114286,67.53148331,5627.62360888,5695.15509219,-526.78184661,take_profit
BTCUSD,2026-01-08T07:00:00+00:00,2026-01-08T07:10:00+00:00,SELL,0.4539867,85.42732638,188.17142857,89762.35,89950.52142857,-85.42732638,5695.15509219,5609.72776581,-612.209173,stop_loss
BTCUSD,2026-01-08T09:25:00+00:00,2026-01-08T10:20:00+00:00,SELL,0.67199614,84.14591649,125.21785714,89924.4,90049.61785714,-84.14591649,5609.72776581,5525.58184932,-696.35508948,stop_loss
GOLD,2026-01-08T15:30:00+00:00,2026-01-08T16:35:00+00:00,SELL,7.55229385,82.88372774,10.97464286,4450.99,4461.96464286,-82.88372774,5525.58184932,5442.69812158,-779.23881722,stop_loss
GOLD,2026-01-08T17:20:00+00:00,2026-01-08T18:05:00+00:00,SELL,12.29591314,81.64047182,6.63964286,4461.42,4456.10828571,65.31237746,5442.69812158,5508.01049904,-713.92643977,take_profit
BTCUSD,2026-01-09T07:55:00+00:00,2026-01-09T08:00:00+00:00,SELL,1.28448884,82.62015749,64.32142857,90642.15,90706.47142857,-82.62015749,5508.01049904,5425.39034155,-796.54659725,stop_loss
BTCUSD,2026-01-09T08:00:00+00:00,2026-01-09T08:05:00+00:00,SELL,0.96154272,81.38085512,84.63571429,90443.55,90528.18571429,-81.38085512,5425.39034155,5344.00948643,-877.92745237,stop_loss
GOLD,2026-01-09T15:50:00+00:00,2026-01-09T16:10:00+00:00,SELL,7.02828866,80.1601423,11.40535714,4511.78,4502.65571429,64.12811384,5344.00948643,5408.13760027,-813.79933854,take_profit
BTCUSD,2026-01-10T08:00:00+00:00,2026-01-10T08:05:00+00:00,BUY,2.15035292,81.122064,37.725,90589.0,90551.275,-81.122064,5408.13760027,5327.01553626,-894.92140254,stop_loss
BTCUSD,2026-01-10T09:55:00+00:00,2026-01-10T12:00:00+00:00,BUY,1.98135541,79.90523304,40.32857143,90634.85,90594.52142857,-79.90523304,5327.01553626,5247.11030322,-974.82663558,stop_loss
BTCUSD,2026-01-11T08:30:00+00:00,2026-01-11T08:35:00+00:00,BUY,3.04853552,78.70665455,25.81785714,90637.8,90611.98214286,-78.70665455,5247.11030322,5168.40364867,-1053.53329013,stop_loss
BTCUSD,2026-01-11T08:55:00+00:00,2026-01-11T09:25:00+00:00,BUY,2.00529287,77.52605473,38.66071429,90668.95,90630.28928571,-77.52605473,5168.40364867,5090.87759394,-1131.05934486,stop_loss
BTCUSD,2026-01-12T08:00:00+00:00,2026-01-12T08:05:00+00:00,SELL,0.66413064,76.36316391,114.98214286,91217.85,91332.83214286,-76.36316391,5090.87759394,5014.51443003,-1207.42250877,stop_loss
BTCUSD,2026-01-12T08:30:00+00:00,2026-01-12T08:35:00+00:00,SELL,0.54576213,75.21771645,137.82142857,91031.55,90618.08571429,225.65314935,5014.51443003,5240.16757938,-981.76935942,take_profit
GOLD,2026-01-12T13:00:00+00:00,2026-01-12T13:05:00+00:00,SELL,14.48131585,78.60251369,5.42785714,4596.17,4601.59785714,-78.60251369,5240.16757938,5161.56506569,-1060.37187311,stop_loss
GOLD,2026-01-12T13:05:00+00:00,2026-01-12T13:10:00+00:00,SELL,13.08855478,77.42347599,5.91535714,4601.32,4607.23535714,-77.42347599,5161.56506569,5084.14158971,-1137.7953491,stop_loss
GOLD,2026-01-12T13:10:00+00:00,2026-01-12T13:40:00+00:00,SELL,11.82162137,76.26212385,6.45107143,4606.65,4613.10107143,-76.26212385,5084.14158971,5007.87946586,-1214.05747294,stop_loss
BTCUSD,2026-01-13T09:00:00+00:00,2026-01-13T09:20:00+00:00,BUY,0.9183955,75.11819199,81.79285714,92298.1,92543.47857143,225.35457596,5007.87946586,5233.23404182,-988.70289698,take_profit
BTCUSD,2026-01-13T09:20:00+00:00,2026-01-13T09:35:00+00:00,BUY,0.73309262,78.49851063,107.07857143,92449.15,92342.07142857,-78.49851063,5233.23404182,5154.7355312,-1067.20140761,stop_loss
GOLD,2026-01-13T13:10:00+00:00,2026-01-13T13:30:00+00:00,SELL,12.49416507,77.32103297,6.18857143,4602.84,4609.02857143,-77.32103297,5154.7355312,5077.41449823,-1144.52244057,stop_loss
GOLD,2026-01-13T13:30:00+00:00,2026-01-13T14:20:00+00:00,SELL,9.26173329,76.16121747,8.22321429,4613.36,4621.58321429,-76.16121747,5077.41449823,5001.25328076,-1220.68365805,stop_loss
GOLD,2026-01-13T17:55:00+00:00,2026-01-13T18:20:00+00:00,BUY,9.35313197,75.01879921,8.02071429,4590.58,4582.55928571,-75.01879921,5001.25328076,4926.23448154,-1295.70245726,stop_loss
BTCUSD,2026-01-14T07:45:00+00:00,2026-01-14T08:35:00+00:00,BUY,0.62218635,73.89351722,118.76428571,95169.35,95050.58571429,-73.89351722,4926.23448154,4852.34096432,-1369.59597448,stop_loss
BTCUSD,2026-01-14T13:20:00+00:00,2026-01-14T13:30:00+00:00,BUY,0.89483346,72.78511446,81.33928571,95151.8,95070.46071429,-72.78511446,4852.34096432,4779.55584986,-1442.38108895,stop_loss
GOLD,2026-01-14T14:45:00+00:00,2026-01-14T14:50:00+00:00,BUY,7.30180946,71.69333775,9.81857143,4607.89,4615.74485714,57.3546702,4779.55584986,4836.91052005,-1385.02641875,take_profit
GOLD,2026-01-14T15:00:00+00:00,2026-01-14T15:10:00+00:00,BUY,6.33458815,72.5536578,11.45357143,4605.57,4614.73285714,58.04292624,4836.91052005,4894.95344629,-1326.98349251,take_profit
GOLD,2026-01-14T18:50:00+00:00,2026-01-14T19:00:00+00:00,SELL,10.59841451,73.42430169,6.92785714,4634.96,4641.88785714,-73.42430169,4894.95344629,4821.5291446,-1400.4077942,stop_loss
BTCUSD,2026-01-15T07:40:00+00:00,2026-01-15T08:00:00+00:00,BUY,0.65782297,72.32293717,109.94285714,96590.95,96481.00714286,-72.32293717,4821.5291446,4749.20620743,-1472.73073137,stop_loss
BTCUSD,2026-01-15T09:25:00+00:00,2026-01-15T09:40:00+00:00,BUY,0.75199495,71.23809311,94.73214286,96752.7,97036.89642857,213.71427933,4749.20620743,4962.92048677,-1259.01645204,take_profit
GOLD,2026-01-15T13:30:00+00:00,2026-01-15T13:45:00+00:00,BUY,10.38578278,74.4438073,7.16785714,4595.08,4587.91214286,-74.4438073,4962.92048677,4888.47667946,-1333.46025934,stop_loss
GOLD,2026-01-15T13:45:00+00:00,2026-01-15T14:05:00+00:00,BUY,8.23966693,73.32715019,8.89928571,4588.1,4595.21942857,58.66172015,4888.47667946,4947.13839962,-1274.79853918,take_profit
GOLD,2026-01-15T18:00:00+00:00,2026-01-15T18:30:00+00:00,SELL,15.07945517,74.20707599,4.92107143,4619.06,4615.12314286,59.3656608,4947.13839962,5006.50406041,-1215.43287839,take_profit
BTCUSD,2026-01-16T10:00:00+00:00,2026-01-16T10:30:00+00:00,SELL,1.19006831,75.09756091,63.10357143,95541.55,95352.23928571,225.29268272,5006.50406041,5231.79674313,-990.14019567,take_profit
BTCUSD,2026-01-16T10:30:00+00:00,2026-01-16T11:50:00+00:00,SELL,1.31909871,78.47695115,59.49285714,95355.7,95415.19285714,-78.47695115,5231.79674313,5153.31979198,-1068.61714682,stop_loss
GOLD,2026-01-16T13:15:00+00:00,2026-01-16T13:30:00+00:00,BUY,10.10030479,77.29979688,7.65321429,4587.46,4593.58257143,61.8398375,5153.31979198,5215.15962949,-1006.77730931,take_profit
GOLD,2026-01-16T15:25:00+00:00,2026-01-16T15:30:00+00:00,BUY,5.29842052,78.22739444,14.76428571,4565.14,4550.37571429,-78.22739444,5215.15962949,5136.93223505,-1085.00470376,stop_loss
GOLD,2026-01-16T15:30:00+00:00,2026-01-16T15:45:00+00:00,BUY,4.29560693,77.05398353,17.93785714,4544.32,4558.67028571,61.64318682,5136.93223505,5198.57542187,-1023.36151694,take_profit
BTCUSD,2026-01-17T08:00:00+00:00,2026-01-17T08:15:00+00:00,SELL,1.56426542,77.97863133,49.85,95103.15,95153.0,-77.97863133,5198.57542187,5120.59679054,-1101.34014826,stop_loss
BTCUSD,2026-01-17T10:40:00+00:00,2026-01-17T11:20:00+00:00,SELL,2.39894105,76.80895186,32.01785714,95131.05,95163.06785714,-76.80895186,5120.59679054,5043.78783868,-1178.14910012,stop_loss
BTCUSD,2026-01-18T07:30:00+00:00,2026-01-18T07:45:00+00:00,SELL,2.48900352,75.65681758,30.39642857,95013.2,95043.59642857,-75.65681758,5043.78783868,4968.1310211,-1253.8059177,stop_loss
BTCUSD,2026-01-18T09:20:00+00:00,2026-01-18T10:00:00+00:00,BUY,3.02539514,74.52196532,24.63214286,95174.45,95149.81785714,-74.52196532,4968.1310211,4893.60905578,-1328.32788302,stop_loss
BTCUSD,2026-01-19T13:15:00+00:00,2026-01-19T13:35:00+00:00,SELL,0.86274432,73.40413584,85.08214286,92901.7,92986.78214286,-73.40413584,4893.60905578,4820.20491995,-1401.73201886,stop_loss
BTCUSD,2026-01-19T14:35:00+00:00,2026-01-19T14:45:00+00:00,SELL,0.80914711,72.3030738,89.35714286,92704.45,92793.80714286,-72.3030738,4820.20491995,4747.90184615,-1474.03509265,stop_loss
GOLD,2026-01-19T17:40:00+00:00,2026-01-19T18:00:00+00:00,SELL,25.04545058,71.21852769,2.84357143,4676.26,4673.98514286,56.97482215,4747.90184615,4804.8766683,-1417.0602705,take_profit
GOLD,2026-01-19T18:20:00+00:00,2026-01-19T18:30:00+00:00,SELL,20.78747632,72.07315002,3.46714286,4679.24,4676.46628571,57.65852002,4804.8766683,4862.53518832,-1359.40175048,take_profit
BTCUSD,2026-01-20T08:35:00+00:00,2026-01-20T08:45:00+00:00,SELL,0.50160009,72.93802782,145.41071429,90642.85,90788.26071429,-72.93802782,4862.53518832,4789.5971605,-1432.33977831,stop_loss
BTCUSD,2026-01-20T12:15:00+00:00,2026-01-20T12:25:00+00:00,SELL,1.03118249,71.84395741,69.67142857,91025.1,91094.77142857,-71.84395741,4789.5971605,4717.75320309,-1504.18373571,stop_loss
GOLD,2026-01-20T14:15:00+00:00,2026-01-20T14:30:00+00:00,SELL,6.21457893,70.76629805,11.38714286,4745.12,4736.01028571,56.61303844,4717.75320309,4774.36624153,-1447.57069728,take_profit
GOLD,2026-01-20T16:45:00+00:00,2026-01-20T16:55:00+00:00,SELL,8.17628469,71.61549362,8.75892857,4748.86,4757.61892857,-71.61549362,4774.36624153,4702.7507479,-1519.1861909,stop_loss
GOLD,2026-01-20T16:55:00+00:00,2026-01-20T17:00:00+00:00,SELL,8.60859185,70.54126122,8.19428571,4753.72,4747.16457143,56.43300897,4702.7507479,4759.18375688,-1462.75318192,take_profit
BTCUSD,2026-01-21T07:30:00+00:00,2026-01-21T07:55:00+00:00,SELL,0.66110705,71.38775635,107.98214286,89313.2,88989.25357143,214.16326906,4759.18375688,4973.34702594,-1248.58991287,take_profit
BTCUSD,2026-01-21T08:35:00+00:00,2026-01-21T08:55:00+00:00,SELL,0.55319414,74.60020539,134.85357143,88945.85,89080.70357143,-74.60020539,4973.34702594,4898.74682055,-1323.19011825,stop_loss
GOLD,2026-01-21T13:55:00+00:00,2026-01-21T14:00:00+00:00,SELL,8.41089717,73.48120231,8.73642857,4879.46,4872.47085714,58.78496185,4898.74682055,4957.5317824,-1264.40515641,take_profit
GOLD,2026-01-21T17:40:00+00:00,2026-01-21T17:50:00+00:00,BUY,4.53215652,74.36297674,16.40785714,4810.02,4823.14628571,59.49038139,4957.5317824,5017.02216378,-1204.91477502,take_profit
GOLD,2026-01-21T19:35:00+00:00,2026-01-21T19:50:00+00:00,BUY,4.28975542,75.25533246,17.54303571,4773.815,4756.27196429,-75.25533246,5017.02216378,4941.76683133,-1280.17010748,stop_loss
BTCUSD,2026-01-22T09:35:00+00:00,2026-01-22T10:00:00+00:00,BUY,0.92422945,74.12650247,80.20357143,90019.75,89939.54642857,-74.12650247,4941.76683133,4867.64032886,-1354.29660995,stop_loss
BTCUSD,2026-01-22T13:20:00+00:00,2026-01-22T13:30:00+00:00,BUY,1.36403052,73.01460493,53.52857143,90030.2,89976.67142857,-73.01460493,4867.64032886,4794.62572392,-1427.31121488,stop_loss
GOLD,2026-01-22T14:40:00+00:00,2026-01-22T14:45:00+00:00,SELL,6.50528276,71.91938586,11.05553571,4845.91,4837.06557143,57.53550869,4794.62572392,4852.16123261,-1369.77570619,take_profit
GOLD,2026-01-22T14:50:00+00:00,2026-01-22T14:55:00+00:00,SELL,6.61443595,72.78241849,11.00357143,4844.885,4836.08214286,58.22593479,4852.16123261,4910.3871674,-1311.5497714,take_profit
GOLD,2026-01-22T15:25:00+00:00,2026-01-22T15:50:00+00:00,SELL,5.43936546,73.65580751,13.54125,4853.925,4867.46625,-73.65580751,4910.3871674,4836.73135989,-1385.20557891,stop_loss
BTCUSD,2026-01-23T08:25:00+00:00,2026-01-23T09:15:00+00:00,SELL,0.87811324,72.5509704,82.62142857,89222.45,88974.58571429,217.6529112,4836.73135989,5054.38427109,-1167.55266772,take_profit
BTCUSD,2026-01-23T09:15:00+00:00,2026-01-23T11:05:00+00:00,SELL,0.60652611,75.81576407,125.0,88947.15,89072.15,-75.81576407,5054.38427109,4978.56850702,-1243.36843178,stop_loss
GOLD,2026-01-23T14:45:00+00:00,2026-01-23T14:55:00+00:00,SELL,7.71102546,74.67852761,9.68464286,4953.765,4946.01728571,59.74282208,4978.56850702,5038.31132911,-1183.6256097,take_profit
GOLD,2026-01-23T16:05:00+00:00,2026-01-23T16:25:00+00:00,SELL,6.33294654,75.57466994,11.93357143,4973.765,4985.69857143,-75.57466994,5038.31132911,4962.73665917,-1259.20027963,stop_loss
GOLD,2026-01-23T16:25:00+00:00,2026-01-23T16:45:00+00:00,SELL,6.65055166,74.44104989,11.19321429,4985.525,4976.57042857,59.55283991,4962.73665917,5022.28949908,-1199.64743972,take_profit
BTCUSD,2026-01-24T08:00:00+00:00,2026-01-24T08:50:00+00:00,SELL,2.01544199,75.33434249,37.37857143,89490.5,89527.87857143,-75.33434249,5022.28949908,4946.95515659,-1274.98178221,stop_loss
BTCUSD,2026-01-24T12:05:00+00:00,2026-01-24T12:30:00+00:00,SELL,3.76466962,74.20432735,19.71071429,89409.85,89429.56071429,-74.20432735,4946.95515659,4872.75082924,-1349.18610956,stop_loss
BTCUSD,2026-01-25T08:35:00+00:00,2026-01-25T08:40:00+00:00,SELL,1.31729876,73.09126244,55.48571429,88302.4,88135.94285714,219.27378732,4872.75082924,5092.02461656,-1129.91232224,take_profit
BTCUSD,2026-01-25T08:40:00+00:00,2026-01-25T09:20:00+00:00,SELL,0.80343001,76.38036925,95.06785714,88171.6,88266.66785714,-76.38036925,5092.02461656,5015.64424731,-1206.29269149,stop_loss
BTCUSD,2026-01-26T08:00:00+00:00,2026-01-26T08:10:00+00:00,BUY,0.65668212,75.23466371,114.56785714,88022.1,87907.53214286,-75.23466371,5015.64424731,4940.4095836,-1281.5273552,stop_loss
BTCUSD,2026-01-26T08:20:00+00:00,2026-01-26T08:45:00+00:00,BUY,0.48479522,74.10614375,152.86071429,88089.55,87936.68928571,-74.10614375,4940.4095836,4866.30343985,-1355.63349896,stop_loss
GOLD,2026-01-26T19:00:00+00:00,2026-01-26T19:05:00+00:00,BUY,4.0546495,72.9945516,18.00267857,5045.79,5060.19214286,58.39564128,4866.30343985,4924.69908113,-1297.23785768,take_profit
GOLD,2026-01-26T19:20:00+00:00,2026-01-26T19:30:00+00:00,BUY,3.32340928,73.87048622,22.22732143,5022.06,5039.84185714,59.09638897,4924.69908113,4983.7954701,-1238.1414687,take_profit
BTCUSD,2026-01-27T08:20:00+00:00,2026-01-27T09:05:00+00:00,SELL,1.20402306,74.75693205,62.08928571,88149.3,87963.03214286,224.27079615,4983.7954701,5208.06626625,-1013.87067255,take_profit
BTCUSD,2026-01-27T09:05:00+00:00,2026-01-27T09:10:00+00:00,SELL,1.05248897,78.12099399,74.225,87890.25,87964.475,-78.12099399,5208.06626625,5129.94527226,-1091.99166654,stop_loss
GOLD,2026-01-27T14:15:00+00:00,2026-01-27T14:30:00+00:00,BUY,5.1784003,76.94917908,14.85964286,5055.17,5067.05771429,61.55934327,5129.94527226,5191.50461553,-1030.43232328,take_profit
BTCUSD,2026-01-28T09:35:00+00:00,2026-01-28T10:15:00+00:00,BUY,0.77279176,77.87256923,100.76785714,89214.3,89516.60357143,233.6177077,5191.50461553,5425.12232323,-796.81461558,take_profit
BTCUSD,2026-01-28T11:45:00+00:00,2026-01-28T11:55:00+00:00,BUY,0.81566185,81.37683485,99.76785714,89701.15,90000.45357143,244.13050455,5425.12232323,5669.25282777,-552.68411103,take_profit
GOLD,2026-01-28T13:00:00+00:00,2026-01-28T13:10:00+00:00,SELL,7.79508344,85.03879242,10.90928571,5288.19,5279.46257143,68.03103393,5669.25282777,5737.2838617,-484.6530771,take_profit
GOLD,2026-01-28T16:55:00+00:00,2026-01-28T17:35:00+00:00,SELL,6.17172954,86.05925793,13.94410714,5299.9,5288.74471429,68.84740634,5737.2838617,5806.13126804,-415.80567076,take_profit
GOLD,2026-01-28T19:45:00+00:00,2026-01-28T20:00:00+00:00,SELL,4.26898996,87.09196902,20.40107143,5316.17,5336.57107143,-87.09196902,5806.13126804,5719.03929902,-502.89763978,stop_loss
BTCUSD,2026-01-29T08:05:00+00:00,2026-01-29T08:25:00+00:00,SELL,0.93466536,85.78558949,91.78214286,87879.7,87971.48214286,-85.78558949,5719.03929902,5633.25370954,-588.68322926,stop_loss
BTCUSD,2026-01-29T09:50:00+00:00,2026-01-29T11:05:00+00:00,SELL,0.94104151,84.49880564,89.79285714,87778.5,87868.29285714,-84.49880564,5633.25370954,5548.7549039,-673.18203491,stop_loss
GOLD,2026-01-29T15:05:00+00:00,2026-01-29T15:10:00+00:00,BUY,2.04301468,83.23132356,40.73946429,5414.845,5374.10553571,-83.23132356,5548.7549039,5465.52358034,-756.41335847,stop_loss
GOLD,2026-01-29T15:10:00+00:00,2026-01-29T15:15:00+00:00,BUY,1.76791964,81.98285371,46.3725,5384.73,5338.3575,-81.98285371,5465.52358034,5383.54072663,-838.39621217,stop_loss
GOLD,2026-01-29T15:15:00+00:00,2026-01-29T15:25:00+00:00,BUY,1.47256524,80.7531109,54.83839286,5333.265,5278.42660714,-80.7531109,5383.54072663,5302.78761573,-919.14932307,stop_loss
BTCUSD,2026-01-30T09:25:00+00:00,2026-01-30T09:35:00+00:00,SELL,0.52033054,79.54181424,152.86785714,82264.35,82417.21785714,-79.54181424,5302.78761573,5223.2458015,-998.69113731,stop_loss
GOLD,2026-01-30T13:20:00+00:00,2026-01-30T14:00:00+00:00,BUY,1.77927275,78.34868702,44.03410714,5026.59,5061.81728571,62.67894962,5223.2458015,5285.92475111,-936.01218769,take_profit
BTCUSD,2026-01-30T14:40:00+00:00,2026-01-30T14:45:00+00:00,BUY,0.35112425,79.28887127,225.81428571,83519.3,83293.48571429,-79.28887127,5285.92475111,5206.63587985,-1015.30105896,stop_loss
GOLD,2026-01-30T16:35:00+00:00,2026-01-30T16:40:00+00:00,BUY,2.20593458,78.0995382,35.40428571,4973.03,5001.35342857,62.47963056,5206.63587985,5269.11551041,-952.8214284,take_profit
GOLD,2026-01-30T17:05:00+00:00,2026-01-30T17:40:00+00:00,BUY,1.75564032,79.03673266,45.01875,4931.94,4886.92125,-79.03673266,5269.11551041,5190.07877775,-1031.85816105,stop_loss
BTCUSD,2026-01-31T08:00:00+00:00,2026-01-31T08:10:00+00:00,SELL,0.79180279,77.85118167,98.32142857,83356.3,83061.33571429,233.553545,5190.07877775,5423.63232275,-798.30461605,take_profit
BTCUSD,2026-01-31T08:10:00+00:00,2026-01-31T08:30:00+00:00,SELL,0.70167742,81.35448484,115.94285714,83197.55,82849.72142857,244.06345452,5423.63232275,5667.69577727,-554.24116153,take_profit
BTCUSD,2026-02-01T07:00:00+00:00,2026-02-01T07:10:00+00:00,SELL,0.68663784,83.22050621,121.2,78066.6,78187.8,-83.22050621,5548.03374759,5464.81324138,-757.12369742,stop_loss
BTCUSD,2026-02-01T10:40:00+00:00,2026-02-01T11:30:00+00:00,SELL,0.47587111,81.97219862,172.25714286,78309.2,78481.45714286,-81.97219862,5464.81324138,5382.84104276,-839.09589604,stop_loss
BTCUSD,2026-02-02T08:15:00+00:00,2026-02-02T08:20:00+00:00,BUY,0.31477726,80.74261564,256.50714286,77082.35,76825.84285714,-80.74261564,5382.84104276,5302.09842712,-919.83851168,stop_loss
BTCUSD,2026-02-02T09:25:00+00:00,2026-02-02T12:20:00+00:00,BUY,0.32866187,79.53147641,241.98571429,77270.95,77996.90714286,238.59442922,5302.09842712,5540.69285634,-681.24408246,take_profit
GOLD,2026-02-02T15:55:00+00:00,2026-02-02T16:05:00+00:00,BUY,1.64480232,83.11039285,50.52910714,4620.25,4660.67328571,66.48831428,5540.69285634,5607.18117061,-614.75576819,take_profit
GOLD,2026-02-02T18:15:00+00:00,2026-02-02T18:30:00+00:00,BUY,2.57522345,84.10771756,32.66035714,4624.52,4650.64828571,67.28617405,5607.18117061,5674.46734466,-547.46959414,take_profit
BTCUSD,2026-02-03T08:35:00+00:00,2026-02-03T08:50:00+00:00,BUY,0.52608633,85.11701017,161.79285714,78910.2,78748.40714286,-85.11701017,5674.46734466,5589.35033449,-632.58660431,stop_loss
BTCUSD,2026-02-03T09:10:00+00:00,2026-02-03T09:20:00+00:00,SELL,0.45854617,83.84025502,182.83928571,78126.05,78308.88928571,-83.84025502,5589.35033449,5505.51007947,-716.42685933,stop_loss
GOLD,2026-02-03T13:30:00+00:00,2026-02-03T13:55:00+00:00,SELL,4.82486016,82.58265119,17.11607143,4935.74,4922.04714286,66.06612095,5505.51007947,5571.57620043,-650.36073837,take_profit
GOLD,2026-02-03T16:25:00+00:00,2026-02-03T16:35:00+00:00,SELL,4.17804798,83.57364301,20.00303571,4973.01,4993.01303571,-83.57364301,5571.57620043,5488.00255742,-733.93438138,stop_loss
GOLD,2026-02-03T16:35:00+00:00,2026-02-03T16:45:00+00:00,SELL,4.1984719,82.32003836,19.60714286,4993.58,4977.89428571,65.85603069,5488.00255742,5553.85858811,-668.07835069,take_profit
BTCUSD,2026-02-04T08:00:00+00:00,2026-02-04T08:10:00+00:00,SELL,0.56272812,83.30787882,148.04285714,76129.3,76277.34285714,-83.30787882,5553.85858811,5470.55070929,-751.38622951,stop_loss
BTCUSD,2026-02-04T08:25:00+00:00,2026-02-04T08:35:00+00:00,SELL,0.54032672,82.05826064,151.86785714,76023.1,76174.96785714,-82.05826064,5470.55070929,5388.49244865,-833.44449015,stop_loss
GOLD,2026-02-04T14:35:00+00:00,2026-02-04T14:50:00+00:00,BUY,3.01538469,80.82738673,26.805,4982.36,5003.804,64.66190938,5388.49244865,5453.15435803,-768.78258077,take_profit
GOLD,2026-02-04T15:20:00+00:00,2026-02-04T15:30:00+00:00,BUY,2.09357103,81.79731537,39.07071429,4965.61,4926.53928571,-81.79731537,5453.15435803,5371.35704266,-850.57989614,stop_loss
GOLD,2026-02-04T15:30:00+00:00,2026-02-04T16:45:00+00:00,BUY,1.83360761,80.57035564,43.94089286,4920.66,4876.71910714,-80.57035564,5371.35704266,5290.78668702,-931.15025178,stop_loss
BTCUSD,2026-02-05T10:50:00+00:00,2026-02-05T11:05:00+00:00,SELL,0.40770791,79.36180031,194.65357143,70649.4,70844.05357143,-79.36180031,5290.78668702,5211.42488672,-1010.51205208,stop_loss
BTCUSD,2026-02-05T11:20:00+00:00,2026-02-05T11:25:00+00:00,SELL,0.31302983,78.1713733,249.725,69952.45,70202.175,-78.1713733,5211.42488672,5133.25351342,-1088.68342539,stop_loss
GOLD,2026-02-05T16:50:00+00:00,2026-02-05T17:00:00+00:00,SELL,2.86859791,76.9988027,26.84196429,4903.365,4881.89142857,61.59904216,5133.25351342,5194.85255558,-1027.08438322,take_profit
BTCUSD,2026-02-06T11:50:00+00:00,2026-02-06T12:05:00+00:00,BUY,0.38263764,77.92278833,203.64642857,66449.35,66245.70357143,-77.92278833,5194.85255558,5116.92976724,-1105.00717156,stop_loss
BTCUSD,2026-02-06T13:00:00+00:00,2026-02-06T13:05:00+00:00,BUY,0.3838657,76.75394651,199.95,66795.35,66595.4,-76.75394651,5116.92976724,5040.17582074,-1181.76111807,stop_loss
GOLD,2026-02-06T13:00:00+00:00,2026-02-06T13:05:00+00:00,SELL,4.57232862,75.60263731,16.53482143,4925.635,4912.40714286,60.48210985,5040.17582074,5100.65793058,-1121.27900822,take_profit
GOLD,2026-02-06T13:35:00+00:00,2026-02-06T14:05:00+00:00,SELL,3.68963579,76.50986896,20.73642857,4930.655,4914.06585714,61.20789517,5100.65793058,5161.86582575,-1060.07111305,take_profit
GOLD,2026-02-06T15:30:00+00:00,2026-02-06T15:45:00+00:00,SELL,3.07554673,77.42798739,25.17535714,4955.205,4935.06471429,61.94238991,5161.86582575,5223.80821566,-998.12872314,take_profit
BTCUSD,2026-02-07T08:00:00+00:00,2026-02-07T08:20:00+00:00,SELL,0.19940918,78.35712323,392.94642857,68067.75,68460.69642857,-78.35712323,5223.80821566,5145.45109243,-1076.48584638,stop_loss
BTCUSD,2026-02-07T10:30:00+00:00,2026-02-07T11:00:00+00:00,SELL,0.38346425,77.18176639,201.275,67819.7,68020.975,-77.18176639,5145.45109243,5068.26932604,-1153.66761276,stop_loss
BTCUSD,2026-02-08T07:15:00+00:00,2026-02-08T08:00:00+00:00,BUY,0.69600874,76.02403989,109.22857143,69387.2,69714.88571429,228.07211967,5068.26932604,5296.34144571,-925.59549309,take_profit
BTCUSD,2026-02-08T08:00:00+00:00,2026-02-08T08:05:00+00:00,BUY,0.68262295,79.44512169,116.38214286,69789.65,69673.26785714,-79.44512169,5296.34144571,5216.89632403,-1005.04061478,stop_loss
BTCUSD,2026-02-09T08:20:00+00:00,2026-02-09T08:30:00+00:00,SELL,0.47174122,78.25344486,165.88214286,70164.35,69666.70357143,234.76033458,5216.89632403,5451.65665861,-770.2802802,take_profit
BTCUSD,2026-02-09T08:30:00+00:00,2026-02-09T08:35:00+00:00,SELL,0.40371962,81.77484988,202.55357143,69555.15,69757.70357143,-81.77484988,5451.65665861,5369.88180873,-852.05513008,stop_loss
GOLD,2026-02-09T14:50:00+00:00,2026-02-09T15:15:00+00:00,SELL,5.523555,80.54822713,14.58267857,5040.285,5028.61885714,64.4385817,5369.88180873,5434.32039043,-787.61654837,take_profit
GOLD,2026-02-09T15:30:00+00:00,2026-02-09T16:15:00+00:00,SELL,5.24910207,81.51480586,15.52928571,5053.93,5069.45928571,-81.51480586,5434.32039043,5352.80558458,-869.13135423,stop_loss
GOLD,2026-02-09T16:15:00+00:00,2026-02-09T16:25:00+00:00,SELL,6.67878242,80.29208377,12.02196429,5067.405,5079.42696429,-80.29208377,5352.80558458,5272.51350081,-949.423438,stop_loss
BTCUSD,2026-02-10T10:55:00+00:00,2026-02-10T11:30:00+00:00,SELL,0.80549093,79.08770251,98.18571429,68874.6,68972.78571429,-79.08770251,5272.51350081,5193.4257983,-1028.51114051,stop_loss
BTCUSD,2026-02-10T11:40:00+00:00,2026-02-10T12:05:00+00:00,SELL,0.65080524,77.90138697,119.7,68610.75,68730.45,-77.90138697,5193.4257983,5115.52441132,-1106.41252748,stop_loss
GOLD,2026-02-10T14:15:00+00:00,2026-02-10T14:35:00+00:00,SELL,5.68549532,76.73286617,13.49625,5071.975,5061.178,61.38629294,5115.52441132,5176.91070426,-1045.02623455,take_profit
GOLD,2026-02-10T15:35:00+00:00,2026-02-10T15:45:00+00:00,BUY,3.72506617,77.65366056,20.84625,5007.955,5024.632,62.12292845,5176.91070426,5239.03363271,-982.9033061,take_profit
GOLD,2026-02-10T18:25:00+00:00,2026-02-10T18:40:00+00:00,BUY,8.09876562,78.58550449,9.70339286,5008.62,5016.38271429,62.86840359,5239.03363271,5301.9020363,-920.0349025,take_profit
BTCUSD,2026-02-11T09:45:00+00:00,2026-02-11T09:50:00+00:00,SELL,0.69239105,79.52853054,114.86071429,66716.85,66831.71071429,-79.52853054,5301.9020363,5222.37350576,-999.56343305,stop_loss
BTCUSD,2026-02-11T10:00:00+00:00,2026-02-11T10:10:00+00:00,SELL,0.64970287,78.33560259,120.57142857,66681.1,66801.67142857,-78.33560259,5222.37350576,5144.03790317,-1077.89903563,stop_loss
GOLD,2026-02-11T17:40:00+00:00,2026-02-11T18:00:00+00:00,SELL,7.21030543,77.16056855,10.70142857,5096.085,5087.52385714,61.72845484,5144.03790317,5205.76635801,-1016.1705808,take_profit
GOLD,2026-02-11T19:20:00+00:00,2026-02-11T19:35:00+00:00,SELL,7.97774933,78.08649537,9.78803571,5092.585,5084.75457143,62.4691963,5205.76635801,5268.2355543,-953.7013845,take_profit
BTCUSD,2026-02-12T08:25:00+00:00,2026-02-12T08:40:00+00:00,SELL,0.63631523,79.02353331,124.18928571,66882.0,67006.18928571,-79.02353331,5268.2355543,5189.21202099,-1032.72491781,stop_loss
BTCUSD,2026-02-12T09:30:00+00:00,2026-02-12T10:30:00+00:00,BUY,0.6993996,77.83818031,111.29285714,67419.1,67752.97857143,233.51454094,5189.21202099,5422.72656193,-799.21037687,take_profit
GOLD,2026-02-12T16:10:00+00:00,2026-02-12T16:15:00+00:00,BUY,3.84434737,81.34089843,21.15857143,4951.63,4930.47142857,-81.34089843,5422.72656193,5341.3856635,-880.5512753,stop_loss
GOLD,2026-02-12T16:15:00+00:00,2026-02-12T16:20:00+00:00,BUY,3.10114248,80.12078495,25.83589286,4934.685,4908.84910714,-80.12078495,5341.3856635,5261.26487855,-960.67206025,stop_loss
GOLD,2026-02-12T16:20:00+00:00,2026-02-12T16:25:00+00:00,BUY,2.81356437,78.91897318,28.04946429,4923.07,4895.02053571,-78.91897318,5261.26487855,5182.34590537,-1039.59103343,stop_loss
BTCUSD,2026-02-13T07:10:00+00:00,2026-02-13T07:30:00+00:00,BUY,0.68062956,77.73518858,114.21071429,66475.8,66361.58928571,-77.73518858,5182.34590537,5104.61071679,-1117.32622201,stop_loss
BTCUSD,2026-02-13T08:45:00+00:00,2026-02-13T10:40:00+00:00,BUY,0.53806914,76.56916075,142.30357143,66614.4,67041.31071429,229.70748226,5104.61071679,5334.31819905,-887.61873975,take_profit
GOLD,2026-02-13T14:15:00+00:00,2026-02-13T14:35:00+00:00,SELL,4.55132735,80.01477299,17.58053571,5003.39,4989.32557143,64.01181839,5334.31819905,5398.33001744,-823.60692137,take_profit
GOLD,2026-02-13T17:05:00+00:00,2026-02-13T18:10:00+00:00,SELL,5.40527966,80.97495026,14.98071429,5014.405,5029.38571429,-80.97495026,5398.33001744,5317.35506718,-904.58187163,stop_loss
GOLD,2026-02-13T19:05:00+00:00,2026-02-13T19:10:00+00:00,SELL,7.69158144,79.76032601,10.36982143,5045.725,5037.42914286,63.80826081,5317.35506718,5381.16332798,-840.77361082,take_profit
BTCUSD,2026-02-14T08:00:00+00:00,2026-02-14T08:05:00+00:00,BUY,0.88095443,80.71744992,91.625,69361.0,69635.875,242.15234976,5381.16332798,5623.31567774,-598.62126106,take_profit
BTCUSD,2026-02-14T08:05:00+00:00,2026-02-14T09:00:00+00:00,BUY,0.72666069,84.34973517,116.07857143,69501.55,69849.78571429,253.0492055,5623.31567774,5876.36488324,-345.57205556,take_profit
BTCUSD,2026-02-15T07:15:00+00:00,2026-02-15T07:20:00+00:00,BUY,0.73421783,88.14547325,120.05357143,70761.75,70641.69642857,-88.14547325,5876.36488324,5788.21940999,-433.71752881,stop_loss
BTCUSD,2026-02-15T12:45:00+00:00,2026-02-15T12:50:00+00:00,SELL,0.71663831,86.82329115,121.15357143,69958.6,69595.13928571,260.46987345,5788.21940999,6048.68928344,-173.24765536,take_profit
BTCUSD,2026-02-16T09:00:00+00:00,2026-02-16T09:05:00+00:00,BUY,1.19668826,90.73033925,75.81785714,68917.75,68841.93214286,-90.73033925,6048.68928344,5957.95894419,-263.97799461,stop_loss
BTCUSD,2026-02-16T09:25:00+00:00,2026-02-16T10:20:00+00:00,BUY,1.07562876,89.36938416,83.08571429,68932.95,68849.86428571,-89.36938416,5957.95894419,5868.58956003,-353.34737878,stop_loss
GOLD,2026-02-16T14:50:00+00:00,2026-02-16T15:00:00+00:00,BUY,12.0003292,88.0288434,7.33553571,4986.195,4978.85946429,-88.0288434,5868.58956003,5780.56071663,-441.37622218,stop_loss
GOLD,2026-02-16T15:00:00+00:00,2026-02-16T15:20:00+00:00,BUY,10.36739047,86.70841075,8.36357143,4973.875,4980.56585714,69.3667286,5780.56071663,5849.92744522,-372.00949358,take_profit
GOLD,2026-02-16T15:20:00+00:00,2026-02-16T16:25:00+00:00,BUY,9.48289055,87.74891168,9.25339286,4979.435,4986.83771429,70.19912934,5849.92744522,5920.12657457,-301.81036424,take_profit
BTCUSD,2026-02-17T09:10:00+00:00,2026-02-17T10:15:00+00:00,SELL,1.0452113,88.80189862,84.96071429,68071.55,67816.66785714,266.40569586,5920.12657457,6186.53227042,-35.40466838,take_profit
BTCUSD,2026-02-17T10:15:00+00:00,2026-02-17T10:20:00+00:00,SELL,0.85889976,92.79798406,108.04285714,67804.3,67912.34285714,-92.79798406,6186.53227042,6093.73428637,-128.20265244,stop_loss
GOLD,2026-02-17T13:15:00+00:00,2026-02-17T13:20:00+00:00,BUY,9.80713645,91.4060143,9.32035714,4913.005,4920.46128571,73.12481144,6093.73428637,6166.8590978,-55.077841,take_profit
GOLD,2026-02-17T13:55:00+00:00,2026-02-17T14:00:00+00:00,BUY,5.65600101,92.50288647,16.35482143,4870.855,4854.50017857,-92.50288647,6166.8590978,6074.35621134,-147.58072747,stop_loss
GOLD,2026-02-17T14:00:00+00:00,2026-02-17T14:05:00+00:00,BUY,4.65697316,91.11534317,19.56535714,4871.965,4887.61728571,72.89227454,6074.35621134,6147.24848587,-74.68845293,take_profit
BTCUSD,2026-02-18T07:40:00+00:00,2026-02-18T08:15:00+00:00,BUY,1.15788159,92.20872729,79.63571429,68044.15,68283.05714286,276.62618186,6147.24848587,6423.87466774,0.0,take_profit
BTCUSD,2026-02-18T08:15:00+00:00,2026-02-18T08:30:00+00:00,BUY,0.94145696,96.35812002,102.35,68304.35,68202.0,-96.35812002,6423.87466774,6327.51654772,-96.35812002,stop_loss
GOLD,2026-02-18T13:00:00+00:00,2026-02-18T13:05:00+00:00,SELL,9.80304672,94.91274822,9.68196429,4946.57,4956.25196429,-94.91274822,6327.51654772,6232.6037995,-191.27086823,stop_loss
GOLD,2026-02-18T13:05:00+00:00,2026-02-18T13:35:00+00:00,SELL,8.71344649,93.48905699,10.72928571,4955.29,4966.01928571,-93.48905699,6232.6037995,6139.11474251,-284.75992522,stop_loss
GOLD,2026-02-18T13:35:00+00:00,2026-02-18T13:40:00+00:00,SELL,8.58231628,92.08672114,10.72982143,4962.01,4953.42614286,73.66937691,6139.11474251,6212.78411942,-211.09054831,take_profit
BTCUSD,2026-02-19T08:20:00+00:00,2026-02-19T09:20:00+00:00,SELL,1.09595923,93.19176179,85.03214286,66925.85,67010.88214286,-93.19176179,6212.78411942,6119.59235763,-304.28231011,stop_loss
BTCUSD,2026-02-19T09:45:00+00:00,2026-02-19T10:10:00+00:00,SELL,0.94417339,91.79388536,97.22142857,66757.05,66854.27142857,-91.79388536,6119.59235763,6027.79847227,-396.07619547,stop_loss
GOLD,2026-02-19T15:30:00+00:00,2026-02-19T15:50:00+00:00,SELL,5.9228789,90.41697708,15.26571429,5021.605,5009.39242857,72.33358167,6027.79847227,6100.13205393,-323.7426138,take_profit
GOLD,2026-02-19T18:25:00+00:00,2026-02-19T19:05:00+00:00,BUY,9.68220041,91.50198081,9.45053571,4978.06,4985.62042857,73.20158465,6100.13205393,6173.33363858,-250.54102916,take_profit
BTCUSD,2026-02-20T09:00:00+00:00,2026-02-20T10:45:00+00:00,BUY,1.00644365,92.60000458,92.00714286,68151.8,68059.79285714,-92.60000458,6173.33363858,6080.733634,-343.14103373,stop_loss
BTCUSD,2026-02-20T11:55:00+00:00,2026-02-20T12:10:00+00:00,SELL,0.72484195,91.21100451,125.83571429,67299.35,67425.18571429,-91.21100451,6080.733634,5989.52262949,-434.35203824,stop_loss
GOLD,2026-02-20T13:45:00+00:00,2026-02-20T14:30:00+00:00,SELL,10.49675369,89.84283944,8.55910714,5041.11,5049.66910714,-89.84283944,5989.52262949,5899.67979005,-524.19487769,stop_loss
GOLD,2026-02-20T14:40:00+00:00,2026-02-20T15:00:00+00:00,SELL,7.48724263,88.49519685,11.81946429,5053.105,5043.64942857,70.79615748,5899.67979005,5970.47594753,-453.39872021,take_profit
GOLD,2026-02-20T16:30:00+00:00,2026-02-20T20:20:00+00:00,SELL,5.07585628,89.55713921,17.64375,5067.49,5085.13375,-89.55713921,5970.47594753,5880.91880832,-542.95585942,stop_loss
BTCUSD,2026-02-21T08:10:00+00:00,2026-02-21T08:50:00+00:00,BUY,2.45330344,88.21378212,35.95714286,67888.35,67996.22142857,264.64134637,5880.91880832,6145.56015469,-278.31451304,take_profit
BTCUSD,2026-02-21T08:50:00+00:00,2026-02-21T08:55:00+00:00,BUY,2.537241,92.18340232,36.33214286,67998.3,67961.96785714,-92.18340232,6145.56015469,6053.37675237,-370.49791537,stop_loss
BTCUSD,2026-02-22T08:20:00+00:00,2026-02-22T08:35:00+00:00,SELL,2.94431759,90.80065129,30.83928571,67948.55,67979.38928571,-90.80065129,6053.37675237,5962.57610109,-461.29856665,stop_loss
BTCUSD,2026-02-22T10:20:00+00:00,2026-02-22T11:05:00+00:00,BUY,2.67608673,89.43864152,33.42142857,68095.05,68195.31428571,268.31592455,5962.57610109,6230.89202563,-192.9826421,take_profit
BTCUSD,2026-02-23T09:50:00+00:00,2026-02-23T10:10:00+00:00,BUY,0.74939854,93.46338038,124.71785714,66443.0,66318.28214286,-93.46338038,6230.89202563,6137.42864525,-286.44602249,stop_loss
BTCUSD,2026-02-23T11:40:00+00:00,2026-02-23T12:05:00+00:00,SELL,0.98555536,92.06142968,93.41071429,66127.85,66221.26071429,-92.06142968,6137.42864525,6045.36721557,-378.50745217,stop_loss
GOLD,2026-02-23T14:30:00+00:00,2026-02-23T14:35:00+00:00,SELL,10.50650376,90.68050823,8.63089286,5171.755,5180.38589286,-90.68050823,6045.36721557,5954.68670734,-469.1879604,stop_loss
GOLD,2026-02-23T14:35:00+00:00,2026-02-23T14:45:00+00:00,SELL,9.63096279,89.32030061,9.27428571,5184.22,5193.49428571,-89.32030061,5954.68670734,5865.36640673,-558.50826101,stop_loss
GOLD,2026-02-23T14:45:00+00:00,2026-02-23T15:00:00+00:00,SELL,8.84527707,87.9804961,9.94660714,5194.895,5186.93771429,70.38439688,5865.36640673,5935.75080361,-488.12386413,take_profit
BTCUSD,2026-02-24T12:45:00+00:00,2026-02-24T12:50:00+00:00,SELL,1.08732351,89.03626205,81.88571429,63011.7,63093.58571429,-89.03626205,5935.75080361,5846.71454155,-577.16012618,stop_loss
BTCUSD,2026-02-24T12:55:00+00:00,2026-02-24T13:10:00+00:00,SELL,0.9636307,87.70071812,91.01071429,62958.0,63049.01071429,-87.70071812,5846.71454155,5759.01382343,-664.86084431,stop_loss
GOLD,2026-02-24T13:55:00+00:00,2026-02-24T14:10:00+00:00,BUY,5.23631716,86.38520735,16.49732143,5115.125,5098.62767857,-86.38520735,5759.01382343,5672.62861608,-751.24605166,stop_loss
GOLD,2026-02-24T14:10:00+00:00,2026-02-24T14:30:00+00:00,BUY,4.37473769,85.08942924,19.45017857,5104.93,5120.49014286,68.07154339,5672.62861608,5740.70015947,-683.17450826,take_profit
GOLD,2026-02-24T18:00:00+00:00,2026-02-24T18:15:00+00:00,SELL,12.88080811,86.11050239,6.68517857,5167.295,5161.94685714,68.88840191,5740.70015947,5809.58856139,-614.28610635,take_profit
BTCUSD,2026-02-25T08:20:00+00:00,2026-02-25T08:50:00+00:00,BUY,0.86821349,87.14382842,100.37142857,65220.9,65522.01428571,261.43148526,5809.58856139,6071.02004665,-352.85462109,take_profit
BTCUSD,2026-02-25T08:50:00+00:00,2026-02-25T09:05:00+00:00,BUY,0.90873817,91.0653007,100.21071429,65572.3,65472.08928571,-91.0653007,6071.02004665,5979.95474595,-443.91992179,stop_loss
GOLD,2026-02-25T14:35:00+00:00,2026-02-25T14:40:00+00:00,BUY,9.62070403,89.69932119,9.32357143,5160.47,5167.92885714,71.75945695,5979.95474595,6051.7142029,-372.16046484,take_profit
GOLD,2026-02-25T16:30:00+00:00,2026-02-25T19:05:00+00:00,SELL,8.05476055,90.77571304,11.26982143,5206.57,5197.55414286,72.62057043,6051.7142029,6124.33477333,-299.5398944,take_profit
BTCUSD,2026-02-26T09:10:00+00:00,2026-02-26T09:15:00+00:00,BUY,0.64116372,91.8650216,143.27857143,68335.2,68191.92142857,-91.8650216,6124.33477333,6032.46975173,-391.404916,stop_loss
BTCUSD,2026-02-26T09:35:00+00:00,2026-02-26T10:30:00+00:00,BUY,0.64256589,90.48704628,140.82142857,68463.85,68323.02857143,-90.48704628,6032.46975173,5941.98270546,-481.89196228,stop_loss
GOLD,2026-02-26T15:25:00+00:00,2026-02-26T15:35:00+00:00,BUY,4.64334001,89.12974058,19.19517857,5141.59,5156.94614286,71.30379247,5941.98270546,6013.28649792,-410.58816981,take_profit
GOLD,2026-02-26T19:45:00+00:00,2026-02-26T19:55:00+00:00,SELL,12.50163513,90.19929747,7.215,5194.05,5188.278,72.15943798,6013.28649792,6085.4459359,-338.42873184,take_profit
BTCUSD,2026-02-27T07:25:00+00:00,2026-02-27T07:30:00+00:00,SELL,1.05545395,91.28168904,86.48571429,67514.4,67600.88571429,-91.28168904,6085.4459359,5994.16424686,-429.71042088,stop_loss
BTCUSD,2026-02-27T08:05:00+00:00,2026-02-27T08:15:00+00:00,BUY,0.75907525,89.9124637,118.45,67995.1,67876.65,-89.9124637,5994.16424686,5904.25178316,-519.62288458,stop_loss
GOLD,2026-02-27T13:00:00+00:00,2026-02-27T13:05:00+00:00,SELL,16.14443847,88.56377675,5.48571429,5195.295,5200.78071429,-88.56377675,5904.25178316,5815.68800641,-608.18666133,stop_loss
GOLD,2026-02-27T13:05:00+00:00,2026-02-27T13:15:00+00:00,SELL,11.67306553,87.2353201,7.47321429,5211.51,5218.98321429,-87.2353201,5815.68800641,5728.45268631,-695.42198142,stop_loss
GOLD,2026-02-27T13:15:00+00:00,2026-02-27T13:20:00+00:00,SELL,10.83248972,85.92679029,7.93232143,5218.45,5226.38232143,-85.92679029,5728.45268631,5642.52589602,-781.34877172,stop_loss
BTCUSD,2026-02-28T08:00:00+00:00,2026-02-28T10:30:00+00:00,SELL,0.43350849,84.63788844,195.23928571,63814.55,64009.78928571,-84.63788844,5642.52589602,5557.88800758,-865.98666016,stop_loss
BTCUSD,2026-02-28T16:40:00+00:00,2026-02-28T16:50:00+00:00,BUY,0.57740006,83.36832011,144.38571429,65169.1,65024.71428571,-83.36832011,5557.88800758,5474.51968747,-949.35498027,stop_loss
BTCUSD,2026-03-01T08:10:00+00:00,2026-03-01T08:20:00+00:00,BUY,0.67777923,82.11779531,121.15714286,67270.85,67149.69285714,-82.11779531,5474.51968747,5392.40189215,-1031.47277558,stop_loss
BTCUSD,2026-03-01T08:50:00+00:00,2026-03-01T09:00:00+00:00,SELL,0.54065619,80.88602838,149.60714286,66510.9,66660.50714286,-80.88602838,5392.40189215,5311.51586377,-1112.35880396,stop_loss
BTCUSD,2026-03-02T07:00:00+00:00,2026-03-02T08:50:00+00:00,SELL,0.49889003,79.67273796,159.7,65981.9,66141.6,-79.67273796,5311.51586377,5231.84312581,-1192.03154192,stop_loss
BTCUSD,2026-03-02T09:10:00+00:00,2026-03-02T09:55:00+00:00,BUY,0.43238373,78.47764689,181.5,66401.0,66219.5,-78.47764689,5231.84312581,5153.36547893,-1270.50918881,stop_loss
GOLD,2026-03-02T13:00:00+00:00,2026-03-02T13:10:00+00:00,SELL,7.03016972,77.30048218,10.99553571,5401.45,5392.65357143,61.84038575,5153.36547893,5215.20586467,-1208.66880306,take_profit
GOLD,2026-03-02T14:25:00+00:00,2026-03-02T14:30:00+00:00,BUY,3.25253395,78.22808797,24.05142857,5333.395,5309.34357143,-78.22808797,5215.20586467,5136.9777767,-1286.89689103,stop_loss
GOLD,2026-03-02T14:30:00+00:00,2026-03-02T14:35:00+00:00,BUY,2.99127332,77.05466665,25.75982143,5316.68,5337.28785714,61.64373332,5136.9777767,5198.62151003,-1225.25315771,take_profit
BTCUSD,2026-03-03T08:25:00+00:00,2026-03-03T08:40:00+00:00,SELL,0.59873887,77.97932265,130.23928571,67748.45,67357.73214286,233.93796795,5198.62151003,5432.55947798,-991.31518976,take_profit
BTCUSD,2026-03-03T08:40:00+00:00,2026-03-03T09:05:00+00:00,SELL,0.54227469,81.48839217,150.27142857,67338.8,66887.98571429,244.46517651,5432.55947798,5677.02465449,-746.85001325,take_profit
GOLD,2026-03-03T14:40:00+00:00,2026-03-03T14:50:00+00:00,BUY,2.32128115,85.15536982,36.68464286,5071.14,5034.45535714,-85.15536982,5677.02465449,5591.86928467,-832.00538307,stop_loss
GOLD,2026-03-03T14:50:00+00:00,2026-03-03T15:15:00+00:00,BUY,2.09593109,83.87803927,40.01946429,5048.49,5008.47053571,-83.87803927,5591.86928467,5507.9912454,-915.88342234,stop_loss
GOLD,2026-03-03T15:15:00+00:00,2026-03-03T15:35:00+00:00,BUY,1.69842468,82.61986868,48.645,5024.57,5063.486,66.09589494,5507.9912454,5574.08714034,-849.78752739,take_profit
BTCUSD,2026-03-04T07:25:00+00:00,2026-03-04T07:45:00+00:00,BUY,0.54663225,83.61130711,152.95714286,68768.35,69227.22142857,250.83392132,5574.08714034,5824.92106166,-598.95360608,take_profit
BTCUSD,2026-03-04T07:45:00+00:00,2026-03-04T08:20:00+00:00,BUY,0.49304048,87.37381592,177.21428571,69437.1,69259.88571429,-87.37381592,5824.92106166,5737.54724573,-686.327422,stop_loss
GOLD,2026-03-04T18:10:00+00:00,2026-03-04T18:40:00+00:00,BUY,6.00453459,86.06320869,14.33303571,5124.74,5110.40696429,-86.06320869,5737.54724573,5651.48403705,-772.39063069,stop_loss
BTCUSD,2026-03-05T07:50:00+00:00,2026-03-05T07:55:00+00:00,SELL,0.61018594,84.77226056,138.92857143,71825.8,71964.72857143,-84.77226056,5651.48403705,5566.71177649,-857.16289124,stop_loss
BTCUSD,2026-03-05T10:20:00+00:00,2026-03-05T10:30:00+00:00,BUY,0.49280588,83.50067665,169.43928571,72952.8,73461.11785714,250.50202994,5566.71177649,5817.21380643,-606.6608613,take_profit
GOLD,2026-03-05T13:15:00+00:00,2026-03-05T13:20:00+00:00,BUY,7.08120975,87.2582071,12.3225,5131.27,5118.9475,-87.2582071,5817.21380643,5729.95559934,-693.9190684,stop_loss
GOLD,2026-03-05T13:20:00+00:00,2026-03-05T13:25:00+00:00,BUY,4.94540277,85.94933399,17.37964286,5104.61,5118.51371429,68.75946719,5729.95559934,5798.71506653,-625.15960121,take_profit
GOLD,2026-03-05T13:25:00+00:00,2026-03-05T14:35:00+00:00,BUY,4.41362497,86.980726,19.70732143,5122.435,5102.72767857,-86.980726,5798.71506653,5711.73434053,-712.14032721,stop_loss
BTCUSD,2026-03-06T09:30:00+00:00,2026-03-06T09:40:00+00:00,SELL,0.68642796,85.67601511,124.81428571,70332.95,70457.76428571,-85.67601511,5711.73434053,5626.05832542,-797.81634231,stop_loss
BTCUSD,2026-03-06T11:45:00+00:00,2026-03-06T12:05:00+00:00,SELL,0.80580565,84.39087488,104.72857143,70314.75,70000.56428571,253.17262464,5626.05832542,5879.23095007,-544.64371767,take_profit
GOLD,2026-03-06T15:05:00+00:00,2026-03-06T16:35:00+00:00,SELL,3.62835501,88.18846425,24.30535714,5150.945,5131.50071429,70.5507714,5879.23095007,5949.78172147,-474.09294627,take_profit
GOLD,2026-03-06T18:50:00+00:00,2026-03-06T19:05:00+00:00,SELL,9.27944567,89.24672582,9.61767857,5157.45,5167.06767857,-89.24672582,5949.78172147,5860.53499565,-563.33967209,stop_loss
GOLD,2026-03-06T19:05:00+00:00,2026-03-06T19:35:00+00:00,SELL,9.22400112,87.90802493,9.53035714,5167.64,5160.01571429,70.32641995,5860.53499565,5930.86141559,-493.01325214,take_profit
BTCUSD,2026-03-07T08:00:00+00:00,2026-03-07T08:15:00+00:00,SELL,1.08185094,88.96292123,82.23214286,67803.2,67885.43214286,-88.96292123,5930.86141559,5841.89849436,-581.97617338,stop_loss
BTCUSD,2026-03-07T13:35:00+00:00,2026-03-07T14:10:00+00:00,SELL,1.27951469,87.62847742,68.48571429,67889.95,67684.49285714,262.88543225,5841.89849436,6104.78392661,-319.09074113,take_profit
BTCUSD,2026-03-08T08:40:00+00:00,2026-03-08T09:10:00+00:00,BUY,1.22991761,91.5717589,74.45357143,67489.8,67713.16071429,274.7152767,6104.78392661,6379.4992033,-44.37546443,take_profit
BTCUSD,2026-03-08T09:10:00+00:00,2026-03-08T10:20:00+00:00,BUY,0.97948809,95.69248805,97.69642857,67765.8,68058.88928571,287.07746415,6379.4992033,6666.57666745,0.0,take_profit
BTCUSD,2026-03-09T07:15:00+00:00,2026-03-09T07:20:00+00:00,SELL,0.74348439,99.99865001,134.5,66993.25,67127.75,-99.99865001,6666.57666745,6566.57801744,-99.99865001,stop_loss
BTCUSD,2026-03-09T08:20:00+00:00,2026-03-09T09:30:00+00:00,BUY,0.58988809,98.49867026,166.97857143,67705.1,68206.03571429,295.49601078,6566.57801744,6862.07402823,0.0,take_profit
GOLD,2026-03-09T18:35:00+00:00,2026-03-09T18:50:00+00:00,SELL,12.57777381,102.93111042,8.18357143,5114.98,5123.16357143,-102.93111042,6862.07402823,6759.1429178,-102.93111042,stop_loss
GOLD,2026-03-09T18:50:00+00:00,2026-03-09T19:15:00+00:00,SELL,12.10850939,101.38714377,8.37321429,5124.89,5133.26321429,-101.38714377,6759.1429178,6657.75577403,-204.31825419,stop_loss
GOLD,2026-03-09T19:15:00+00:00,2026-03-09T19:35:00+00:00,SELL,10.12366469,99.86633661,9.86464286,5134.39,5126.49828571,79.89306929,6657.75577403,6737.64884332,-124.4251849,take_profit
BTCUSD,2026-03-10T08:05:00+00:00,2026-03-10T08:50:00+00:00,BUY,0.53159989,101.06473265,190.11428571,70922.35,70732.23571429,-101.06473265,6737.64884332,6636.58411067,-225.48991755,stop_loss
BTCUSD,2026-03-10T09:20:00+00:00,2026-03-10T09:45:00+00:00,BUY,0.60010449,99.54876166,165.88571429,71180.85,71014.96428571,-99.54876166,6636.58411067,6537.03534901,-325.03867921,stop_loss
GOLD,2026-03-10T13:05:00+00:00,2026-03-10T13:15:00+00:00,SELL,9.77552819,98.05553024,10.03071429,5200.56,5210.59071429,-98.05553024,6537.03534901,6438.97981878,-423.09420945,stop_loss
GOLD,2026-03-10T13:15:00+00:00,2026-03-10T13:25:00+00:00,SELL,9.2201818,96.58469728,10.47535714,5214.57,5225.04535714,-96.58469728,6438.97981878,6342.3951215,-519.67890673,stop_loss
GOLD,2026-03-10T13:25:00+00:00,2026-03-10T13:30:00+00:00,SELL,8.66278358,95.13592682,10.98214286,5221.71,5212.92428571,76.10874146,6342.3951215,6418.50386295,-443.57016527,take_profit
BTCUSD,2026-03-11T08:25:00+00:00,2026-03-11T08:30:00+00:00,SELL,0.97566834,96.27755794,98.67857143,69513.1,69611.77857143,-96.27755794,6418.50386295,6322.22630501,-539.84772322,stop_loss
BTCUSD,2026-03-11T11:50:00+00:00,2026-03-11T12:05:00+00:00,SELL,0.95774032,94.83339458,99.01785714,69339.2,69042.14642857,284.50018373,6322.22630501,6606.72648874,-255.34753949,take_profit
GOLD,2026-03-11T16:05:00+00:00,2026-03-11T16:35:00+00:00,BUY,9.53843156,99.10089733,10.38964286,5166.08,5174.39171429,79.28071786,6606.72648874,6686.0072066,-176.06682162,take_profit
BTCUSD,2026-03-12T08:15:00+00:00,2026-03-12T08:25:00+00:00,BUY,0.84108276,100.2901081,119.23928571,70018.95,69899.71071429,-100.2901081,6686.0072066,6585.7170985,-276.35692972,stop_loss
BTCUSD,2026-03-12T09:40:00+00:00,2026-03-12T09:45:00+00:00,BUY,0.77113975,98.78575648,128.10357143,70285.95,70157.84642857,-98.78575648,6585.7170985,6486.93134202,-375.1426862,stop_loss
GOLD,2026-03-12T13:50:00+00:00,2026-03-12T14:00:00+00:00,BUY,7.83513405,97.30397013,12.41892857,5151.02,5160.95514286,77.8431761,6486.93134202,6564.77451813,-297.2995101,take_profit
GOLD,2026-03-12T14:30:00+00:00,2026-03-12T15:00:00+00:00,BUY,7.57994584,98.47161777,12.99107143,5146.79,5133.79892857,-98.47161777,6564.77451813,6466.30290036,-395.77112787,stop_loss
GOLD,2026-03-12T15:10:00+00:00,2026-03-12T16:20:00+00:00,BUY,6.58530884,96.99454351,14.72892857,5124.83,5136.61314286,77.5956348,6466.30290036,6543.89853516,-318.17549306,take_profit
BTCUSD,2026-03-13T08:30:00+00:00,2026-03-13T08:35:00+00:00,BUY,0.83893574,98.15847803,117.00357143,71716.85,72067.86071429,294.47543408,6543.89853516,6838.37396924,-23.70005898,take_profit
BTCUSD,2026-03-13T08:35:00+00:00,2026-03-13T08:45:00+00:00,BUY,0.72192768,102.57560954,142.08571429,72050.05,71907.96428571,-102.57560954,6838.37396924,6735.7983597,-126.27566852,stop_loss
GOLD,2026-03-13T13:00:00+00:00,2026-03-13T13:10:00+00:00,SELL,9.45612204,101.0369754,10.68482143,5120.53,5111.98214286,80.82958032,6735.7983597,6816.62794002,-45.4460882,take_profit
GOLD,2026-03-13T14:45:00+00:00,2026-03-13T14:50:00+00:00,BUY,8.20856624,102.2494191,12.45642857,5077.98,5065.52357143,-102.2494191,6816.62794002,6714.37852092,-147.69550731,stop_loss
GOLD,2026-03-13T14:50:00+00:00,2026-03-13T14:55:00+00:00,BUY,7.37496464,100.71567781,13.65642857,5064.63,5050.97357143,-100.71567781,6714.37852092,6613.66284311,-248.41118512,stop_loss
BTCUSD,2026-03-14T07:00:00+00:00,2026-03-14T11:00:00+00:00,SELL,0.95098716,99.20494265,104.31785714,70678.2,70655.8,21.30211237,6613.66284311,6634.96495548,-227.10907275,max_hold
BTCUSD,2026-03-14T14:40:00+00:00,2026-03-14T15:00:00+00:00,SELL,1.42359401,99.52447433,69.91071429,70615.65,70685.56071429,-99.52447433,6634.96495548,6535.44048115,-326.63354708,stop_loss
BTCUSD,2026-03-15T08:55:00+00:00,2026-03-15T09:20:00+00:00,BUY,1.47052663,98.03160722,66.66428571,71723.95,71923.94285714,294.09482165,6535.44048115,6829.5353028,-32.53872543,take_profit
BTCUSD,2026-03-15T09:20:00+00:00,2026-03-15T09:25:00+00:00,BUY,1.26250212,102.44302954,81.14285714,71936.0,71854.85714286,-102.44302954,6829.5353028,6727.09227326,-134.98175497,stop_loss
BTCUSD,2026-03-16T10:50:00+00:00,2026-03-16T12:30:00+00:00,BUY,0.86726587,100.9063841,116.35,73575.75,73924.8,302.7191523,6727.09227326,7029.81142555,0.0,take_profit
BTCUSD,2026-03-16T12:30:00+00:00,2026-03-16T12:40:00+00:00,BUY,0.71558914,105.44717138,147.35714286,73915.15,73767.79285714,-105.44717138,7029.81142555,6924.36425417,-105.44717138,stop_loss
GOLD,2026-03-16T13:15:00+00:00,2026-03-16T13:30:00+00:00,SELL,9.88993058,103.86546381,10.50214286,5026.83,5018.42828571,83.09237105,6924.36425417,7007.45662522,-22.35480033,take_profit
GOLD,2026-03-16T16:25:00+00:00,2026-03-16T16:40:00+00:00,BUY,9.27788848,105.11184938,11.32928571,4979.93,4988.99342857,84.0894795,7007.45662522,7091.54610472,0.0,take_profit
GOLD,2026-03-16T18:45:00+00:00,2026-03-16T19:05:00+00:00,SELL,13.46191803,106.37319157,7.90178571,5015.67,5009.34857143,85.09855326,7091.54610472,7176.64465798,0.0,take_profit
BTCUSD,2026-03-17T09:50:00+00:00,2026-03-17T10:05:00+00:00,SELL,0.8553565,107.64966987,125.85357143,73982.75,73605.18928571,322.94900961,7176.64465798,7499.59366759,0.0,take_profit
BTCUSD,2026-03-17T10:05:00+00:00,2026-03-17T10:25:00+00:00,SELL,0.79248964,112.49390501,141.95,73671.9,73813.85,-112.49390501,7499.59366759,7387.09976257,-112.49390501,stop_loss
BTCUSD,2026-03-18T07:30:00+00:00,2026-03-18T07:50:00+00:00,SELL,1.38911211,110.80649644,79.76785714,73780.8,73860.56785714,-110.80649644,7387.09976257,7276.29326613,-223.30040145,stop_loss
BTCUSD,2026-03-18T09:15:00+00:00,2026-03-18T10:05:00+00:00,BUY,1.49352125,109.14439899,73.07857143,74209.5,74136.42142857,-109.14439899,7276.29326613,7167.14886714,-332.44480044,stop_loss
GOLD,2026-03-18T13:00:00+00:00,2026-03-18T13:15:00+00:00,BUY,5.04094871,107.50723301,21.32678571,4860.92,4839.59321429,-107.50723301,7167.14886714,7059.64163414,-439.95203345,stop_loss
GOLD,2026-03-18T13:15:00+00:00,2026-03-18T13:35:00+00:00,BUY,4.66951634,105.89462451,22.67785714,4851.11,4869.25228571,84.71569961,7059.64163414,7144.35733375,-355.23633384,take_profit
GOLD,2026-03-18T18:45:00+00:00,2026-03-18T18:55:00+00:00,BUY,7.69066954,107.16536001,13.93446429,4868.78,4854.84553571,-107.16536001,7144.35733375,7037.19197374,-462.40169385,stop_loss
BTCUSD,2026-03-19T07:00:00+00:00,2026-03-19T07:10:00+00:00,SELL,0.89743749,105.55787961,117.62142857,70449.65,70096.78571429,316.67363882,7037.19197374,7353.86561256,-145.72805503,take_profit
BTCUSD,2026-03-19T07:10:00+00:00,2026-03-19T07:20:00+00:00,SELL,0.75198392,110.30798419,146.68928571,70004.75,69564.68214286,330.92395257,7353.86561256,7684.78956512,0.0,take_profit
GOLD,2026-03-19T13:00:00+00:00,2026-03-19T13:25:00+00:00,BUY,3.21203326,115.27184348,35.8875,4549.96,4578.67,92.21747478,7684.78956512,7777.0070399,0.0,take_profit
GOLD,2026-03-19T17:10:00+00:00,2026-03-19T17:15:00+00:00,BUY,5.65160127,116.6551056,20.64107143,4579.41,4595.92285714,93.32408448,7777.0070399,7870.33112438,0.0,take_profit
BTCUSD,2026-03-20T07:00:00+00:00,2026-03-20T07:05:00+00:00,SELL,1.27784872,118.05496687,92.38571429,70303.15,70395.53571429,-118.05496687,7870.33112438,7752.27615752,-118.05496687,stop_loss
BTCUSD,2026-03-20T07:35:00+00:00,2026-03-20T08:05:00+00:00,BUY,0.912467,116.28414236,127.43928571,70742.05,71124.36785714,348.85242709,7752.27615752,8101.12858461,0.0,take_profit
GOLD,2026-03-20T13:30:00+00:00,2026-03-20T13:35:00+00:00,BUY,7.51172634,121.51692877,16.17696429,4645.53,4658.47157143,97.21354302,8101.12858461,8198.34212762,0.0,take_profit
GOLD,2026-03-20T13:50:00+00:00,2026-03-20T14:10:00+00:00,BUY,5.7239572,122.97513191,21.48428571,4621.98,4600.49571429,-122.97513191,8198.34212762,8075.36699571,-122.97513191,stop_loss
GOLD,2026-03-20T14:10:00+00:00,2026-03-20T14:20:00+00:00,BUY,4.55280034,121.13050494,26.60571429,4587.39,4560.78428571,-121.13050494,8075.36699571,7954.23649077,-244.10563685,stop_loss
BTCUSD,2026-03-21T07:25:00+00:00,2026-03-21T07:30:00+00:00,BUY,2.26049078,119.31354736,52.78214286,70863.3,70810.51785714,-119.31354736,7954.23649077,7834.92294341,-363.41918421,stop_loss
BTCUSD,2026-03-21T12:00:00+00:00,2026-03-21T12:05:00+00:00,BUY,4.65046302,117.52384415,25.27142857,70705.4,70680.12857143,-117.52384415,7834.92294341,7717.39909926,-480.94302836,stop_loss
BTCUSD,2026-03-22T07:35:00+00:00,2026-03-22T07:50:00+00:00,SELL,2.05797309,115.76098649,56.25,69003.65,69059.9,-115.76098649,7717.39909926,7601.63811277,-596.70401485,stop_loss
BTCUSD,2026-03-22T07:55:00+00:00,2026-03-22T08:25:00+00:00,SELL,1.47468268,114.02457169,77.32142857,68904.15,68672.18571429,342.07371507,7601.63811277,7943.71182784,-254.63029978,take_profit
BTCUSD,2026-03-23T07:00:00+00:00,2026-03-23T07:05:00+00:00,SELL,0.63564224,119.15567742,187.45714286,67647.55,67835.00714286,-119.15567742,7943.71182784,7824.55615043,-373.78597719,stop_loss
BTCUSD,2026-03-23T11:05:00+00:00,2026-03-23T11:10:00+00:00,BUY,0.38522021,117.36834226,304.67857143,71198.8,70894.12142857,-117.36834226,7824.55615043,7707.18780817,-491.15431945,stop_loss
GOLD,2026-03-23T13:10:00+00:00,2026-03-23T13:25:00+00:00,SELL,2.69199714,115.60781712,42.945,4446.52,4412.164,92.4862537,7707.18780817,7799.67406187,-398.66806575,take_profit
GOLD,2026-03-23T14:25:00+00:00,2026-03-23T14:50:00+00:00,SELL,3.27138131,116.99511093,35.76321429,4486.46,4457.84942857,93.59608874,7799.67406187,7893.27015061,-305.07197701,take_profit
BTCUSD,2026-03-24T07:00:00+00:00,2026-03-24T07:05:00+00:00,BUY,1.55372052,118.39905226,76.20357143,70551.55,70780.16071429,355.19715678,7893.27015061,8248.46730739,0.0,take_profit
BTCUSD,2026-03-24T07:05:00+00:00,2026-03-24T07:55:00+00:00,BUY,1.37879339,123.72700961,89.73571429,70785.1,71054.30714286,371.18102883,8248.46730739,8619.64833622,0.0,take_profit
BTCUSD,2026-03-25T08:30:00+00:00,2026-03-25T08:35:00+00:00,BUY,0.9441263,129.29472504,136.94642857,71468.7,71331.75357143,-129.29472504,8619.64833622,8490.35361118,-129.29472504,stop_loss
BTCUSD,2026-03-25T10:45:00+00:00,2026-03-25T11:25:00+00:00,BUY,1.24435514,127.35530417,102.34642857,71525.75,71832.78928571,382.0659125,8490.35361118,8872.41952368,0.0,take_profit
GOLD,2026-03-25T19:05:00+00:00,2026-03-25T19:10:00+00:00,BUY,8.85123977,133.08629286,15.03589286,4503.85,4488.81410714,-133.08629286,8872.41952368,8739.33323082,-133.08629286,stop_loss
GOLD,2026-03-25T19:10:00+00:00,2026-03-25T19:40:00+00:00,BUY,8.74276789,131.08999846,14.99410714,4509.19,4521.18528571,104.87199877,8739.33323082,8844.20522959,-28.21429409,take_profit
GOLD,2026-03-25T19:45:00+00:00,2026-03-25T19:55:00+00:00,BUY,7.28925165,132.66307844,18.19982143,4515.04,4529.59985714,106.13046276,8844.20522959,8950.33569235,0.0,take_profit
BTCUSD,2026-03-26T09:30:00+00:00,2026-03-26T09:55:00+00:00,SELL,1.00209021,134.25503539,133.975,69434.6,69568.575,-134.25503539,8950.33569235,8816.08065696,-134.25503539,stop_loss
BTCUSD,2026-03-26T11:20:00+00:00,2026-03-26T11:40:00+00:00,SELL,1.41537169,132.24120985,93.43214286,69328.65,69422.08214286,-132.24120985,8816.08065696,8683.83944711,-266.49624524,stop_loss
GOLD,2026-03-26T16:20:00+00:00,2026-03-26T16:30:00+00:00,BUY,7.30435906,130.25759171,17.83285714,4400.96,4383.12714286,-130.25759171,8683.83944711,8553.5818554,-396.75383695,stop_loss
GOLD,2026-03-26T16:30:00+00:00,2026-03-26T16:35:00+00:00,BUY,6.53890005,128.30372783,19.62160714,4393.0,4373.37839286,-128.30372783,8553.5818554,8425.27812757,-525.05756478,stop_loss
GOLD,2026-03-26T16:35:00+00:00,2026-03-26T17:00:00+00:00,BUY,5.84523372,126.37917191,21.62089286,4375.79,4393.08671429,101.10333753,8425.27812757,8526.3814651,-423.95422725,take_profit
BTCUSD,2026-03-27T07:55:00+00:00,2026-03-27T08:30:00+00:00,SELL,1.23788593,127.89572198,103.31785714,68482.35,68172.39642857,383.68716593,8526.3814651,8910.06863103,-40.26706132,take_profit
BTCUSD,2026-03-27T08:30:00+00:00,2026-03-27T08:35:00+00:00,SELL,1.21992073,133.65102947,109.55714286,68182.95,67854.27857143,400.9530884,8910.06863103,9311.02171943,0.0,take_profit
GOLD,2026-03-27T14:45:00+00:00,2026-03-27T14:50:00+00:00,SELL,7.18997816,139.66532579,19.425,4473.74,4493.165,-139.66532579,9311.02171943,9171.35639364,-139.66532579,stop_loss
GOLD,2026-03-27T14:50:00+00:00,2026-03-27T14:55:00+00:00,SELL,6.36710252,137.5703459,21.60642857,4489.47,4511.07642857,-137.5703459,9171.35639364,9033.78604773,-277.2356717,stop_loss
GOLD,2026-03-27T14:55:00+00:00,2026-03-27T15:10:00+00:00,SELL,5.90443533,135.50679072,22.95,4509.83,4532.78,-135.50679072,9033.78604773,8898.27925702,-412.74246241,stop_loss
BTCUSD,2026-03-28T09:00:00+00:00,2026-03-28T10:20:00+00:00,SELL,2.85833827,133.47418886,46.69642857,66319.55,66179.46071429,400.42256657,8898.27925702,9298.70182358,-12.31989585,take_profit
BTCUSD,2026-03-28T10:25:00+00:00,2026-03-28T10:30:00+00:00,SELL,2.80866937,139.48052735,49.66071429,66121.8,66171.46071429,-139.48052735,9298.70182358,9159.22129623,-151.8004232,stop_loss
BTCUSD,2026-03-29T09:30:00+00:00,2026-03-29T09:40:00+00:00,SELL,2.65576316,137.38831944,51.73214286,66502.1,66553.83214286,-137.38831944,9159.22129623,9021.83297679,-289.18874264,stop_loss
BTCUSD,2026-03-29T10:05:00+00:00,2026-03-29T11:00:00+00:00,SELL,2.36749132,135.32749465,57.16071429,66480.95,66538.11071429,-135.32749465,9021.83297679,8886.50548213,-424.5162373,stop_loss
BTCUSD,2026-03-30T07:55:00+00:00,2026-03-30T08:35:00+00:00,BUY,1.34396756,133.29758223,99.18214286,67560.3,67857.84642857,399.8927467,8886.50548213,9286.39822883,-24.6234906,take_profit
BTCUSD,2026-03-30T11:25:00+00:00,2026-03-30T11:30:00+00:00,BUY,1.88083486,139.29597343,74.06071429,67627.1,67553.03928571,-139.29597343,9286.39822883,9147.1022554,-163.91946403,stop_loss
GOLD,2026-03-30T17:55:00+00:00,2026-03-30T18:55:00+00:00,BUY,11.93470937,137.20653383,11.49642857,4515.13,4503.63357143,-137.20653383,9147.1022554,9009.89572157,-301.12599786,stop_loss
GOLD,2026-03-30T18:55:00+00:00,2026-03-30T19:30:00+00:00,BUY,13.91029335,135.14843582,9.71571429,4499.04,4506.81257143,108.11874866,9009.89572157,9118.01447023,-193.0072492,take_profit
BTCUSD,2026-03-31T07:10:00+00:00,2026-03-31T07:45:00+00:00,SELL,1.56910845,136.77021705,87.16428571,67239.15,67326.31428571,-136.77021705,9118.01447023,8981.24425317,-329.77746626,stop_loss
BTCUSD,2026-03-31T08:35:00+00:00,2026-03-31T08:45:00+00:00,SELL,1.19875507,134.7186638,112.38214286,66982.3,66645.15357143,404.15599139,8981.24425317,9385.40024456,0.0,take_profit
GOLD,2026-03-31T13:55:00+00:00,2026-03-31T14:00:00+00:00,SELL,9.2129858,140.78100367,15.28071429,4607.34,4622.62071429,-140.78100367,9385.40024456,9244.6192409,-140.78100367,stop_loss
GOLD,2026-03-31T14:00:00+00:00,2026-03-31T14:55:00+00:00,SELL,8.24676114,138.66928861,16.815,4614.04,4600.588,110.93543089,9244.6192409,9355.55467179,-29.84557278,take_profit
GOLD,2026-03-31T17:00:00+00:00,2026-03-31T17:45:00+00:00,SELL,8.30129075,140.33332008,16.905,4648.3,4665.205,-140.33332008,9355.55467179,9215.22135171,-170.17889285,stop_loss
BTCUSD,2026-04-01T11:50:00+00:00,2026-04-01T12:00:00+00:00,BUY,1.23324763,110.17305779,89.33571429,68692.65,68603.31428571,-110.17305779,7344.87051959,7234.69746179,-2150.70278277,stop_loss
BTCUSD,2026-04-01T13:40:00+00:00,2026-04-01T14:15:00+00:00,SELL,0.50269214,108.52046193,215.87857143,68084.8,68300.67857143,-108.52046193,7234.69746179,7126.17699987,-2259.2232447,stop_loss
GOLD,2026-04-01T14:50:00+00:00,2026-04-01T15:40:00+00:00,SELL,6.00008889,106.892655,17.81517857,4768.11,4785.92517857,-106.892655,7126.17699987,7019.28434487,-2366.1158997,stop_loss
GOLD,2026-04-01T15:40:00+00:00,2026-04-01T17:55:00+00:00,SELL,7.17037438,105.28926517,14.68392857,4785.68,4773.93285714,84.23141214,7019.28434487,7103.51575701,-2281.88448756,take_profit
BTCUSD,2026-04-02T08:40:00+00:00,2026-04-02T10:10:00+00:00,SELL,1.40075901,106.55273636,76.06785714,66499.0,66270.79642857,319.65820907,7103.51575701,7423.17396607,-1962.22627849,take_profit
BTCUSD,2026-04-02T10:10:00+00:00,2026-04-02T10:20:00+00:00,SELL,1.27021107,111.34760949,87.66071429,66243.85,66331.51071429,-111.34760949,7423.17396607,7311.82635658,-2073.57388798,stop_loss
GOLD,2026-04-02T14:20:00+00:00,2026-04-02T15:50:00+00:00,SELL,4.31958684,109.67739535,25.39071429,4675.125,4654.81242857,87.74191628,7311.82635658,7399.56827286,-1985.8319717,take_profit
GOLD,2026-04-02T18:55:00+00:00,2026-04-02T19:05:00+00:00,SELL,12.39458672,110.99352409,8.955,4668.58,4677.535,-110.99352409,7399.56827286,7288.57474877,-2096.8254958,stop_loss
GOLD,2026-04-02T19:05:00+00:00,2026-04-02T19:15:00+00:00,SELL,11.71258568,109.32862123,9.33428571,4679.72,4672.25257143,87.46289699,7288.57474877,7376.03764575,-2009.36259881,take_profit
BTCUSD,2026-04-03T07:05:00+00:00,2026-04-03T07:10:00+00:00,BUY,1.44365339,110.64056469,76.63928571,66882.3,66805.66071429,-110.64056469,7376.03764575,7265.39708107,-2120.0031635,stop_loss
BTCUSD,2026-04-03T07:25:00+00:00,2026-04-03T07:35:00+00:00,BUY,1.39508379,108.98095622,78.11785714,66937.4,67171.75357143,326.94286865,7265.39708107,7592.33994971,-1793.06029485,take_profit
BTCUSD,2026-04-04T07:00:00+00:00,2026-04-04T07:20:00+00:00,BUY,3.56248774,113.88509925,31.96785714,66998.2,66966.23214286,-113.88509925,7592.33994971,7478.45485047,-1906.9453941,stop_loss
BTCUSD,2026-04-04T10:35:00+00:00,2026-04-04T10:45:00+00:00,BUY,5.21406215,112.17682276,21.51428571,67000.95,67065.49285714,336.53046827,7478.45485047,7814.98531874,-1570.41492582,take_profit
BTCUSD,2026-04-05T10:35:00+00:00,2026-04-05T10:40:00+00:00,BUY,3.51197714,117.22477978,33.37857143,67102.9,67069.52142857,-117.22477978,7814.98531874,7697.76053896,-1687.63970561,stop_loss
BTCUSD,2026-04-05T12:00:00+00:00,2026-04-05T12:30:00+00:00,SELL,3.69703765,115.46640808,31.23214286,66915.4,66821.70357143,346.39922425,7697.76053896,8044.15976321,-1341.24048135,take_profit
BTCUSD,2026-04-06T08:30:00+00:00,2026-04-06T09:10:00+00:00,BUY,1.38561584,120.66239645,87.08214286,69240.45,69501.69642857,361.98718934,8044.15976321,8406.14695256,-979.25329201,take_profit
BTCUSD,2026-04-06T09:10:00+00:00,2026-04-06T09:15:00+00:00,BUY,1.36405429,126.09220429,92.43928571,69633.7,69911.01785714,378.27661287,8406.14695256,8784.42356542,-600.97667914,take_profit
GOLD,2026-04-06T17:25:00+00:00,2026-04-06T18:10:00+00:00,BUY,15.68847173,131.76635348,8.39892857,4656.31,4663.02914286,105.41308279,8784.42356542,8889.83664821,-495.56359636,take_profit
BTCUSD,2026-04-07T08:50:00+00:00,2026-04-07T09:10:00+00:00,BUY,1.5804823,133.34754972,84.37142857,68965.95,69219.06428571,400.04264917,8889.83664821,9289.87929738,-95.52094719,take_profit
BTCUSD,2026-04-07T10:25:00+00:00,2026-04-07T10:45:00+00:00,SELL,1.28702642,139.34818946,108.27142857,68736.2,68411.38571429,418.04456838,9289.87929738,9707.92386576,0.0,take_profit
GOLD,2026-04-07T14:05:00+00:00,2026-04-07T14:20:00+00:00,BUY,8.60195786,145.61885799,16.92857143,4612.59,4626.13285714,116.49508639,9707.92386576,9824.41895215,0.0,take_profit
GOLD,2026-04-07T18:25:00+00:00,2026-04-07T18:45:00+00:00,SELL,14.21254098,147.36628428,10.36875,4680.66,4672.365,117.89302743,9824.41895215,9942.31197957,0.0,take_profit
BTCUSD,2026-04-08T12:10:00+00:00,2026-04-08T12:20:00+00:00,BUY,1.64135491,149.13467969,90.86071429,71841.05,71750.18928571,-149.13467969,9942.31197957,9793.17729988,-149.13467969,stop_loss
BTCUSD,2026-04-08T12:35:00+00:00,2026-04-08T13:05:00+00:00,BUY,1.29339784,146.8976595,113.575,71927.25,72267.975,440.69297849,9793.17729988,10233.87027837,0.0,take_profit
GOLD,2026-04-08T14:30:00+00:00,2026-04-08T14:40:00+00:00,BUY,7.68638326,153.50805418,19.97142857,4754.14,4770.11714286,122.80644334,10233.87027837,10356.67672171,0.0,take_profit
GOLD,2026-04-08T14:55:00+00:00,2026-04-08T15:15:00+00:00,BUY,7.39932505,155.35015083,20.99517857,4736.19,4752.98614286,124.28012066,10356.67672171,10480.95684238,0.0,take_profit
GOLD,2026-04-08T17:45:00+00:00,2026-04-08T18:00:00+00:00,BUY,16.54732403,157.21435264,9.50089286,4738.335,4728.83410714,-157.21435264,10480.95684238,10323.74248974,-157.21435264,stop_loss
BTCUSD,2026-04-09T07:05:00+00:00,2026-04-09T07:15:00+00:00,BUY,2.39516757,154.85613735,64.65357143,71097.95,71033.29642857,-154.85613735,10323.74248974,10168.88635239,-312.07048998,stop_loss
BTCUSD,2026-04-09T08:35:00+00:00,2026-04-09T08:45:00+00:00,BUY,2.15008672,152.53329529,70.94285714,71148.3,71361.12857143,457.59988586,10168.88635239,10626.48623825,0.0,take_profit
GOLD,2026-04-09T13:30:00+00:00,2026-04-09T13:35:00+00:00,SELL,15.81742675,159.39729357,10.07732143,4757.15,4767.22732143,-159.39729357,10626.48623825,10467.08894468,-159.39729357,stop_loss
GOLD,2026-04-09T13:35:00+00:00,2026-04-09T13:50:00+00:00,SELL,14.37928027,157.00633417,10.91892857,4770.41,4761.67485714,125.60506734,10467.08894468,10592.69401201,-33.79222624,take_profit
GOLD,2026-04-09T14:00:00+00:00,2026-04-09T14:15:00+00:00,SELL,12.83518402,158.89041018,12.37928571,4772.79,4762.88657143,127.11232814,10592.69401201,10719.80634016,0.0,take_profit
BTCUSD,2026-04-10T07:00:00+00:00,2026-04-10T07:50:00+00:00,SELL,2.16530499,160.7970951,74.26071429,71791.7,71568.91785714,482.39128531,10719.80634016,11202.19762546,0.0,take_profit
BTCUSD,2026-04-10T07:50:00+00:00,2026-04-10T08:05:00+00:00,SELL,2.30441446,168.03296438,72.91785714,71454.5,71527.41785714,-168.03296438,11202.19762546,11034.16466108,-168.03296438,stop_loss
BTCUSD,2026-04-11T08:50:00+00:00,2026-04-11T09:15:00+00:00,SELL,2.32694776,165.51246992,71.12857143,72715.2,72786.32857143,-165.51246992,11034.16466108,10868.65219117,-333.5454343,stop_loss
BTCUSD,2026-04-11T12:00:00+00:00,2026-04-11T12:10:00+00:00,BUY,6.54925957,163.02978287,24.89285714,72956.9,72932.00714286,-163.02978287,10868.65219117,10705.6224083,-496.57521717,stop_loss
BTCUSD,2026-04-12T09:00:00+00:00,2026-04-12T09:20:00+00:00,SELL,3.5685408,160.58433612,45.0,71600.5,71645.5,-160.58433612,10705.6224083,10545.03807217,-657.15955329,stop_loss
BTCUSD,2026-04-12T09:45:00+00:00,2026-04-12T10:05:00+00:00,SELL,3.77636084,158.17557108,41.88571429,71559.95,71601.83571429,-158.17557108,10545.03807217,10386.86250109,-815.33512437,stop_loss
BTCUSD,2026-04-13T08:15:00+00:00,2026-04-13T08:25:00+00:00,SELL,2.02332093,155.80293752,77.00357143,70697.05,70774.05357143,-155.80293752,10386.86250109,10231.05956358,-971.13806189,stop_loss
BTCUSD,2026-04-13T08:40:00+00:00,2026-04-13T08:55:00+00:00,SELL,2.02796027,153.46589345,75.675,70617.05,70692.725,-153.46589345,10231.05956358,10077.59367012,-1124.60395534,stop_loss
GOLD,2026-04-13T13:45:00+00:00,2026-04-13T13:50:00+00:00,SELL,14.22958259,151.16390505,10.62321429,4739.9,4731.40142857,120.93112404,10077.59367012,10198.52479416,-1003.6728313,take_profit
GOLD,2026-04-13T16:40:00+00:00,2026-04-13T17:05:00+00:00,SELL,14.39307935,152.97787191,10.62857143,4740.47,4731.96714286,122.38229753,10198.52479416,10320.90709169,-881.29053377,take_profit
GOLD,2026-04-13T17:15:00+00:00,2026-04-13T17:50:00+00:00,SELL,12.19604974,154.81360638,12.69375,4744.55,4734.395,123.8508851,10320.90709169,10444.75797679,-757.43964867,take_profit
BTCUSD,2026-04-14T07:00:00+00:00,2026-04-14T07:05:00+00:00,BUY,2.22827163,156.67136965,70.31071429,74624.6,74835.53214286,470.01410896,10444.75797679,10914.77208575,-287.42553972,take_profit
BTCUSD,2026-04-14T07:05:00+00:00,2026-04-14T07:10:00+00:00,BUY,1.80843594,163.72158129,90.53214286,74949.6,74859.06785714,-163.72158129,10914.77208575,10751.05050446,-451.147121,stop_loss
GOLD,2026-04-14T14:05:00+00:00,2026-04-14T14:30:00+00:00,SELL,13.69249098,161.26575757,11.77767857,4802.14,4813.91767857,-161.26575757,10751.05050446,10589.7847469,-612.41287857,stop_loss
GOLD,2026-04-14T16:15:00+00:00,2026-04-14T17:05:00+00:00,SELL,17.04887149,158.8467712,9.31714286,4816.105,4825.42214286,-158.8467712,10589.7847469,10430.93797569,-771.25964977,stop_loss
GOLD,2026-04-14T17:05:00+00:00,2026-04-14T17:35:00+00:00,SELL,15.98786202,156.46406964,9.78642857,4829.54,4839.32642857,-156.46406964,10430.93797569,10274.47390606,-927.72371941,stop_loss
BTCUSD,2026-04-15T07:05:00+00:00,2026-04-15T07:10:00+00:00,SELL,2.36453646,154.11710859,65.17857143,73889.5,73954.67857143,-154.11710859,10274.47390606,10120.35679747,-1081.840828,stop_loss
BTCUSD,2026-04-15T07:15:00+00:00,2026-04-15T07:50:00+00:00,SELL,1.77639161,151.80535196,85.45714286,73677.65,73763.10714286,-151.80535196,10120.35679747,9968.5514455,-1233.64617996,stop_loss
GOLD,2026-04-15T13:55:00+00:00,2026-04-15T14:00:00+00:00,SELL,16.80126651,149.52827168,8.89982143,4829.02,4821.90014286,119.62261735,9968.5514455,10088.17406285,-1114.02356261,take_profit
GOLD,2026-04-15T15:30:00+00:00,2026-04-15T15:35:00+00:00,BUY,14.29064423,151.32261094,10.58892857,4795.395,4803.86614286,121.05808875,10088.17406285,10209.2321516,-992.96547386,take_profit
BTCUSD,2026-04-16T07:50:00+00:00,2026-04-16T08:00:00+00:00,SELL,2.11767953,153.13848227,72.31428571,74670.55,74742.86428571,-153.13848227,10209.2321516,10056.09366933,-1146.10395613,stop_loss
BTCUSD,2026-04-16T08:00:00+00:00,2026-04-16T08:20:00+00:00,SELL,1.97704411,150.84140504,76.29642857,74641.4,74717.69642857,-150.84140504,10056.09366933,9905.25226429,-1296.94536117,stop_loss
GOLD,2026-04-16T13:50:00+00:00,2026-04-16T14:10:00+00:00,BUY,13.45300075,148.57878396,11.04428571,4794.57,4803.40542857,118.86302717,9905.25226429,10024.11529146,-1178.082334,take_profit
GOLD,2026-04-16T16:45:00+00:00,2026-04-16T17:00:00+00:00,BUY,17.43432686,150.36172937,8.62446429,4787.91,4794.80957143,120.2893835,10024.11529146,10144.40467496,-1057.79295051,take_profit
GOLD,2026-04-16T17:10:00+00:00,2026-04-16T17:35:00+00:00,BUY,17.92636989,152.16607012,8.48839286,4791.5,4783.01160714,-152.16607012,10144.40467496,9992.23860484,-1209.95902063,stop_loss
BTCUSD,2026-04-17T07:00:00+00:00,2026-04-17T08:30:00+00:00,BUY,2.2916727,149.88357907,65.40357143,75013.6,75209.81071429,449.65073722,9992.23860484,10441.88934205,-760.30828341,take_profit
BTCUSD,2026-04-17T08:30:00+00:00,2026-04-17T08:35:00+00:00,BUY,1.79568174,156.62834013,87.225,75377.4,75290.175,-156.62834013,10441.88934205,10285.26100192,-916.93662354,stop_loss
GOLD,2026-04-17T13:00:00+00:00,2026-04-17T13:05:00+00:00,SELL,13.46175422,154.27891503,11.46053571,4844.24,4855.70053571,-154.27891503,10285.26100192,10130.98208689,-1071.21553857,stop_loss
GOLD,2026-04-17T13:05:00+00:00,2026-04-17T13:10:00+00:00,SELL,11.17153034,151.9647313,13.60285714,4862.95,4876.55285714,-151.9647313,10130.98208689,9979.01735559,-1223.18026987,stop_loss
GOLD,2026-04-17T13:10:00+00:00,2026-04-17T13:15:00+00:00,SELL,9.48157338,149.68526033,15.78696429,4883.225,4870.59542857,119.74820827,9979.01735559,10098.76556386,-1103.43206161,take_profit
BTCUSD,2026-04-18T08:10:00+00:00,2026-04-18T08:30:00+00:00,SELL,2.66391253,151.48148346,56.86428571,76839.25,76668.65714286,454.44445037,10098.76556386,10553.21001423,-648.98761123,take_profit
BTCUSD,2026-04-18T08:30:00+00:00,2026-04-18T08:50:00+00:00,SELL,1.72895468,158.29815021,91.55714286,76635.05,76726.60714286,-158.29815021,10553.21001423,10394.91186402,-807.28576145,stop_loss
BTCUSD,2026-04-19T07:05:00+00:00,2026-04-19T07:20:00+00:00,SELL,2.49292696,155.92367796,62.54642857,75273.9,75086.26071429,467.77103388,10394.91186402,10862.6828979,-339.51472757,take_profit
BTCUSD,2026-04-19T07:20:00+00:00,2026-04-19T07:30:00+00:00,SELL,2.18439472,162.94024347,74.59285714,75043.5,75118.09285714,-162.94024347,10862.6828979,10699.74265443,-502.45497104,stop_loss
BTCUSD,2026-04-20T07:15:00+00:00,2026-04-20T07:20:00+00:00,BUY,1.3002407,160.49613982,123.43571429,74937.85,75308.15714286,481.48841945,10699.74265443,11181.23107388,-20.96655159,take_profit
BTCUSD,2026-04-20T07:20:00+00:00,2026-04-20T07:25:00+00:00,BUY,1.01870259,167.71846611,164.63928571,75408.05,75243.41071429,-167.71846611,11181.23107388,11013.51260777,-188.68501769,stop_loss
GOLD,2026-04-20T13:40:00+00:00,2026-04-20T14:00:00+00:00,SELL,15.75207402,165.20268912,10.48767857,4822.55,4814.15985714,132.16215129,11013.51260777,11145.67475906,-56.5228664,take_profit
GOLD,2026-04-20T19:05:00+00:00,2026-04-20T19:30:00+00:00,SELL,32.27957109,167.18512139,5.17928571,4820.08,4815.93657143,133.74809711,11145.67475906,11279.42285617,0.0,take_profit
BTCUSD,2026-04-21T07:20:00+00:00,2026-04-21T07:30:00+00:00,BUY,1.83668344,169.19134284,92.11785714,76158.55,76066.43214286,-169.19134284,11279.42285617,11110.23151333,-169.19134284,stop_loss
BTCUSD,2026-04-21T08:20:00+00:00,2026-04-21T08:45:00+00:00,BUY,1.39122186,166.6534727,119.78928571,76361.6,76720.96785714,499.9604181,11110.23151333,11610.19193143,0.0,take_profit
GOLD,2026-04-21T13:05:00+00:00,2026-04-21T13:30:00+00:00,BUY,15.71751555,174.15287897,11.08017857,4768.15,4777.01414286,139.32230318,11610.19193143,11749.51423461,0.0,take_profit
GOLD,2026-04-21T14:40:00+00:00,2026-04-21T14:45:00+00:00,BUY,13.19693524,176.24271352,13.35482143,4745.05,4731.69517857,-176.24271352,11749.51423461,11573.27152109,-176.24271352,stop_loss
GOLD,2026-04-21T14:45:00+00:00,2026-04-21T14:50:00+00:00,BUY,12.391083,173.59907282,14.01,4727.72,4738.928,138.87925825,11573.27152109,11712.15077934,-37.36345527,take_profit
BTCUSD,2026-04-22T11:00:00+00:00,2026-04-22T11:05:00+00:00,BUY,2.33298711,175.68226169,75.30357143,78243.2,78167.89642857,-175.68226169,11712.15077934,11536.46851765,-213.04571696,stop_loss
BTCUSD,2026-04-22T11:25:00+00:00,2026-04-22T11:35:00+00:00,BUY,2.05850827,173.04702776,84.06428571,78336.95,78252.88571429,-173.04702776,11536.46851765,11363.42148989,-386.09274472,stop_loss
GOLD,2026-04-22T15:35:00+00:00,2026-04-22T17:00:00+00:00,BUY,18.4492521,170.45132235,9.23892857,4728.07,4735.46114286,136.36105788,11363.42148989,11499.78254776,-249.73168684,take_profit
BTCUSD,2026-04-23T08:30:00+00:00,2026-04-23T09:05:00+00:00,SELL,1.76984561,172.49673822,97.46428571,77889.3,77596.90714286,517.49021465,11499.78254776,12017.27276241,0.0,take_profit
BTCUSD,2026-04-23T09:05:00+00:00,2026-04-23T09:15:00+00:00,SELL,1.55443627,180.25909144,115.96428571,77564.6,77680.56428571,-180.25909144,12017.27276241,11837.01367098,-180.25909144,stop_loss
GOLD,2026-04-23T13:00:00+00:00,2026-04-23T13:10:00+00:00,SELL,15.39059126,177.55520506,11.53660714,4733.58,4724.35071429,142.04416405,11837.01367098,11979.05783503,-38.21492738,take_profit
GOLD,2026-04-23T15:15:00+00:00,2026-04-23T15:30:00+00:00,SELL,19.81062072,179.68586753,9.07017857,4738.5,4731.24385714,143.74869402,11979.05783503,12122.80652905,0.0,take_profit
GOLD,2026-04-23T17:40:00+00:00,2026-04-23T17:50:00+00:00,BUY,11.51458946,181.84209794,15.79232143,4677.625,4690.25885714,145.47367835,12122.80652905,12268.2802074,0.0,take_profit
BTCUSD,2026-04-24T09:05:00+00:00,2026-04-24T09:15:00+00:00,SELL,1.60890454,184.02420311,114.37857143,77465.95,77580.32857143,-184.02420311,12268.2802074,12084.25600429,-184.02420311,stop_loss
BTCUSD,2026-04-24T11:00:00+00:00,2026-04-24T11:05:00+00:00,BUY,2.20028071,181.26384006,82.38214286,77975.85,78222.99642857,543.79152019,12084.25600429,12628.04752448,0.0,take_profit
GOLD,2026-04-24T14:05:00+00:00,2026-04-24T15:35:00+00:00,SELL,14.46334236,189.42071287,13.09660714,4728.22,4717.74271429,151.53657029,12628.04752448,12779.58409477,0.0,take_profit
BTCUSD,2026-04-25T07:00:00+00:00,2026-04-25T07:15:00+00:00,SELL,5.34072171,191.69376142,35.89285714,77481.75,77517.64285714,-191.69376142,12779.58409477,12587.89033335,-191.69376142,stop_loss
BTCUSD,2026-04-25T09:35:00+00:00,2026-04-25T10:25:00+00:00,BUY,5.90254989,188.818355,31.98928571,77750.85,77846.81785714,566.455065,12587.89033335,13154.34539835,0.0,take_profit
BTCUSD,2026-04-26T07:50:00+00:00,2026-04-26T08:35:00+00:00,BUY,5.18909089,197.31518098,38.025,78079.8,78193.875,591.94554293,13154.34539835,13746.29094128,0.0,take_profit
BTCUSD,2026-04-26T08:35:00+00:00,2026-04-26T08:40:00+00:00,BUY,5.15624024,206.19436412,39.98928571,78167.25,78127.26071429,-206.19436412,13746.29094128,13540.09657716,-206.19436412,stop_loss
BTCUSD,2026-04-27T12:35:00+00:00,2026-04-27T12:40:00+00:00,SELL,3.39330543,203.10144866,59.85357143,77664.4,77724.25357143,-203.10144866,13540.09657716,13336.9951285,-409.29581278,stop_loss
BTCUSD,2026-04-27T14:35:00+00:00,2026-04-27T14:50:00+00:00,BUY,1.35709321,200.05492693,147.41428571,78131.35,77983.93571429,-200.05492693,13336.9951285,13136.94020158,-609.3507397,stop_loss
GOLD,2026-04-27T15:00:00+00:00,2026-04-27T15:15:00+00:00,BUY,19.50547914,197.05410302,10.1025,4669.09,4677.172,157.64328242,13136.94020158,13294.58348399,-451.70745729,take_profit
GOLD,2026-04-27T19:35:00+00:00,2026-04-27T19:45:00+00:00,BUY,59.75093701,199.41875226,3.3375,4677.65,4680.32,159.53500181,13294.58348399,13454.1184858,-292.17245548,take_profit
BTCUSD,2026-04-28T07:10:00+00:00,2026-04-28T07:20:00+00:00,SELL,2.41154394,201.81177729,83.68571429,76556.7,76640.38571429,-201.81177729,13454.1184858,13252.30670852,-493.98423276,stop_loss
BTCUSD,2026-04-28T09:45:00+00:00,2026-04-28T10:00:00+00:00,SELL,2.94106675,198.78460063,67.58928571,76580.5,76648.08928571,-198.78460063,13252.30670852,13053.52210789,-692.76883339,stop_loss
GOLD,2026-04-28T14:00:00+00:00,2026-04-28T15:00:00+00:00,BUY,12.29186545,195.80283162,15.92946429,4566.18,4578.92357143,156.64226529,13053.52210789,13210.16437318,-536.1265681,take_profit
BTCUSD,2026-04-29T09:30:00+00:00,2026-04-29T09:45:00+00:00,BUY,3.74959048,198.1524656,52.84642857,77215.75,77374.28928571,594.45739679,13210.16437318,13804.62176998,0.0,take_profit
BTCUSD,2026-04-29T09:45:00+00:00,2026-04-29T10:25:00+00:00,BUY,2.6862218,207.06932655,77.08571429,77644.0,77875.25714286,621.20797965,13804.62176998,14425.82974962,0.0,take_profit
GOLD,2026-04-29T13:05:00+00:00,2026-04-29T13:20:00+00:00,BUY,23.13818142,216.38744624,9.35196429,4546.57,4537.21803571,-216.38744624,14425.82974962,14209.44230338,-216.38744624,stop_loss
GOLD,2026-04-29T13:20:00+00:00,2026-04-29T13:35:00+00:00,BUY,21.09231747,213.14163455,10.10517857,4538.485,4528.37982143,-213.14163455,14209.44230338,13996.30066883,-429.5290808,stop_loss
GOLD,2026-04-29T13:35:00+00:00,2026-04-29T13:40:00+00:00,BUY,19.01486748,209.94451003,11.04107143,4525.59,4514.54892857,-209.94451003,13996.30066883,13786.3561588,-639.47359083,stop_loss
BTCUSD,2026-04-30T07:35:00+00:00,2026-04-30T09:30:00+00:00,BUY,2.67770514,206.79534238,77.22857143,76032.8,76264.48571429,620.38602715,13786.3561588,14406.74218594,-19.08756368,take_profit
BTCUSD,2026-04-30T09:30:00+00:00,2026-04-30T09:40:00+00:00,BUY,2.91241419,216.10113279,74.2,76191.8,76117.6,-216.10113279,14406.74218594,14190.64105315,-235.18869647,stop_loss
BTCUSD,2026-05-01T08:10:00+00:00,2026-05-01T08:20:00+00:00,BUY,2.45146218,161.5163368,65.88571429,77238.1,77435.75714286,484.54901039,10767.75578637,11252.30479676,-3173.52495287,take_profit
BTCUSD,2026-05-01T08:20:00+00:00,2026-05-01T08:35:00+00:00,BUY,2.16449941,168.78457195,77.97857143,77467.65,77389.67142857,-168.78457195,11252.30479676,11083.52022481,-3342.30952482,stop_loss
GOLD,2026-05-01T13:50:00+00:00,2026-05-01T13:55:00+00:00,SELL,14.88077518,166.25280337,11.17232143,4617.02,4628.19232143,-166.25280337,11083.52022481,10917.26742143,-3508.56232819,stop_loss
GOLD,2026-05-01T13:55:00+00:00,2026-05-01T14:00:00+00:00,SELL,13.6259021,163.75901132,12.01821429,4626.0,4638.01821429,-163.75901132,10917.26742143,10753.50841011,-3672.32133951,stop_loss
GOLD,2026-05-01T14:00:00+00:00,2026-05-01T14:10:00+00:00,SELL,11.94739447,161.30262615,13.50107143,4634.605,4648.10607143,-161.30262615,10753.50841011,10592.20578396,-3833.62396566,stop_loss
BTCUSD,2026-05-02T13:00:00+00:00,2026-05-02T14:25:00+00:00,BUY,3.71160223,158.88308676,42.80714286,78307.3,78435.72142857,476.64926028,10592.20578396,11068.85504424,-3356.97470539,take_profit
BTCUSD,2026-05-02T15:55:00+00:00,2026-05-02T16:15:00+00:00,BUY,5.50885072,166.03282566,30.13928571,78478.65,78569.06785714,498.09847699,11068.85504424,11566.95352123,-2858.87622839,take_profit
BTCUSD,2026-05-03T07:00:00+00:00,2026-05-03T09:25:00+00:00,BUY,3.81328138,173.50430282,45.5,78355.1,78491.6,520.51290846,11566.95352123,12087.46642969,-2338.36331994,take_profit
BTCUSD,2026-05-03T09:25:00+00:00,2026-05-03T09:30:00+00:00,BUY,5.27398286,181.31199645,34.37857143,78497.6,78463.22142857,-181.31199645,12087.46642969,11906.15443324,-2519.67531638,stop_loss
BTCUSD,2026-05-04T09:50:00+00:00,2026-05-04T09:55:00+00:00,BUY,2.32574525,178.5923165,76.78928571,79905.2,79828.41071429,-178.5923165,11906.15443324,11727.56211674,-2698.26763288,stop_loss
BTCUSD,2026-05-04T10:00:00+00:00,2026-05-04T10:05:00+00:00,SELL,1.45856562,175.91343175,120.60714286,79225.1,78863.27857143,527.74029525,11727.56211674,12255.30241199,-2170.52733763,take_profit
GOLD,2026-05-04T15:20:00+00:00,2026-05-04T15:25:00+00:00,BUY,11.14588844,183.82953618,16.49303571,4521.895,4535.08942857,147.06362894,12255.30241199,12402.36604094,-2023.46370869,take_profit
GOLD,2026-05-04T15:30:00+00:00,2026-05-04T15:50:00+00:00,BUY,10.51493518,186.03549061,17.6925,4535.12,4517.4275,-186.03549061,12402.36604094,12216.33055032,-2209.4991993,stop_loss
GOLD,2026-05-04T15:50:00+00:00,2026-05-04T16:05:00+00:00,BUY,9.39124332,183.24495825,19.51232143,4528.34,4508.82767857,-183.24495825,12216.33055032,12033.08559207,-2392.74415755,stop_loss
BTCUSD,2026-05-05T11:05:00+00:00,2026-05-05T11:35:00+00:00,BUY,3.00237388,180.49628388,60.11785714,80847.95,81028.30357143,541.48885164,12033.08559207,12574.57444371,-1851.25530591,take_profit
BTCUSD,2026-05-05T11:35:00+00:00,2026-05-05T11:50:00+00:00,BUY,2.27525472,188.61861666,82.9,81029.7,80946.8,-188.61861666,12574.57444371,12385.95582706,-2039.87392257,stop_loss
GOLD,2026-05-05T13:10:00+00:00,2026-05-05T14:10:00+00:00,SELL,19.77233541,185.78933741,9.39642857,4578.81,4571.29285714,148.63146992,12385.95582706,12534.58729698,-1891.24245264,take_profit
GOLD,2026-05-05T19:55:00+00:00,2026-05-05T20:25:00+00:00,BUY,46.97115154,188.01880945,4.00285714,4554.9,4558.10228571,150.41504756,12534.58729698,12685.00234455,-1740.82740508,take_profit
BTCUSD,2026-05-06T07:05:00+00:00,2026-05-06T07:10:00+00:00,BUY,2.59419632,190.27503517,73.34642857,81557.35,81484.00357143,-190.27503517,12685.00234455,12494.72730938,-1931.10244025,stop_loss
BTCUSD,2026-05-06T08:30:00+00:00,2026-05-06T08:35:00+00:00,BUY,2.02773782,187.42090964,92.42857143,81724.2,81631.77142857,-187.42090964,12494.72730938,12307.30639974,-2118.52334989,stop_loss
GOLD,2026-05-06T14:00:00+00:00,2026-05-06T15:10:00+00:00,SELL,12.76833448,184.609596,14.45839286,4705.85,4694.28328571,147.6876768,12307.30639974,12454.99407653,-1970.83567309,take_profit
GOLD,2026-05-06T19:10:00+00:00,2026-05-06T19:20:00+00:00,SELL,41.70531382,186.82491115,4.47964286,4695.24,4699.71964286,-186.82491115,12454.99407653,12268.16916539,-2157.66058424,stop_loss
GOLD,2026-05-06T19:20:00+00:00,2026-05-06T19:30:00+00:00,SELL,40.16706462,184.02253748,4.58142857,4699.89,4696.22485714,147.21802998,12268.16916539,12415.38719537,-2010.44255425,take_profit
BTCUSD,2026-05-07T07:10:00+00:00,2026-05-07T07:30:00+00:00,BUY,1.79326729,186.23080793,103.85,81659.1,81555.25,-186.23080793,12415.38719537,12229.15638744,-2196.67336218,stop_loss
BTCUSD,2026-05-07T08:40:00+00:00,2026-05-07T09:25:00+00:00,SELL,2.0886689,183.43734581,87.825,81260.25,80996.775,550.31203743,12229.15638744,12779.46842487,-1646.36132475,take_profit
GOLD,2026-05-07T14:20:00+00:00,2026-05-07T14:35:00+00:00,SELL,16.32860801,191.69202637,11.73964286,4757.32,4747.92828571,153.3536211,12779.46842487,12932.82204597,-1493.00770365,take_profit
GOLD,2026-05-07T14:55:00+00:00,2026-05-07T15:15:00+00:00,SELL,18.51702891,193.99233069,10.47642857,4762.79,4754.40885714,155.19386455,12932.82204597,13088.01591052,-1337.8138391,take_profit
GOLD,2026-05-07T16:05:00+00:00,2026-05-07T16:15:00+00:00,BUY,19.03118225,196.32023866,10.31571429,4717.62,4707.30428571,-196.32023866,13088.01591052,12891.69567187,-1534.13407776,stop_loss
BTCUSD,2026-05-08T07:00:00+00:00,2026-05-08T07:35:00+00:00,SELL,2.44425433,193.37543508,79.11428571,79426.9,79506.01428571,-193.37543508,12891.69567187,12698.32023679,-1727.50951284,stop_loss
BTCUSD,2026-05-08T10:35:00+00:00,2026-05-08T11:00:00+00:00,BUY,2.42103341,190.47480355,78.675,80053.0,80289.025,571.42441066,12698.32023679,13269.74464744,-1156.08510218,take_profit
GOLD,2026-05-08T13:55:00+00:00,2026-05-08T14:05:00+00:00,SELL,16.38095627,199.04616971,12.15107143,4748.07,4738.34914286,159.23693577,13269.74464744,13428.98158321,-996.84816641,take_profit
GOLD,2026-05-08T18:00:00+00:00,2026-05-08T18:45:00+00:00,SELL,43.64613863,201.43472375,4.61517857,4726.6,4722.90785714,161.147779,13428.98158321,13590.12936221,-835.70038741,take_profit
BTCUSD,2026-05-09T07:05:00+00:00,2026-05-09T07:15:00+00:00,SELL,2.72646493,203.85194043,74.76785714,80149.0,80223.76785714,-203.85194043,13590.12936221,13386.27742178,-1039.55232785,stop_loss
BTCUSD,2026-05-09T10:05:00+00:00,2026-05-09T10:15:00+00:00,SELL,5.17082362,200.79416133,38.83214286,80175.4,80214.23214286,-200.79416133,13386.27742178,13185.48326045,-1240.34648917,stop_loss
BTCUSD,2026-05-10T08:20:00+00:00,2026-05-10T09:35:00+00:00,BUY,6.09096235,197.78224891,32.47142857,80817.85,80785.37857143,-197.78224891,13185.48326045,12987.70101155,-1438.12873808,stop_loss
BTCUSD,2026-05-10T11:00:00+00:00,2026-05-10T11:05:00+00:00,BUY,3.67774705,194.81551517,52.97142857,80931.0,80878.02857143,-194.81551517,12987.70101155,12792.88549637,-1632.94425325,stop_loss
BTCUSD,2026-05-11T07:00:00+00:00,2026-05-11T07:15:00+00:00,SELL,2.49965662,191.89328245,76.76785714,80734.05,80810.81785714,-191.89328245,12792.88549637,12600.99221393,-1824.8375357,stop_loss
BTCUSD,2026-05-11T08:05:00+00:00,2026-05-11T08:10:00+00:00,SELL,2.60710184,189.01488321,72.5,80646.4,80718.9,-189.01488321,12600.99221393,12411.97733072,-2013.85241891,stop_loss
GOLD,2026-05-11T13:00:00+00:00,2026-05-11T13:10:00+00:00,SELL,16.59038406,186.17965996,11.22214286,4710.12,4721.34214286,-186.17965996,12411.97733072,12225.79767076,-2200.03207887,stop_loss
GOLD,2026-05-11T13:10:00+00:00,2026-05-11T13:20:00+00:00,SELL,15.10156762,183.38696506,12.14357143,4721.04,4733.18357143,-183.38696506,12225.79767076,12042.4107057,-2383.41904393,stop_loss
GOLD,2026-05-11T13:20:00+00:00,2026-05-11T13:40:00+00:00,SELL,13.14622401,180.63616059,13.74053571,4731.53,4745.27053571,-180.63616059,12042.4107057,11861.77454511,-2564.05520451,stop_loss
BTCUSD,2026-05-12T07:00:00+00:00,2026-05-12T07:05:00+00:00,SELL,2.89614307,177.92661818,61.43571429,80901.1,80962.53571429,-177.92661818,11861.77454511,11683.84792693,-2741.98182269,stop_loss
BTCUSD,2026-05-12T07:45:00+00:00,2026-05-12T11:05:00+00:00,SELL,1.87922342,175.2577189,93.26071429,80855.05,80575.26785714,525.77315671,11683.84792693,12209.62108365,-2216.20866598,take_profit
GOLD,2026-05-12T13:55:00+00:00,2026-05-12T14:00:00+00:00,BUY,13.40716853,183.14431625,13.66017857,4679.355,4690.28314286,146.515453,12209.62108365,12356.13653665,-2069.69321297,take_profit
GOLD,2026-05-12T15:10:00+00:00,2026-05-12T15:20:00+00:00,BUY,16.17824751,185.34204805,11.45625,4664.545,4653.08875,-185.34204805,12356.13653665,12170.7944886,-2255.03526102,stop_loss
GOLD,2026-05-12T15:20:00+00:00,2026-05-12T15:25:00+00:00,BUY,13.75619609,182.56191733,13.27125,4643.13,4653.747,146.04953386,12170.7944886,12316.84402246,-2108.98572716,take_profit
BTCUSD,2026-05-13T07:20:00+00:00,2026-05-13T07:35:00+00:00,SELL,3.4342923,184.75266034,53.79642857,80889.6,80943.39642857,-184.75266034,12316.84402246,12132.09136213,-2293.7383875,stop_loss
BTCUSD,2026-05-13T08:40:00+00:00,2026-05-13T10:25:00+00:00,BUY,2.95065051,181.98137043,61.675,81127.7,81066.025,-181.98137043,12132.09136213,11950.10999169,-2475.71975793,stop_loss
GOLD,2026-05-13T16:20:00+00:00,2026-05-13T16:40:00+00:00,SELL,24.64303136,179.25164988,7.27392857,4705.96,4700.14085714,143.4013199,11950.10999169,12093.51131159,-2332.31843803,take_profit
GOLD,2026-05-13T18:45:00+00:00,2026-05-13T18:50:00+00:00,BUY,29.70075579,181.40266967,6.10767857,4679.55,4684.43614286,145.12213574,12093.51131159,12238.63344733,-2187.19630229,take_profit
BTCUSD,2026-05-14T08:00:00+00:00,2026-05-14T08:05:00+00:00,SELL,2.5631924,183.57950171,71.62142857,79634.25,79705.87142857,-183.57950171,12238.63344733,12055.05394562,-2370.775804,stop_loss
BTCUSD,2026-05-14T09:35:00+00:00,2026-05-14T10:00:00+00:00,SELL,2.53156133,180.82580918,71.42857143,79585.15,79656.57857143,-180.82580918,12055.05394562,11874.22813644,-2551.60161319,stop_loss
GOLD,2026-05-14T16:35:00+00:00,2026-05-14T16:50:00+00:00,BUY,27.01977959,178.11342205,6.59196429,4672.97,4678.24357143,142.49073764,11874.22813644,12016.71887408,-2409.11087555,take_profit
GOLD,2026-05-14T18:50:00+00:00,2026-05-14T19:30:00+00:00,BUY,35.85933374,180.25078311,5.02660714,4668.35,4663.32339286,-180.25078311,12016.71887408,11836.46809097,-2589.36165866,stop_loss
GOLD,2026-05-14T19:30:00+00:00,2026-05-14T19:35:00+00:00,BUY,38.29244443,177.54702136,4.63660714,4664.8,4660.16339286,-177.54702136,11836.46809097,11658.9210696,-2766.90868002,stop_loss
BTCUSD,2026-05-15T07:20:00+00:00,2026-05-15T07:30:00+00:00,BUY,1.72305389,174.88381604,101.49642857,80898.45,80796.95357143,-174.88381604,11658.9210696,11484.03725356,-2941.79249607,stop_loss
BTCUSD,2026-05-15T09:50:00+00:00,2026-05-15T09:55:00+00:00,SELL,2.04091552,172.2605588,84.40357143,80389.8,80474.20357143,-172.2605588,11484.03725356,11311.77669475,-3114.05305487,stop_loss
GOLD,2026-05-15T16:00:00+00:00,2026-05-15T16:35:00+00:00,BUY,15.27807378,169.67665042,11.10589286,4535.75,4544.63471429,135.74132034,11311.77669475,11447.51801509,-2978.31173453,take_profit
BTCUSD,2026-05-16T07:00:00+00:00,2026-05-16T07:10:00+00:00,SELL,1.99624562,171.71277023,86.01785714,78614.1,78356.04642857,515.13831068,11447.51801509,11962.65632577,-2463.17342385,take_profit
BTCUSD,2026-05-16T07:10:00+00:00,2026-05-16T07:20:00+00:00,SELL,1.53035718,179.43984489,117.25357143,78217.15,78334.40357143,-179.43984489,11962.65632577,11783.21648088,-2642.61326874,stop_loss
