run,symbol,action,size,entry_time,exit_time,entry_price,exit_price,pnl,cum,drawdown,exit_reason
full_current_btc_gold_fixed,BTCUSD,SELL,0.5,2025-11-18T12:10:00+00:00,2025-11-18T12:15:00+00:00,91027.1,91186.40357142857,-79.65178571,-79.65178571,-79.65178571,stop_loss
full_current_btc_gold_fixed,BTCUSD,BUY,0.5,2025-11-18T12:40:00+00:00,2025-11-18T12:50:00+00:00,91707.65,91525.57857142856,-91.03571429,-170.6875,-170.6875,stop_loss
full_current_btc_gold_fixed,GOLD,SELL,5.0,2025-11-18T13:35:00+00:00,2025-11-18T14:15:00+00:00,4066.04,4075.97,-49.65,-220.3375,-220.3375,stop_loss
full_current_btc_gold_fixed,GOLD,SELL,5.0,2025-11-18T14:15:00+00:00,2025-11-18T14:30:00+00:00,4080.4,4072.5108571428573,39.44571429,-180.89178571,-180.89178571,take_profit
full_current_btc_gold_fixed,GOLD,SELL,5.0,2025-11-18T14:30:00+00:00,2025-11-18T14:50:00+00:00,4074.99,4066.8574285714285,40.66285714,-140.22892857,-140.22892857,take_profit
full_current_btc_gold_fixed,BTCUSD,SELL,0.5,2025-11-19T14:05:00+00:00,2025-11-19T14:10:00+00:00,91135.65,91311.16428571429,-87.75714286,-227.98607143,-227.98607143,stop_loss
full_current_btc_gold_fixed,BTCUSD,SELL,0.5,2025-11-19T14:25:00+00:00,2025-11-19T14:30:00+00:00,91061.9,91258.19642857142,-98.14821429,-326.13428571,-326.13428571,stop_loss
full_current_btc_gold_fixed,GOLD,BUY,5.0,2025-11-19T16:25:00+00:00,2025-11-19T17:00:00+00:00,4074.42,4060.5096428571433,-69.55178571,-395.68607143,-395.68607143,stop_loss
full_current_btc_gold_fixed,GOLD,BUY,5.0,2025-11-19T17:00:00+00:00,2025-11-19T17:25:00+00:00,4060.85,4072.3537142857144,57.51857143,-338.1675,-338.1675,take_profit
full_current_btc_gold_fixed,GOLD,SELL,5.0,2025-11-20T13:00:00+00:00,2025-11-20T13:30:00+00:00,4087.81,4081.4645714285716,31.72714286,-306.44035714,-306.44035714,take_profit
full_current_btc_gold_fixed,BTCUSD,SELL,0.5,2025-11-20T14:00:00+00:00,2025-11-20T14:20:00+00:00,90963.15,91264.06785714286,-150.45892857,-456.89928571,-456.89928571,stop_loss
full_current_btc_gold_fixed,BTCUSD,SELL,0.5,2025-11-20T15:10:00+00:00,2025-11-20T15:20:00+00:00,90308.65,90715.46071428571,-203.40535714,-660.30464286,-660.30464286,stop_loss
full_current_btc_gold_fixed,GOLD,BUY,5.0,2025-11-20T16:55:00+00:00,2025-11-20T17:20:00+00:00,4048.99,4059.761714285714,53.85857143,-606.44607143,-606.44607143,take_profit
full_current_btc_gold_fixed,GOLD,SELL,5.0,2025-11-20T19:25:00+00:00,2025-11-20T20:10:00+00:00,4084.38,4077.228857142857,35.75571429,-570.69035714,-570.69035714,take_profit
full_current_btc_gold_fixed,BTCUSD,SELL,0.5,2025-11-21T07:15:00+00:00,2025-11-21T07:30:00+00:00,85309.4,84764.96428571429,272.21785714,-298.4725,-298.4725,take_profit
full_current_btc_gold_fixed,BTCUSD,SELL,0.5,2025-11-21T07:30:00+00:00,2025-11-21T07:35:00+00:00,83367.4,83770.97499999999,-201.7875,-500.26,-500.26,stop_loss
full_current_btc_gold_fixed,GOLD,SELL,5.0,2025-11-21T14:00:00+00:00,2025-11-21T14:15:00+00:00,4078.35,4071.4954285714284,34.27285714,-465.98714286,-465.98714286,take_profit
full_current_btc_gold_fixed,GOLD,SELL,5.0,2025-11-21T16:45:00+00:00,2025-11-21T16:50:00+00:00,4082.6,4091.408214285714,-44.04107143,-510.02821429,-510.02821429,stop_loss
full_current_btc_gold_fixed,GOLD,SELL,5.0,2025-11-21T16:50:00+00:00,2025-11-21T17:10:00+00:00,4093.92,4086.384,37.68,-472.34821429,-472.34821429,take_profit
full_current_btc_gold_fixed,BTCUSD,SELL,0.5,2025-11-22T10:20:00+00:00,2025-11-22T11:05:00+00:00,83765.3,83937.33928571429,-86.01964286,-558.36785714,-558.36785714,stop_loss
full_current_btc_gold_fixed,BTCUSD,BUY,0.5,2025-11-22T14:10:00+00:00,2025-11-22T14:45:00+00:00,84376.05,84213.1892857143,-81.43035714,-639.79821429,-639.79821429,stop_loss
full_current_btc_gold_fixed,BTCUSD,BUY,0.5,2025-11-23T08:55:00+00:00,2025-11-23T11:00:00+00:00,86093.35,85973.12142857144,-60.11428571,-699.9125,-699.9125,stop_loss
full_current_btc_gold_fixed,BTCUSD,BUY,0.5,2025-11-23T12:10:00+00:00,2025-11-23T13:10:00+00:00,86557.4,86416.66428571429,-70.36785714,-770.28035714,-770.28035714,stop_loss
full_current_btc_gold_fixed,BTCUSD,SELL,0.5,2025-11-24T09:05:00+00:00,2025-11-24T09:20:00+00:00,86533.15,86035.35357142857,248.89821429,-521.38214286,-521.38214286,take_profit
full_current_btc_gold_fixed,BTCUSD,SELL,0.5,2025-11-24T09:20:00+00:00,2025-11-24T11:35:00+00:00,86002.75,86183.76071428572,-90.50535714,-611.8875,-611.8875,stop_loss
full_current_btc_gold_fixed,GOLD,SELL,5.0,2025-11-24T13:15:00+00:00,2025-11-24T13:40:00+00:00,4081.4300000000003,4076.6317142857147,23.99142857,-587.89607143,-587.89607143,take_profit
full_current_btc_gold_fixed,GOLD,SELL,5.0,2025-11-24T15:10:00+00:00,2025-11-24T18:35:00+00:00,4092.35,4100.838928571428,-42.44464286,-630.34071429,-630.34071429,stop_loss
full_current_btc_gold_fixed,GOLD,SELL,5.0,2025-11-24T18:35:00+00:00,2025-11-24T18:50:00+00:00,4111.68,4117.628571428571,-29.74285714,-660.08357143,-660.08357143,stop_loss
full_current_btc_gold_fixed,BTCUSD,SELL,0.5,2025-11-25T07:50:00+00:00,2025-11-25T08:20:00+00:00,87394.4,87526.77857142857,-66.18928571,-726.27285714,-726.27285714,stop_loss
full_current_btc_gold_fixed,BTCUSD,SELL,0.5,2025-11-25T08:45:00+00:00,2025-11-25T09:10:00+00:00,87220.85,86829.50000000001,195.675,-530.59785714,-530.59785714,take_profit
full_current_btc_gold_fixed,GOLD,BUY,5.0,2025-11-25T14:45:00+00:00,2025-11-25T14:55:00+00:00,4115.17,4123.212571428571,40.21285714,-490.385,-490.385,take_profit
full_current_btc_gold_fixed,GOLD,SELL,5.0,2025-11-25T17:05:00+00:00,2025-11-25T17:30:00+00:00,4150.57,4159.374999999999,-44.025,-534.41,-534.41,stop_loss
full_current_btc_gold_fixed,GOLD,SELL,5.0,2025-11-25T17:30:00+00:00,2025-11-25T17:35:00+00:00,4157.49,4150.760571428572,33.64714286,-500.76285714,-500.76285714,take_profit
full_current_btc_gold_fixed,BTCUSD,BUY,0.5,2025-11-26T07:55:00+00:00,2025-11-26T08:00:00+00:00,87906.85,87817.64642857143,-44.60178571,-545.36464286,-545.36464286,stop_loss
full_current_btc_gold_fixed,BTCUSD,SELL,0.5,2025-11-26T09:05:00+00:00,2025-11-26T09:10:00+00:00,87287.05,87373.78214285715,-43.36607143,-588.73071429,-588.73071429,stop_loss
full_current_btc_gold_fixed,GOLD,BUY,5.0,2025-11-26T14:25:00+00:00,2025-11-26T14:30:00+00:00,4142.280000000001,4149.529714285715,36.24857143,-552.48214286,-552.48214286,take_profit
full_current_btc_gold_fixed,GOLD,SELL,5.0,2025-11-26T16:40:00+00:00,2025-11-26T18:30:00+00:00,4167.549999999999,4163.219714285713,21.65142857,-530.83071429,-530.83071429,take_profit
full_current_btc_gold_fixed,BTCUSD,BUY,0.5,2025-11-27T08:50:00+00:00,2025-11-27T09:15:00+00:00,91508.2,91733.1357142857,112.46785714,-418.36285714,-418.36285714,take_profit
full_current_btc_gold_fixed,BTCUSD,BUY,0.5,2025-11-27T09:15:00+00:00,2025-11-27T09:20:00+00:00,91747.05,91673.68214285714,-36.68392857,-455.04678571,-455.04678571,stop_loss
full_current_btc_gold_fixed,BTCUSD,SELL,0.5,2025-11-28T07:35:00+00:00,2025-11-28T07:55:00+00:00,91155.25,90884.14642857143,135.55178571,-319.495,-319.495,take_profit
full_current_btc_gold_fixed,BTCUSD,BUY,0.5,2025-11-28T10:50:00+00:00,2025-11-28T11:00:00+00:00,91834.7,91755.92142857143,-39.38928571,-358.88428571,-358.88428571,stop_loss
full_current_btc_gold_fixed,GOLD,SELL,5.0,2025-11-28T14:15:00+00:00,2025-11-28T14:35:00+00:00,4194.03,4201.219285714285,-35.94642857,-394.83071429,-394.83071429,stop_loss
full_current_btc_gold_fixed,GOLD,SELL,5.0,2025-11-28T14:35:00+00:00,2025-11-28T14:40:00+00:00,4203.15,4196.474571428571,33.37714286,-361.45357143,-361.45357143,take_profit
full_current_btc_gold_fixed,GOLD,SELL,5.0,2025-11-28T14:40:00+00:00,2025-11-28T15:00:00+00:00,4199.37,4192.265142857143,35.52428571,-325.92928571,-325.92928571,take_profit
full_current_btc_gold_fixed,BTCUSD,SELL,0.5,2025-11-29T08:00:00+00:00,2025-11-29T08:05:00+00:00,90549.95,90615.97142857143,-33.01071429,-358.94,-358.94,stop_loss
full_current_btc_gold_fixed,BTCUSD,SELL,0.5,2025-11-29T10:15:00+00:00,2025-11-29T10:20:00+00:00,90494.75,90551.81785714286,-28.53392857,-387.47392857,-387.47392857,stop_loss
full_current_btc_gold_fixed,BTCUSD,BUY,0.5,2025-11-30T07:10:00+00:00,2025-11-30T08:20:00+00:00,90970.5,91118.325,73.9125,-313.56142857,-313.56142857,take_profit
full_current_btc_gold_fixed,BTCUSD,BUY,0.5,2025-11-30T08:20:00+00:00,2025-11-30T08:25:00+00:00,91331.05,91257.28571428571,-36.88214286,-350.44357143,-350.44357143,stop_loss
full_current_btc_gold_fixed,BTCUSD,SELL,0.5,2025-12-01T11:05:00+00:00,2025-12-01T11:40:00+00:00,86493.25,86270.92857142858,111.16071429,-239.28285714,-239.28285714,take_profit
full_current_btc_gold_fixed,BTCUSD,SELL,0.5,2025-12-01T11:40:00+00:00,2025-12-01T12:05:00+00:00,86278.8,86047.99285714286,115.40357143,-123.87928571,-123.87928571,take_profit
full_current_btc_gold_fixed,GOLD,BUY,5.0,2025-12-01T14:40:00+00:00,2025-12-01T14:45:00+00:00,4225.23,4233.789428571428,42.79714286,-81.08214286,-81.08214286,take_profit
full_current_btc_gold_fixed,BTCUSD,BUY,0.5,2025-12-02T10:40:00+00:00,2025-12-02T10:50:00+00:00,87049.6,87348.26071428572,149.33035714,68.24821429,0.0,take_profit
full_current_btc_gold_fixed,BTCUSD,BUY,0.5,2025-12-02T13:50:00+00:00,2025-12-02T14:05:00+00:00,87712.15,88121.76785714286,204.80892857,273.05714286,0.0,take_profit
full_current_btc_gold_fixed,GOLD,SELL,5.0,2025-12-02T14:15:00+00:00,2025-12-02T14:40:00+00:00,4224.26,4218.485428571429,28.87285714,301.93,0.0,take_profit
full_current_btc_gold_fixed,GOLD,BUY,5.0,2025-12-02T15:25:00+00:00,2025-12-02T15:50:00+00:00,4188.299999999999,4177.44857142857,-54.25714286,247.67285714,-54.25714286,stop_loss
full_current_btc_gold_fixed,GOLD,BUY,5.0,2025-12-02T15:50:00+00:00,2025-12-02T16:30:00+00:00,4171.33,4181.174285714285,49.22142857,296.89428571,-5.03571429,take_profit
full_current_btc_gold_fixed,BTCUSD,BUY,0.5,2025-12-03T09:55:00+00:00,2025-12-03T10:00:00+00:00,93207.15,93078.74642857142,-64.20178571,232.6925,-69.2375,stop_loss
full_current_btc_gold_fixed,BTCUSD,BUY,0.5,2025-12-03T10:20:00+00:00,2025-12-03T10:25:00+00:00,93376.85,93264.20000000001,-56.325,176.3675,-125.5625,stop_loss
full_current_btc_gold_fixed,GOLD,SELL,5.0,2025-12-03T13:15:00+00:00,2025-12-03T13:45:00+00:00,4220.860000000001,4225.834642857143,-24.87321429,151.49428571,-150.43571429,stop_loss
full_current_btc_gold_fixed,GOLD,SELL,5.0,2025-12-03T13:45:00+00:00,2025-12-03T13:50:00+00:00,4226.71,4232.712142857143,-30.01071429,121.48357143,-180.44642857,stop_loss
full_current_btc_gold_fixed,GOLD,SELL,5.0,2025-12-03T13:50:00+00:00,2025-12-03T14:05:00+00:00,4236.049999999999,4230.561714285714,27.44142857,148.925,-153.005,take_profit
full_current_btc_gold_fixed,BTCUSD,BUY,0.5,2025-12-04T07:55:00+00:00,2025-12-04T08:05:00+00:00,93411.85,93314.75714285715,-48.54642857,100.37857143,-201.55142857,stop_loss
full_current_btc_gold_fixed,BTCUSD,SELL,0.5,2025-12-04T11:25:00+00:00,2025-12-04T12:40:00+00:00,93023.55,93113.03214285715,-44.74107143,55.6375,-246.2925,stop_loss
full_current_btc_gold_fixed,GOLD,SELL,5.0,2025-12-04T16:15:00+00:00,2025-12-04T16:35:00+00:00,4217.33,4211.570857142857,28.79571429,84.43321429,-217.49678571,take_profit
full_current_btc_gold_fixed,BTCUSD,BUY,0.5,2025-12-05T07:25:00+00:00,2025-12-05T07:40:00+00:00,92484.85,92396.86428571428,-43.99285714,40.44035714,-261.48964286,stop_loss
full_current_btc_gold_fixed,BTCUSD,SELL,0.5,2025-12-05T09:10:00+00:00,2025-12-05T09:15:00+00:00,91901.85,91640.66785714285,130.59107143,171.03142857,-130.89857143,take_profit
full_current_btc_gold_fixed,GOLD,SELL,5.0,2025-12-05T13:35:00+00:00,2025-12-05T13:40:00+00:00,4236.15,4231.362857142857,23.93571429,194.96714286,-106.96285714,take_profit
full_current_btc_gold_fixed,GOLD,SELL,5.0,2025-12-05T15:30:00+00:00,2025-12-05T15:50:00+00:00,4252.54,4246.055714285714,32.42142857,227.38857143,-74.54142857,take_profit
full_current_btc_gold_fixed,GOLD,BUY,5.0,2025-12-05T16:10:00+00:00,2025-12-05T16:25:00+00:00,4203.74,4213.444571428571,48.52285714,275.91142857,-26.01857143,take_profit
full_current_btc_gold_fixed,BTCUSD,SELL,0.5,2025-12-06T08:20:00+00:00,2025-12-06T09:10:00+00:00,89420.2,89484.00357142856,-31.90178571,244.00964286,-57.92035714,stop_loss
full_current_btc_gold_fixed,BTCUSD,BUY,0.5,2025-12-06T13:40:00+00:00,2025-12-06T13:45:00+00:00,89782.45,89742.21785714285,-20.11607143,223.89357143,-78.03642857,stop_loss
full_current_btc_gold_fixed,BTCUSD,SELL,0.5,2025-12-07T07:15:00+00:00,2025-12-07T08:10:00+00:00,89422.55,89229.88571428572,96.33214286,320.22571429,0.0,take_profit
full_current_btc_gold_fixed,BTCUSD,SELL,0.5,2025-12-07T09:20:00+00:00,2025-12-07T09:25:00+00:00,89132.2,89203.89642857143,-35.84821429,284.3775,-35.84821429,stop_loss
full_current_btc_gold_fixed,BTCUSD,BUY,0.5,2025-12-08T07:25:00+00:00,2025-12-08T07:45:00+00:00,91703.55,91599.77857142857,-51.88571429,232.49178571,-87.73392857,stop_loss
full_current_btc_gold_fixed,BTCUSD,BUY,0.5,2025-12-08T09:00:00+00:00,2025-12-08T10:05:00+00:00,91959.35,91846.51785714287,-56.41607143,176.07571429,-144.15,stop_loss
full_current_btc_gold_fixed,GOLD,BUY,5.0,2025-12-08T15:05:00+00:00,2025-12-08T15:20:00+00:00,4180.51,4188.3640000000005,39.27,215.34571429,-104.88,take_profit
full_current_btc_gold_fixed,GOLD,BUY,5.0,2025-12-08T16:00:00+00:00,2025-12-08T16:15:00+00:00,4179.4400000000005,4187.838285714286,41.99142857,257.33714286,-62.88857143,take_profit
full_current_btc_gold_fixed,GOLD,BUY,5.0,2025-12-08T19:00:00+00:00,2025-12-08T20:05:00+00:00,4185.530000000001,4189.028857142858,17.49428571,274.83142857,-45.39428571,take_profit
full_current_btc_gold_fixed,BTCUSD,SELL,0.5,2025-12-09T09:25:00+00:00,2025-12-09T10:35:00+00:00,90310.55,90042.62857142858,133.96071429,408.79214286,0.0,take_profit
full_current_btc_gold_fixed,BTCUSD,SELL,0.5,2025-12-09T10:35:00+00:00,2025-12-09T10:40:00+00:00,90014.7,90109.72142857143,-47.51071429,361.28142857,-47.51071429,stop_loss
full_current_btc_gold_fixed,GOLD,SELL,5.0,2025-12-09T16:10:00+00:00,2025-12-09T16:20:00+00:00,4218.58,4211.157142857142,37.11428571,398.39571429,-10.39642857,take_profit
full_current_btc_gold_fixed,GOLD,SELL,5.0,2025-12-09T16:40:00+00:00,2025-12-09T16:55:00+00:00,4219.24,4212.617714285714,33.11142857,431.50714286,0.0,take_profit
full_current_btc_gold_fixed,GOLD,SELL,5.0,2025-12-09T19:05:00+00:00,2025-12-09T19:20:00+00:00,4211.66,4208.448285714286,16.05857143,447.56571429,0.0,take_profit
full_current_btc_gold_fixed,BTCUSD,BUY,0.5,2025-12-10T07:55:00+00:00,2025-12-10T08:00:00+00:00,92800.35,92724.15000000001,-38.1,409.46571429,-38.1,stop_loss
full_current_btc_gold_fixed,BTCUSD,BUY,0.5,2025-12-10T09:45:00+00:00,2025-12-10T10:00:00+00:00,92836.8,93108.05357142858,135.62678571,545.0925,0.0,take_profit
full_current_btc_gold_fixed,GOLD,BUY,5.0,2025-12-10T18:35:00+00:00,2025-12-10T18:50:00+00:00,4192.42,4195.3745714285715,14.77285714,559.86535714,0.0,take_profit
full_current_btc_gold_fixed,GOLD,SELL,5.0,2025-12-10T19:05:00+00:00,2025-12-10T19:10:00+00:00,4216.02,4210.486285714286,27.66857143,587.53392857,0.0,take_profit
full_current_btc_gold_fixed,BTCUSD,SELL,0.5,2025-12-11T12:05:00+00:00,2025-12-11T12:20:00+00:00,90185.85,90243.78214285715,-28.96607143,558.56785714,-28.96607143,stop_loss
full_current_btc_gold_fixed,BTCUSD,SELL,0.5,2025-12-11T12:55:00+00:00,2025-12-11T13:00:00+00:00,90036.35,90114.3892857143,-39.01964286,519.54821429,-67.98571429,stop_loss
full_current_btc_gold_fixed,GOLD,SELL,5.0,2025-12-11T14:20:00+00:00,2025-12-11T14:35:00+00:00,4230.870000000001,4239.07392857143,-41.01964286,478.52857143,-109.00535714,stop_loss
full_current_btc_gold_fixed,GOLD,SELL,5.0,2025-12-11T14:35:00+00:00,2025-12-11T14:45:00+00:00,4239.969999999999,4233.224285714285,33.72857143,512.25714286,-75.27678571,take_profit
full_current_btc_gold_fixed,GOLD,SELL,5.0,2025-12-11T15:55:00+00:00,2025-12-11T16:45:00+00:00,4256.129999999999,4265.243571428571,-45.56785714,466.68928571,-120.84464286,stop_loss
full_current_btc_gold_fixed,BTCUSD,BUY,0.5,2025-12-12T09:55:00+00:00,2025-12-12T10:45:00+00:00,92539.1,92432.00714285715,-53.54642857,413.14285714,-174.39107143,stop_loss
full_current_btc_gold_fixed,BTCUSD,BUY,0.5,2025-12-12T13:15:00+00:00,2025-12-12T13:20:00+00:00,92509.2,92424.11428571428,-42.54285714,370.6,-216.93392857,stop_loss
full_current_btc_gold_fixed,GOLD,SELL,5.0,2025-12-12T13:55:00+00:00,2025-12-12T14:30:00+00:00,4341.07,4334.601142857142,32.34428571,402.94428571,-184.58964286,take_profit
full_current_btc_gold_fixed,GOLD,BUY,5.0,2025-12-12T16:00:00+00:00,2025-12-12T17:40:00+00:00,4277.280000000001,4293.918857142858,83.19428571,486.13857143,-101.39535714,take_profit
full_current_btc_gold_fixed,BTCUSD,SELL,0.5,2025-12-13T11:40:00+00:00,2025-12-13T11:45:00+00:00,90367.2,90410.81428571428,-21.80714286,464.33142857,-123.2025,stop_loss
full_current_btc_gold_fixed,BTCUSD,SELL,0.5,2025-12-13T12:45:00+00:00,2025-12-13T13:00:00+00:00,90314.05,90372.77857142857,-29.36428571,434.96714286,-152.56678571,stop_loss
full_current_btc_gold_fixed,BTCUSD,SELL,0.5,2025-12-14T09:30:00+00:00,2025-12-14T10:10:00+00:00,90075.3,89958.79285714286,58.25357143,493.22071429,-94.31321429,take_profit
full_current_btc_gold_fixed,BTCUSD,SELL,0.5,2025-12-14T10:10:00+00:00,2025-12-14T10:15:00+00:00,89825.8,89873.36785714286,-23.78392857,469.43678571,-118.09714286,stop_loss
full_current_btc_gold_fixed,BTCUSD,BUY,0.5,2025-12-15T09:00:00+00:00,2025-12-15T09:10:00+00:00,89924.5,89837.54285714286,-43.47857143,425.95821429,-161.57571429,stop_loss
full_current_btc_gold_fixed,BTCUSD,SELL,0.5,2025-12-15T14:30:00+00:00,2025-12-15T14:35:00+00:00,89075.6,89216.51785714287,-70.45892857,355.49928571,-232.03464286,stop_loss
full_current_btc_gold_fixed,GOLD,BUY,5.0,2025-12-15T16:20:00+00:00,2025-12-15T17:45:00+00:00,4295.51,4305.72542857143,51.07714286,406.57642857,-180.9575,take_profit
full_current_btc_gold_fixed,BTCUSD,SELL,0.5,2025-12-16T07:40:00+00:00,2025-12-16T07:45:00+00:00,85882.9,85998.85714285713,-57.97857143,348.59785714,-238.93607143,stop_loss
full_current_btc_gold_fixed,BTCUSD,BUY,0.5,2025-12-16T10:35:00+00:00,2025-12-16T10:40:00+00:00,86733.8,87052.42142857143,159.31071429,507.90857143,-79.62535714,take_profit
full_current_btc_gold_fixed,GOLD,SELL,5.0,2025-12-16T13:05:00+00:00,2025-12-16T13:20:00+00:00,4296.24,4301.672142857143,-27.16071429,480.74785714,-106.78607143,stop_loss
full_current_btc_gold_fixed,GOLD,SELL,5.0,2025-12-16T13:20:00+00:00,2025-12-16T13:30:00+00:00,4301.0,4306.175,-25.875,454.87285714,-132.66107143,stop_loss
full_current_btc_gold_fixed,GOLD,SELL,5.0,2025-12-16T13:30:00+00:00,2025-12-16T13:40:00+00:00,4307.469999999999,4302.877428571428,22.96285714,477.83571429,-109.69821429,take_profit
full_current_btc_gold_fixed,BTCUSD,SELL,0.5,2025-12-17T08:25:00+00:00,2025-12-17T10:10:00+00:00,86489.75,86611.95714285714,-61.10357143,416.73214286,-170.80178571,stop_loss
full_current_btc_gold_fixed,BTCUSD,BUY,0.5,2025-12-17T12:00:00+00:00,2025-12-17T12:10:00+00:00,87148.55,87050.20357142857,-49.17321429,367.55892857,-219.975,stop_loss
full_current_btc_gold_fixed,GOLD,SELL,5.0,2025-12-17T13:15:00+00:00,2025-12-17T13:30:00+00:00,4329.200000000001,4334.472500000001,-26.3625,341.19642857,-246.3375,stop_loss
full_current_btc_gold_fixed,GOLD,SELL,5.0,2025-12-17T13:30:00+00:00,2025-12-17T13:40:00+00:00,4332.719999999999,4338.456428571428,-28.68214286,312.51428571,-275.01964286,stop_loss
full_current_btc_gold_fixed,GOLD,SELL,5.0,2025-12-17T13:40:00+00:00,2025-12-17T13:45:00+00:00,4338.360000000001,4333.481142857144,24.39428571,336.90857143,-250.62535714,take_profit
full_current_btc_gold_fixed,BTCUSD,BUY,0.5,2025-12-18T07:10:00+00:00,2025-12-18T08:00:00+00:00,86766.2,86677.68928571428,-44.25535714,292.65321429,-294.88071429,stop_loss
full_current_btc_gold_fixed,BTCUSD,BUY,0.5,2025-12-18T08:20:00+00:00,2025-12-18T09:00:00+00:00,86944.1,86851.22857142858,-46.43571429,246.2175,-341.31642857,stop_loss
full_current_btc_gold_fixed,GOLD,BUY,5.0,2025-12-18T13:05:00+00:00,2025-12-18T13:15:00+00:00,4318.49,4321.964857142857,17.37428571,263.59178571,-323.94214286,take_profit
full_current_btc_gold_fixed,GOLD,SELL,5.0,2025-12-18T13:45:00+00:00,2025-12-18T14:00:00+00:00,4339.8099999999995,4333.945857142857,29.32071429,292.9125,-294.62142857,take_profit
full_current_btc_gold_fixed,GOLD,SELL,5.0,2025-12-18T16:05:00+00:00,2025-12-18T16:10:00+00:00,4346.74,4355.322142857143,-42.91071429,250.00178571,-337.53214286,stop_loss
full_current_btc_gold_fixed,BTCUSD,BUY,0.5,2025-12-19T07:00:00+00:00,2025-12-19T07:10:00+00:00,87694.0,88128.95714285715,217.47857143,467.48035714,-120.05357143,take_profit
full_current_btc_gold_fixed,BTCUSD,BUY,0.5,2025-12-19T07:10:00+00:00,2025-12-19T07:15:00+00:00,88088.95,87907.35714285714,-90.79642857,376.68392857,-210.85,stop_loss
full_current_btc_gold_fixed,GOLD,SELL,5.0,2025-12-19T15:55:00+00:00,2025-12-19T17:55:00+00:00,4347.83,4355.868928571428,-40.19464286,336.48928571,-251.04464286,stop_loss
full_current_btc_gold_fixed,GOLD,SELL,5.0,2025-12-19T18:20:00+00:00,2025-12-19T18:30:00+00:00,4354.84,4351.017142857143,19.11428571,355.60357143,-231.93035714,take_profit
full_current_btc_gold_fixed,BTCUSD,BUY,0.5,2025-12-20T12:05:00+00:00,2025-12-20T12:10:00+00:00,88282.25,88239.03928571429,-21.60535714,333.99821429,-253.53571429,stop_loss
full_current_btc_gold_fixed,BTCUSD,SELL,0.5,2025-12-20T13:15:00+00:00,2025-12-20T13:20:00+00:00,87994.9,88050.03928571429,-27.56964286,306.42857143,-281.10535714,stop_loss
full_current_btc_gold_fixed,BTCUSD,SELL,0.5,2025-12-21T07:40:00+00:00,2025-12-21T07:45:00+00:00,88041.05,88068.82500000001,-13.8875,292.54107143,-294.99285714,stop_loss
full_current_btc_gold_fixed,BTCUSD,BUY,0.5,2025-12-21T08:20:00+00:00,2025-12-21T08:30:00+00:00,88199.95,88296.58214285714,48.31607143,340.85714286,-246.67678571,take_profit
full_current_btc_gold_fixed,BTCUSD,BUY,0.5,2025-12-22T07:00:00+00:00,2025-12-22T08:15:00+00:00,88990.95,89272.575,140.8125,481.66964286,-105.86428571,take_profit
full_current_btc_gold_fixed,BTCUSD,BUY,0.5,2025-12-22T08:15:00+00:00,2025-12-22T08:20:00+00:00,89437.9,89749.73928571427,155.91964286,637.58928571,0.0,take_profit
full_current_btc_gold_fixed,GOLD,SELL,5.0,2025-12-22T13:00:00+00:00,2025-12-22T13:10:00+00:00,4417.950000000001,4422.463928571429,-22.56964286,615.01964286,-22.56964286,stop_loss
full_current_btc_gold_fixed,GOLD,SELL,5.0,2025-12-22T13:10:00+00:00,2025-12-22T13:20:00+00:00,4425.66,4421.544857142857,20.57571429,635.59535714,-1.99392857,take_profit
full_current_btc_gold_fixed,GOLD,SELL,5.0,2025-12-22T16:05:00+00:00,2025-12-22T20:05:00+00:00,4434.74,4437.950000000001,-16.05,619.54535714,-18.04392857,max_hold
full_current_btc_gold_fixed,BTCUSD,SELL,0.5,2025-12-23T09:20:00+00:00,2025-12-23T09:40:00+00:00,87337.0,87418.87142857144,-40.93571429,578.60964286,-58.97964286,stop_loss
full_current_btc_gold_fixed,BTCUSD,SELL,0.5,2025-12-23T13:35:00+00:00,2025-12-23T13:40:00+00:00,87539.2,87669.73571428572,-65.26785714,513.34178571,-124.2475,stop_loss
full_current_btc_gold_fixed,GOLD,BUY,5.0,2025-12-23T14:30:00+00:00,2025-12-23T14:55:00+00:00,4457.77,4445.421785714287,-61.74107143,451.60071429,-185.98857143,stop_loss
full_current_btc_gold_fixed,GOLD,BUY,5.0,2025-12-23T14:55:00+00:00,2025-12-23T15:00:00+00:00,4446.42,4431.334285714286,-75.42857143,376.17214286,-261.41714286,stop_loss
full_current_btc_gold_fixed,GOLD,BUY,5.0,2025-12-23T15:00:00+00:00,2025-12-23T15:10:00+00:00,4434.25,4446.733428571428,62.41714286,438.58928571,-199.0,take_profit
full_current_btc_gold_fixed,BTCUSD,SELL,0.5,2025-12-24T08:20:00+00:00,2025-12-24T08:25:00+00:00,86742.75,86830.66428571429,-43.95714286,394.63214286,-242.95714286,stop_loss
full_current_btc_gold_fixed,BTCUSD,SELL,0.5,2025-12-24T08:55:00+00:00,2025-12-24T10:05:00+00:00,86726.1,86835.15714285715,-54.52857143,340.10357143,-297.48571429,stop_loss
full_current_btc_gold_fixed,GOLD,BUY,5.0,2025-12-24T13:15:00+00:00,2025-12-24T13:35:00+00:00,4480.219999999999,4484.943714285713,23.61857143,363.72214286,-273.86714286,take_profit
full_current_btc_gold_fixed,GOLD,BUY,5.0,2025-12-24T15:40:00+00:00,2025-12-24T16:00:00+00:00,4453.23,4465.375714285714,60.72857143,424.45071429,-213.13857143,take_profit
full_current_btc_gold_fixed,BTCUSD,SELL,0.5,2025-12-25T08:20:00+00:00,2025-12-25T08:25:00+00:00,87328.4,87392.03571428571,-31.81785714,392.63285714,-244.95642857,stop_loss
full_current_btc_gold_fixed,BTCUSD,SELL,0.5,2025-12-25T10:35:00+00:00,2025-12-25T10:40:00+00:00,87224.15,87271.2357142857,-23.54285714,369.09,-268.49928571,stop_loss
full_current_btc_gold_fixed,BTCUSD,BUY,0.5,2025-12-26T07:10:00+00:00,2025-12-26T07:30:00+00:00,89294.55,89214.25,-40.15,328.94,-308.64928571,stop_loss
full_current_btc_gold_fixed,BTCUSD,BUY,0.5,2025-12-26T09:45:00+00:00,2025-12-26T09:55:00+00:00,88821.65,88757.58214285714,-32.03392857,296.90607143,-340.68321429,stop_loss
full_current_btc_gold_fixed,GOLD,SELL,5.0,2025-12-26T13:35:00+00:00,2025-12-26T13:45:00+00:00,4524.02,4518.999714285715,25.10142857,322.0075,-315.58178571,take_profit
full_current_btc_gold_fixed,GOLD,SELL,5.0,2025-12-26T14:00:00+00:00,2025-12-26T14:40:00+00:00,4526.59,4520.104857142857,32.42571429,354.43321429,-283.15607143,take_profit
full_current_btc_gold_fixed,GOLD,SELL,5.0,2025-12-26T15:45:00+00:00,2025-12-26T16:10:00+00:00,4544.35,4536.28,40.35,394.78321429,-242.80607143,take_profit
full_current_btc_gold_fixed,BTCUSD,SELL,0.5,2025-12-27T10:30:00+00:00,2025-12-27T11:15:00+00:00,87425.95,87468.87142857142,-21.46071429,373.3225,-264.26678571,stop_loss
full_current_btc_gold_fixed,BTCUSD,SELL,0.5,2025-12-27T13:20:00+00:00,2025-12-27T13:35:00+00:00,87350.4,87372.61428571428,-11.10714286,362.21535714,-275.37392857,stop_loss
full_current_btc_gold_fixed,BTCUSD,BUY,0.5,2025-12-28T08:05:00+00:00,2025-12-28T08:30:00+00:00,87742.45,87712.4,-15.025,347.19035714,-290.39892857,stop_loss
full_current_btc_gold_fixed,BTCUSD,BUY,0.5,2025-12-28T08:35:00+00:00,2025-12-28T08:40:00+00:00,87796.45,87884.03928571429,43.79464286,390.985,-246.60428571,take_profit
full_current_btc_gold_fixed,BTCUSD,SELL,0.5,2025-12-29T09:35:00+00:00,2025-12-29T09:45:00+00:00,88427.05,87906.36785714286,260.34107143,651.32607143,0.0,take_profit
full_current_btc_gold_fixed,BTCUSD,SELL,0.5,2025-12-29T09:45:00+00:00,2025-12-29T12:05:00+00:00,87976.85,87357.38214285715,309.73392857,961.06,0.0,take_profit
full_current_btc_gold_fixed,GOLD,BUY,5.0,2025-12-29T13:40:00+00:00,2025-12-29T13:45:00+00:00,4429.66,4419.048571428571,-53.05714286,908.00285714,-53.05714286,stop_loss
full_current_btc_gold_fixed,GOLD,BUY,5.0,2025-12-29T13:45:00+00:00,2025-12-29T14:00:00+00:00,4417.08,4405.527857142857,-57.76071429,850.24214286,-110.81785714,stop_loss
full_current_btc_gold_fixed,GOLD,BUY,5.0,2025-12-29T14:00:00+00:00,2025-12-29T14:30:00+00:00,4400.129999999999,4384.344642857142,-78.92678571,771.31535714,-189.74464286,stop_loss
full_current_btc_gold_fixed,BTCUSD,BUY,0.5,2025-12-30T08:00:00+00:00,2025-12-30T08:10:00+00:00,87602.65,87817.86785714286,107.60892857,878.92428571,-82.13571429,take_profit
full_current_btc_gold_fixed,BTCUSD,BUY,0.5,2025-12-30T08:10:00+00:00,2025-12-30T08:15:00+00:00,87772.5,88051.38214285715,139.44107143,1018.36535714,0.0,take_profit
full_current_btc_gold_fixed,GOLD,SELL,5.0,2025-12-30T13:00:00+00:00,2025-12-30T13:10:00+00:00,4402.799999999999,4397.330571428571,27.34714286,1045.7125,0.0,take_profit
full_current_btc_gold_fixed,GOLD,BUY,5.0,2025-12-30T19:30:00+00:00,2025-12-30T19:45:00+00:00,4361.799999999999,4356.530714285714,-26.34642857,1019.36607143,-26.34642857,stop_loss
full_current_btc_gold_fixed,GOLD,BUY,5.0,2025-12-30T19:45:00+00:00,2025-12-30T19:50:00+00:00,4349.82,4343.681785714285,-30.69107143,988.675,-57.0375,stop_loss
full_current_btc_gold_fixed,BTCUSD,BUY,0.5,2025-12-31T07:35:00+00:00,2025-12-31T08:35:00+00:00,88498.3,88455.36428571428,-21.46785714,967.20714286,-78.50535714,stop_loss
full_current_btc_gold_fixed,BTCUSD,BUY,0.5,2025-12-31T10:10:00+00:00,2025-12-31T10:20:00+00:00,88685.8,88641.7,-22.05,945.15714286,-100.55535714,stop_loss
full_current_btc_gold_fixed,GOLD,SELL,5.0,2025-12-31T13:45:00+00:00,2025-12-31T13:55:00+00:00,4339.639999999999,4347.943571428571,-41.51785714,903.63928571,-142.07321429,stop_loss
full_current_btc_gold_fixed,GOLD,SELL,5.0,2025-12-31T13:55:00+00:00,2025-12-31T14:00:00+00:00,4345.950000000001,4339.05942857143,34.45285714,938.09214286,-107.62035714,take_profit
full_current_btc_gold_fixed,GOLD,SELL,5.0,2025-12-31T14:00:00+00:00,2025-12-31T14:25:00+00:00,4341.34,4333.760285714286,37.89857143,975.99071429,-69.72178571,take_profit
full_current_btc_gold_fixed,BTCUSD,BUY,0.5,2026-01-01T11:50:00+00:00,2026-01-01T12:30:00+00:00,87840.8,87811.49642857144,-14.65178571,961.33892857,-84.37357143,stop_loss
full_current_btc_gold_fixed,BTCUSD,BUY,0.5,2026-01-01T15:15:00+00:00,2026-01-01T15:25:00+00:00,87916.95,87867.50357142856,-24.72321429,936.61571429,-109.09678571,stop_loss
full_current_btc_gold_fixed,BTCUSD,BUY,0.5,2026-01-02T08:20:00+00:00,2026-01-02T09:45:00+00:00,88993.1,89230.43214285714,118.66607143,1055.28178571,0.0,take_profit
full_current_btc_gold_fixed,BTCUSD,BUY,0.5,2026-01-02T09:45:00+00:00,2026-01-02T09:50:00+00:00,89356.25,89263.94285714286,-46.15357143,1009.12821429,-46.15357143,stop_loss
full_current_btc_gold_fixed,GOLD,BUY,5.0,2026-01-02T14:30:00+00:00,2026-01-02T15:00:00+00:00,4355.4400000000005,4344.79,-53.25,955.87821429,-99.40357143,stop_loss
full_current_btc_gold_fixed,GOLD,BUY,5.0,2026-01-02T15:00:00+00:00,2026-01-02T15:20:00+00:00,4342.33,4330.542142857143,-58.93928571,896.93892857,-158.34285714,stop_loss
full_current_btc_gold_fixed,GOLD,BUY,5.0,2026-01-02T15:20:00+00:00,2026-01-02T15:40:00+00:00,4334.280000000001,4345.640571428573,56.80285714,953.74178571,-101.54,take_profit
full_current_btc_gold_fixed,BTCUSD,SELL,0.5,2026-01-03T08:00:00+00:00,2026-01-03T08:25:00+00:00,89591.3,89677.30714285714,-43.00357143,910.73821429,-144.54357143,stop_loss
full_current_btc_gold_fixed,BTCUSD,SELL,0.5,2026-01-03T12:05:00+00:00,2026-01-03T12:20:00+00:00,89609.4,89649.96785714285,-20.28392857,890.45428571,-164.8275,stop_loss
full_current_btc_gold_fixed,BTCUSD,BUY,0.5,2026-01-04T10:10:00+00:00,2026-01-04T10:15:00+00:00,91505.1,91437.28571428571,-33.90714286,856.54714286,-198.73464286,stop_loss
full_current_btc_gold_fixed,BTCUSD,BUY,0.5,2026-01-04T14:10:00+00:00,2026-01-04T14:15:00+00:00,91359.5,91297.10357142857,-31.19821429,825.34892857,-229.93285714,stop_loss
full_current_btc_gold_fixed,BTCUSD,BUY,0.5,2026-01-05T08:05:00+00:00,2026-01-05T08:35:00+00:00,92587.4,92530.51785714286,-28.44107143,796.90785714,-258.37392857,stop_loss
full_current_btc_gold_fixed,BTCUSD,BUY,0.5,2026-01-05T09:45:00+00:00,2026-01-05T10:00:00+00:00,92736.35,92638.02857142857,-49.16071429,747.74714286,-307.53464286,stop_loss
full_current_btc_gold_fixed,GOLD,BUY,5.0,2026-01-05T13:25:00+00:00,2026-01-05T13:30:00+00:00,4399.77,4407.384857142858,38.07428571,785.82142857,-269.46035714,take_profit
full_current_btc_gold_fixed,GOLD,SELL,5.0,2026-01-05T14:45:00+00:00,2026-01-05T15:00:00+00:00,4436.92,4446.04,-45.6,740.22142857,-315.06035714,stop_loss
full_current_btc_gold_fixed,GOLD,SELL,5.0,2026-01-05T15:00:00+00:00,2026-01-05T15:25:00+00:00,4452.030000000001,4442.908285714287,45.60857143,785.83,-269.45178571,take_profit
full_current_btc_gold_fixed,BTCUSD,SELL,0.5,2026-01-06T07:10:00+00:00,2026-01-06T07:35:00+00:00,93536.3,93262.35714285713,136.97142857,922.80142857,-132.48035714,take_profit
full_current_btc_gold_fixed,BTCUSD,SELL,0.5,2026-01-06T07:35:00+00:00,2026-01-06T08:05:00+00:00,93267.5,93369.77500000001,-51.1375,871.66392857,-183.61785714,stop_loss
full_current_btc_gold_fixed,GOLD,SELL,5.0,2026-01-06T14:30:00+00:00,2026-01-06T14:50:00+00:00,4479.110000000001,4487.7467857142865,-43.18392857,828.48,-226.80178571,stop_loss
full_current_btc_gold_fixed,GOLD,SELL,5.0,2026-01-06T14:50:00+00:00,2026-01-06T15:10:00+00:00,4487.950000000001,4480.220285714287,38.64857143,867.12857143,-188.15321429,take_profit
full_current_btc_gold_fixed,GOLD,SELL,5.0,2026-01-06T16:40:00+00:00,2026-01-06T17:40:00+00:00,4488.26,4481.847714285715,32.06142857,899.19,-156.09178571,take_profit
full_current_btc_gold_fixed,BTCUSD,SELL,0.5,2026-01-07T09:05:00+00:00,2026-01-07T09:10:00+00:00,92466.2,92218.41071428571,123.89464286,1023.08464286,-32.19714286,take_profit
full_current_btc_gold_fixed,BTCUSD,SELL,0.5,2026-01-07T09:10:00+00:00,2026-01-07T09:20:00+00:00,92219.1,91924.47857142857,147.31071429,1170.39535714,0.0,take_profit
full_current_btc_gold_fixed,GOLD,BUY,5.0,2026-01-07T15:10:00+00:00,2026-01-07T15:25:00+00:00,4426.860000000001,4436.411142857143,47.75571429,1218.15107143,0.0,take_profit
full_current_btc_gold_fixed,GOLD,SELL,5.0,2026-01-07T16:40:00+00:00,2026-01-07T17:00:00+00:00,4467.799999999999,4460.401142857141,36.99428571,1255.14535714,0.0,take_profit
full_current_btc_gold_fixed,BTCUSD,SELL,0.5,2026-01-08T07:00:00+00:00,2026-01-08T07:10:00+00:00,89762.35,89950.52142857143,-94.08571429,1161.05964286,-94.08571429,stop_loss
full_current_btc_gold_fixed,BTCUSD,SELL,0.5,2026-01-08T09:25:00+00:00,2026-01-08T10:20:00+00:00,89924.4,90049.61785714285,-62.60892857,1098.45071429,-156.69464286,stop_loss
full_current_btc_gold_fixed,GOLD,SELL,5.0,2026-01-08T15:30:00+00:00,2026-01-08T16:35:00+00:00,4450.99,4461.964642857142,-54.87321429,1043.5775,-211.56785714,stop_loss
full_current_btc_gold_fixed,GOLD,SELL,5.0,2026-01-08T17:20:00+00:00,2026-01-08T18:05:00+00:00,4461.42,4456.108285714286,26.55857143,1070.13607143,-185.00928571,take_profit
full_current_btc_gold_fixed,BTCUSD,SELL,0.5,2026-01-09T07:55:00+00:00,2026-01-09T08:00:00+00:00,90642.15,90706.47142857143,-32.16071429,1037.97535714,-217.17,stop_loss
full_current_btc_gold_fixed,BTCUSD,SELL,0.5,2026-01-09T08:00:00+00:00,2026-01-09T08:05:00+00:00,90443.55,90528.18571428572,-42.31785714,995.6575,-259.48785714,stop_loss
full_current_btc_gold_fixed,GOLD,SELL,5.0,2026-01-09T15:50:00+00:00,2026-01-09T16:10:00+00:00,4511.780000000001,4502.655714285715,45.62142857,1041.27892857,-213.86642857,take_profit
full_current_btc_gold_fixed,BTCUSD,BUY,0.5,2026-01-10T08:00:00+00:00,2026-01-10T08:05:00+00:00,90589.0,90551.275,-18.8625,1022.41642857,-232.72892857,stop_loss
full_current_btc_gold_fixed,BTCUSD,BUY,0.5,2026-01-10T09:55:00+00:00,2026-01-10T12:00:00+00:00,90634.85,90594.52142857143,-20.16428571,1002.25214286,-252.89321429,stop_loss
full_current_btc_gold_fixed,BTCUSD,BUY,0.5,2026-01-11T08:30:00+00:00,2026-01-11T08:35:00+00:00,90637.8,90611.98214285714,-12.90892857,989.34321429,-265.80214286,stop_loss
full_current_btc_gold_fixed,BTCUSD,BUY,0.5,2026-01-11T08:55:00+00:00,2026-01-11T09:25:00+00:00,90668.95,90630.28928571429,-19.33035714,970.01285714,-285.1325,stop_loss
full_current_btc_gold_fixed,BTCUSD,SELL,0.5,2026-01-12T08:30:00+00:00,2026-01-12T08:35:00+00:00,91031.55,90618.08571428571,206.73214286,1176.745,-78.40035714,take_profit
full_current_btc_gold_fixed,BTCUSD,SELL,0.5,2026-01-12T08:35:00+00:00,2026-01-12T12:35:00+00:00,90658.45,90581.75,38.35,1215.095,-40.05035714,max_hold
full_current_btc_gold_fixed,GOLD,SELL,5.0,2026-01-12T13:00:00+00:00,2026-01-12T13:05:00+00:00,4596.17,4601.597857142858,-27.13928571,1187.95571429,-67.18964286,stop_loss
full_current_btc_gold_fixed,GOLD,SELL,5.0,2026-01-12T13:05:00+00:00,2026-01-12T13:10:00+00:00,4601.32,4607.235357142857,-29.57678571,1158.37892857,-96.76642857,stop_loss
full_current_btc_gold_fixed,GOLD,SELL,5.0,2026-01-12T13:10:00+00:00,2026-01-12T13:40:00+00:00,4606.65,4613.101071428571,-32.25535714,1126.12357143,-129.02178571,stop_loss
full_current_btc_gold_fixed,BTCUSD,BUY,0.5,2026-01-13T09:00:00+00:00,2026-01-13T09:20:00+00:00,92298.1,92543.47857142858,122.68928571,1248.81285714,-6.3325,take_profit
full_current_btc_gold_fixed,BTCUSD,BUY,0.5,2026-01-13T09:20:00+00:00,2026-01-13T09:35:00+00:00,92449.15,92342.07142857142,-53.53928571,1195.27357143,-59.87178571,stop_loss
full_current_btc_gold_fixed,GOLD,SELL,5.0,2026-01-13T13:10:00+00:00,2026-01-13T13:30:00+00:00,4602.84,4609.028571428572,-30.94285714,1164.33071429,-90.81464286,stop_loss
full_current_btc_gold_fixed,GOLD,SELL,5.0,2026-01-13T13:30:00+00:00,2026-01-13T14:20:00+00:00,4613.360000000001,4621.583214285715,-41.11607143,1123.21464286,-131.93071429,stop_loss
full_current_btc_gold_fixed,GOLD,BUY,5.0,2026-01-13T17:55:00+00:00,2026-01-13T18:20:00+00:00,4590.58,4582.559285714286,-40.10357143,1083.11107143,-172.03428571,stop_loss
full_current_btc_gold_fixed,BTCUSD,BUY,0.5,2026-01-14T07:45:00+00:00,2026-01-14T08:35:00+00:00,95169.35,95050.58571428573,-59.38214286,1023.72892857,-231.41642857,stop_loss
full_current_btc_gold_fixed,BTCUSD,BUY,0.5,2026-01-14T13:20:00+00:00,2026-01-14T13:30:00+00:00,95151.8,95070.46071428571,-40.66964286,983.05928571,-272.08607143,stop_loss
full_current_btc_gold_fixed,GOLD,BUY,5.0,2026-01-14T14:45:00+00:00,2026-01-14T14:50:00+00:00,4607.889999999999,4615.744857142857,39.27428571,1022.33357143,-232.81178571,take_profit
full_current_btc_gold_fixed,GOLD,BUY,5.0,2026-01-14T15:00:00+00:00,2026-01-14T15:10:00+00:00,4605.57,4614.732857142857,45.81428571,1068.14785714,-186.9975,take_profit
full_current_btc_gold_fixed,GOLD,SELL,5.0,2026-01-14T18:50:00+00:00,2026-01-14T19:00:00+00:00,4634.96,4641.887857142857,-34.63928571,1033.50857143,-221.63678571,stop_loss
full_current_btc_gold_fixed,BTCUSD,BUY,0.5,2026-01-15T07:40:00+00:00,2026-01-15T08:00:00+00:00,96590.95,96481.00714285714,-54.97142857,978.53714286,-276.60821429,stop_loss
full_current_btc_gold_fixed,BTCUSD,BUY,0.5,2026-01-15T09:25:00+00:00,2026-01-15T09:40:00+00:00,96752.7,97036.89642857143,142.09821429,1120.63535714,-134.51,take_profit
full_current_btc_gold_fixed,GOLD,BUY,5.0,2026-01-15T13:30:00+00:00,2026-01-15T13:45:00+00:00,4595.08,4587.912142857143,-35.83928571,1084.79607143,-170.34928571,stop_loss
full_current_btc_gold_fixed,GOLD,BUY,5.0,2026-01-15T13:45:00+00:00,2026-01-15T14:05:00+00:00,4588.1,4595.219428571429,35.59714286,1120.39321429,-134.75214286,take_profit
full_current_btc_gold_fixed,GOLD,SELL,5.0,2026-01-15T18:00:00+00:00,2026-01-15T18:30:00+00:00,4619.0599999999995,4615.123142857142,19.68428571,1140.0775,-115.06785714,take_profit
full_current_btc_gold_fixed,BTCUSD,SELL,0.5,2026-01-16T10:00:00+00:00,2026-01-16T10:30:00+00:00,95541.55,95352.2392857143,94.65535714,1234.73285714,-20.4125,take_profit
full_current_btc_gold_fixed,BTCUSD,SELL,0.5,2026-01-16T10:30:00+00:00,2026-01-16T11:50:00+00:00,95355.7,95415.19285714286,-29.74642857,1204.98642857,-50.15892857,stop_loss
full_current_btc_gold_fixed,GOLD,BUY,5.0,2026-01-16T13:15:00+00:00,2026-01-16T13:30:00+00:00,4587.46,4593.582571428571,30.61285714,1235.59928571,-19.54607143,take_profit
full_current_btc_gold_fixed,GOLD,BUY,5.0,2026-01-16T15:25:00+00:00,2026-01-16T15:30:00+00:00,4565.139999999999,4550.375714285714,-73.82142857,1161.77785714,-93.3675,stop_loss
full_current_btc_gold_fixed,GOLD,BUY,5.0,2026-01-16T15:30:00+00:00,2026-01-16T15:45:00+00:00,4544.32,4558.6702857142855,71.75142857,1233.52928571,-21.61607143,take_profit
full_current_btc_gold_fixed,BTCUSD,SELL,0.5,2026-01-17T08:00:00+00:00,2026-01-17T08:15:00+00:00,95103.15,95153.0,-24.925,1208.60428571,-46.54107143,stop_loss
full_current_btc_gold_fixed,BTCUSD,SELL,0.5,2026-01-17T10:40:00+00:00,2026-01-17T11:20:00+00:00,95131.05,95163.06785714286,-16.00892857,1192.59535714,-62.55,stop_loss
full_current_btc_gold_fixed,BTCUSD,SELL,0.5,2026-01-18T07:30:00+00:00,2026-01-18T07:45:00+00:00,95013.2,95043.59642857143,-15.19821429,1177.39714286,-77.74821429,stop_loss
full_current_btc_gold_fixed,BTCUSD,BUY,0.5,2026-01-18T09:30:00+00:00,2026-01-18T10:00:00+00:00,95199.35,95170.725,-14.3125,1163.08464286,-92.06071429,stop_loss
full_current_btc_gold_fixed,BTCUSD,SELL,0.5,2026-01-19T13:15:00+00:00,2026-01-19T13:35:00+00:00,92901.7,92986.78214285715,-42.54107143,1120.54357143,-134.60178571,stop_loss
full_current_btc_gold_fixed,BTCUSD,SELL,0.5,2026-01-19T14:35:00+00:00,2026-01-19T14:45:00+00:00,92704.45,92793.80714285714,-44.67857143,1075.865,-179.28035714,stop_loss
full_current_btc_gold_fixed,GOLD,SELL,5.0,2026-01-19T17:40:00+00:00,2026-01-19T18:00:00+00:00,4676.26,4673.985142857144,11.37428571,1087.23928571,-167.90607143,take_profit
full_current_btc_gold_fixed,GOLD,SELL,5.0,2026-01-19T18:20:00+00:00,2026-01-19T18:30:00+00:00,4679.24,4676.466285714286,13.86857143,1101.10785714,-154.0375,take_profit
full_current_btc_gold_fixed,BTCUSD,SELL,0.5,2026-01-20T08:35:00+00:00,2026-01-20T08:45:00+00:00,90642.85,90788.26071428572,-72.70535714,1028.4025,-226.74285714,stop_loss
full_current_btc_gold_fixed,BTCUSD,SELL,0.5,2026-01-20T12:15:00+00:00,2026-01-20T12:25:00+00:00,91025.1,91094.77142857143,-34.83571429,993.56678571,-261.57857143,stop_loss
full_current_btc_gold_fixed,GOLD,SELL,5.0,2026-01-20T14:15:00+00:00,2026-01-20T14:30:00+00:00,4745.120000000001,4736.0102857142865,45.54857143,1039.11535714,-216.03,take_profit
full_current_btc_gold_fixed,GOLD,SELL,5.0,2026-01-20T16:45:00+00:00,2026-01-20T16:55:00+00:00,4748.860000000001,4757.618928571429,-43.79464286,995.32071429,-259.82464286,stop_loss
full_current_btc_gold_fixed,GOLD,SELL,5.0,2026-01-20T16:55:00+00:00,2026-01-20T17:00:00+00:00,4753.719999999999,4747.1645714285705,32.77714286,1028.09785714,-227.0475,take_profit
full_current_btc_gold_fixed,BTCUSD,SELL,0.5,2026-01-21T07:30:00+00:00,2026-01-21T07:55:00+00:00,89313.2,88989.25357142856,161.97321429,1190.07107143,-65.07428571,take_profit
full_current_btc_gold_fixed,BTCUSD,SELL,0.5,2026-01-21T08:35:00+00:00,2026-01-21T08:55:00+00:00,88945.85,89080.70357142857,-67.42678571,1122.64428571,-132.50107143,stop_loss
full_current_btc_gold_fixed,GOLD,SELL,5.0,2026-01-21T13:55:00+00:00,2026-01-21T14:00:00+00:00,4879.46,4872.470857142857,34.94571429,1157.59,-97.55535714,take_profit
full_current_btc_gold_fixed,GOLD,BUY,5.0,2026-01-21T17:40:00+00:00,2026-01-21T17:50:00+00:00,4810.02,4823.146285714286,65.63142857,1223.22142857,-31.92392857,take_profit
full_current_btc_gold_fixed,GOLD,BUY,5.0,2026-01-21T19:35:00+00:00,2026-01-21T19:50:00+00:00,4773.8150000000005,4756.271964285715,-87.71517857,1135.50625,-119.63910714,stop_loss
full_current_btc_gold_fixed,BTCUSD,BUY,0.5,2026-01-22T09:35:00+00:00,2026-01-22T10:00:00+00:00,90019.75,89939.54642857143,-40.10178571,1095.40446429,-159.74089286,stop_loss
full_current_btc_gold_fixed,BTCUSD,BUY,0.5,2026-01-22T13:20:00+00:00,2026-01-22T13:30:00+00:00,90030.2,89976.67142857143,-26.76428571,1068.64017857,-186.50517857,stop_loss
full_current_btc_gold_fixed,GOLD,SELL,5.0,2026-01-22T14:40:00+00:00,2026-01-22T14:45:00+00:00,4845.91,4837.065571428571,44.22214286,1112.86232143,-142.28303571,take_profit
full_current_btc_gold_fixed,GOLD,SELL,5.0,2026-01-22T14:50:00+00:00,2026-01-22T14:55:00+00:00,4844.885,4836.082142857143,44.01428571,1156.87660714,-98.26875,take_profit
full_current_btc_gold_fixed,GOLD,SELL,5.0,2026-01-22T15:25:00+00:00,2026-01-22T15:50:00+00:00,4853.925,4867.46625,-67.70625,1089.17035714,-165.975,stop_loss
full_current_btc_gold_fixed,BTCUSD,SELL,0.5,2026-01-23T08:25:00+00:00,2026-01-23T09:15:00+00:00,89222.45,88974.5857142857,123.93214286,1213.1025,-42.04285714,take_profit
full_current_btc_gold_fixed,BTCUSD,SELL,0.5,2026-01-23T09:15:00+00:00,2026-01-23T11:05:00+00:00,88947.15,89072.15,-62.5,1150.6025,-104.54285714,stop_loss
full_current_btc_gold_fixed,GOLD,SELL,5.0,2026-01-23T14:45:00+00:00,2026-01-23T14:55:00+00:00,4953.764999999999,4946.017285714285,38.73857143,1189.34107143,-65.80428571,take_profit
full_current_btc_gold_fixed,GOLD,SELL,5.0,2026-01-23T16:05:00+00:00,2026-01-23T16:25:00+00:00,4973.764999999999,4985.698571428571,-59.66785714,1129.67321429,-125.47214286,stop_loss
full_current_btc_gold_fixed,GOLD,SELL,5.0,2026-01-23T16:25:00+00:00,2026-01-23T16:45:00+00:00,4985.525,4976.570428571428,44.77285714,1174.44607143,-80.69928571,take_profit
full_current_btc_gold_fixed,BTCUSD,SELL,0.5,2026-01-24T08:00:00+00:00,2026-01-24T08:50:00+00:00,89490.5,89527.87857142856,-18.68928571,1155.75678571,-99.38857143,stop_loss
full_current_btc_gold_fixed,BTCUSD,SELL,0.5,2026-01-24T12:05:00+00:00,2026-01-24T12:30:00+00:00,89409.85,89429.56071428572,-9.85535714,1145.90142857,-109.24392857,stop_loss
full_current_btc_gold_fixed,BTCUSD,SELL,0.5,2026-01-25T08:35:00+00:00,2026-01-25T08:40:00+00:00,88302.4,88135.94285714286,83.22857143,1229.13,-26.01535714,take_profit
full_current_btc_gold_fixed,BTCUSD,SELL,0.5,2026-01-25T08:40:00+00:00,2026-01-25T09:20:00+00:00,88171.6,88266.66785714286,-47.53392857,1181.59607143,-73.54928571,stop_loss
full_current_btc_gold_fixed,BTCUSD,BUY,0.5,2026-01-26T08:00:00+00:00,2026-01-26T08:10:00+00:00,88022.1,87907.53214285715,-57.28392857,1124.31214286,-130.83321429,stop_loss
full_current_btc_gold_fixed,BTCUSD,BUY,0.5,2026-01-26T08:20:00+00:00,2026-01-26T08:45:00+00:00,88089.55,87936.68928571428,-76.43035714,1047.88178571,-207.26357143,stop_loss
full_current_btc_gold_fixed,GOLD,BUY,5.0,2026-01-26T19:00:00+00:00,2026-01-26T19:05:00+00:00,5045.79,5060.192142857143,72.01071429,1119.8925,-135.25285714,take_profit
full_current_btc_gold_fixed,GOLD,BUY,5.0,2026-01-26T19:20:00+00:00,2026-01-26T19:30:00+00:00,5022.0599999999995,5039.8418571428565,88.90928571,1208.80178571,-46.34357143,take_profit
full_current_btc_gold_fixed,BTCUSD,SELL,0.5,2026-01-27T08:45:00+00:00,2026-01-27T08:50:00+00:00,88004.8,88076.96785714285,-36.08392857,1172.71785714,-82.4275,stop_loss
full_current_btc_gold_fixed,BTCUSD,SELL,0.5,2026-01-27T09:00:00+00:00,2026-01-27T09:55:00+00:00,87984.9,87777.12857142858,103.88571429,1276.60357143,0.0,take_profit
full_current_btc_gold_fixed,GOLD,BUY,5.0,2026-01-27T14:15:00+00:00,2026-01-27T14:30:00+00:00,5055.17,5067.057714285715,59.43857143,1336.04214286,0.0,take_profit
full_current_btc_gold_fixed,BTCUSD,BUY,0.5,2026-01-28T09:35:00+00:00,2026-01-28T10:15:00+00:00,89214.3,89516.60357142857,151.15178571,1487.19392857,0.0,take_profit
full_current_btc_gold_fixed,BTCUSD,BUY,0.5,2026-01-28T11:45:00+00:00,2026-01-28T11:55:00+00:00,89701.15,90000.45357142856,149.65178571,1636.84571429,0.0,take_profit
full_current_btc_gold_fixed,GOLD,SELL,5.0,2026-01-28T13:00:00+00:00,2026-01-28T13:10:00+00:00,5288.19,5279.462571428571,43.63714286,1680.48285714,0.0,take_profit
full_current_btc_gold_fixed,GOLD,SELL,5.0,2026-01-28T16:55:00+00:00,2026-01-28T17:35:00+00:00,5299.9,5288.7447142857145,55.77642857,1736.25928571,0.0,take_profit
full_current_btc_gold_fixed,GOLD,SELL,5.0,2026-01-28T19:45:00+00:00,2026-01-28T20:00:00+00:00,5316.17,5336.5710714285715,-102.00535714,1634.25392857,-102.00535714,stop_loss
full_current_btc_gold_fixed,BTCUSD,SELL,0.5,2026-01-29T08:05:00+00:00,2026-01-29T08:25:00+00:00,87879.7,87971.48214285714,-45.89107143,1588.36285714,-147.89642857,stop_loss
full_current_btc_gold_fixed,BTCUSD,SELL,0.5,2026-01-29T09:50:00+00:00,2026-01-29T11:05:00+00:00,87778.5,87868.29285714286,-44.89642857,1543.46642857,-192.79285714,stop_loss
full_current_btc_gold_fixed,GOLD,BUY,5.0,2026-01-29T15:05:00+00:00,2026-01-29T15:10:00+00:00,5414.845,5374.105535714286,-203.69732143,1339.76910714,-396.49017857,stop_loss
full_current_btc_gold_fixed,GOLD,BUY,5.0,2026-01-29T15:10:00+00:00,2026-01-29T15:15:00+00:00,5384.73,5338.3575,-231.8625,1107.90660714,-628.35267857,stop_loss
full_current_btc_gold_fixed,GOLD,BUY,5.0,2026-01-29T15:15:00+00:00,2026-01-29T15:25:00+00:00,5333.265,5278.426607142857,-274.19196429,833.71464286,-902.54464286,stop_loss
full_current_btc_gold_fixed,BTCUSD,SELL,0.5,2026-01-30T09:25:00+00:00,2026-01-30T09:35:00+00:00,82264.35,82417.21785714287,-76.43392857,757.28071429,-978.97857143,stop_loss
full_current_btc_gold_fixed,GOLD,BUY,5.0,2026-01-30T13:20:00+00:00,2026-01-30T14:00:00+00:00,5026.59,5061.817285714285,176.13642857,933.41714286,-802.84214286,take_profit
full_current_btc_gold_fixed,BTCUSD,BUY,0.5,2026-01-30T14:35:00+00:00,2026-01-30T14:50:00+00:00,83335.05,83107.21428571429,-113.91785714,819.49928571,-916.76,stop_loss
full_current_btc_gold_fixed,GOLD,BUY,5.0,2026-01-30T16:35:00+00:00,2026-01-30T16:40:00+00:00,4973.03,5001.353428571429,141.61714286,961.11642857,-775.14285714,take_profit
full_current_btc_gold_fixed,GOLD,BUY,5.0,2026-01-30T17:05:00+00:00,2026-01-30T17:40:00+00:00,4931.9400000000005,4886.92125,-225.09375,736.02267857,-1000.23660714,stop_loss
full_current_btc_gold_fixed,BTCUSD,SELL,0.5,2026-01-31T08:00:00+00:00,2026-01-31T08:10:00+00:00,83356.3,83061.33571428573,147.48214286,883.50482143,-852.75446429,take_profit
full_current_btc_gold_fixed,BTCUSD,SELL,0.5,2026-01-31T08:10:00+00:00,2026-01-31T08:30:00+00:00,83197.55,82849.72142857144,173.91428571,1057.41910714,-678.84017857,take_profit
full_current_btc_gold_fixed,BTCUSD,SELL,0.5,2026-02-01T07:00:00+00:00,2026-02-01T07:10:00+00:00,78066.6,78187.8,-60.6,996.81910714,-739.44017857,stop_loss
full_current_btc_gold_fixed,BTCUSD,SELL,0.5,2026-02-01T10:40:00+00:00,2026-02-01T11:30:00+00:00,78309.2,78481.45714285714,-86.12857143,910.69053571,-825.56875,stop_loss
full_current_btc_gold_fixed,BTCUSD,BUY,0.5,2026-02-02T09:25:00+00:00,2026-02-02T12:20:00+00:00,77270.95,77996.90714285715,362.97857143,1273.66910714,-462.59017857,take_profit
full_current_btc_gold_fixed,BTCUSD,BUY,0.5,2026-02-02T12:20:00+00:00,2026-02-02T12:30:00+00:00,78060.2,77918.39285714286,-70.90357143,1202.76553571,-533.49375,stop_loss
full_current_btc_gold_fixed,GOLD,BUY,5.0,2026-02-02T15:55:00+00:00,2026-02-02T16:05:00+00:00,4620.25,4660.673285714285,202.11642857,1404.88196429,-331.37732143,take_profit
full_current_btc_gold_fixed,GOLD,BUY,5.0,2026-02-02T18:15:00+00:00,2026-02-02T18:30:00+00:00,4624.52,4650.6482857142855,130.64142857,1535.52339286,-200.73589286,take_profit
full_current_btc_gold_fixed,BTCUSD,BUY,0.5,2026-02-03T08:35:00+00:00,2026-02-03T08:50:00+00:00,78910.2,78748.40714285713,-80.89642857,1454.62696429,-281.63232143,stop_loss
full_current_btc_gold_fixed,BTCUSD,SELL,0.5,2026-02-03T09:10:00+00:00,2026-02-03T09:20:00+00:00,78126.05,78308.8892857143,-91.41964286,1363.20732143,-373.05196429,stop_loss
full_current_btc_gold_fixed,GOLD,SELL,5.0,2026-02-03T13:30:00+00:00,2026-02-03T13:55:00+00:00,4935.74,4922.047142857143,68.46428571,1431.67160714,-304.58767857,take_profit
full_current_btc_gold_fixed,GOLD,SELL,5.0,2026-02-03T16:25:00+00:00,2026-02-03T16:35:00+00:00,4973.01,4993.013035714286,-100.01517857,1331.65642857,-404.60285714,stop_loss
full_current_btc_gold_fixed,GOLD,SELL,5.0,2026-02-03T16:35:00+00:00,2026-02-03T16:45:00+00:00,4993.58,4977.894285714286,78.42857143,1410.085,-326.17428571,take_profit
full_current_btc_gold_fixed,BTCUSD,SELL,0.5,2026-02-04T08:00:00+00:00,2026-02-04T08:10:00+00:00,76129.3,76277.34285714285,-74.02142857,1336.06357143,-400.19571429,stop_loss
full_current_btc_gold_fixed,BTCUSD,SELL,0.5,2026-02-04T08:25:00+00:00,2026-02-04T08:35:00+00:00,76023.1,76174.96785714287,-75.93392857,1260.12964286,-476.12964286,stop_loss
full_current_btc_gold_fixed,GOLD,BUY,5.0,2026-02-04T14:35:00+00:00,2026-02-04T14:50:00+00:00,4982.360000000001,5003.804000000001,107.22,1367.34964286,-368.90964286,take_profit
full_current_btc_gold_fixed,GOLD,BUY,5.0,2026-02-04T15:20:00+00:00,2026-02-04T15:30:00+00:00,4965.610000000001,4926.539285714286,-195.35357143,1171.99607143,-564.26321429,stop_loss
full_current_btc_gold_fixed,GOLD,BUY,5.0,2026-02-04T15:30:00+00:00,2026-02-04T16:45:00+00:00,4920.66,4876.719107142857,-219.70446429,952.29160714,-783.96767857,stop_loss
full_current_btc_gold_fixed,BTCUSD,SELL,0.5,2026-02-05T10:50:00+00:00,2026-02-05T11:05:00+00:00,70649.4,70844.05357142857,-97.32678571,854.96482143,-881.29446429,stop_loss
full_current_btc_gold_fixed,BTCUSD,SELL,0.5,2026-02-05T11:20:00+00:00,2026-02-05T11:25:00+00:00,69952.45,70202.175,-124.8625,730.10232143,-1006.15696429,stop_loss
full_current_btc_gold_fixed,GOLD,SELL,5.0,2026-02-05T16:50:00+00:00,2026-02-05T17:00:00+00:00,4903.365,4881.891428571428,107.36785714,837.47017857,-898.78910714,take_profit
full_current_btc_gold_fixed,BTCUSD,BUY,0.5,2026-02-06T11:50:00+00:00,2026-02-06T12:05:00+00:00,66449.35,66245.70357142857,-101.82321429,735.64696429,-1000.61232143,stop_loss
full_current_btc_gold_fixed,BTCUSD,BUY,0.5,2026-02-06T13:00:00+00:00,2026-02-06T13:05:00+00:00,66795.35,66595.40000000001,-99.975,635.67196429,-1100.58732143,stop_loss
full_current_btc_gold_fixed,GOLD,SELL,5.0,2026-02-06T13:00:00+00:00,2026-02-06T13:05:00+00:00,4925.635,4912.407142857143,66.13928571,701.81125,-1034.44803571,take_profit
full_current_btc_gold_fixed,GOLD,SELL,5.0,2026-02-06T13:35:00+00:00,2026-02-06T14:05:00+00:00,4930.655,4914.065857142857,82.94571429,784.75696429,-951.50232143,take_profit
full_current_btc_gold_fixed,GOLD,SELL,5.0,2026-02-06T15:30:00+00:00,2026-02-06T15:45:00+00:00,4955.205,4935.064714285714,100.70142857,885.45839286,-850.80089286,take_profit
full_current_btc_gold_fixed,BTCUSD,SELL,0.5,2026-02-07T08:00:00+00:00,2026-02-07T08:20:00+00:00,68067.75,68460.69642857142,-196.47321429,688.98517857,-1047.27410714,stop_loss
full_current_btc_gold_fixed,BTCUSD,SELL,0.5,2026-02-07T10:30:00+00:00,2026-02-07T11:00:00+00:00,67819.7,68020.975,-100.6375,588.34767857,-1147.91160714,stop_loss
full_current_btc_gold_fixed,BTCUSD,BUY,0.5,2026-02-08T07:15:00+00:00,2026-02-08T08:00:00+00:00,69387.2,69714.8857142857,163.84285714,752.19053571,-984.06875,take_profit
full_current_btc_gold_fixed,BTCUSD,BUY,0.5,2026-02-08T08:00:00+00:00,2026-02-08T08:05:00+00:00,69789.65,69673.26785714286,-58.19107143,693.99946429,-1042.25982143,stop_loss
full_current_btc_gold_fixed,BTCUSD,SELL,0.5,2026-02-09T08:20:00+00:00,2026-02-09T08:30:00+00:00,70164.35,69666.70357142857,248.82321429,942.82267857,-793.43660714,take_profit
full_current_btc_gold_fixed,BTCUSD,SELL,0.5,2026-02-09T08:30:00+00:00,2026-02-09T08:35:00+00:00,69555.15,69757.70357142857,-101.27678571,841.54589286,-894.71339286,stop_loss
full_current_btc_gold_fixed,GOLD,SELL,5.0,2026-02-09T14:50:00+00:00,2026-02-09T15:15:00+00:00,5040.285,5028.618857142857,58.33071429,899.87660714,-836.38267857,take_profit
full_current_btc_gold_fixed,GOLD,SELL,5.0,2026-02-09T15:30:00+00:00,2026-02-09T16:15:00+00:00,5053.93,5069.459285714285,-77.64642857,822.23017857,-914.02910714,stop_loss
full_current_btc_gold_fixed,GOLD,SELL,5.0,2026-02-09T16:15:00+00:00,2026-02-09T16:25:00+00:00,5067.405,5079.426964285714,-60.10982143,762.12035714,-974.13892857,stop_loss
full_current_btc_gold_fixed,BTCUSD,SELL,0.5,2026-02-10T10:55:00+00:00,2026-02-10T11:30:00+00:00,68874.6,68972.78571428572,-49.09285714,713.0275,-1023.23178571,stop_loss
full_current_btc_gold_fixed,BTCUSD,SELL,0.5,2026-02-10T11:40:00+00:00,2026-02-10T12:05:00+00:00,68610.75,68730.45,-59.85,653.1775,-1083.08178571,stop_loss
full_current_btc_gold_fixed,GOLD,SELL,5.0,2026-02-10T14:15:00+00:00,2026-02-10T14:35:00+00:00,5071.975,5061.178000000001,53.985,707.1625,-1029.09678571,take_profit
full_current_btc_gold_fixed,GOLD,BUY,5.0,2026-02-10T15:35:00+00:00,2026-02-10T15:45:00+00:00,5007.955,5024.632,83.385,790.5475,-945.71178571,take_profit
full_current_btc_gold_fixed,GOLD,BUY,5.0,2026-02-10T18:25:00+00:00,2026-02-10T18:40:00+00:00,5008.62,5016.382714285714,38.81357143,829.36107143,-906.89821429,take_profit
full_current_btc_gold_fixed,BTCUSD,SELL,0.5,2026-02-11T09:45:00+00:00,2026-02-11T09:50:00+00:00,66716.85,66831.71071428571,-57.43035714,771.93071429,-964.32857143,stop_loss
full_current_btc_gold_fixed,BTCUSD,SELL,0.5,2026-02-11T10:00:00+00:00,2026-02-11T10:10:00+00:00,66681.1,66801.67142857143,-60.28571429,711.645,-1024.61428571,stop_loss
full_current_btc_gold_fixed,GOLD,SELL,5.0,2026-02-11T17:40:00+00:00,2026-02-11T18:00:00+00:00,5096.085,5087.523857142857,42.80571429,754.45071429,-981.80857143,take_profit
full_current_btc_gold_fixed,GOLD,SELL,5.0,2026-02-11T19:20:00+00:00,2026-02-11T19:35:00+00:00,5092.585,5084.754571428572,39.15214286,793.60285714,-942.65642857,take_profit
full_current_btc_gold_fixed,BTCUSD,SELL,0.5,2026-02-12T08:25:00+00:00,2026-02-12T08:40:00+00:00,66882.0,67006.18928571428,-62.09464286,731.50821429,-1004.75107143,stop_loss
full_current_btc_gold_fixed,BTCUSD,BUY,0.5,2026-02-12T09:30:00+00:00,2026-02-12T10:30:00+00:00,67419.1,67752.97857142857,166.93928571,898.4475,-837.81178571,take_profit
full_current_btc_gold_fixed,GOLD,BUY,5.0,2026-02-12T16:10:00+00:00,2026-02-12T16:15:00+00:00,4951.63,4930.471428571429,-105.79285714,792.65464286,-943.60464286,stop_loss
full_current_btc_gold_fixed,GOLD,BUY,5.0,2026-02-12T16:15:00+00:00,2026-02-12T16:20:00+00:00,4934.685,4908.849107142858,-129.17946429,663.47517857,-1072.78410714,stop_loss
full_current_btc_gold_fixed,GOLD,BUY,5.0,2026-02-12T16:20:00+00:00,2026-02-12T16:25:00+00:00,4923.07,4895.020535714286,-140.24732143,523.22785714,-1213.03142857,stop_loss
full_current_btc_gold_fixed,BTCUSD,BUY,0.5,2026-02-13T08:45:00+00:00,2026-02-13T10:40:00+00:00,66614.4,67041.3107142857,213.45535714,736.68321429,-999.57607143,take_profit
full_current_btc_gold_fixed,BTCUSD,BUY,0.5,2026-02-13T11:55:00+00:00,2026-02-13T12:00:00+00:00,67118.6,67003.675,-57.4625,679.22071429,-1057.03857143,stop_loss
full_current_btc_gold_fixed,GOLD,SELL,5.0,2026-02-13T14:15:00+00:00,2026-02-13T14:35:00+00:00,5003.39,4989.3255714285715,70.32214286,749.54285714,-986.71642857,take_profit
full_current_btc_gold_fixed,GOLD,SELL,5.0,2026-02-13T17:05:00+00:00,2026-02-13T18:10:00+00:00,5014.405,5029.385714285714,-74.90357143,674.63928571,-1061.62,stop_loss
full_current_btc_gold_fixed,GOLD,SELL,5.0,2026-02-13T19:05:00+00:00,2026-02-13T19:10:00+00:00,5045.725,5037.429142857143,41.47928571,716.11857143,-1020.14071429,take_profit
full_current_btc_gold_fixed,BTCUSD,BUY,0.5,2026-02-14T08:00:00+00:00,2026-02-14T08:05:00+00:00,69361.0,69635.875,137.4375,853.55607143,-882.70321429,take_profit
full_current_btc_gold_fixed,BTCUSD,BUY,0.5,2026-02-14T08:05:00+00:00,2026-02-14T09:00:00+00:00,69501.55,69849.78571428571,174.11785714,1027.67392857,-708.58535714,take_profit
full_current_btc_gold_fixed,BTCUSD,BUY,0.5,2026-02-15T07:15:00+00:00,2026-02-15T07:20:00+00:00,70761.75,70641.69642857143,-60.02678571,967.64714286,-768.61214286,stop_loss
full_current_btc_gold_fixed,BTCUSD,SELL,0.5,2026-02-15T12:45:00+00:00,2026-02-15T12:50:00+00:00,69958.6,69595.1392857143,181.73035714,1149.3775,-586.88178571,take_profit
full_current_btc_gold_fixed,BTCUSD,BUY,0.5,2026-02-16T09:00:00+00:00,2026-02-16T09:05:00+00:00,68917.75,68841.93214285714,-37.90892857,1111.46857143,-624.79071429,stop_loss
full_current_btc_gold_fixed,BTCUSD,BUY,0.5,2026-02-16T09:25:00+00:00,2026-02-16T10:20:00+00:00,68932.95,68849.86428571428,-41.54285714,1069.92571429,-666.33357143,stop_loss
full_current_btc_gold_fixed,GOLD,BUY,5.0,2026-02-16T14:50:00+00:00,2026-02-16T15:00:00+00:00,4986.195,4978.859464285713,-36.67767857,1033.24803571,-703.01125,stop_loss
full_current_btc_gold_fixed,GOLD,BUY,5.0,2026-02-16T15:00:00+00:00,2026-02-16T15:20:00+00:00,4973.875,4980.565857142858,33.45428571,1066.70232143,-669.55696429,take_profit
full_current_btc_gold_fixed,GOLD,BUY,5.0,2026-02-16T15:20:00+00:00,2026-02-16T16:25:00+00:00,4979.435,4986.837714285715,37.01357143,1103.71589286,-632.54339286,take_profit
full_current_btc_gold_fixed,BTCUSD,SELL,0.5,2026-02-17T09:10:00+00:00,2026-02-17T10:15:00+00:00,68071.55,67816.66785714286,127.44107143,1231.15696429,-505.10232143,take_profit
full_current_btc_gold_fixed,BTCUSD,SELL,0.5,2026-02-17T10:15:00+00:00,2026-02-17T10:20:00+00:00,67804.3,67912.34285714287,-54.02142857,1177.13553571,-559.12375,stop_loss
full_current_btc_gold_fixed,GOLD,BUY,5.0,2026-02-17T13:15:00+00:00,2026-02-17T13:20:00+00:00,4913.005,4920.461285714286,37.28142857,1214.41696429,-521.84232143,take_profit
full_current_btc_gold_fixed,GOLD,BUY,5.0,2026-02-17T13:55:00+00:00,2026-02-17T14:00:00+00:00,4870.855,4854.500178571428,-81.77410714,1132.64285714,-603.61642857,stop_loss
full_current_btc_gold_fixed,GOLD,BUY,5.0,2026-02-17T14:00:00+00:00,2026-02-17T14:05:00+00:00,4871.965,4887.6172857142865,78.26142857,1210.90428571,-525.355,take_profit
full_current_btc_gold_fixed,BTCUSD,BUY,0.5,2026-02-18T07:40:00+00:00,2026-02-18T08:15:00+00:00,68044.15,68283.05714285713,119.45357143,1330.35785714,-405.90142857,take_profit
full_current_btc_gold_fixed,BTCUSD,BUY,0.5,2026-02-18T08:15:00+00:00,2026-02-18T08:30:00+00:00,68304.35,68202.0,-51.175,1279.18285714,-457.07642857,stop_loss
full_current_btc_gold_fixed,GOLD,SELL,5.0,2026-02-18T13:00:00+00:00,2026-02-18T13:05:00+00:00,4946.57,4956.251964285714,-48.40982143,1230.77303571,-505.48625,stop_loss
full_current_btc_gold_fixed,GOLD,SELL,5.0,2026-02-18T13:05:00+00:00,2026-02-18T13:35:00+00:00,4955.29,4966.019285714286,-53.64642857,1177.12660714,-559.13267857,stop_loss
full_current_btc_gold_fixed,GOLD,SELL,5.0,2026-02-18T13:35:00+00:00,2026-02-18T13:40:00+00:00,4962.01,4953.426142857143,42.91928571,1220.04589286,-516.21339286,take_profit
full_current_btc_gold_fixed,BTCUSD,SELL,0.5,2026-02-19T08:20:00+00:00,2026-02-19T09:20:00+00:00,66925.85,67010.88214285715,-42.51607143,1177.52982143,-558.72946429,stop_loss
full_current_btc_gold_fixed,BTCUSD,SELL,0.5,2026-02-19T09:45:00+00:00,2026-02-19T10:10:00+00:00,66757.05,66854.27142857143,-48.61071429,1128.91910714,-607.34017857,stop_loss
full_current_btc_gold_fixed,GOLD,SELL,5.0,2026-02-19T15:30:00+00:00,2026-02-19T15:50:00+00:00,5021.605,5009.392428571428,61.06285714,1189.98196429,-546.27732143,take_profit
full_current_btc_gold_fixed,GOLD,BUY,5.0,2026-02-19T18:25:00+00:00,2026-02-19T19:05:00+00:00,4978.06,4985.620428571429,37.80214286,1227.78410714,-508.47517857,take_profit
full_current_fx_fixed_1,GBPJPY,BUY,1.0,2026-02-20T07:55:00+00:00,2026-02-20T08:48:00+00:00,208.9845,209.26299999999998,0.2785,1228.06260714,-508.19667857,take_profit
full_current_btc_gold_fixed,BTCUSD,BUY,0.5,2026-02-20T09:00:00+00:00,2026-02-20T10:45:00+00:00,68151.8,68059.79285714286,-46.00357143,1182.05903571,-554.20025,stop_loss
full_current_btc_gold_fixed,BTCUSD,SELL,0.5,2026-02-20T13:00:00+00:00,2026-02-20T13:35:00+00:00,67211.5,66800.43571428572,205.53214286,1387.59117857,-348.66810714,take_profit
full_current_btc_gold_fixed,GOLD,SELL,5.0,2026-02-20T13:45:00+00:00,2026-02-20T14:30:00+00:00,5041.11,5049.669107142857,-42.79553571,1344.79564286,-391.46364286,stop_loss
full_current_btc_gold_fixed,GOLD,SELL,5.0,2026-02-20T14:40:00+00:00,2026-02-20T15:00:00+00:00,5053.105,5043.649428571428,47.27785714,1392.0735,-344.18578571,take_profit
full_current_btc_gold_fixed,GOLD,SELL,5.0,2026-02-20T16:30:00+00:00,2026-02-20T20:20:00+00:00,5067.49,5085.133749999999,-88.21875,1303.85475,-432.40453571,stop_loss
full_current_btc_gold_fixed,BTCUSD,BUY,0.5,2026-02-21T08:10:00+00:00,2026-02-21T08:50:00+00:00,67888.35,67996.22142857143,53.93571429,1357.79046429,-378.46882143,take_profit
full_current_btc_gold_fixed,BTCUSD,BUY,0.5,2026-02-21T08:50:00+00:00,2026-02-21T08:55:00+00:00,67998.3,67961.96785714285,-18.16607143,1339.62439286,-396.63489286,stop_loss
full_current_btc_gold_fixed,BTCUSD,SELL,0.5,2026-02-22T08:20:00+00:00,2026-02-22T08:35:00+00:00,67948.55,67979.3892857143,-15.41964286,1324.20475,-412.05453571,stop_loss
full_current_btc_gold_fixed,BTCUSD,BUY,0.5,2026-02-22T11:00:00+00:00,2026-02-22T12:00:00+00:00,68170.75,68136.10357142857,-17.32321429,1306.88153571,-429.37775,stop_loss
full_current_fx_fixed_1,EURJPY,BUY,1.0,2026-02-23T07:00:00+00:00,2026-02-23T07:31:00+00:00,182.686,182.7185,0.0325,1306.91403571,-429.34525,trailing_stop
full_current_btc_gold_fixed,BTCUSD,SELL,0.5,2026-02-23T11:40:00+00:00,2026-02-23T12:05:00+00:00,66127.85,66221.26071428572,-46.70535714,1260.20867857,-476.05060714,stop_loss
full_current_btc_gold_fixed,BTCUSD,SELL,0.5,2026-02-23T12:30:00+00:00,2026-02-23T12:35:00+00:00,65948.35,66036.87857142858,-44.26428571,1215.94439286,-520.31489286,stop_loss
full_current_btc_gold_fixed,GOLD,SELL,5.0,2026-02-23T14:30:00+00:00,2026-02-23T14:35:00+00:00,5171.755,5180.3858928571435,-43.15446429,1172.78992857,-563.46935714,stop_loss
full_current_btc_gold_fixed,GOLD,SELL,5.0,2026-02-23T14:35:00+00:00,2026-02-23T14:45:00+00:00,5184.22,5193.494285714286,-46.37142857,1126.4185,-609.84078571,stop_loss
full_current_btc_gold_fixed,GOLD,SELL,5.0,2026-02-23T14:45:00+00:00,2026-02-23T15:00:00+00:00,5194.895,5186.937714285715,39.78642857,1166.20492857,-570.05435714,take_profit
full_current_fx_fixed_1,GBPJPY,BUY,1.0,2026-02-24T07:24:00+00:00,2026-02-24T07:33:00+00:00,210.0935,210.1495,0.056,1166.26092857,-569.99835714,trailing_stop
full_current_fx_fixed_1,EURJPY,BUY,1.0,2026-02-24T07:24:00+00:00,2026-02-24T07:35:00+00:00,183.5745,183.6045,0.03,1166.29092857,-569.96835714,trailing_stop
full_current_fx_fixed_1,EURJPY,BUY,1.0,2026-02-24T07:30:00+00:00,2026-02-24T07:50:00+00:00,183.676,183.72950000000003,0.0535,1166.34442857,-569.91485714,trailing_stop
full_current_fx_fixed_1,GBPJPY,BUY,1.0,2026-02-24T07:28:00+00:00,2026-02-24T07:58:00+00:00,210.14999999999998,210.46299999999994,0.313,1166.65742857,-569.60185714,take_profit
full_current_fx_fixed_1,EURJPY,BUY,1.0,2026-02-24T07:17:00+00:00,2026-02-24T08:21:00+00:00,183.4555,183.9785,0.523,1167.18042857,-569.07885714,take_profit
full_current_fx_fixed_1,GBPJPY,BUY,1.0,2026-02-24T07:17:00+00:00,2026-02-24T08:22:00+00:00,209.975,210.53699999999998,0.562,1167.74242857,-568.51685714,take_profit
full_current_btc_gold_fixed,BTCUSD,SELL,0.5,2026-02-24T12:45:00+00:00,2026-02-24T12:50:00+00:00,63011.7,63093.58571428571,-40.94285714,1126.79957143,-609.45971429,stop_loss
full_current_btc_gold_fixed,BTCUSD,SELL,0.5,2026-02-24T12:55:00+00:00,2026-02-24T13:10:00+00:00,62958.0,63049.010714285716,-45.50535714,1081.29421429,-654.96507143,stop_loss
full_current_btc_gold_fixed,GOLD,BUY,5.0,2026-02-24T13:55:00+00:00,2026-02-24T14:10:00+00:00,5115.125,5098.627678571429,-82.48660714,998.80760714,-737.45167857,stop_loss
full_current_btc_gold_fixed,GOLD,BUY,5.0,2026-02-24T14:10:00+00:00,2026-02-24T14:30:00+00:00,5104.93,5120.490142857143,77.80071429,1076.60832143,-659.65096429,take_profit
full_current_btc_gold_fixed,GOLD,SELL,5.0,2026-02-24T18:00:00+00:00,2026-02-24T18:15:00+00:00,5167.295,5161.946857142857,26.74071429,1103.34903571,-632.91025,take_profit
full_current_btc_gold_fixed,BTCUSD,BUY,0.5,2026-02-25T08:20:00+00:00,2026-02-25T08:50:00+00:00,65220.9,65522.014285714286,150.55714286,1253.90617857,-482.35310714,take_profit
full_current_btc_gold_fixed,BTCUSD,BUY,0.5,2026-02-25T08:50:00+00:00,2026-02-25T09:05:00+00:00,65572.3,65472.08928571429,-50.10535714,1203.80082143,-532.45846429,stop_loss
full_current_btc_gold_fixed,GOLD,BUY,5.0,2026-02-25T14:35:00+00:00,2026-02-25T14:40:00+00:00,5160.47,5167.928857142858,37.29428571,1241.09510714,-495.16417857,take_profit
full_current_btc_gold_fixed,GOLD,SELL,5.0,2026-02-25T16:30:00+00:00,2026-02-25T19:05:00+00:00,5206.57,5197.554142857142,45.07928571,1286.17439286,-450.08489286,take_profit
full_current_btc_gold_fixed,BTCUSD,BUY,0.5,2026-02-26T09:10:00+00:00,2026-02-26T09:15:00+00:00,68335.2,68191.92142857143,-71.63928571,1214.53510714,-521.72417857,stop_loss
full_current_btc_gold_fixed,BTCUSD,BUY,0.5,2026-02-26T09:35:00+00:00,2026-02-26T10:30:00+00:00,68463.85,68323.02857142859,-70.41071429,1144.12439286,-592.13489286,stop_loss
full_current_btc_gold_fixed,GOLD,BUY,5.0,2026-02-26T15:25:00+00:00,2026-02-26T15:35:00+00:00,5141.59,5156.946142857143,76.78071429,1220.90510714,-515.35417857,take_profit
full_current_btc_gold_fixed,GOLD,SELL,5.0,2026-02-26T19:45:00+00:00,2026-02-26T19:55:00+00:00,5194.05,5188.278,28.86,1249.76510714,-486.49417857,take_profit
full_current_btc_gold_fixed,BTCUSD,SELL,0.5,2026-02-27T07:25:00+00:00,2026-02-27T07:30:00+00:00,67514.4,67600.88571428572,-43.24285714,1206.52225,-529.73703571,stop_loss
full_current_fx_fixed_1,EURJPY,BUY,1.0,2026-02-27T07:27:00+00:00,2026-02-27T07:45:00+00:00,184.214,184.34449999999998,0.1305,1206.65275,-529.60653571,trailing_stop
full_current_btc_gold_fixed,BTCUSD,BUY,0.5,2026-02-27T08:05:00+00:00,2026-02-27T08:15:00+00:00,67995.1,67876.65000000001,-59.225,1147.42775,-588.83153571,stop_loss
full_current_btc_gold_fixed,GOLD,SELL,5.0,2026-02-27T13:00:00+00:00,2026-02-27T13:05:00+00:00,5195.295,5200.780714285715,-27.42857143,1119.99917857,-616.26010714,stop_loss
full_current_btc_gold_fixed,GOLD,SELL,5.0,2026-02-27T13:05:00+00:00,2026-02-27T13:15:00+00:00,5211.51,5218.983214285715,-37.36607143,1082.63310714,-653.62617857,stop_loss
full_current_btc_gold_fixed,GOLD,SELL,5.0,2026-02-27T13:15:00+00:00,2026-02-27T13:20:00+00:00,5218.45,5226.382321428571,-39.66160714,1042.9715,-693.28778571,stop_loss
full_current_btc_gold_fixed,BTCUSD,SELL,0.5,2026-02-28T08:00:00+00:00,2026-02-28T10:30:00+00:00,63814.55,64009.78928571429,-97.61964286,945.35185714,-790.90742857,stop_loss
full_current_btc_gold_fixed,BTCUSD,BUY,0.5,2026-02-28T16:40:00+00:00,2026-02-28T16:50:00+00:00,65169.1,65024.71428571428,-72.19285714,873.159,-863.10028571,stop_loss
full_current_btc_gold_fixed,BTCUSD,BUY,0.5,2026-03-01T08:10:00+00:00,2026-03-01T08:20:00+00:00,67270.85,67149.69285714286,-60.57857143,812.58042857,-923.67885714,stop_loss
full_current_btc_gold_fixed,BTCUSD,SELL,0.5,2026-03-01T12:30:00+00:00,2026-03-01T12:40:00+00:00,66293.6,66384.85357142858,-45.62678571,766.95364286,-969.30564286,stop_loss
full_current_fx_fixed_1,GBPJPY,SELL,1.0,2026-03-02T07:48:00+00:00,2026-03-02T07:51:00+00:00,209.6985,209.61599999999999,0.0825,767.03614286,-969.22314286,trailing_stop
full_current_fx_fixed_1,EURJPY,SELL,1.0,2026-03-02T07:42:00+00:00,2026-03-02T07:55:00+00:00,183.881,183.86675000000002,0.01425,767.05039286,-969.20889286,trailing_stop
full_current_fx_fixed_1,EURUSD,SELL,1.0,2026-03-02T07:49:00+00:00,2026-03-02T08:00:00+00:00,1.170795,1.171915,-0.00112,767.04927286,-969.21001286,trailing_stop
full_current_fx_fixed_1,EURJPY,SELL,1.0,2026-03-02T07:48:00+00:00,2026-03-02T08:01:00+00:00,183.8005,183.98999999999998,-0.1895,766.85977286,-969.39951286,trailing_stop
full_current_fx_fixed_1,EURJPY,SELL,1.0,2026-03-02T07:43:00+00:00,2026-03-02T08:10:00+00:00,183.868,184.1125,-0.2445,766.61527286,-969.64401286,trailing_stop
full_current_fx_fixed_1,EURUSD,SELL,1.0,2026-03-02T07:45:00+00:00,2026-03-02T08:41:00+00:00,1.171055,1.1707199999999998,0.000335,766.61560786,-969.64367786,trailing_stop
full_current_fx_fixed_1,EURUSD,SELL,1.0,2026-03-02T07:46:00+00:00,2026-03-02T08:41:00+00:00,1.170905,1.170655,0.00025,766.61585786,-969.64342786,trailing_stop
full_current_fx_fixed_1,GBPJPY,SELL,1.0,2026-03-02T07:18:00+00:00,2026-03-02T08:41:00+00:00,209.651,209.5155,0.1355,766.75135786,-969.50792786,trailing_stop
full_current_fx_fixed_1,GBPJPY,SELL,1.0,2026-03-02T07:20:00+00:00,2026-03-02T08:41:00+00:00,209.6415,209.52025,0.12125,766.87260786,-969.38667786,trailing_stop
full_current_btc_gold_fixed,BTCUSD,SELL,0.5,2026-03-02T07:00:00+00:00,2026-03-02T08:50:00+00:00,65981.9,66141.59999999999,-79.85,687.02260786,-1049.23667786,stop_loss
full_current_btc_gold_fixed,BTCUSD,BUY,0.5,2026-03-02T09:10:00+00:00,2026-03-02T09:55:00+00:00,66401.0,66219.5,-90.75,596.27260786,-1139.98667786,stop_loss
full_current_btc_gold_fixed,GOLD,SELL,5.0,2026-03-02T13:00:00+00:00,2026-03-02T13:10:00+00:00,5401.45,5392.653571428571,43.98214286,640.25475071,-1096.004535,take_profit
full_current_btc_gold_fixed,GOLD,BUY,5.0,2026-03-02T14:25:00+00:00,2026-03-02T14:30:00+00:00,5333.395,5309.343571428572,-120.25714286,519.99760786,-1216.26167786,stop_loss
full_current_btc_gold_fixed,GOLD,BUY,5.0,2026-03-02T14:30:00+00:00,2026-03-02T14:35:00+00:00,5316.68,5337.287857142857,103.03928571,623.03689357,-1113.22239214,take_profit
full_current_fx_fixed_1,EURUSD,SELL,1.0,2026-03-03T07:35:00+00:00,2026-03-03T07:41:00+00:00,1.165175,1.165175,-0.0,623.03689357,-1113.22239214,trailing_stop
full_current_fx_fixed_1,EURJPY,SELL,1.0,2026-03-03T07:07:00+00:00,2026-03-03T07:59:00+00:00,183.313,183.2765,0.0365,623.07339357,-1113.18589214,trailing_stop
full_current_fx_fixed_1,EURJPY,SELL,1.0,2026-03-03T07:35:00+00:00,2026-03-03T07:59:00+00:00,183.316,183.275,0.041,623.11439357,-1113.14489214,trailing_stop
full_current_fx_fixed_1,GBPJPY,SELL,1.0,2026-03-03T07:07:00+00:00,2026-03-03T07:59:00+00:00,209.9315,209.88124999999997,0.05025,623.16464357,-1113.09464214,trailing_stop
full_current_fx_fixed_1,EURUSD,SELL,1.0,2026-03-03T07:57:00+00:00,2026-03-03T08:09:00+00:00,1.164485,1.164485,-0.0,623.16464357,-1113.09464214,trailing_stop
full_current_fx_fixed_1,GBPJPY,SELL,1.0,2026-03-03T07:08:00+00:00,2026-03-03T08:10:00+00:00,209.8725,209.82025,0.05225,623.21689357,-1113.04239214,trailing_stop
full_current_fx_fixed_1,EURJPY,SELL,1.0,2026-03-03T07:08:00+00:00,2026-03-03T08:20:00+00:00,183.2375,183.22274999999996,0.01475,623.23164357,-1113.02764214,trailing_stop
full_current_btc_gold_fixed,BTCUSD,SELL,0.5,2026-03-03T08:25:00+00:00,2026-03-03T08:40:00+00:00,67748.45,67357.73214285714,195.35892857,818.59057214,-917.66871357,take_profit
full_current_btc_gold_fixed,BTCUSD,SELL,0.5,2026-03-03T08:40:00+00:00,2026-03-03T09:05:00+00:00,67338.8,66887.98571428572,225.40714286,1043.997715,-692.26157071,take_profit
full_current_btc_gold_fixed,GOLD,BUY,5.0,2026-03-03T14:40:00+00:00,2026-03-03T14:50:00+00:00,5071.14,5034.455357142857,-183.42321429,860.57450071,-875.684785,stop_loss
full_current_btc_gold_fixed,GOLD,BUY,5.0,2026-03-03T14:50:00+00:00,2026-03-03T15:15:00+00:00,5048.49,5008.470535714286,-200.09732143,660.47717929,-1075.78210643,stop_loss
full_current_btc_gold_fixed,GOLD,BUY,5.0,2026-03-03T15:15:00+00:00,2026-03-03T15:35:00+00:00,5024.57,5063.486,194.58,855.05717929,-881.20210643,take_profit
full_current_fx_fixed_1,EURUSD,BUY,1.0,2026-03-04T07:26:00+00:00,2026-03-04T07:31:00+00:00,1.162085,1.1623649999999999,0.00028,855.05745929,-881.20182643,trailing_stop
full_current_btc_gold_fixed,BTCUSD,BUY,0.5,2026-03-04T07:25:00+00:00,2026-03-04T07:45:00+00:00,68768.35,69227.22142857144,229.43571429,1084.49317357,-651.76611214,take_profit
full_current_fx_fixed_1,GBPJPY,BUY,1.0,2026-03-04T07:30:00+00:00,2026-03-04T07:51:00+00:00,210.23000000000002,210.295,0.065,1084.55817357,-651.70111214,trailing_stop
full_current_fx_fixed_1,EURUSD,BUY,1.0,2026-03-04T07:31:00+00:00,2026-03-04T08:02:00+00:00,1.162815,1.161205,-0.00161,1084.55656357,-651.70272214,trailing_stop
full_current_btc_gold_fixed,BTCUSD,BUY,0.5,2026-03-04T07:45:00+00:00,2026-03-04T08:20:00+00:00,69437.1,69259.88571428572,-88.60714286,995.94942071,-740.309865,stop_loss
full_current_fx_fixed_1,GBPJPY,BUY,1.0,2026-03-04T07:31:00+00:00,2026-03-04T09:01:00+00:00,210.3835,209.909,-0.4745,995.47492071,-740.784365,trailing_stop
full_current_btc_gold_fixed,GOLD,BUY,5.0,2026-03-04T18:10:00+00:00,2026-03-04T18:40:00+00:00,5124.74,5110.406964285714,-71.66517857,923.80974214,-812.44954357,stop_loss
full_current_btc_gold_fixed,BTCUSD,SELL,0.5,2026-03-05T07:50:00+00:00,2026-03-05T07:55:00+00:00,71825.8,71964.72857142858,-69.46428571,854.34545643,-881.91382929,stop_loss
full_current_btc_gold_fixed,BTCUSD,BUY,0.5,2026-03-05T10:20:00+00:00,2026-03-05T10:30:00+00:00,72952.8,73461.11785714286,254.15892857,1108.504385,-627.75490071,take_profit
full_current_btc_gold_fixed,GOLD,BUY,5.0,2026-03-05T13:15:00+00:00,2026-03-05T13:20:00+00:00,5131.27,5118.9475,-61.6125,1046.891885,-689.36740071,stop_loss
full_current_btc_gold_fixed,GOLD,BUY,5.0,2026-03-05T13:20:00+00:00,2026-03-05T13:25:00+00:00,5104.61,5118.513714285714,69.51857143,1116.41045643,-619.84882929,take_profit
full_current_btc_gold_fixed,GOLD,BUY,5.0,2026-03-05T13:25:00+00:00,2026-03-05T14:35:00+00:00,5122.4349999999995,5102.727678571428,-98.53660714,1017.87384929,-718.38543643,stop_loss
full_current_btc_gold_fixed,BTCUSD,SELL,0.5,2026-03-06T09:30:00+00:00,2026-03-06T09:40:00+00:00,70332.95,70457.76428571428,-62.40714286,955.46670643,-780.79257929,stop_loss
full_current_btc_gold_fixed,BTCUSD,SELL,0.5,2026-03-06T11:45:00+00:00,2026-03-06T12:05:00+00:00,70314.75,70000.5642857143,157.09285714,1112.55956357,-623.69972214,take_profit
full_current_btc_gold_fixed,GOLD,SELL,5.0,2026-03-06T15:05:00+00:00,2026-03-06T16:35:00+00:00,5150.945,5131.500714285714,97.22142857,1209.78099214,-526.47829357,take_profit
full_current_btc_gold_fixed,GOLD,SELL,5.0,2026-03-06T18:50:00+00:00,2026-03-06T19:05:00+00:00,5157.45,5167.067678571429,-48.08839286,1161.69259929,-574.56668643,stop_loss
full_current_btc_gold_fixed,GOLD,SELL,5.0,2026-03-06T19:05:00+00:00,2026-03-06T19:35:00+00:00,5167.64,5160.015714285714,38.12142857,1199.81402786,-536.44525786,take_profit
full_current_btc_gold_fixed,BTCUSD,SELL,0.5,2026-03-07T08:00:00+00:00,2026-03-07T08:15:00+00:00,67803.2,67885.43214285714,-41.11607143,1158.69795643,-577.56132929,stop_loss
full_current_btc_gold_fixed,BTCUSD,SELL,0.5,2026-03-07T13:35:00+00:00,2026-03-07T14:10:00+00:00,67889.95,67684.49285714285,102.72857143,1261.42652786,-474.83275786,take_profit
full_current_btc_gold_fixed,BTCUSD,BUY,0.5,2026-03-08T08:40:00+00:00,2026-03-08T09:10:00+00:00,67489.8,67713.16071428572,111.68035714,1373.106885,-363.15240071,take_profit
full_current_btc_gold_fixed,BTCUSD,BUY,0.5,2026-03-08T09:10:00+00:00,2026-03-08T10:20:00+00:00,67765.8,68058.8892857143,146.54464286,1519.65152786,-216.60775786,take_profit
full_current_btc_gold_fixed,BTCUSD,SELL,0.5,2026-03-09T07:15:00+00:00,2026-03-09T07:20:00+00:00,66993.25,67127.75,-67.25,1452.40152786,-283.85775786,stop_loss
full_current_btc_gold_fixed,BTCUSD,BUY,0.5,2026-03-09T08:20:00+00:00,2026-03-09T09:30:00+00:00,67705.1,68206.03571428571,250.46785714,1702.869385,-33.38990071,take_profit
full_current_btc_gold_fixed,GOLD,SELL,5.0,2026-03-09T18:35:00+00:00,2026-03-09T18:50:00+00:00,5114.98,5123.163571428571,-40.91785714,1661.95152786,-74.30775786,stop_loss
full_current_btc_gold_fixed,GOLD,SELL,5.0,2026-03-09T18:50:00+00:00,2026-03-09T19:15:00+00:00,5124.89,5133.263214285715,-41.86607143,1620.08545643,-116.17382929,stop_loss
full_current_btc_gold_fixed,GOLD,SELL,5.0,2026-03-09T19:15:00+00:00,2026-03-09T19:35:00+00:00,5134.39,5126.498285714286,39.45857143,1659.54402786,-76.71525786,take_profit
full_current_fx_fixed_1,EURUSD,BUY,1.0,2026-03-10T07:23:00+00:00,2026-03-10T07:45:00+00:00,1.164005,1.1653149999999999,0.00131,1659.54533786,-76.71394786,take_profit
full_current_fx_fixed_1,EURUSD,BUY,1.0,2026-03-10T07:24:00+00:00,2026-03-10T07:45:00+00:00,1.164095,1.1654950000000002,0.0014,1659.54673786,-76.71254786,take_profit
full_current_fx_fixed_1,EURUSD,BUY,1.0,2026-03-10T07:25:00+00:00,2026-03-10T07:49:00+00:00,1.164215,1.165735,0.00152,1659.54825786,-76.71102786,take_profit
full_current_fx_fixed_1,EURJPY,BUY,1.0,2026-03-10T07:50:00+00:00,2026-03-10T08:20:00+00:00,183.388,183.4185,0.0305,1659.57875786,-76.68052786,trailing_stop
full_current_fx_fixed_1,EURJPY,BUY,1.0,2026-03-10T07:51:00+00:00,2026-03-10T08:42:00+00:00,183.4425,183.65099999999998,0.2085,1659.78725786,-76.47202786,take_profit
full_current_btc_gold_fixed,BTCUSD,BUY,0.5,2026-03-10T08:05:00+00:00,2026-03-10T08:50:00+00:00,70922.35,70732.23571428572,-95.05714286,1564.730115,-171.52917071,stop_loss
full_current_btc_gold_fixed,BTCUSD,BUY,0.5,2026-03-10T09:20:00+00:00,2026-03-10T09:45:00+00:00,71180.85,71014.96428571429,-82.94285714,1481.78725786,-254.47202786,stop_loss
full_current_btc_gold_fixed,GOLD,SELL,5.0,2026-03-10T13:05:00+00:00,2026-03-10T13:15:00+00:00,5200.56,5210.590714285715,-50.15357143,1431.63368643,-304.62559929,stop_loss
full_current_btc_gold_fixed,GOLD,SELL,5.0,2026-03-10T13:15:00+00:00,2026-03-10T13:25:00+00:00,5214.57,5225.045357142857,-52.37678571,1379.25690071,-357.002385,stop_loss
full_current_btc_gold_fixed,GOLD,SELL,5.0,2026-03-10T13:25:00+00:00,2026-03-10T13:30:00+00:00,5221.71,5212.924285714285,43.92857143,1423.18547214,-313.07381357,take_profit
full_current_btc_gold_fixed,BTCUSD,SELL,0.5,2026-03-11T08:25:00+00:00,2026-03-11T08:30:00+00:00,69513.1,69611.77857142857,-49.33928571,1373.84618643,-362.41309929,stop_loss
full_current_fx_fixed_1,EURUSD,SELL,1.0,2026-03-11T07:57:00+00:00,2026-03-11T08:42:00+00:00,1.161425,1.1611850000000001,0.00024,1373.84642643,-362.41285929,trailing_stop
full_current_btc_gold_fixed,BTCUSD,SELL,0.5,2026-03-11T11:50:00+00:00,2026-03-11T12:05:00+00:00,69339.2,69042.14642857142,148.52678571,1522.37321214,-213.88607357,take_profit
full_current_btc_gold_fixed,GOLD,BUY,5.0,2026-03-11T16:05:00+00:00,2026-03-11T16:35:00+00:00,5166.08,5174.3917142857135,41.55857143,1563.93178357,-172.32750214,take_profit
full_current_btc_gold_fixed,BTCUSD,BUY,0.5,2026-03-12T08:15:00+00:00,2026-03-12T08:25:00+00:00,70018.95,69899.71071428571,-59.61964286,1504.31214071,-231.947145,stop_loss
full_current_btc_gold_fixed,BTCUSD,BUY,0.5,2026-03-12T09:40:00+00:00,2026-03-12T09:45:00+00:00,70285.95,70157.84642857143,-64.05178571,1440.260355,-295.99893071,stop_loss
full_current_btc_gold_fixed,GOLD,BUY,5.0,2026-03-12T13:50:00+00:00,2026-03-12T14:00:00+00:00,5151.02,5160.955142857143,49.67571429,1489.93606929,-246.32321643,take_profit
full_current_btc_gold_fixed,GOLD,BUY,5.0,2026-03-12T14:30:00+00:00,2026-03-12T15:00:00+00:00,5146.79,5133.798928571428,-64.95535714,1424.98071214,-311.27857357,stop_loss
full_current_btc_gold_fixed,GOLD,BUY,5.0,2026-03-12T15:10:00+00:00,2026-03-12T16:20:00+00:00,5124.83,5136.613142857143,58.91571429,1483.89642643,-252.36285929,take_profit
full_current_fx_fixed_1,EURJPY,SELL,1.0,2026-03-13T07:00:00+00:00,2026-03-13T07:18:00+00:00,183.032,183.00349999999997,0.0285,1483.92492643,-252.33435929,trailing_stop
full_current_fx_fixed_1,EURUSD,SELL,1.0,2026-03-13T07:00:00+00:00,2026-03-13T07:35:00+00:00,1.147815,1.147395,0.00042,1483.92534643,-252.33393929,trailing_stop
full_current_fx_fixed_1,EURUSD,SELL,1.0,2026-03-13T07:06:00+00:00,2026-03-13T07:35:00+00:00,1.147605,1.14741,0.000195,1483.92554143,-252.33374429,trailing_stop
full_current_fx_fixed_1,EURJPY,SELL,1.0,2026-03-13T07:02:00+00:00,2026-03-13T07:42:00+00:00,182.982,182.80650000000003,0.1755,1484.10104143,-252.15824429,take_profit
full_current_fx_fixed_1,EURJPY,SELL,1.0,2026-03-13T07:06:00+00:00,2026-03-13T07:44:00+00:00,182.94799999999998,182.76049999999998,0.1875,1484.28854143,-251.97074429,take_profit
full_current_fx_fixed_1,EURUSD,SELL,1.0,2026-03-13T07:21:00+00:00,2026-03-13T07:47:00+00:00,1.146955,1.14641,0.000545,1484.28908643,-251.97019929,trailing_stop
full_current_fx_fixed_1,GBPJPY,SELL,1.0,2026-03-13T07:50:00+00:00,2026-03-13T08:00:00+00:00,211.722,211.7115,0.0105,1484.29958643,-251.95969929,trailing_stop
full_current_fx_fixed_1,GBPJPY,SELL,1.0,2026-03-13T07:06:00+00:00,2026-03-13T08:03:00+00:00,211.949,211.57100000000003,0.378,1484.67758643,-251.58169929,take_profit
full_current_fx_fixed_1,GBPJPY,SELL,1.0,2026-03-13T07:44:00+00:00,2026-03-13T08:03:00+00:00,211.7785,211.54950000000002,0.229,1484.90658643,-251.35269929,take_profit
full_current_btc_gold_fixed,BTCUSD,BUY,0.5,2026-03-13T08:30:00+00:00,2026-03-13T08:35:00+00:00,71716.85,72067.86071428572,175.50535714,1660.41194357,-75.84734214,take_profit
full_current_btc_gold_fixed,BTCUSD,BUY,0.5,2026-03-13T08:35:00+00:00,2026-03-13T08:45:00+00:00,72050.05,71907.96428571429,-71.04285714,1589.36908643,-146.89019929,stop_loss
full_current_btc_gold_fixed,GOLD,SELL,5.0,2026-03-13T13:00:00+00:00,2026-03-13T13:10:00+00:00,5120.53,5111.982142857142,42.73928571,1632.10837214,-104.15091357,take_profit
full_current_btc_gold_fixed,GOLD,BUY,5.0,2026-03-13T14:45:00+00:00,2026-03-13T14:50:00+00:00,5077.98,5065.523571428571,-62.28214286,1569.82622929,-166.43305643,stop_loss
full_current_btc_gold_fixed,GOLD,BUY,5.0,2026-03-13T14:50:00+00:00,2026-03-13T14:55:00+00:00,5064.63,5050.973571428572,-68.28214286,1501.54408643,-234.71519929,stop_loss
full_current_btc_gold_fixed,BTCUSD,SELL,0.5,2026-03-14T07:00:00+00:00,2026-03-14T11:00:00+00:00,70678.2,70655.8,11.2,1512.74408643,-223.51519929,max_hold
full_current_btc_gold_fixed,BTCUSD,SELL,0.5,2026-03-14T14:40:00+00:00,2026-03-14T15:00:00+00:00,70615.65,70685.5607142857,-34.95535714,1477.78872929,-258.47055643,stop_loss
full_current_btc_gold_fixed,BTCUSD,BUY,0.5,2026-03-15T08:55:00+00:00,2026-03-15T09:20:00+00:00,71723.95,71923.94285714286,99.99642857,1577.78515786,-158.47412786,take_profit
full_current_btc_gold_fixed,BTCUSD,BUY,0.5,2026-03-15T09:20:00+00:00,2026-03-15T09:25:00+00:00,71936.0,71854.85714285714,-40.57142857,1537.21372929,-199.04555643,stop_loss
full_current_fx_fixed_1,GBPJPY,SELL,1.0,2026-03-16T07:14:00+00:00,2026-03-16T07:41:00+00:00,210.91199999999998,210.8925,0.0195,1537.23322929,-199.02605643,trailing_stop
full_current_btc_gold_fixed,BTCUSD,BUY,0.5,2026-03-16T10:50:00+00:00,2026-03-16T12:30:00+00:00,73575.75,73924.8,174.525,1711.75822929,-24.50105643,take_profit
full_current_btc_gold_fixed,BTCUSD,BUY,0.5,2026-03-16T12:30:00+00:00,2026-03-16T12:40:00+00:00,73915.15,73767.79285714285,-73.67857143,1638.07965786,-98.17962786,stop_loss
full_current_btc_gold_fixed,GOLD,SELL,5.0,2026-03-16T13:15:00+00:00,2026-03-16T13:30:00+00:00,5026.83,5018.428285714285,42.00857143,1680.08822929,-56.17105643,take_profit
full_current_btc_gold_fixed,GOLD,BUY,5.0,2026-03-16T16:25:00+00:00,2026-03-16T16:40:00+00:00,4979.93,4988.993428571429,45.31714286,1725.40537214,-10.85391357,take_profit
full_current_btc_gold_fixed,GOLD,SELL,5.0,2026-03-16T18:40:00+00:00,2026-03-16T19:30:00+00:00,5014.64,5008.320285714286,31.59857143,1757.00394357,0.0,take_profit
full_current_btc_gold_fixed,BTCUSD,SELL,0.5,2026-03-17T09:50:00+00:00,2026-03-17T10:05:00+00:00,73982.75,73605.18928571428,188.78035714,1945.78430071,0.0,take_profit
full_current_btc_gold_fixed,BTCUSD,SELL,0.5,2026-03-17T10:05:00+00:00,2026-03-17T10:25:00+00:00,73671.9,73813.84999999999,-70.975,1874.80930071,-70.975,stop_loss
full_current_btc_gold_fixed,BTCUSD,SELL,0.5,2026-03-18T07:30:00+00:00,2026-03-18T07:50:00+00:00,73780.8,73860.56785714286,-39.88392857,1834.92537214,-110.85892857,stop_loss
full_current_fx_fixed_1,EURJPY,SELL,1.0,2026-03-18T07:46:00+00:00,2026-03-18T08:34:00+00:00,183.0475,183.2305,-0.183,1834.74237214,-111.04192857,trailing_stop
full_current_fx_fixed_1,EURJPY,SELL,1.0,2026-03-18T07:44:00+00:00,2026-03-18T08:44:00+00:00,183.07850000000002,183.26549999999997,-0.187,1834.55537214,-111.22892857,trailing_stop
full_current_btc_gold_fixed,BTCUSD,BUY,0.5,2026-03-18T09:10:00+00:00,2026-03-18T10:30:00+00:00,74185.95,74111.55357142857,-37.19821429,1797.35715786,-148.42714286,stop_loss
full_current_btc_gold_fixed,GOLD,BUY,5.0,2026-03-18T13:00:00+00:00,2026-03-18T13:15:00+00:00,4860.92,4839.593214285715,-106.63392857,1690.72322929,-255.06107143,stop_loss
full_current_btc_gold_fixed,GOLD,BUY,5.0,2026-03-18T13:15:00+00:00,2026-03-18T13:35:00+00:00,4851.11,4869.252285714286,90.71142857,1781.43465786,-164.34964286,take_profit
full_current_btc_gold_fixed,GOLD,BUY,5.0,2026-03-18T18:45:00+00:00,2026-03-18T18:55:00+00:00,4868.78,4854.845535714286,-69.67232143,1711.76233643,-234.02196429,stop_loss
full_current_fx_fixed_1,GBPJPY,SELL,1.0,2026-03-19T07:07:00+00:00,2026-03-19T07:08:00+00:00,211.502,211.48725,0.01475,1711.77708643,-234.00721429,trailing_stop
full_current_btc_gold_fixed,BTCUSD,SELL,0.5,2026-03-19T07:00:00+00:00,2026-03-19T07:10:00+00:00,70449.65,70096.78571428571,176.43214286,1888.20922929,-57.57507143,take_profit
full_current_btc_gold_fixed,BTCUSD,SELL,0.5,2026-03-19T07:10:00+00:00,2026-03-19T07:20:00+00:00,70004.75,69564.68214285714,220.03392857,2108.24315786,0.0,take_profit
full_current_fx_fixed_1,EURJPY,SELL,1.0,2026-03-19T07:31:00+00:00,2026-03-19T07:57:00+00:00,182.70350000000002,182.48200000000006,0.2215,2108.46465786,0.0,take_profit
full_current_fx_fixed_1,GBPJPY,SELL,1.0,2026-03-19T07:56:00+00:00,2026-03-19T08:04:00+00:00,211.3365,211.002,0.3345,2108.79915786,0.0,take_profit
full_current_fx_fixed_1,GBPJPY,SELL,1.0,2026-03-19T07:57:00+00:00,2026-03-19T08:10:00+00:00,211.2965,210.92200000000003,0.3745,2109.17365786,0.0,take_profit
full_current_fx_fixed_1,EURJPY,SELL,1.0,2026-03-19T07:57:00+00:00,2026-03-19T08:13:00+00:00,182.46699999999998,182.064,0.403,2109.57665786,0.0,take_profit
full_current_fx_fixed_1,EURUSD,SELL,1.0,2026-03-19T07:57:00+00:00,2026-03-19T08:15:00+00:00,1.145175,1.145155,2e-05,2109.57667786,0.0,trailing_stop
full_current_btc_gold_fixed,GOLD,BUY,5.0,2026-03-19T13:00:00+00:00,2026-03-19T13:25:00+00:00,4549.96,4578.67,143.55,2253.12667786,0.0,take_profit
full_current_btc_gold_fixed,GOLD,BUY,5.0,2026-03-19T17:10:00+00:00,2026-03-19T17:15:00+00:00,4579.41,4595.922857142857,82.56428571,2335.69096357,0.0,take_profit
full_current_fx_fixed_1,EURJPY,BUY,1.0,2026-03-20T07:06:00+00:00,2026-03-20T07:32:00+00:00,183.19400000000002,183.2135,0.0195,2335.71046357,0.0,trailing_stop
full_current_fx_fixed_1,EURJPY,BUY,1.0,2026-03-20T07:07:00+00:00,2026-03-20T07:48:00+00:00,183.22,183.235,0.015,2335.72546357,0.0,trailing_stop
full_current_btc_gold_fixed,BTCUSD,BUY,0.5,2026-03-20T07:35:00+00:00,2026-03-20T08:05:00+00:00,70742.05,71124.36785714286,191.15892857,2526.88439214,0.0,take_profit
full_current_fx_fixed_1,EURJPY,BUY,1.0,2026-03-20T07:08:00+00:00,2026-03-20T08:59:00+00:00,183.25850000000003,183.33675,0.07825,2526.96264214,0.0,trailing_stop
full_current_btc_gold_fixed,BTCUSD,BUY,0.5,2026-03-20T08:05:00+00:00,2026-03-20T09:00:00+00:00,71153.45,71004.83571428571,-74.30714286,2452.65549929,-74.30714286,stop_loss
full_current_fx_fixed_1,GBPJPY,BUY,1.0,2026-03-20T07:46:00+00:00,2026-03-20T10:00:00+00:00,212.6885,212.5025,-0.186,2452.46949929,-74.49314286,trailing_stop
full_current_btc_gold_fixed,GOLD,BUY,5.0,2026-03-20T13:30:00+00:00,2026-03-20T13:35:00+00:00,4645.53,4658.471571428571,64.70785714,2517.17735643,-9.78528571,take_profit
full_current_btc_gold_fixed,GOLD,BUY,5.0,2026-03-20T13:50:00+00:00,2026-03-20T14:10:00+00:00,4621.98,4600.495714285714,-107.42142857,2409.75592786,-117.20671429,stop_loss
full_current_btc_gold_fixed,GOLD,BUY,5.0,2026-03-20T14:10:00+00:00,2026-03-20T14:20:00+00:00,4587.39,4560.784285714286,-133.02857143,2276.72735643,-250.23528571,stop_loss
full_current_btc_gold_fixed,BTCUSD,BUY,0.5,2026-03-21T07:25:00+00:00,2026-03-21T07:30:00+00:00,70863.3,70810.51785714286,-26.39107143,2250.336285,-276.62635714,stop_loss
full_current_btc_gold_fixed,BTCUSD,BUY,0.5,2026-03-21T12:00:00+00:00,2026-03-21T12:05:00+00:00,70705.4,70680.12857142856,-12.63571429,2237.70057071,-289.26207143,stop_loss
full_current_btc_gold_fixed,BTCUSD,SELL,0.5,2026-03-22T07:35:00+00:00,2026-03-22T07:50:00+00:00,69003.65,69059.9,-28.125,2209.57557071,-317.38707143,stop_loss
full_current_btc_gold_fixed,BTCUSD,SELL,0.5,2026-03-22T07:55:00+00:00,2026-03-22T08:25:00+00:00,68904.15,68672.1857142857,115.98214286,2325.55771357,-201.40492857,take_profit
full_current_btc_gold_fixed,BTCUSD,SELL,0.5,2026-03-23T07:00:00+00:00,2026-03-23T07:05:00+00:00,67647.55,67835.00714285714,-93.72857143,2231.82914214,-295.1335,stop_loss
full_current_btc_gold_fixed,BTCUSD,BUY,0.5,2026-03-23T11:05:00+00:00,2026-03-23T11:10:00+00:00,71198.8,70894.12142857144,-152.33928571,2079.48985643,-447.47278571,stop_loss
full_current_btc_gold_fixed,GOLD,SELL,5.0,2026-03-23T13:10:00+00:00,2026-03-23T13:25:00+00:00,4446.52,4412.164000000001,171.78,2251.26985643,-275.69278571,take_profit
full_current_btc_gold_fixed,GOLD,SELL,5.0,2026-03-23T14:25:00+00:00,2026-03-23T14:50:00+00:00,4486.46,4457.849428571429,143.05285714,2394.32271357,-132.63992857,take_profit
full_current_btc_gold_fixed,BTCUSD,BUY,0.5,2026-03-24T07:00:00+00:00,2026-03-24T07:05:00+00:00,70551.55,70780.16071428571,114.30535714,2508.62807071,-18.33457143,take_profit
full_current_fx_fixed_1,EURJPY,BUY,1.0,2026-03-24T07:04:00+00:00,2026-03-24T07:10:00+00:00,183.914,183.92925000000002,0.01525,2508.64332071,-18.31932143,trailing_stop
full_current_fx_fixed_1,EURUSD,BUY,1.0,2026-03-24T07:09:00+00:00,2026-03-24T07:10:00+00:00,1.160345,1.1604200000000002,7.5e-05,2508.64339571,-18.31924643,trailing_stop
full_current_btc_gold_fixed,BTCUSD,BUY,0.5,2026-03-24T07:05:00+00:00,2026-03-24T07:55:00+00:00,70785.1,71054.30714285714,134.60357143,2643.24696714,0.0,take_profit
full_current_fx_fixed_1,GBPJPY,BUY,1.0,2026-03-24T07:09:00+00:00,2026-03-24T08:04:00+00:00,212.89499999999998,212.70300000000003,-0.192,2643.05496714,-0.192,trailing_stop
full_current_fx_fixed_1,GBPJPY,BUY,1.0,2026-03-24T07:10:00+00:00,2026-03-24T08:04:00+00:00,212.934,212.70300000000003,-0.231,2642.82396714,-0.423,trailing_stop
full_current_fx_fixed_1,EURUSD,BUY,1.0,2026-03-24T07:10:00+00:00,2026-03-24T08:50:00+00:00,1.161015,1.158835,-0.00218,2642.82178714,-0.42518,trailing_stop
full_current_fx_fixed_1,EURUSD,BUY,1.0,2026-03-24T07:12:00+00:00,2026-03-24T08:50:00+00:00,1.161575,1.159035,-0.00254,2642.81924714,-0.42772,trailing_stop
full_current_fx_fixed_1,GBPJPY,BUY,1.0,2026-03-25T07:52:00+00:00,2026-03-25T08:04:00+00:00,213.0095,213.1965,0.187,2643.00624714,-0.24072,take_profit
full_current_fx_fixed_1,GBPJPY,BUY,1.0,2026-03-25T07:55:00+00:00,2026-03-25T08:06:00+00:00,213.0635,213.11150000000004,0.048,2643.05424714,-0.19272,trailing_stop
full_current_fx_fixed_1,EURJPY,BUY,1.0,2026-03-25T07:52:00+00:00,2026-03-25T08:16:00+00:00,184.536,184.3995,-0.1365,2642.91774714,-0.32922,trailing_stop
full_current_fx_fixed_1,GBPJPY,BUY,1.0,2026-03-25T07:56:00+00:00,2026-03-25T08:23:00+00:00,213.106,213.10675,0.00075,2642.91849714,-0.32847,trailing_stop
full_current_btc_gold_fixed,BTCUSD,BUY,0.5,2026-03-25T08:30:00+00:00,2026-03-25T08:35:00+00:00,71468.7,71331.75357142856,-68.47321429,2574.44528286,-68.80168429,stop_loss
full_current_btc_gold_fixed,BTCUSD,BUY,0.5,2026-03-25T10:45:00+00:00,2026-03-25T11:25:00+00:00,71525.75,71832.78928571429,153.51964286,2727.96492571,0.0,take_profit
full_current_btc_gold_fixed,GOLD,BUY,5.0,2026-03-25T19:05:00+00:00,2026-03-25T19:10:00+00:00,4503.85,4488.814107142857,-75.17946429,2652.78546143,-75.17946429,stop_loss
full_current_btc_gold_fixed,GOLD,BUY,5.0,2026-03-25T19:10:00+00:00,2026-03-25T19:40:00+00:00,4509.19,4521.185285714285,59.97642857,2712.76189,-15.20303571,take_profit
full_current_btc_gold_fixed,GOLD,BUY,5.0,2026-03-25T19:45:00+00:00,2026-03-25T19:55:00+00:00,4515.04,4529.599857142857,72.79928571,2785.56117571,0.0,take_profit
full_current_fx_fixed_1,GBPJPY,SELL,1.0,2026-03-26T07:11:00+00:00,2026-03-26T07:20:00+00:00,212.814,212.81,0.004,2785.56517571,0.0,trailing_stop
full_current_btc_gold_fixed,BTCUSD,SELL,0.5,2026-03-26T09:30:00+00:00,2026-03-26T09:55:00+00:00,69434.6,69568.57500000001,-66.9875,2718.57767571,-66.9875,stop_loss
full_current_btc_gold_fixed,BTCUSD,SELL,0.5,2026-03-26T11:20:00+00:00,2026-03-26T11:40:00+00:00,69328.65,69422.08214285714,-46.71607143,2671.86160429,-113.70357143,stop_loss
full_current_btc_gold_fixed,GOLD,BUY,5.0,2026-03-26T16:20:00+00:00,2026-03-26T16:30:00+00:00,4400.96,4383.127142857143,-89.16428571,2582.69731857,-202.86785714,stop_loss
full_current_btc_gold_fixed,GOLD,BUY,5.0,2026-03-26T16:30:00+00:00,2026-03-26T16:35:00+00:00,4393.0,4373.378392857143,-98.10803571,2484.58928286,-300.97589286,stop_loss
full_current_btc_gold_fixed,GOLD,BUY,5.0,2026-03-26T16:35:00+00:00,2026-03-26T17:00:00+00:00,4375.79,4393.086714285714,86.48357143,2571.07285429,-214.49232143,take_profit
full_current_fx_fixed_1,EURUSD,SELL,1.0,2026-03-27T07:21:00+00:00,2026-03-27T07:47:00+00:00,1.152745,1.1525100000000001,0.000235,2571.07308929,-214.49208643,trailing_stop
full_current_btc_gold_fixed,BTCUSD,SELL,0.5,2026-03-27T07:55:00+00:00,2026-03-27T08:30:00+00:00,68482.35,68172.39642857143,154.97678571,2726.049875,-59.51530071,take_profit
full_current_btc_gold_fixed,BTCUSD,SELL,0.5,2026-03-27T08:30:00+00:00,2026-03-27T08:35:00+00:00,68182.95,67854.27857142857,164.33571429,2890.38558929,0.0,take_profit
full_current_btc_gold_fixed,GOLD,SELL,5.0,2026-03-27T14:45:00+00:00,2026-03-27T14:50:00+00:00,4473.74,4493.165,-97.125,2793.26058929,-97.125,stop_loss
full_current_btc_gold_fixed,GOLD,SELL,5.0,2026-03-27T14:50:00+00:00,2026-03-27T14:55:00+00:00,4489.47,4511.076428571429,-108.03214286,2685.22844643,-205.15714286,stop_loss
full_current_btc_gold_fixed,GOLD,SELL,5.0,2026-03-27T14:55:00+00:00,2026-03-27T15:10:00+00:00,4509.83,4532.78,-114.75,2570.47844643,-319.90714286,stop_loss
full_current_btc_gold_fixed,BTCUSD,BUY,0.5,2026-03-28T07:55:00+00:00,2026-03-28T08:00:00+00:00,66505.45,66464.93214285714,-20.25892857,2550.21951786,-340.16607143,stop_loss
full_current_btc_gold_fixed,BTCUSD,SELL,0.5,2026-03-28T09:00:00+00:00,2026-03-28T10:20:00+00:00,66319.55,66179.46071428571,70.04464286,2620.26416071,-270.12142857,take_profit
full_current_btc_gold_fixed,BTCUSD,SELL,0.5,2026-03-29T09:30:00+00:00,2026-03-29T09:40:00+00:00,66502.1,66553.83214285715,-25.86607143,2594.39808929,-295.9875,stop_loss
full_current_btc_gold_fixed,BTCUSD,SELL,0.5,2026-03-29T10:05:00+00:00,2026-03-29T11:00:00+00:00,66480.95,66538.1107142857,-28.58035714,2565.81773214,-324.56785714,stop_loss
full_current_fx_fixed_1,GBPJPY,SELL,1.0,2026-03-30T07:17:00+00:00,2026-03-30T07:24:00+00:00,211.67149999999998,211.49049999999997,0.181,2565.99873214,-324.38685714,take_profit
full_current_fx_fixed_1,EURJPY,SELL,1.0,2026-03-30T07:17:00+00:00,2026-03-30T07:25:00+00:00,183.74,183.56200000000004,0.178,2566.17673214,-324.20885714,take_profit
full_current_fx_fixed_1,GBPJPY,SELL,1.0,2026-03-30T07:12:00+00:00,2026-03-30T07:25:00+00:00,211.7285,211.4575,0.271,2566.44773214,-323.93785714,take_profit
full_current_fx_fixed_1,GBPJPY,SELL,1.0,2026-03-30T07:14:00+00:00,2026-03-30T07:55:00+00:00,211.7015,211.5945,0.107,2566.55473214,-323.83085714,trailing_stop
full_current_fx_fixed_1,EURJPY,SELL,1.0,2026-03-30T07:19:00+00:00,2026-03-30T07:56:00+00:00,183.6935,183.65224999999998,0.04125,2566.59598214,-323.78960714,trailing_stop
full_current_fx_fixed_1,EURJPY,SELL,1.0,2026-03-30T07:20:00+00:00,2026-03-30T07:57:00+00:00,183.6705,183.66375,0.00675,2566.60273214,-323.78285714,trailing_stop
full_current_fx_fixed_1,EURUSD,SELL,1.0,2026-03-30T07:39:00+00:00,2026-03-30T08:29:00+00:00,1.149505,1.14947,3.5e-05,2566.60276714,-323.78282214,trailing_stop
full_current_btc_gold_fixed,BTCUSD,BUY,0.5,2026-03-30T07:55:00+00:00,2026-03-30T08:35:00+00:00,67560.3,67857.84642857143,148.77321429,2715.37598143,-175.00960786,take_profit
full_current_btc_gold_fixed,BTCUSD,BUY,0.5,2026-03-30T11:25:00+00:00,2026-03-30T11:30:00+00:00,67627.1,67553.03928571429,-37.03035714,2678.34562429,-212.039965,stop_loss
full_current_btc_gold_fixed,GOLD,BUY,5.0,2026-03-30T17:55:00+00:00,2026-03-30T18:55:00+00:00,4515.13,4503.6335714285715,-57.48214286,2620.86348143,-269.52210786,stop_loss
full_current_btc_gold_fixed,GOLD,BUY,5.0,2026-03-30T18:55:00+00:00,2026-03-30T19:30:00+00:00,4499.04,4506.812571428572,38.86285714,2659.72633857,-230.65925071,take_profit
full_current_btc_gold_fixed,BTCUSD,SELL,0.5,2026-03-31T07:10:00+00:00,2026-03-31T07:45:00+00:00,67239.15,67326.31428571428,-43.58214286,2616.14419571,-274.24139357,stop_loss
full_current_btc_gold_fixed,BTCUSD,SELL,0.5,2026-03-31T08:35:00+00:00,2026-03-31T08:45:00+00:00,66982.3,66645.15357142857,168.57321429,2784.71741,-105.66817929,take_profit
full_current_btc_gold_fixed,GOLD,SELL,5.0,2026-03-31T13:55:00+00:00,2026-03-31T14:00:00+00:00,4607.34,4622.620714285715,-76.40357143,2708.31383857,-182.07175071,stop_loss
full_current_btc_gold_fixed,GOLD,SELL,5.0,2026-03-31T14:00:00+00:00,2026-03-31T14:55:00+00:00,4614.04,4600.588,67.26,2775.57383857,-114.81175071,take_profit
full_current_btc_gold_fixed,GOLD,SELL,5.0,2026-03-31T17:00:00+00:00,2026-03-31T17:45:00+00:00,4648.3,4665.205,-84.525,2691.04883857,-199.33675071,stop_loss
full_current_fx_fixed_1,EURJPY,BUY,1.0,2026-04-01T07:58:00+00:00,2026-04-01T10:55:00+00:00,183.837,183.84450000000004,0.0075,2691.05633857,-199.32925071,trailing_stop
full_current_btc_gold_fixed,BTCUSD,BUY,0.5,2026-04-01T11:50:00+00:00,2026-04-01T12:00:00+00:00,68692.65,68603.31428571428,-44.66785714,2646.38848143,-243.99710786,stop_loss
full_current_btc_gold_fixed,BTCUSD,SELL,0.5,2026-04-01T13:40:00+00:00,2026-04-01T14:15:00+00:00,68084.8,68300.67857142858,-107.93928571,2538.44919571,-351.93639357,stop_loss
full_current_btc_gold_fixed,GOLD,SELL,5.0,2026-04-01T14:50:00+00:00,2026-04-01T15:40:00+00:00,4768.11,4785.925178571429,-89.07589286,2449.37330286,-441.01228643,stop_loss
full_current_btc_gold_fixed,GOLD,SELL,5.0,2026-04-01T15:40:00+00:00,2026-04-01T17:55:00+00:00,4785.68,4773.932857142858,58.73571429,2508.10901714,-382.27657214,take_profit
full_current_btc_gold_fixed,BTCUSD,SELL,0.5,2026-04-02T08:40:00+00:00,2026-04-02T10:10:00+00:00,66499.0,66270.79642857143,114.10178571,2622.21080286,-268.17478643,take_profit
full_current_btc_gold_fixed,BTCUSD,SELL,0.5,2026-04-02T10:10:00+00:00,2026-04-02T10:20:00+00:00,66243.85,66331.51071428572,-43.83035714,2578.38044571,-312.00514357,stop_loss
full_current_btc_gold_fixed,GOLD,SELL,5.0,2026-04-02T14:20:00+00:00,2026-04-02T15:50:00+00:00,4675.125,4654.812428571428,101.56285714,2679.94330286,-210.44228643,take_profit
full_current_btc_gold_fixed,GOLD,SELL,5.0,2026-04-02T18:55:00+00:00,2026-04-02T19:05:00+00:00,4668.58,4677.535,-44.775,2635.16830286,-255.21728643,stop_loss
full_current_btc_gold_fixed,GOLD,SELL,5.0,2026-04-02T19:05:00+00:00,2026-04-02T19:15:00+00:00,4679.72,4672.252571428572,37.33714286,2672.50544571,-217.88014357,take_profit
full_current_btc_gold_fixed,BTCUSD,BUY,0.5,2026-04-03T07:05:00+00:00,2026-04-03T07:10:00+00:00,66882.3,66805.66071428571,-38.31964286,2634.18580286,-256.19978643,stop_loss
full_current_btc_gold_fixed,BTCUSD,BUY,0.5,2026-04-03T07:25:00+00:00,2026-04-03T07:35:00+00:00,66937.4,67171.75357142858,117.17678571,2751.36258857,-139.02300071,take_profit
full_current_btc_gold_fixed,BTCUSD,BUY,0.5,2026-04-04T07:00:00+00:00,2026-04-04T07:20:00+00:00,66998.2,66966.23214285713,-15.98392857,2735.37866,-155.00692929,stop_loss
full_current_btc_gold_fixed,BTCUSD,BUY,0.5,2026-04-04T10:35:00+00:00,2026-04-04T10:45:00+00:00,67000.95,67065.49285714286,32.27142857,2767.65008857,-122.73550071,take_profit
full_current_btc_gold_fixed,BTCUSD,SELL,0.5,2026-04-05T12:00:00+00:00,2026-04-05T12:30:00+00:00,66915.4,66821.70357142857,46.84821429,2814.49830286,-75.88728643,take_profit
full_current_btc_gold_fixed,BTCUSD,SELL,0.5,2026-04-05T12:30:00+00:00,2026-04-05T13:00:00+00:00,66749.9,66788.33571428571,-19.21785714,2795.28044571,-95.10514357,stop_loss
full_current_fx_fixed_1,GBPJPY,BUY,1.0,2026-04-06T07:20:00+00:00,2026-04-06T07:36:00+00:00,211.06099999999998,211.20699999999994,0.146,2795.42644571,-94.95914357,take_profit
full_current_fx_fixed_1,EURUSD,BUY,1.0,2026-04-06T07:42:00+00:00,2026-04-06T07:52:00+00:00,1.155115,1.1565949999999998,0.00148,2795.42792571,-94.95766357,take_profit
full_current_fx_fixed_1,GBPJPY,BUY,1.0,2026-04-06T07:36:00+00:00,2026-04-06T07:55:00+00:00,211.216,211.29625000000001,0.08025,2795.50817571,-94.87741357,trailing_stop
full_current_fx_fixed_1,EURJPY,BUY,1.0,2026-04-06T07:36:00+00:00,2026-04-06T07:56:00+00:00,184.3005,184.3565,0.056,2795.56417571,-94.82141357,trailing_stop
full_current_fx_fixed_1,EURUSD,BUY,1.0,2026-04-06T07:46:00+00:00,2026-04-06T08:06:00+00:00,1.155625,1.15604,0.000415,2795.56459071,-94.82099857,trailing_stop
full_current_fx_fixed_1,EURJPY,BUY,1.0,2026-04-06T07:53:00+00:00,2026-04-06T08:07:00+00:00,184.43849999999998,184.2715,-0.167,2795.39759071,-94.98799857,trailing_stop
full_current_fx_fixed_1,EURUSD,BUY,1.0,2026-04-06T07:47:00+00:00,2026-04-06T08:07:00+00:00,1.155835,1.155945,0.00011,2795.39770071,-94.98788857,trailing_stop
full_current_btc_gold_fixed,BTCUSD,BUY,0.5,2026-04-06T08:30:00+00:00,2026-04-06T09:10:00+00:00,69240.45,69501.69642857142,130.62321429,2926.020915,0.0,take_profit
full_current_btc_gold_fixed,BTCUSD,BUY,0.5,2026-04-06T09:10:00+00:00,2026-04-06T09:15:00+00:00,69633.7,69911.01785714286,138.65892857,3064.67984357,0.0,take_profit
full_current_fx_fixed_1,GBPJPY,BUY,1.0,2026-04-06T07:52:00+00:00,2026-04-06T11:20:00+00:00,211.3645,211.142,-0.2225,3064.45734357,-0.2225,trailing_stop
full_current_btc_gold_fixed,GOLD,BUY,5.0,2026-04-06T17:25:00+00:00,2026-04-06T18:10:00+00:00,4656.31,4663.029142857143,33.59571429,3098.05305786,0.0,take_profit
full_current_btc_gold_fixed,BTCUSD,BUY,0.5,2026-04-07T09:05:00+00:00,2026-04-07T09:10:00+00:00,69208.45,69107.13214285714,-50.65892857,3047.39412929,-50.65892857,stop_loss
full_current_btc_gold_fixed,BTCUSD,SELL,0.5,2026-04-07T10:25:00+00:00,2026-04-07T10:45:00+00:00,68736.2,68411.3857142857,162.40714286,3209.80127214,0.0,take_profit
full_current_btc_gold_fixed,GOLD,BUY,5.0,2026-04-07T14:05:00+00:00,2026-04-07T14:20:00+00:00,4612.59,4626.132857142858,67.71428571,3277.51555786,0.0,take_profit
full_current_btc_gold_fixed,GOLD,SELL,5.0,2026-04-07T18:25:00+00:00,2026-04-07T18:45:00+00:00,4680.66,4672.365,41.475,3318.99055786,0.0,take_profit
full_current_btc_gold_fixed,BTCUSD,BUY,0.5,2026-04-08T12:10:00+00:00,2026-04-08T12:20:00+00:00,71841.05,71750.18928571428,-45.43035714,3273.56020071,-45.43035714,stop_loss
full_current_btc_gold_fixed,BTCUSD,BUY,0.5,2026-04-08T12:35:00+00:00,2026-04-08T13:05:00+00:00,71927.25,72267.975,170.3625,3443.92270071,0.0,take_profit
full_current_btc_gold_fixed,GOLD,BUY,5.0,2026-04-08T14:30:00+00:00,2026-04-08T14:40:00+00:00,4754.14,4770.117142857143,79.88571429,3523.808415,0.0,take_profit
full_current_btc_gold_fixed,GOLD,BUY,5.0,2026-04-08T14:55:00+00:00,2026-04-08T15:15:00+00:00,4736.19,4752.986142857142,83.98071429,3607.78912929,0.0,take_profit
full_current_btc_gold_fixed,GOLD,BUY,5.0,2026-04-08T17:45:00+00:00,2026-04-08T18:00:00+00:00,4738.335,4728.834107142857,-47.50446429,3560.284665,-47.50446429,stop_loss
full_current_fx_fixed_1,EURJPY,BUY,1.0,2026-04-09T07:57:00+00:00,2026-04-09T08:16:00+00:00,185.37400000000002,185.48950000000002,0.1155,3560.400165,-47.38896429,take_profit
full_current_fx_fixed_1,EURJPY,BUY,1.0,2026-04-09T07:59:00+00:00,2026-04-09T08:29:00+00:00,185.4085,185.547,0.1385,3560.538665,-47.25046429,take_profit
full_current_btc_gold_fixed,BTCUSD,BUY,0.5,2026-04-09T08:40:00+00:00,2026-04-09T08:45:00+00:00,71338.6,71259.08571428571,-39.75714286,3520.78152214,-87.00760714,stop_loss
full_current_btc_gold_fixed,BTCUSD,BUY,0.5,2026-04-09T09:15:00+00:00,2026-04-09T09:25:00+00:00,71387.4,71281.36428571428,-53.01785714,3467.763665,-140.02546429,stop_loss
full_current_btc_gold_fixed,GOLD,SELL,5.0,2026-04-09T13:30:00+00:00,2026-04-09T13:35:00+00:00,4757.15,4767.2273214285715,-50.38660714,3417.37705786,-190.41207143,stop_loss
full_current_btc_gold_fixed,GOLD,SELL,5.0,2026-04-09T13:35:00+00:00,2026-04-09T13:50:00+00:00,4770.41,4761.674857142857,43.67571429,3461.05277214,-146.73635714,take_profit
full_current_btc_gold_fixed,GOLD,SELL,5.0,2026-04-09T14:00:00+00:00,2026-04-09T14:15:00+00:00,4772.79,4762.886571428571,49.51714286,3510.569915,-97.21921429,take_profit
full_current_btc_gold_fixed,BTCUSD,SELL,0.5,2026-04-10T07:00:00+00:00,2026-04-10T07:50:00+00:00,71791.7,71568.91785714285,111.39107143,3621.96098643,0.0,take_profit
full_current_btc_gold_fixed,BTCUSD,SELL,0.5,2026-04-10T07:50:00+00:00,2026-04-10T08:05:00+00:00,71454.5,71527.41785714286,-36.45892857,3585.50205786,-36.45892857,stop_loss
full_current_fx_fixed_1,GBPJPY,BUY,1.0,2026-04-10T07:10:00+00:00,2026-04-10T09:19:00+00:00,213.84,213.84224999999998,0.00225,3585.50430786,-36.45667857,trailing_stop
full_current_btc_gold_fixed,BTCUSD,BUY,0.5,2026-04-11T12:00:00+00:00,2026-04-11T12:10:00+00:00,72956.9,72932.00714285714,-12.44642857,3573.05787929,-48.90310714,stop_loss
full_current_btc_gold_fixed,BTCUSD,BUY,0.5,2026-04-11T12:40:00+00:00,2026-04-11T13:00:00+00:00,72995.05,72958.08214285715,-18.48392857,3554.57395071,-67.38703571,stop_loss
full_current_btc_gold_fixed,BTCUSD,SELL,0.5,2026-04-12T09:00:00+00:00,2026-04-12T09:20:00+00:00,71600.5,71645.5,-22.5,3532.07395071,-89.88703571,stop_loss
full_current_btc_gold_fixed,BTCUSD,SELL,0.5,2026-04-12T09:45:00+00:00,2026-04-12T10:05:00+00:00,71559.95,71601.83571428571,-20.94285714,3511.13109357,-110.82989286,stop_loss
full_current_btc_gold_fixed,BTCUSD,SELL,0.5,2026-04-13T08:15:00+00:00,2026-04-13T08:25:00+00:00,70697.05,70774.05357142858,-38.50178571,3472.62930786,-149.33167857,stop_loss
full_current_btc_gold_fixed,BTCUSD,SELL,0.5,2026-04-13T08:40:00+00:00,2026-04-13T08:55:00+00:00,70617.05,70692.725,-37.8375,3434.79180786,-187.16917857,stop_loss
full_current_btc_gold_fixed,GOLD,SELL,5.0,2026-04-13T13:45:00+00:00,2026-04-13T13:50:00+00:00,4739.9,4731.401428571428,42.49285714,3477.284665,-144.67632143,take_profit
full_current_btc_gold_fixed,GOLD,SELL,5.0,2026-04-13T16:40:00+00:00,2026-04-13T17:05:00+00:00,4740.47,4731.967142857143,42.51428571,3519.79895071,-102.16203571,take_profit
full_current_btc_gold_fixed,GOLD,SELL,5.0,2026-04-13T17:15:00+00:00,2026-04-13T17:50:00+00:00,4744.55,4734.395,50.775,3570.57395071,-51.38703571,take_profit
full_current_fx_fixed_1,EURUSD,BUY,1.0,2026-04-14T07:00:00+00:00,2026-04-14T07:02:00+00:00,1.177935,1.178585,0.00065,3570.57460071,-51.38638571,trailing_stop
full_current_fx_fixed_1,EURUSD,BUY,1.0,2026-04-14T07:01:00+00:00,2026-04-14T07:02:00+00:00,1.178165,1.1785100000000002,0.000345,3570.57494571,-51.38604071,trailing_stop
full_current_btc_gold_fixed,BTCUSD,BUY,0.5,2026-04-14T07:00:00+00:00,2026-04-14T07:05:00+00:00,74624.6,74835.53214285715,105.46607143,3676.04101714,0.0,take_profit
full_current_btc_gold_fixed,BTCUSD,BUY,0.5,2026-04-14T07:05:00+00:00,2026-04-14T07:10:00+00:00,74949.6,74859.06785714286,-45.26607143,3630.77494571,-45.26607143,stop_loss
full_current_fx_fixed_1,EURUSD,BUY,1.0,2026-04-14T07:05:00+00:00,2026-04-14T12:01:00+00:00,1.179365,1.179525,0.00016,3630.77510571,-45.26591143,trailing_stop
full_current_btc_gold_fixed,GOLD,SELL,5.0,2026-04-14T14:05:00+00:00,2026-04-14T14:30:00+00:00,4802.14,4813.917678571429,-58.88839286,3571.88671286,-104.15430429,stop_loss
full_current_btc_gold_fixed,GOLD,SELL,5.0,2026-04-14T16:15:00+00:00,2026-04-14T17:05:00+00:00,4816.105,4825.422142857143,-46.58571429,3525.30099857,-150.74001857,stop_loss
full_current_btc_gold_fixed,GOLD,SELL,5.0,2026-04-14T17:05:00+00:00,2026-04-14T17:35:00+00:00,4829.54,4839.326428571429,-48.93214286,3476.36885571,-199.67216143,stop_loss
full_current_btc_gold_fixed,BTCUSD,SELL,0.5,2026-04-15T07:05:00+00:00,2026-04-15T07:10:00+00:00,73889.5,73954.67857142858,-32.58928571,3443.77957,-232.26144714,stop_loss
full_current_btc_gold_fixed,BTCUSD,SELL,0.5,2026-04-15T07:15:00+00:00,2026-04-15T07:50:00+00:00,73677.65,73763.10714285714,-42.72857143,3401.05099857,-274.99001857,stop_loss
full_current_btc_gold_fixed,GOLD,SELL,5.0,2026-04-15T13:55:00+00:00,2026-04-15T14:00:00+00:00,4829.02,4821.900142857143,35.59928571,3436.65028429,-239.39073286,take_profit
full_current_btc_gold_fixed,GOLD,BUY,5.0,2026-04-15T15:30:00+00:00,2026-04-15T15:35:00+00:00,4795.395,4803.866142857143,42.35571429,3479.00599857,-197.03501857,take_profit
full_current_btc_gold_fixed,BTCUSD,SELL,0.5,2026-04-16T08:05:00+00:00,2026-04-16T08:15:00+00:00,74557.3,74636.49642857142,-39.59821429,3439.40778429,-236.63323286,stop_loss
full_current_btc_gold_fixed,BTCUSD,SELL,0.5,2026-04-16T10:10:00+00:00,2026-04-16T10:25:00+00:00,74442.1,74527.32500000001,-42.6125,3396.79528429,-279.24573286,stop_loss
full_current_btc_gold_fixed,GOLD,BUY,5.0,2026-04-16T13:50:00+00:00,2026-04-16T14:10:00+00:00,4794.57,4803.405428571428,44.17714286,3440.97242714,-235.06859,take_profit
full_current_btc_gold_fixed,GOLD,BUY,5.0,2026-04-16T16:45:00+00:00,2026-04-16T17:00:00+00:00,4787.91,4794.809571428571,34.49785714,3475.47028429,-200.57073286,take_profit
full_current_btc_gold_fixed,GOLD,BUY,5.0,2026-04-16T17:10:00+00:00,2026-04-16T17:35:00+00:00,4791.5,4783.011607142857,-42.44196429,3433.02832,-243.01269714,stop_loss
full_current_btc_gold_fixed,BTCUSD,BUY,0.5,2026-04-17T07:00:00+00:00,2026-04-17T08:30:00+00:00,75013.6,75209.81071428572,98.10535714,3531.13367714,-144.90734,take_profit
full_current_btc_gold_fixed,BTCUSD,BUY,0.5,2026-04-17T08:30:00+00:00,2026-04-17T08:35:00+00:00,75377.4,75290.175,-43.6125,3487.52117714,-188.51984,stop_loss
full_current_btc_gold_fixed,GOLD,SELL,5.0,2026-04-17T13:00:00+00:00,2026-04-17T13:05:00+00:00,4844.24,4855.700535714285,-57.30267857,3430.21849857,-245.82251857,stop_loss
full_current_btc_gold_fixed,GOLD,SELL,5.0,2026-04-17T13:05:00+00:00,2026-04-17T13:10:00+00:00,4862.95,4876.552857142857,-68.01428571,3362.20421286,-313.83680429,stop_loss
full_current_btc_gold_fixed,GOLD,SELL,5.0,2026-04-17T13:10:00+00:00,2026-04-17T13:15:00+00:00,4883.225,4870.595428571429,63.14785714,3425.35207,-250.68894714,take_profit
full_current_btc_gold_fixed,BTCUSD,SELL,0.5,2026-04-18T08:10:00+00:00,2026-04-18T08:30:00+00:00,76839.25,76668.65714285715,85.29642857,3510.64849857,-165.39251857,take_profit
full_current_btc_gold_fixed,BTCUSD,SELL,0.5,2026-04-18T08:30:00+00:00,2026-04-18T08:50:00+00:00,76635.05,76726.60714285714,-45.77857143,3464.86992714,-211.17109,stop_loss
full_current_btc_gold_fixed,BTCUSD,SELL,0.5,2026-04-19T07:05:00+00:00,2026-04-19T07:20:00+00:00,75273.9,75086.2607142857,93.81964286,3558.68957,-117.35144714,take_profit
full_current_btc_gold_fixed,BTCUSD,SELL,0.5,2026-04-19T07:20:00+00:00,2026-04-19T07:30:00+00:00,75043.5,75118.09285714285,-37.29642857,3521.39314143,-154.64787571,stop_loss
full_current_btc_gold_fixed,BTCUSD,BUY,0.5,2026-04-20T07:15:00+00:00,2026-04-20T07:20:00+00:00,74937.85,75308.15714285715,185.15357143,3706.54671286,0.0,take_profit
full_current_btc_gold_fixed,BTCUSD,BUY,0.5,2026-04-20T07:20:00+00:00,2026-04-20T07:25:00+00:00,75408.05,75243.41071428572,-82.31964286,3624.22707,-82.31964286,stop_loss
full_current_btc_gold_fixed,GOLD,SELL,5.0,2026-04-20T13:40:00+00:00,2026-04-20T14:00:00+00:00,4822.55,4814.159857142858,41.95071429,3666.17778429,-40.36892857,take_profit
full_current_btc_gold_fixed,GOLD,SELL,5.0,2026-04-20T19:05:00+00:00,2026-04-20T19:30:00+00:00,4820.08,4815.936571428571,20.71714286,3686.89492714,-19.65178571,take_profit
full_current_btc_gold_fixed,BTCUSD,BUY,0.5,2026-04-21T07:20:00+00:00,2026-04-21T07:30:00+00:00,76158.55,76066.43214285714,-46.05892857,3640.83599857,-65.71071429,stop_loss
full_current_btc_gold_fixed,BTCUSD,BUY,0.5,2026-04-21T08:20:00+00:00,2026-04-21T08:45:00+00:00,76361.6,76720.96785714287,179.68392857,3820.51992714,0.0,take_profit
full_current_btc_gold_fixed,GOLD,BUY,5.0,2026-04-21T13:05:00+00:00,2026-04-21T13:30:00+00:00,4768.15,4777.014142857142,44.32071429,3864.84064143,0.0,take_profit
full_current_btc_gold_fixed,GOLD,BUY,5.0,2026-04-21T14:40:00+00:00,2026-04-21T14:45:00+00:00,4745.05,4731.695178571428,-66.77410714,3798.06653429,-66.77410714,stop_loss
full_current_btc_gold_fixed,GOLD,BUY,5.0,2026-04-21T14:45:00+00:00,2026-04-21T14:50:00+00:00,4727.72,4738.928,56.04,3854.10653429,-10.73410714,take_profit
full_current_btc_gold_fixed,BTCUSD,BUY,0.5,2026-04-22T11:00:00+00:00,2026-04-22T11:05:00+00:00,78243.2,78167.89642857143,-37.65178571,3816.45474857,-48.38589286,stop_loss
full_current_btc_gold_fixed,BTCUSD,BUY,0.5,2026-04-22T11:25:00+00:00,2026-04-22T11:35:00+00:00,78336.95,78252.88571428572,-42.03214286,3774.42260571,-90.41803571,stop_loss
full_current_btc_gold_fixed,GOLD,BUY,5.0,2026-04-22T15:35:00+00:00,2026-04-22T17:00:00+00:00,4728.07,4735.4611428571425,36.95571429,3811.37832,-53.46232143,take_profit
full_current_btc_gold_fixed,BTCUSD,SELL,0.5,2026-04-23T08:30:00+00:00,2026-04-23T09:05:00+00:00,77889.3,77596.90714285713,146.19642857,3957.57474857,0.0,take_profit
full_current_btc_gold_fixed,BTCUSD,SELL,0.5,2026-04-23T09:05:00+00:00,2026-04-23T09:15:00+00:00,77564.6,77680.5642857143,-57.98214286,3899.59260571,-57.98214286,stop_loss
full_current_btc_gold_fixed,GOLD,SELL,5.0,2026-04-23T13:00:00+00:00,2026-04-23T13:10:00+00:00,4733.58,4724.350714285714,46.14642857,3945.73903429,-11.83571429,take_profit
full_current_btc_gold_fixed,GOLD,SELL,5.0,2026-04-23T15:15:00+00:00,2026-04-23T15:30:00+00:00,4738.5,4731.2438571428565,36.28071429,3982.01974857,0.0,take_profit
full_current_btc_gold_fixed,GOLD,BUY,5.0,2026-04-23T17:40:00+00:00,2026-04-23T17:50:00+00:00,4677.625,4690.258857142857,63.16928571,4045.18903429,0.0,take_profit
full_current_btc_gold_fixed,BTCUSD,SELL,0.5,2026-04-24T09:05:00+00:00,2026-04-24T09:15:00+00:00,77465.95,77580.32857142857,-57.18928571,3987.99974857,-57.18928571,stop_loss
full_current_btc_gold_fixed,BTCUSD,BUY,0.5,2026-04-24T11:00:00+00:00,2026-04-24T11:05:00+00:00,77975.85,78222.99642857144,123.57321429,4111.57296286,0.0,take_profit
full_current_btc_gold_fixed,GOLD,SELL,5.0,2026-04-24T14:05:00+00:00,2026-04-24T15:35:00+00:00,4728.22,4717.742714285714,52.38642857,4163.95939143,0.0,take_profit
full_current_btc_gold_fixed,BTCUSD,SELL,0.5,2026-04-25T07:00:00+00:00,2026-04-25T07:15:00+00:00,77481.75,77517.64285714286,-17.94642857,4146.01296286,-17.94642857,stop_loss
full_current_btc_gold_fixed,BTCUSD,BUY,0.5,2026-04-25T09:35:00+00:00,2026-04-25T10:25:00+00:00,77750.85,77846.81785714286,47.98392857,4193.99689143,0.0,take_profit
full_current_btc_gold_fixed,BTCUSD,BUY,0.5,2026-04-26T07:50:00+00:00,2026-04-26T08:35:00+00:00,78079.8,78193.875,57.0375,4251.03439143,0.0,take_profit
full_current_btc_gold_fixed,BTCUSD,BUY,0.5,2026-04-26T08:35:00+00:00,2026-04-26T08:40:00+00:00,78167.25,78127.26071428572,-19.99464286,4231.03974857,-19.99464286,stop_loss
full_current_fx_fixed_1,EURUSD,BUY,1.0,2026-04-27T07:52:00+00:00,2026-04-27T08:02:00+00:00,1.174135,1.174175,4e-05,4231.03978857,-19.99460286,trailing_stop
full_current_fx_fixed_1,EURUSD,BUY,1.0,2026-04-27T07:57:00+00:00,2026-04-27T08:17:00+00:00,1.174185,1.174275,9e-05,4231.03987857,-19.99451286,trailing_stop
full_current_fx_fixed_1,EURUSD,BUY,1.0,2026-04-27T07:58:00+00:00,2026-04-27T09:22:00+00:00,1.174435,1.174515,8e-05,4231.03995857,-19.99443286,trailing_stop
full_current_btc_gold_fixed,BTCUSD,SELL,0.5,2026-04-27T12:35:00+00:00,2026-04-27T12:40:00+00:00,77664.4,77724.25357142856,-29.92678571,4201.11317286,-49.92121857,stop_loss
full_current_btc_gold_fixed,GOLD,BUY,5.0,2026-04-27T13:35:00+00:00,2026-04-27T14:30:00+00:00,4692.67,4684.6375,-40.1625,4160.95067286,-90.08371857,stop_loss
full_current_btc_gold_fixed,BTCUSD,BUY,0.5,2026-04-27T14:45:00+00:00,2026-04-27T14:50:00+00:00,78222.4,78075.04642857143,-73.67678571,4087.27388714,-163.76050429,stop_loss
full_current_btc_gold_fixed,GOLD,BUY,5.0,2026-04-27T15:00:00+00:00,2026-04-27T15:15:00+00:00,4669.09,4677.1720000000005,40.41,4127.68388714,-123.35050429,take_profit
full_current_btc_gold_fixed,GOLD,BUY,5.0,2026-04-27T19:35:00+00:00,2026-04-27T19:45:00+00:00,4677.65,4680.32,13.35,4141.03388714,-110.00050429,take_profit
full_current_btc_gold_fixed,BTCUSD,SELL,0.5,2026-04-28T07:10:00+00:00,2026-04-28T07:20:00+00:00,76556.7,76640.38571428572,-41.84285714,4099.19103,-151.84336143,stop_loss
full_current_btc_gold_fixed,BTCUSD,SELL,0.5,2026-04-28T09:45:00+00:00,2026-04-28T10:00:00+00:00,76580.5,76648.08928571429,-33.79464286,4065.39638714,-185.63800429,stop_loss
full_current_btc_gold_fixed,GOLD,BUY,5.0,2026-04-28T14:00:00+00:00,2026-04-28T15:00:00+00:00,4566.18,4578.923571428571,63.71785714,4129.11424429,-121.92014714,take_profit
full_current_btc_gold_fixed,BTCUSD,BUY,0.5,2026-04-29T09:30:00+00:00,2026-04-29T09:45:00+00:00,77215.75,77374.28928571429,79.26964286,4208.38388714,-42.65050429,take_profit
full_current_btc_gold_fixed,BTCUSD,BUY,0.5,2026-04-29T09:45:00+00:00,2026-04-29T10:25:00+00:00,77644.0,77875.25714285714,115.62857143,4324.01245857,0.0,take_profit
full_current_btc_gold_fixed,GOLD,BUY,5.0,2026-04-29T13:05:00+00:00,2026-04-29T13:20:00+00:00,4546.57,4537.218035714285,-46.75982143,4277.25263714,-46.75982143,stop_loss
full_current_btc_gold_fixed,GOLD,BUY,5.0,2026-04-29T13:20:00+00:00,2026-04-29T13:35:00+00:00,4538.485,4528.379821428571,-50.52589286,4226.72674429,-97.28571429,stop_loss
full_current_btc_gold_fixed,GOLD,BUY,5.0,2026-04-29T13:35:00+00:00,2026-04-29T13:40:00+00:00,4525.59,4514.548928571428,-55.20535714,4171.52138714,-152.49107143,stop_loss
full_current_fx_fixed_1,GBPJPY,BUY,1.0,2026-04-30T07:30:00+00:00,2026-04-30T07:43:00+00:00,216.477,216.5975,0.1205,4171.64188714,-152.37057143,take_profit
full_current_fx_fixed_1,EURJPY,BUY,1.0,2026-04-30T07:31:00+00:00,2026-04-30T07:56:00+00:00,187.5245,187.3805,-0.144,4171.49788714,-152.51457143,trailing_stop
full_current_fx_fixed_1,EURJPY,BUY,1.0,2026-04-30T07:32:00+00:00,2026-04-30T07:56:00+00:00,187.53050000000002,187.395,-0.1355,4171.36238714,-152.65007143,trailing_stop
full_current_fx_fixed_1,GBPJPY,BUY,1.0,2026-04-30T07:39:00+00:00,2026-04-30T07:56:00+00:00,216.5465,216.41500000000002,-0.1315,4171.23088714,-152.78157143,trailing_stop
full_current_btc_gold_fixed,BTCUSD,BUY,0.5,2026-04-30T09:25:00+00:00,2026-04-30T09:40:00+00:00,76174.5,76105.73214285714,-34.38392857,4136.84695857,-187.1655,stop_loss
full_current_btc_gold_fixed,BTCUSD,SELL,0.5,2026-04-30T10:25:00+00:00,2026-04-30T10:30:00+00:00,75962.55,76046.3,-41.875,4094.97195857,-229.0405,stop_loss
full_current_btc_gold_fixed,BTCUSD,BUY,0.5,2026-05-01T08:10:00+00:00,2026-05-01T08:20:00+00:00,77238.1,77435.75714285715,98.82857143,4193.80053,-130.21192857,take_profit
full_current_btc_gold_fixed,BTCUSD,BUY,0.5,2026-05-01T08:20:00+00:00,2026-05-01T08:35:00+00:00,77467.65,77389.67142857143,-38.98928571,4154.81124429,-169.20121429,stop_loss
full_current_btc_gold_fixed,GOLD,SELL,5.0,2026-05-01T13:50:00+00:00,2026-05-01T13:55:00+00:00,4617.02,4628.192321428572,-55.86160714,4098.94963714,-225.06282143,stop_loss
full_current_btc_gold_fixed,GOLD,SELL,5.0,2026-05-01T13:55:00+00:00,2026-05-01T14:00:00+00:00,4626.0,4638.018214285714,-60.09107143,4038.85856571,-285.15389286,stop_loss
full_current_btc_gold_fixed,GOLD,SELL,5.0,2026-05-01T14:00:00+00:00,2026-05-01T14:10:00+00:00,4634.605,4648.106071428571,-67.50535714,3971.35320857,-352.65925,stop_loss
full_current_btc_gold_fixed,BTCUSD,SELL,0.5,2026-05-02T11:10:00+00:00,2026-05-02T11:20:00+00:00,78173.1,78197.29642857144,-12.09821429,3959.25499429,-364.75746429,stop_loss
full_current_btc_gold_fixed,BTCUSD,SELL,0.5,2026-05-02T11:35:00+00:00,2026-05-02T12:25:00+00:00,78163.55,78191.56785714286,-14.00892857,3945.24606571,-378.76639286,stop_loss
full_current_btc_gold_fixed,BTCUSD,BUY,0.5,2026-05-03T07:00:00+00:00,2026-05-03T09:25:00+00:00,78355.1,78491.60000000002,68.25,4013.49606571,-310.51639286,take_profit
full_current_btc_gold_fixed,BTCUSD,BUY,0.5,2026-05-03T09:25:00+00:00,2026-05-03T09:30:00+00:00,78497.6,78463.22142857144,-17.18928571,3996.30678,-327.70567857,stop_loss
full_current_fx_fixed_1,GBPJPY,SELL,1.0,2026-05-04T07:24:00+00:00,2026-05-04T07:42:00+00:00,212.985,212.82600000000005,0.159,3996.46578,-327.54667857,take_profit
full_current_fx_fixed_1,GBPJPY,SELL,1.0,2026-05-04T07:28:00+00:00,2026-05-04T07:43:00+00:00,212.922,212.765,0.157,3996.62278,-327.38967857,take_profit
full_current_btc_gold_fixed,BTCUSD,BUY,0.5,2026-05-04T09:50:00+00:00,2026-05-04T09:55:00+00:00,79905.2,79828.41071428571,-38.39464286,3958.22813714,-365.78432143,stop_loss
full_current_btc_gold_fixed,BTCUSD,SELL,0.5,2026-05-04T10:05:00+00:00,2026-05-04T10:20:00+00:00,78817.75,78341.54285714286,238.10357143,4196.33170857,-127.68075,take_profit
full_current_btc_gold_fixed,GOLD,BUY,5.0,2026-05-04T15:20:00+00:00,2026-05-04T15:25:00+00:00,4521.895,4535.089428571429,65.97214286,4262.30385143,-61.70860714,take_profit
full_current_btc_gold_fixed,GOLD,BUY,5.0,2026-05-04T15:30:00+00:00,2026-05-04T15:50:00+00:00,4535.12,4517.4275,-88.4625,4173.84135143,-150.17110714,stop_loss
full_current_btc_gold_fixed,GOLD,BUY,5.0,2026-05-04T15:50:00+00:00,2026-05-04T16:05:00+00:00,4528.34,4508.827678571429,-97.56160714,4076.27974429,-247.73271429,stop_loss
full_current_btc_gold_fixed,BTCUSD,BUY,0.5,2026-05-05T11:05:00+00:00,2026-05-05T11:35:00+00:00,80847.95,81028.30357142857,90.17678571,4166.45653,-157.55592857,take_profit
full_current_btc_gold_fixed,BTCUSD,BUY,0.5,2026-05-05T11:35:00+00:00,2026-05-05T11:50:00+00:00,81029.7,80946.8,-41.45,4125.00653,-199.00592857,stop_loss
full_current_btc_gold_fixed,GOLD,SELL,5.0,2026-05-05T13:10:00+00:00,2026-05-05T14:10:00+00:00,4578.81,4571.292857142857,37.58571429,4162.59224429,-161.42021429,take_profit
full_current_btc_gold_fixed,BTCUSD,BUY,0.5,2026-05-06T07:05:00+00:00,2026-05-06T07:10:00+00:00,81557.35,81484.00357142858,-36.67321429,4125.91903,-198.09342857,stop_loss
full_current_btc_gold_fixed,BTCUSD,BUY,0.5,2026-05-06T08:30:00+00:00,2026-05-06T08:35:00+00:00,81724.2,81631.77142857143,-46.21428571,4079.70474429,-244.30771429,stop_loss
full_current_btc_gold_fixed,GOLD,SELL,5.0,2026-05-06T14:00:00+00:00,2026-05-06T15:10:00+00:00,4705.85,4694.283285714286,57.83357143,4137.53831571,-186.47414286,take_profit
full_current_btc_gold_fixed,GOLD,SELL,5.0,2026-05-06T19:10:00+00:00,2026-05-06T19:20:00+00:00,4695.24,4699.719642857142,-22.39821429,4115.14010143,-208.87235714,stop_loss
full_current_btc_gold_fixed,GOLD,SELL,5.0,2026-05-06T19:20:00+00:00,2026-05-06T19:30:00+00:00,4699.89,4696.224857142857,18.32571429,4133.46581571,-190.54664286,take_profit
full_current_btc_gold_fixed,BTCUSD,BUY,0.5,2026-05-07T07:10:00+00:00,2026-05-07T07:30:00+00:00,81659.1,81555.25,-51.925,4081.54081571,-242.47164286,stop_loss
full_current_btc_gold_fixed,BTCUSD,SELL,0.5,2026-05-07T08:40:00+00:00,2026-05-07T09:25:00+00:00,81260.25,80996.775,131.7375,4213.27831571,-110.73414286,take_profit
full_current_fx_fixed_1,EURUSD,BUY,1.0,2026-05-07T07:14:00+00:00,2026-05-07T09:57:00+00:00,1.176695,1.1769699999999998,0.000275,4213.27859071,-110.73386786,trailing_stop
full_current_fx_fixed_1,EURUSD,BUY,1.0,2026-05-07T07:15:00+00:00,2026-05-07T09:57:00+00:00,1.176855,1.177035,0.00018,4213.27877071,-110.73368786,trailing_stop
full_current_btc_gold_fixed,GOLD,SELL,5.0,2026-05-07T14:20:00+00:00,2026-05-07T14:35:00+00:00,4757.32,4747.928285714285,46.95857143,4260.23734214,-63.77511643,take_profit
full_current_btc_gold_fixed,GOLD,SELL,5.0,2026-05-07T14:55:00+00:00,2026-05-07T15:15:00+00:00,4762.79,4754.408857142857,41.90571429,4302.14305643,-21.86940214,take_profit
full_current_btc_gold_fixed,GOLD,BUY,5.0,2026-05-07T16:05:00+00:00,2026-05-07T16:15:00+00:00,4717.62,4707.3042857142855,-51.57857143,4250.564485,-73.44797357,stop_loss
full_current_btc_gold_fixed,BTCUSD,SELL,0.5,2026-05-08T07:00:00+00:00,2026-05-08T07:35:00+00:00,79426.9,79506.01428571428,-39.55714286,4211.00734214,-113.00511643,stop_loss
full_current_btc_gold_fixed,BTCUSD,BUY,0.5,2026-05-08T10:35:00+00:00,2026-05-08T11:00:00+00:00,80053.0,80289.025,118.0125,4329.01984214,0.0,take_profit
full_current_btc_gold_fixed,GOLD,SELL,5.0,2026-05-08T13:55:00+00:00,2026-05-08T14:05:00+00:00,4748.07,4738.349142857142,48.60428571,4377.62412786,0.0,take_profit
full_current_btc_gold_fixed,GOLD,SELL,5.0,2026-05-08T18:00:00+00:00,2026-05-08T18:45:00+00:00,4726.6,4722.907857142857,18.46071429,4396.08484214,0.0,take_profit
full_current_btc_gold_fixed,BTCUSD,SELL,0.5,2026-05-09T10:05:00+00:00,2026-05-09T10:15:00+00:00,80175.4,80214.23214285714,-19.41607143,4376.66877071,-19.41607143,stop_loss
full_current_btc_gold_fixed,BTCUSD,BUY,0.5,2026-05-09T12:20:00+00:00,2026-05-09T12:30:00+00:00,80388.6,80357.51071428572,-15.54464286,4361.12412786,-34.96071429,stop_loss
full_current_btc_gold_fixed,BTCUSD,BUY,0.5,2026-05-10T08:20:00+00:00,2026-05-10T09:35:00+00:00,80817.85,80785.37857142858,-16.23571429,4344.88841357,-51.19642857,stop_loss
full_current_btc_gold_fixed,BTCUSD,BUY,0.5,2026-05-10T11:00:00+00:00,2026-05-10T11:05:00+00:00,80931.0,80878.02857142857,-26.48571429,4318.40269929,-77.68214286,stop_loss
full_current_btc_gold_fixed,BTCUSD,SELL,0.5,2026-05-11T07:00:00+00:00,2026-05-11T07:15:00+00:00,80734.05,80810.81785714286,-38.38392857,4280.01877071,-116.06607143,stop_loss
full_current_btc_gold_fixed,BTCUSD,SELL,0.5,2026-05-11T08:05:00+00:00,2026-05-11T08:10:00+00:00,80646.4,80718.9,-36.25,4243.76877071,-152.31607143,stop_loss
full_current_fx_fixed_1,EURJPY,BUY,1.0,2026-05-11T07:15:00+00:00,2026-05-11T08:11:00+00:00,184.86599999999999,185.01299999999995,0.147,4243.91577071,-152.16907143,take_profit
full_current_fx_fixed_1,GBPJPY,BUY,1.0,2026-05-11T07:15:00+00:00,2026-05-11T08:34:00+00:00,213.6565,213.717,0.0605,4243.97627071,-152.10857143,trailing_stop
full_current_btc_gold_fixed,GOLD,SELL,5.0,2026-05-11T13:00:00+00:00,2026-05-11T13:10:00+00:00,4710.12,4721.342142857143,-56.11071429,4187.86555643,-208.21928571,stop_loss
full_current_btc_gold_fixed,GOLD,SELL,5.0,2026-05-11T13:10:00+00:00,2026-05-11T13:20:00+00:00,4721.04,4733.183571428572,-60.71785714,4127.14769929,-268.93714286,stop_loss
full_current_btc_gold_fixed,GOLD,SELL,5.0,2026-05-11T13:20:00+00:00,2026-05-11T13:40:00+00:00,4731.53,4745.270535714286,-68.70267857,4058.44502071,-337.63982143,stop_loss
full_current_btc_gold_fixed,BTCUSD,SELL,0.5,2026-05-12T07:00:00+00:00,2026-05-12T07:05:00+00:00,80901.1,80962.53571428572,-30.71785714,4027.72716357,-368.35767857,stop_loss
full_current_fx_fixed_1,GBPJPY,SELL,1.0,2026-05-12T07:37:00+00:00,2026-05-12T07:53:00+00:00,213.0395,213.00475,0.03475,4027.76191357,-368.32292857,trailing_stop
full_current_fx_fixed_1,GBPJPY,SELL,1.0,2026-05-12T07:44:00+00:00,2026-05-12T08:00:00+00:00,212.969,212.93725,0.03175,4027.79366357,-368.29117857,trailing_stop
full_current_fx_fixed_1,GBPJPY,SELL,1.0,2026-05-12T07:38:00+00:00,2026-05-12T08:01:00+00:00,213.002,212.9525,0.0495,4027.84316357,-368.24167857,trailing_stop
full_current_btc_gold_fixed,BTCUSD,SELL,0.5,2026-05-12T07:45:00+00:00,2026-05-12T11:05:00+00:00,80855.05,80575.26785714286,139.89107143,4167.734235,-228.35060714,take_profit
full_current_btc_gold_fixed,GOLD,BUY,5.0,2026-05-12T13:55:00+00:00,2026-05-12T14:00:00+00:00,4679.355,4690.283142857143,54.64071429,4222.37494929,-173.70989286,take_profit
full_current_btc_gold_fixed,GOLD,BUY,5.0,2026-05-12T15:10:00+00:00,2026-05-12T15:20:00+00:00,4664.545,4653.08875,-57.28125,4165.09369929,-230.99114286,stop_loss
full_current_btc_gold_fixed,GOLD,BUY,5.0,2026-05-12T15:20:00+00:00,2026-05-12T15:25:00+00:00,4643.13,4653.747,53.085,4218.17869929,-177.90614286,take_profit
full_current_fx_fixed_1,EURJPY,SELL,1.0,2026-05-13T07:13:00+00:00,2026-05-13T07:44:00+00:00,184.813,184.79125,0.02175,4218.20044929,-177.88439286,trailing_stop
full_current_btc_gold_fixed,BTCUSD,BUY,0.5,2026-05-13T08:40:00+00:00,2026-05-13T10:25:00+00:00,81127.7,81066.025,-30.8375,4187.36294929,-208.72189286,stop_loss
full_current_btc_gold_fixed,BTCUSD,SELL,0.5,2026-05-13T10:40:00+00:00,2026-05-13T11:05:00+00:00,80822.1,80628.57857142857,96.76071429,4284.12366357,-111.96117857,take_profit
full_current_btc_gold_fixed,GOLD,SELL,5.0,2026-05-13T16:20:00+00:00,2026-05-13T16:40:00+00:00,4705.96,4700.140857142857,29.09571429,4313.21937786,-82.86546429,take_profit
full_current_btc_gold_fixed,GOLD,BUY,5.0,2026-05-13T18:45:00+00:00,2026-05-13T18:50:00+00:00,4679.55,4684.436142857143,24.43071429,4337.65009214,-58.43475,take_profit
full_current_btc_gold_fixed,BTCUSD,SELL,0.5,2026-05-14T08:00:00+00:00,2026-05-14T08:05:00+00:00,79634.25,79705.87142857142,-35.81071429,4301.83937786,-94.24546429,stop_loss
full_current_btc_gold_fixed,BTCUSD,SELL,0.5,2026-05-14T09:35:00+00:00,2026-05-14T10:00:00+00:00,79585.15,79656.57857142856,-35.71428571,4266.12509214,-129.95975,stop_loss
full_current_btc_gold_fixed,GOLD,BUY,5.0,2026-05-14T16:35:00+00:00,2026-05-14T16:50:00+00:00,4672.97,4678.243571428572,26.36785714,4292.49294929,-103.59189286,take_profit
full_current_btc_gold_fixed,GOLD,BUY,5.0,2026-05-14T18:50:00+00:00,2026-05-14T19:30:00+00:00,4668.35,4663.3233928571435,-25.13303571,4267.35991357,-128.72492857,stop_loss
full_current_btc_gold_fixed,GOLD,BUY,5.0,2026-05-14T19:30:00+00:00,2026-05-14T19:35:00+00:00,4664.8,4660.163392857144,-23.18303571,4244.17687786,-151.90796429,stop_loss
full_current_btc_gold_fixed,BTCUSD,BUY,0.5,2026-05-15T07:20:00+00:00,2026-05-15T07:30:00+00:00,80898.45,80796.95357142857,-50.74821429,4193.42866357,-202.65617857,stop_loss
full_current_btc_gold_fixed,BTCUSD,SELL,0.5,2026-05-15T09:50:00+00:00,2026-05-15T09:55:00+00:00,80389.8,80474.20357142857,-42.20178571,4151.22687786,-244.85796429,stop_loss
full_current_btc_gold_fixed,GOLD,BUY,5.0,2026-05-15T16:00:00+00:00,2026-05-15T16:35:00+00:00,4535.75,4544.634714285715,44.42357143,4195.65044929,-200.43439286,take_profit
full_current_btc_gold_fixed,BTCUSD,SELL,0.5,2026-05-16T07:00:00+00:00,2026-05-16T07:10:00+00:00,78614.1,78356.04642857144,129.02678571,4324.677235,-71.40760714,take_profit
full_current_btc_gold_fixed,BTCUSD,SELL,0.5,2026-05-16T07:10:00+00:00,2026-05-16T07:20:00+00:00,78217.15,78334.40357142857,-58.62678571,4266.05044929,-130.03439286,stop_loss
