run,symbol,action,entry_time,exit_time,pnl,exit_reason,cum,drawdown
fresh_btc_gold_hybrid_optimized_btc,BTCUSD,SELL,2025-11-18T12:10:00+00:00,2025-11-18T12:15:00+00:00,-50.0,stop_loss,-50.0,-50.0
fresh_btc_gold_hybrid_optimized_btc,BTCUSD,BUY,2025-11-18T12:40:00+00:00,2025-11-18T12:50:00+00:00,-49.75,stop_loss,-99.75,-99.75
fresh_btc_gold_hybrid_optimized_btc,BTCUSD,SELL,2025-11-18T13:35:00+00:00,2025-11-18T13:40:00+00:00,-49.50125,stop_loss,-149.25125,-149.25125
fresh_btc_gold_hybrid_optimized_btc,GOLD,SELL,2025-11-18T13:35:00+00:00,2025-11-18T14:15:00+00:00,-50.0,stop_loss,-199.25125,-199.25125
fresh_btc_gold_hybrid_optimized_btc,GOLD,SELL,2025-11-18T14:15:00+00:00,2025-11-18T14:30:00+00:00,39.8,take_profit,-159.45125,-159.45125
fresh_btc_gold_hybrid_optimized_btc,GOLD,SELL,2025-11-18T14:30:00+00:00,2025-11-18T14:50:00+00:00,39.9592,take_profit,-119.49205,-119.49205
fresh_btc_gold_hybrid_optimized_btc,BTCUSD,SELL,2025-11-19T14:05:00+00:00,2025-11-19T14:10:00+00:00,-49.253744,stop_loss,-168.745794,-168.745794
fresh_btc_gold_hybrid_optimized_btc,BTCUSD,SELL,2025-11-19T14:25:00+00:00,2025-11-19T14:30:00+00:00,-49.007475,stop_loss,-217.753269,-217.753269
fresh_btc_gold_hybrid_optimized_btc,BTCUSD,BUY,2025-11-19T15:05:00+00:00,2025-11-19T15:20:00+00:00,-48.762438,stop_loss,-266.515706,-266.515706
fresh_btc_gold_hybrid_optimized_btc,GOLD,BUY,2025-11-19T16:25:00+00:00,2025-11-19T17:00:00+00:00,-50.148796,stop_loss,-316.664502,-316.664502
fresh_btc_gold_hybrid_optimized_btc,GOLD,BUY,2025-11-19T17:00:00+00:00,2025-11-19T17:25:00+00:00,39.918442,take_profit,-276.746061,-276.746061
fresh_btc_gold_hybrid_optimized_btc,GOLD,SELL,2025-11-20T13:00:00+00:00,2025-11-20T13:30:00+00:00,40.078115,take_profit,-236.667945,-236.667945
fresh_btc_gold_hybrid_optimized_btc,BTCUSD,SELL,2025-11-20T14:00:00+00:00,2025-11-20T14:20:00+00:00,-48.518625,stop_loss,-285.186571,-285.186571
fresh_btc_gold_hybrid_optimized_btc,BTCUSD,SELL,2025-11-20T15:10:00+00:00,2025-11-20T15:20:00+00:00,-48.276032,stop_loss,-333.462603,-333.462603
fresh_btc_gold_hybrid_optimized_btc,BTCUSD,SELL,2025-11-20T15:50:00+00:00,2025-11-20T16:05:00+00:00,144.103957,take_profit,-189.358647,-189.358647
fresh_btc_gold_hybrid_optimized_btc,GOLD,BUY,2025-11-20T16:55:00+00:00,2025-11-20T17:20:00+00:00,40.238428,take_profit,-149.120219,-149.120219
fresh_btc_gold_hybrid_optimized_btc,GOLD,SELL,2025-11-20T19:25:00+00:00,2025-11-20T20:10:00+00:00,40.399382,take_profit,-108.720837,-108.720837
fresh_btc_gold_hybrid_optimized_btc,BTCUSD,SELL,2025-11-21T07:15:00+00:00,2025-11-21T07:30:00+00:00,146.265516,take_profit,37.544679,0.0
fresh_btc_gold_hybrid_optimized_btc,BTCUSD,SELL,2025-11-21T07:30:00+00:00,2025-11-21T07:35:00+00:00,-49.4865,stop_loss,-11.941821,-49.4865
fresh_btc_gold_hybrid_optimized_btc,BTCUSD,SELL,2025-11-21T09:40:00+00:00,2025-11-21T10:00:00+00:00,147.717201,take_profit,135.77538,0.0
fresh_btc_gold_hybrid_optimized_btc,GOLD,SELL,2025-11-21T14:00:00+00:00,2025-11-21T14:15:00+00:00,40.560979,take_profit,176.336359,0.0
fresh_btc_gold_hybrid_optimized_btc,GOLD,SELL,2025-11-21T16:45:00+00:00,2025-11-21T16:50:00+00:00,-50.904029,stop_loss,125.43233,-50.904029
fresh_btc_gold_hybrid_optimized_btc,GOLD,SELL,2025-11-21T16:50:00+00:00,2025-11-21T17:10:00+00:00,40.519607,take_profit,165.951937,-10.384422
fresh_btc_gold_hybrid_optimized_btc,BTCUSD,SELL,2025-11-22T10:20:00+00:00,2025-11-22T11:05:00+00:00,-49.977653,stop_loss,115.974284,-60.362075
fresh_btc_gold_hybrid_optimized_btc,BTCUSD,BUY,2025-11-22T14:10:00+00:00,2025-11-22T14:45:00+00:00,-49.727765,stop_loss,66.24652,-110.08984
fresh_btc_gold_hybrid_optimized_btc,BTCUSD,BUY,2025-11-22T16:40:00+00:00,2025-11-22T16:50:00+00:00,-49.479126,stop_loss,16.767394,-159.568966
fresh_btc_gold_hybrid_optimized_btc,BTCUSD,BUY,2025-11-23T08:55:00+00:00,2025-11-23T11:00:00+00:00,-49.23173,stop_loss,-32.464337,-208.800696
fresh_btc_gold_hybrid_optimized_btc,BTCUSD,BUY,2025-11-23T12:10:00+00:00,2025-11-23T13:10:00+00:00,-48.985572,stop_loss,-81.449908,-257.786268
fresh_btc_gold_hybrid_optimized_btc,BTCUSD,BUY,2025-11-23T13:55:00+00:00,2025-11-23T14:15:00+00:00,-48.740644,stop_loss,-130.190552,-306.526911
fresh_btc_gold_hybrid_optimized_btc,BTCUSD,SELL,2025-11-24T09:05:00+00:00,2025-11-24T09:20:00+00:00,145.490822,take_profit,15.30027,-161.03609
fresh_btc_gold_hybrid_optimized_btc,BTCUSD,SELL,2025-11-24T09:20:00+00:00,2025-11-24T11:35:00+00:00,-49.224395,stop_loss,-33.924125,-210.260484
fresh_btc_gold_hybrid_optimized_btc,GOLD,SELL,2025-11-24T13:15:00+00:00,2025-11-24T13:40:00+00:00,40.681685,take_profit,6.75756,-169.578799
fresh_btc_gold_hybrid_optimized_btc,BTCUSD,SELL,2025-11-24T14:40:00+00:00,2025-11-24T14:50:00+00:00,-48.978273,stop_loss,-42.220713,-218.557072
fresh_btc_gold_hybrid_optimized_btc,GOLD,SELL,2025-11-24T15:10:00+00:00,2025-11-24T18:35:00+00:00,-51.055515,stop_loss,-93.276228,-269.612587
fresh_btc_gold_hybrid_optimized_btc,GOLD,SELL,2025-11-24T18:35:00+00:00,2025-11-24T18:50:00+00:00,-50.800237,stop_loss,-144.076465,-320.412824
fresh_btc_gold_hybrid_optimized_btc,BTCUSD,SELL,2025-11-25T07:50:00+00:00,2025-11-25T08:20:00+00:00,-48.733381,stop_loss,-192.809847,-369.146206
fresh_btc_gold_hybrid_optimized_btc,BTCUSD,SELL,2025-11-25T08:45:00+00:00,2025-11-25T09:10:00+00:00,145.469143,take_profit,-47.340703,-223.677062
fresh_btc_gold_hybrid_optimized_btc,BTCUSD,SELL,2025-11-25T09:10:00+00:00,2025-11-25T09:40:00+00:00,-49.21706,stop_loss,-96.557763,-272.894123
fresh_btc_gold_hybrid_optimized_btc,GOLD,BUY,2025-11-25T14:45:00+00:00,2025-11-25T14:55:00+00:00,40.436989,take_profit,-56.120774,-232.457133
fresh_btc_gold_hybrid_optimized_btc,GOLD,SELL,2025-11-25T17:05:00+00:00,2025-11-25T17:30:00+00:00,-50.748421,stop_loss,-106.869195,-283.205555
fresh_btc_gold_hybrid_optimized_btc,GOLD,SELL,2025-11-25T17:30:00+00:00,2025-11-25T17:35:00+00:00,40.395743,take_profit,-66.473452,-242.809811
fresh_btc_gold_hybrid_optimized_btc,BTCUSD,BUY,2025-11-26T07:55:00+00:00,2025-11-26T08:00:00+00:00,-48.970975,stop_loss,-115.444427,-291.780786
fresh_btc_gold_hybrid_optimized_btc,BTCUSD,SELL,2025-11-26T09:05:00+00:00,2025-11-26T09:10:00+00:00,-48.72612,stop_loss,-164.170547,-340.506906
fresh_btc_gold_hybrid_optimized_btc,BTCUSD,SELL,2025-11-26T09:15:00+00:00,2025-11-26T09:30:00+00:00,145.447468,take_profit,-18.723079,-195.059438
fresh_btc_gold_hybrid_optimized_btc,GOLD,BUY,2025-11-26T14:25:00+00:00,2025-11-26T14:30:00+00:00,40.557326,take_profit,21.834247,-154.502112
fresh_btc_gold_hybrid_optimized_btc,GOLD,SELL,2025-11-26T16:40:00+00:00,2025-11-26T18:30:00+00:00,40.719556,take_profit,62.553803,-113.782556
fresh_btc_gold_hybrid_optimized_btc,BTCUSD,BUY,2025-11-27T08:50:00+00:00,2025-11-27T09:15:00+00:00,147.62918,take_profit,210.182983,0.0
fresh_btc_gold_hybrid_optimized_btc,BTCUSD,BUY,2025-11-27T09:15:00+00:00,2025-11-27T09:20:00+00:00,-49.947873,stop_loss,160.235111,-49.947873
fresh_btc_gold_hybrid_optimized_btc,BTCUSD,BUY,2025-11-27T09:30:00+00:00,2025-11-27T09:45:00+00:00,-49.698133,stop_loss,110.536977,-99.646006
fresh_btc_gold_hybrid_optimized_btc,BTCUSD,SELL,2025-11-28T07:35:00+00:00,2025-11-28T07:55:00+00:00,148.348928,take_profit,258.885905,0.0
fresh_btc_gold_hybrid_optimized_btc,BTCUSD,BUY,2025-11-28T10:50:00+00:00,2025-11-28T11:00:00+00:00,-50.191387,stop_loss,208.694518,-50.191387
fresh_btc_gold_hybrid_optimized_btc,BTCUSD,SELL,2025-11-28T11:15:00+00:00,2025-11-28T11:20:00+00:00,-49.94043,stop_loss,158.754088,-100.131818
fresh_btc_gold_hybrid_optimized_btc,GOLD,SELL,2025-11-28T14:15:00+00:00,2025-11-28T14:35:00+00:00,-51.103042,stop_loss,107.651045,-151.23486
fresh_btc_gold_hybrid_optimized_btc,GOLD,SELL,2025-11-28T14:35:00+00:00,2025-11-28T14:40:00+00:00,40.678022,take_profit,148.329067,-110.556838
fresh_btc_gold_hybrid_optimized_btc,GOLD,SELL,2025-11-28T14:40:00+00:00,2025-11-28T15:00:00+00:00,40.840734,take_profit,189.169801,-69.716104
fresh_btc_gold_hybrid_optimized_btc,BTCUSD,SELL,2025-11-29T08:00:00+00:00,2025-11-29T08:05:00+00:00,-49.690728,stop_loss,139.479073,-119.406833
fresh_btc_gold_hybrid_optimized_btc,BTCUSD,SELL,2025-11-29T10:15:00+00:00,2025-11-29T10:20:00+00:00,-49.442275,stop_loss,90.036798,-168.849107
fresh_btc_gold_hybrid_optimized_btc,BTCUSD,BUY,2025-11-30T07:10:00+00:00,2025-11-30T08:20:00+00:00,147.585189,take_profit,237.621987,-21.263918
fresh_btc_gold_hybrid_optimized_btc,BTCUSD,BUY,2025-11-30T08:20:00+00:00,2025-11-30T08:25:00+00:00,-49.932989,stop_loss,187.688998,-71.196907
fresh_btc_gold_hybrid_optimized_btc,BTCUSD,BUY,2025-11-30T09:10:00+00:00,2025-11-30T09:25:00+00:00,-49.683324,stop_loss,138.005674,-120.880231
fresh_btc_gold_hybrid_optimized_btc,BTCUSD,SELL,2025-12-01T11:05:00+00:00,2025-12-01T11:40:00+00:00,148.304723,take_profit,286.310397,0.0
fresh_btc_gold_hybrid_optimized_btc,BTCUSD,SELL,2025-12-01T11:40:00+00:00,2025-12-01T12:05:00+00:00,150.529293,take_profit,436.83969,0.0
fresh_btc_gold_hybrid_optimized_btc,BTCUSD,SELL,2025-12-01T12:05:00+00:00,2025-12-01T12:30:00+00:00,152.787233,take_profit,589.626923,0.0
fresh_btc_gold_hybrid_optimized_btc,GOLD,BUY,2025-12-01T14:40:00+00:00,2025-12-01T14:45:00+00:00,41.004097,take_profit,630.63102,0.0
fresh_btc_gold_hybrid_optimized_btc,BTCUSD,BUY,2025-12-02T10:40:00+00:00,2025-12-02T10:50:00+00:00,155.079041,take_profit,785.710061,0.0
fresh_btc_gold_hybrid_optimized_btc,BTCUSD,BUY,2025-12-02T13:50:00+00:00,2025-12-02T14:05:00+00:00,157.405227,take_profit,943.115288,0.0
fresh_btc_gold_hybrid_optimized_btc,BTCUSD,BUY,2025-12-02T14:05:00+00:00,2025-12-02T14:25:00+00:00,159.766305,take_profit,1102.881594,0.0
fresh_btc_gold_hybrid_optimized_btc,GOLD,SELL,2025-12-02T14:15:00+00:00,2025-12-02T14:40:00+00:00,41.168113,take_profit,1144.049707,0.0
fresh_btc_gold_hybrid_optimized_btc,GOLD,BUY,2025-12-02T15:25:00+00:00,2025-12-02T15:50:00+00:00,-51.665982,stop_loss,1092.383725,-51.665982
fresh_btc_gold_hybrid_optimized_btc,GOLD,BUY,2025-12-02T15:50:00+00:00,2025-12-02T16:30:00+00:00,41.126122,take_profit,1133.509846,-10.53986
fresh_btc_gold_hybrid_optimized_btc,BTCUSD,BUY,2025-12-03T09:55:00+00:00,2025-12-03T10:00:00+00:00,-54.054267,stop_loss,1079.45558,-64.594127
fresh_btc_gold_hybrid_optimized_btc,BTCUSD,BUY,2025-12-03T10:20:00+00:00,2025-12-03T10:25:00+00:00,-53.783995,stop_loss,1025.671584,-118.378122
fresh_btc_gold_hybrid_optimized_btc,GOLD,SELL,2025-12-03T13:15:00+00:00,2025-12-03T13:45:00+00:00,-51.613283,stop_loss,974.058302,-169.991405
fresh_btc_gold_hybrid_optimized_btc,GOLD,SELL,2025-12-03T13:45:00+00:00,2025-12-03T13:50:00+00:00,-51.355216,stop_loss,922.703086,-221.346621
fresh_btc_gold_hybrid_optimized_btc,BTCUSD,BUY,2025-12-03T13:40:00+00:00,2025-12-03T14:00:00+00:00,-53.515075,stop_loss,869.18801,-274.861696
fresh_btc_gold_hybrid_optimized_btc,GOLD,SELL,2025-12-03T13:50:00+00:00,2025-12-03T14:05:00+00:00,40.878752,take_profit,910.066762,-233.982944
fresh_btc_gold_hybrid_optimized_btc,BTCUSD,BUY,2025-12-04T07:55:00+00:00,2025-12-04T08:05:00+00:00,-53.2475,stop_loss,856.819262,-287.230444
fresh_btc_gold_hybrid_optimized_btc,BTCUSD,SELL,2025-12-04T11:25:00+00:00,2025-12-04T12:40:00+00:00,-52.981262,stop_loss,803.838,-340.211707
fresh_btc_gold_hybrid_optimized_btc,BTCUSD,SELL,2025-12-04T13:00:00+00:00,2025-12-04T13:20:00+00:00,-52.716356,stop_loss,751.121644,-392.928063
fresh_btc_gold_hybrid_optimized_btc,GOLD,SELL,2025-12-04T16:15:00+00:00,2025-12-04T16:35:00+00:00,41.042267,take_profit,792.163911,-351.885796
fresh_btc_gold_hybrid_optimized_btc,BTCUSD,BUY,2025-12-05T07:25:00+00:00,2025-12-05T07:40:00+00:00,-52.452774,stop_loss,739.711136,-404.33857
fresh_btc_gold_hybrid_optimized_btc,BTCUSD,SELL,2025-12-05T09:10:00+00:00,2025-12-05T09:15:00+00:00,156.571532,take_profit,896.282668,-247.767039
fresh_btc_gold_hybrid_optimized_btc,BTCUSD,SELL,2025-12-05T09:15:00+00:00,2025-12-05T09:20:00+00:00,-52.973368,stop_loss,843.3093,-300.740407
fresh_btc_gold_hybrid_optimized_btc,GOLD,SELL,2025-12-05T13:35:00+00:00,2025-12-05T13:40:00+00:00,41.206436,take_profit,884.515736,-259.533971
fresh_btc_gold_hybrid_optimized_btc,GOLD,SELL,2025-12-05T15:30:00+00:00,2025-12-05T15:50:00+00:00,41.371262,take_profit,925.886998,-218.162709
fresh_btc_gold_hybrid_optimized_btc,GOLD,BUY,2025-12-05T16:10:00+00:00,2025-12-05T16:25:00+00:00,41.536747,take_profit,967.423745,-176.625962
fresh_btc_gold_hybrid_optimized_btc,BTCUSD,SELL,2025-12-06T08:20:00+00:00,2025-12-06T09:10:00+00:00,-52.708501,stop_loss,914.715243,-229.334463
fresh_btc_gold_hybrid_optimized_btc,BTCUSD,BUY,2025-12-06T13:40:00+00:00,2025-12-06T13:45:00+00:00,-52.444959,stop_loss,862.270285,-281.779422
fresh_btc_gold_hybrid_optimized_btc,BTCUSD,BUY,2025-12-06T14:15:00+00:00,2025-12-06T14:20:00+00:00,-52.182734,stop_loss,810.087551,-333.962156
fresh_btc_gold_hybrid_optimized_btc,BTCUSD,SELL,2025-12-07T07:15:00+00:00,2025-12-07T08:10:00+00:00,155.765461,take_profit,965.853012,-178.196695
fresh_btc_gold_hybrid_optimized_btc,BTCUSD,SELL,2025-12-07T09:20:00+00:00,2025-12-07T09:25:00+00:00,-52.700648,stop_loss,913.152364,-230.897343
fresh_btc_gold_hybrid_optimized_btc,BTCUSD,SELL,2025-12-07T09:50:00+00:00,2025-12-07T10:00:00+00:00,-52.437144,stop_loss,860.71522,-283.334487
fresh_btc_gold_hybrid_optimized_btc,BTCUSD,BUY,2025-12-08T07:25:00+00:00,2025-12-08T07:45:00+00:00,-52.174959,stop_loss,808.540261,-335.509446
fresh_btc_gold_hybrid_optimized_btc,BTCUSD,BUY,2025-12-08T09:00:00+00:00,2025-12-08T10:05:00+00:00,-51.914084,stop_loss,756.626177,-387.42353
fresh_btc_gold_hybrid_optimized_btc,BTCUSD,SELL,2025-12-08T14:35:00+00:00,2025-12-08T14:40:00+00:00,-51.654513,stop_loss,704.971663,-439.078043
fresh_btc_gold_hybrid_optimized_btc,GOLD,BUY,2025-12-08T15:05:00+00:00,2025-12-08T15:20:00+00:00,41.702894,take_profit,746.674557,-397.375149
fresh_btc_gold_hybrid_optimized_btc,GOLD,BUY,2025-12-08T16:00:00+00:00,2025-12-08T16:15:00+00:00,41.869706,take_profit,788.544263,-355.505444
fresh_btc_gold_hybrid_optimized_btc,GOLD,BUY,2025-12-08T19:00:00+00:00,2025-12-08T20:05:00+00:00,42.037184,take_profit,830.581447,-313.468259
fresh_btc_gold_hybrid_optimized_btc,BTCUSD,SELL,2025-12-09T09:25:00+00:00,2025-12-09T10:35:00+00:00,154.188723,take_profit,984.77017,-159.279537
fresh_btc_gold_hybrid_optimized_btc,BTCUSD,SELL,2025-12-09T10:35:00+00:00,2025-12-09T10:40:00+00:00,-52.167185,stop_loss,932.602985,-211.446721
fresh_btc_gold_hybrid_optimized_btc,BTCUSD,BUY,2025-12-09T12:00:00+00:00,2025-12-09T12:05:00+00:00,-51.906349,stop_loss,880.696637,-263.35307
fresh_btc_gold_hybrid_optimized_btc,GOLD,SELL,2025-12-09T16:10:00+00:00,2025-12-09T16:20:00+00:00,42.205333,take_profit,922.90197,-221.147737
fresh_btc_gold_hybrid_optimized_btc,GOLD,SELL,2025-12-09T16:40:00+00:00,2025-12-09T16:55:00+00:00,42.374154,take_profit,965.276124,-178.773582
fresh_btc_gold_hybrid_optimized_btc,GOLD,SELL,2025-12-09T19:05:00+00:00,2025-12-09T19:20:00+00:00,42.543651,take_profit,1007.819775,-136.229931
fresh_btc_gold_hybrid_optimized_btc,BTCUSD,BUY,2025-12-10T07:55:00+00:00,2025-12-10T08:00:00+00:00,-51.646817,stop_loss,956.172958,-187.876748
fresh_btc_gold_hybrid_optimized_btc,BTCUSD,BUY,2025-12-10T09:45:00+00:00,2025-12-10T10:00:00+00:00,154.165748,take_profit,1110.338707,-33.711
fresh_btc_gold_hybrid_optimized_btc,BTCUSD,BUY,2025-12-10T10:00:00+00:00,2025-12-10T10:05:00+00:00,-52.159412,stop_loss,1058.179295,-85.870411
fresh_btc_gold_hybrid_optimized_btc,GOLD,BUY,2025-12-10T18:35:00+00:00,2025-12-10T18:50:00+00:00,42.713826,take_profit,1100.893121,-43.156586
fresh_btc_gold_hybrid_optimized_btc,GOLD,SELL,2025-12-10T19:05:00+00:00,2025-12-10T19:10:00+00:00,42.884681,take_profit,1143.777802,-0.271905
fresh_btc_gold_hybrid_optimized_btc,BTCUSD,SELL,2025-12-11T12:05:00+00:00,2025-12-11T12:20:00+00:00,-51.898614,stop_loss,1091.879187,-52.170519
fresh_btc_gold_hybrid_optimized_btc,BTCUSD,SELL,2025-12-11T12:55:00+00:00,2025-12-11T13:00:00+00:00,-51.639121,stop_loss,1040.240066,-103.809641
fresh_btc_gold_hybrid_optimized_btc,BTCUSD,SELL,2025-12-11T13:15:00+00:00,2025-12-11T13:20:00+00:00,-51.380926,stop_loss,988.85914,-155.190566
fresh_btc_gold_hybrid_optimized_btc,GOLD,SELL,2025-12-11T14:20:00+00:00,2025-12-11T14:35:00+00:00,-53.820275,stop_loss,935.038866,-209.010841
fresh_btc_gold_hybrid_optimized_btc,GOLD,SELL,2025-12-11T14:35:00+00:00,2025-12-11T14:45:00+00:00,42.840939,take_profit,977.879804,-166.169902
fresh_btc_gold_hybrid_optimized_btc,GOLD,SELL,2025-12-11T15:55:00+00:00,2025-12-11T16:45:00+00:00,-53.765378,stop_loss,924.114426,-219.93528
fresh_btc_gold_hybrid_optimized_btc,BTCUSD,BUY,2025-12-12T09:55:00+00:00,2025-12-12T10:45:00+00:00,-51.124021,stop_loss,872.990405,-271.059301
fresh_btc_gold_hybrid_optimized_btc,BTCUSD,BUY,2025-12-12T13:15:00+00:00,2025-12-12T13:20:00+00:00,-50.868401,stop_loss,822.122004,-321.927702
fresh_btc_gold_hybrid_optimized_btc,GOLD,SELL,2025-12-12T13:55:00+00:00,2025-12-12T14:30:00+00:00,42.797241,take_profit,864.919245,-279.130462
fresh_btc_gold_hybrid_optimized_btc,BTCUSD,SELL,2025-12-12T15:15:00+00:00,2025-12-12T15:25:00+00:00,151.842177,take_profit,1016.761422,-127.288285
fresh_btc_gold_hybrid_optimized_btc,GOLD,BUY,2025-12-12T16:00:00+00:00,2025-12-12T17:40:00+00:00,42.96843,take_profit,1059.729852,-84.319855
fresh_btc_gold_hybrid_optimized_btc,BTCUSD,SELL,2025-12-13T11:40:00+00:00,2025-12-13T11:45:00+00:00,-51.37327,stop_loss,1008.356582,-135.693125
fresh_btc_gold_hybrid_optimized_btc,BTCUSD,SELL,2025-12-13T12:45:00+00:00,2025-12-13T13:00:00+00:00,-51.116404,stop_loss,957.240178,-186.809528
fresh_btc_gold_hybrid_optimized_btc,BTCUSD,SELL,2025-12-13T13:25:00+00:00,2025-12-13T13:35:00+00:00,-50.860822,stop_loss,906.379357,-237.67035
fresh_btc_gold_hybrid_optimized_btc,BTCUSD,SELL,2025-12-14T09:30:00+00:00,2025-12-14T10:10:00+00:00,151.819552,take_profit,1058.198909,-85.850798
fresh_btc_gold_hybrid_optimized_btc,BTCUSD,SELL,2025-12-14T10:10:00+00:00,2025-12-14T10:15:00+00:00,-51.365615,stop_loss,1006.833294,-137.216413
fresh_btc_gold_hybrid_optimized_btc,BTCUSD,SELL,2025-12-14T11:00:00+00:00,2025-12-14T11:05:00+00:00,-51.108787,stop_loss,955.724507,-188.3252
fresh_btc_gold_hybrid_optimized_btc,BTCUSD,BUY,2025-12-15T09:00:00+00:00,2025-12-15T09:10:00+00:00,-50.853243,stop_loss,904.871263,-239.178443
fresh_btc_gold_hybrid_optimized_btc,BTCUSD,SELL,2025-12-15T14:30:00+00:00,2025-12-15T14:35:00+00:00,-50.598977,stop_loss,854.272286,-289.77742
fresh_btc_gold_hybrid_optimized_btc,BTCUSD,SELL,2025-12-15T14:45:00+00:00,2025-12-15T14:55:00+00:00,151.037946,take_profit,1005.310233,-138.739474
fresh_btc_gold_hybrid_optimized_btc,GOLD,BUY,2025-12-15T16:20:00+00:00,2025-12-15T17:45:00+00:00,43.140303,take_profit,1048.450536,-95.59917
fresh_btc_gold_hybrid_optimized_btc,BTCUSD,SELL,2025-12-16T07:40:00+00:00,2025-12-16T07:45:00+00:00,-51.101172,stop_loss,997.349364,-146.700342
fresh_btc_gold_hybrid_optimized_btc,BTCUSD,BUY,2025-12-16T10:35:00+00:00,2025-12-16T10:40:00+00:00,152.536998,take_profit,1149.886362,0.0
fresh_btc_gold_hybrid_optimized_btc,BTCUSD,BUY,2025-12-16T10:40:00+00:00,2025-12-16T10:45:00+00:00,-51.608351,stop_loss,1098.278011,-51.608351
fresh_btc_gold_hybrid_optimized_btc,GOLD,SELL,2025-12-16T13:05:00+00:00,2025-12-16T13:20:00+00:00,-54.141081,stop_loss,1044.136931,-105.749432
fresh_btc_gold_hybrid_optimized_btc,GOLD,SELL,2025-12-16T13:20:00+00:00,2025-12-16T13:30:00+00:00,-53.870375,stop_loss,990.266555,-159.619807
fresh_btc_gold_hybrid_optimized_btc,GOLD,SELL,2025-12-16T13:30:00+00:00,2025-12-16T13:40:00+00:00,42.880819,take_profit,1033.147374,-116.738988
fresh_btc_gold_hybrid_optimized_btc,BTCUSD,SELL,2025-12-17T08:25:00+00:00,2025-12-17T10:10:00+00:00,-51.350309,stop_loss,981.797065,-168.089298
fresh_btc_gold_hybrid_optimized_btc,BTCUSD,BUY,2025-12-17T12:00:00+00:00,2025-12-17T12:10:00+00:00,-51.093558,stop_loss,930.703507,-219.182855
fresh_btc_gold_hybrid_optimized_btc,GOLD,SELL,2025-12-17T13:15:00+00:00,2025-12-17T13:30:00+00:00,-53.815428,stop_loss,876.888079,-272.998283
fresh_btc_gold_hybrid_optimized_btc,GOLD,SELL,2025-12-17T13:30:00+00:00,2025-12-17T13:40:00+00:00,-53.546351,stop_loss,823.341729,-326.544633
fresh_btc_gold_hybrid_optimized_btc,GOLD,SELL,2025-12-17T13:40:00+00:00,2025-12-17T13:45:00+00:00,42.622895,take_profit,865.964624,-283.921738
fresh_btc_gold_hybrid_optimized_btc,BTCUSD,BUY,2025-12-17T13:40:00+00:00,2025-12-17T14:15:00+00:00,152.51427,take_profit,1018.478894,-131.407469
fresh_btc_gold_hybrid_optimized_btc,BTCUSD,BUY,2025-12-18T07:10:00+00:00,2025-12-18T08:00:00+00:00,-51.600661,stop_loss,966.878232,-183.00813
fresh_btc_gold_hybrid_optimized_btc,BTCUSD,BUY,2025-12-18T08:20:00+00:00,2025-12-18T09:00:00+00:00,-51.342658,stop_loss,915.535574,-234.350788
fresh_btc_gold_hybrid_optimized_btc,BTCUSD,BUY,2025-12-18T09:30:00+00:00,2025-12-18T11:10:00+00:00,-51.085945,stop_loss,864.44963,-285.436733
fresh_btc_gold_hybrid_optimized_btc,GOLD,BUY,2025-12-18T13:05:00+00:00,2025-12-18T13:15:00+00:00,42.793387,take_profit,907.243016,-242.643346
fresh_btc_gold_hybrid_optimized_btc,GOLD,SELL,2025-12-18T13:45:00+00:00,2025-12-18T14:00:00+00:00,42.96456,take_profit,950.207576,-199.678786
fresh_btc_gold_hybrid_optimized_btc,GOLD,SELL,2025-12-18T16:05:00+00:00,2025-12-18T16:10:00+00:00,-53.920523,stop_loss,896.287054,-253.599309
fresh_btc_gold_hybrid_optimized_btc,BTCUSD,BUY,2025-12-19T07:00:00+00:00,2025-12-19T07:10:00+00:00,152.491545,take_profit,1048.778598,-101.107764
fresh_btc_gold_hybrid_optimized_btc,BTCUSD,BUY,2025-12-19T07:10:00+00:00,2025-12-19T07:15:00+00:00,-51.592973,stop_loss,997.185626,-152.700737
fresh_btc_gold_hybrid_optimized_btc,BTCUSD,BUY,2025-12-19T10:00:00+00:00,2025-12-19T10:05:00+00:00,-51.335008,stop_loss,945.850618,-204.035745
fresh_btc_gold_hybrid_optimized_btc,GOLD,SELL,2025-12-19T15:55:00+00:00,2025-12-19T17:55:00+00:00,-53.65092,stop_loss,892.199697,-257.686665
fresh_btc_gold_hybrid_optimized_btc,GOLD,SELL,2025-12-19T18:20:00+00:00,2025-12-19T18:30:00+00:00,42.706133,take_profit,934.90583,-214.980532
fresh_btc_gold_hybrid_optimized_btc,BTCUSD,BUY,2025-12-20T12:05:00+00:00,2025-12-20T12:10:00+00:00,-51.078333,stop_loss,883.827497,-266.058865
fresh_btc_gold_hybrid_optimized_btc,BTCUSD,SELL,2025-12-20T13:15:00+00:00,2025-12-20T13:20:00+00:00,-50.822941,stop_loss,833.004556,-316.881806
fresh_btc_gold_hybrid_optimized_btc,BTCUSD,SELL,2025-12-20T13:20:00+00:00,2025-12-20T13:35:00+00:00,-50.568826,stop_loss,782.43573,-367.450632
fresh_btc_gold_hybrid_optimized_btc,BTCUSD,SELL,2025-12-21T07:40:00+00:00,2025-12-21T07:45:00+00:00,-50.315982,stop_loss,732.119748,-417.766615
fresh_btc_gold_hybrid_optimized_btc,BTCUSD,BUY,2025-12-21T08:20:00+00:00,2025-12-21T08:30:00+00:00,150.193207,take_profit,882.312955,-267.573408
fresh_btc_gold_hybrid_optimized_btc,BTCUSD,BUY,2025-12-21T08:30:00+00:00,2025-12-21T08:40:00+00:00,152.446105,take_profit,1034.75906,-115.127303
fresh_btc_gold_hybrid_optimized_btc,BTCUSD,BUY,2025-12-22T07:00:00+00:00,2025-12-22T08:15:00+00:00,154.732797,take_profit,1189.491856,0.0
fresh_btc_gold_hybrid_optimized_btc,BTCUSD,BUY,2025-12-22T08:15:00+00:00,2025-12-22T08:20:00+00:00,157.053789,take_profit,1346.545645,0.0
fresh_btc_gold_hybrid_optimized_btc,BTCUSD,BUY,2025-12-22T08:20:00+00:00,2025-12-22T08:45:00+00:00,-53.136532,stop_loss,1293.409113,-53.136532
fresh_btc_gold_hybrid_optimized_btc,GOLD,SELL,2025-12-22T13:00:00+00:00,2025-12-22T13:10:00+00:00,-53.596196,stop_loss,1239.812917,-106.732728
fresh_btc_gold_hybrid_optimized_btc,GOLD,SELL,2025-12-22T13:10:00+00:00,2025-12-22T13:20:00+00:00,42.662572,take_profit,1282.475489,-64.070156
fresh_btc_gold_hybrid_optimized_btc,GOLD,SELL,2025-12-22T16:05:00+00:00,2025-12-22T20:05:00+00:00,-21.668299,max_hold,1260.80719,-85.738455
fresh_btc_gold_hybrid_optimized_btc,BTCUSD,SELL,2025-12-23T09:20:00+00:00,2025-12-23T09:40:00+00:00,-52.870849,stop_loss,1207.936341,-138.609304
fresh_btc_gold_hybrid_optimized_btc,BTCUSD,SELL,2025-12-23T13:35:00+00:00,2025-12-23T13:40:00+00:00,-52.606495,stop_loss,1155.329846,-191.215799
fresh_btc_gold_hybrid_optimized_btc,BTCUSD,SELL,2025-12-23T14:35:00+00:00,2025-12-23T14:40:00+00:00,-52.343462,stop_loss,1102.986383,-243.559261
fresh_btc_gold_hybrid_optimized_btc,GOLD,BUY,2025-12-23T14:30:00+00:00,2025-12-23T14:55:00+00:00,-53.433187,stop_loss,1049.553197,-296.992448
fresh_btc_gold_hybrid_optimized_btc,GOLD,BUY,2025-12-23T14:55:00+00:00,2025-12-23T15:00:00+00:00,-53.166021,stop_loss,996.387176,-350.158469
fresh_btc_gold_hybrid_optimized_btc,GOLD,BUY,2025-12-23T15:00:00+00:00,2025-12-23T15:10:00+00:00,42.320153,take_profit,1038.707328,-307.838317
fresh_btc_gold_hybrid_optimized_btc,BTCUSD,SELL,2025-12-24T08:20:00+00:00,2025-12-24T08:25:00+00:00,-52.081745,stop_loss,986.625583,-359.920062
fresh_btc_gold_hybrid_optimized_btc,BTCUSD,SELL,2025-12-24T08:55:00+00:00,2025-12-24T10:05:00+00:00,-51.821336,stop_loss,934.804247,-411.741398
fresh_btc_gold_hybrid_optimized_btc,BTCUSD,BUY,2025-12-24T12:35:00+00:00,2025-12-24T12:45:00+00:00,-51.56223,stop_loss,883.242017,-463.303628
fresh_btc_gold_hybrid_optimized_btc,GOLD,BUY,2025-12-24T13:15:00+00:00,2025-12-24T13:35:00+00:00,42.489433,take_profit,925.73145,-420.814195
fresh_btc_gold_hybrid_optimized_btc,GOLD,BUY,2025-12-24T15:40:00+00:00,2025-12-24T16:00:00+00:00,42.659391,take_profit,968.390841,-378.154804
fresh_btc_gold_hybrid_optimized_btc,BTCUSD,SELL,2025-12-25T08:20:00+00:00,2025-12-25T08:25:00+00:00,-51.304419,stop_loss,917.086423,-429.459222
fresh_btc_gold_hybrid_optimized_btc,BTCUSD,SELL,2025-12-25T10:35:00+00:00,2025-12-25T10:40:00+00:00,-51.047896,stop_loss,866.038526,-480.507119
fresh_btc_gold_hybrid_optimized_btc,BTCUSD,BUY,2025-12-25T11:25:00+00:00,2025-12-25T11:45:00+00:00,-50.792657,stop_loss,815.245869,-531.299776
fresh_btc_gold_hybrid_optimized_btc,BTCUSD,BUY,2025-12-26T07:10:00+00:00,2025-12-26T07:30:00+00:00,-50.538694,stop_loss,764.707176,-581.838469
fresh_btc_gold_hybrid_optimized_btc,BTCUSD,BUY,2025-12-26T09:45:00+00:00,2025-12-26T09:55:00+00:00,-50.286,stop_loss,714.421175,-632.124469
fresh_btc_gold_hybrid_optimized_btc,BTCUSD,BUY,2025-12-26T13:05:00+00:00,2025-12-26T13:35:00+00:00,150.103711,take_profit,864.524886,-482.020759
fresh_btc_gold_hybrid_optimized_btc,GOLD,SELL,2025-12-26T13:35:00+00:00,2025-12-26T13:45:00+00:00,42.830029,take_profit,907.354915,-439.19073
fresh_btc_gold_hybrid_optimized_btc,GOLD,SELL,2025-12-26T14:00:00+00:00,2025-12-26T14:40:00+00:00,43.001349,take_profit,950.356263,-396.189382
fresh_btc_gold_hybrid_optimized_btc,GOLD,SELL,2025-12-26T15:45:00+00:00,2025-12-26T16:10:00+00:00,43.173354,take_profit,993.529617,-353.016028
fresh_btc_gold_hybrid_optimized_btc,BTCUSD,SELL,2025-12-27T10:30:00+00:00,2025-12-27T11:15:00+00:00,-50.785089,stop_loss,942.744529,-403.801116
fresh_btc_gold_hybrid_optimized_btc,BTCUSD,SELL,2025-12-27T13:20:00+00:00,2025-12-27T13:35:00+00:00,-50.531163,stop_loss,892.213365,-454.33228
fresh_btc_gold_hybrid_optimized_btc,BTCUSD,BUY,2025-12-27T14:45:00+00:00,2025-12-27T15:00:00+00:00,-50.278508,stop_loss,841.934858,-504.610787
fresh_btc_gold_hybrid_optimized_btc,BTCUSD,BUY,2025-12-28T08:05:00+00:00,2025-12-28T08:30:00+00:00,-50.027115,stop_loss,791.907743,-554.637902
fresh_btc_gold_hybrid_optimized_btc,BTCUSD,BUY,2025-12-28T08:35:00+00:00,2025-12-28T08:40:00+00:00,149.330938,take_profit,941.238681,-405.306964
fresh_btc_gold_hybrid_optimized_btc,BTCUSD,BUY,2025-12-28T14:00:00+00:00,2025-12-28T14:50:00+00:00,-50.523634,stop_loss,890.715047,-455.830598
fresh_btc_gold_hybrid_optimized_btc,BTCUSD,SELL,2025-12-29T09:35:00+00:00,2025-12-29T09:45:00+00:00,150.813048,take_profit,1041.528095,-305.01755
fresh_btc_gold_hybrid_optimized_btc,BTCUSD,SELL,2025-12-29T09:45:00+00:00,2025-12-29T12:05:00+00:00,153.075243,take_profit,1194.603338,-151.942307
fresh_btc_gold_hybrid_optimized_btc,BTCUSD,SELL,2025-12-29T12:05:00+00:00,2025-12-29T12:20:00+00:00,-51.790457,stop_loss,1142.812881,-203.732764
fresh_btc_gold_hybrid_optimized_btc,GOLD,BUY,2025-12-29T13:40:00+00:00,2025-12-29T13:45:00+00:00,-54.182559,stop_loss,1088.630321,-257.915324
fresh_btc_gold_hybrid_optimized_btc,GOLD,BUY,2025-12-29T13:45:00+00:00,2025-12-29T14:00:00+00:00,-53.911647,stop_loss,1034.718675,-311.82697
fresh_btc_gold_hybrid_optimized_btc,GOLD,BUY,2025-12-29T14:00:00+00:00,2025-12-29T14:30:00+00:00,-53.642088,stop_loss,981.076587,-365.469058
fresh_btc_gold_hybrid_optimized_btc,BTCUSD,BUY,2025-12-30T08:00:00+00:00,2025-12-30T08:10:00+00:00,154.594515,take_profit,1135.671102,-210.874543
fresh_btc_gold_hybrid_optimized_btc,BTCUSD,BUY,2025-12-30T08:10:00+00:00,2025-12-30T08:15:00+00:00,156.913433,take_profit,1292.584535,-53.96111
fresh_btc_gold_hybrid_optimized_btc,BTCUSD,BUY,2025-12-30T08:15:00+00:00,2025-12-30T08:20:00+00:00,-53.089045,stop_loss,1239.49549,-107.050155
fresh_btc_gold_hybrid_optimized_btc,GOLD,SELL,2025-12-30T13:00:00+00:00,2025-12-30T13:10:00+00:00,42.699102,take_profit,1282.194592,-64.351053
fresh_btc_gold_hybrid_optimized_btc,GOLD,BUY,2025-12-30T19:30:00+00:00,2025-12-30T19:45:00+00:00,-53.587373,stop_loss,1228.607219,-117.938426
fresh_btc_gold_hybrid_optimized_btc,GOLD,BUY,2025-12-30T19:45:00+00:00,2025-12-30T19:50:00+00:00,-53.319436,stop_loss,1175.287782,-171.257862
fresh_btc_gold_hybrid_optimized_btc,BTCUSD,BUY,2025-12-31T07:35:00+00:00,2025-12-31T08:35:00+00:00,-52.8236,stop_loss,1122.464183,-224.081462
fresh_btc_gold_hybrid_optimized_btc,BTCUSD,BUY,2025-12-31T10:10:00+00:00,2025-12-31T10:20:00+00:00,-52.559482,stop_loss,1069.904701,-276.640944
fresh_btc_gold_hybrid_optimized_btc,BTCUSD,BUY,2025-12-31T11:05:00+00:00,2025-12-31T11:15:00+00:00,-52.296684,stop_loss,1017.608017,-328.937628
fresh_btc_gold_hybrid_optimized_btc,GOLD,SELL,2025-12-31T13:45:00+00:00,2025-12-31T13:55:00+00:00,-53.052839,stop_loss,964.555178,-381.990467
fresh_btc_gold_hybrid_optimized_btc,GOLD,SELL,2025-12-31T13:55:00+00:00,2025-12-31T14:00:00+00:00,42.23006,take_profit,1006.785238,-339.760407
fresh_btc_gold_hybrid_optimized_btc,GOLD,SELL,2025-12-31T14:00:00+00:00,2025-12-31T14:25:00+00:00,42.39898,take_profit,1049.184218,-297.361427
fresh_btc_gold_hybrid_optimized_btc,BTCUSD,BUY,2026-01-01T11:50:00+00:00,2026-01-01T12:30:00+00:00,-52.035201,stop_loss,997.149017,-349.396628
fresh_btc_gold_hybrid_optimized_btc,BTCUSD,BUY,2026-01-01T15:15:00+00:00,2026-01-01T15:25:00+00:00,-51.775025,stop_loss,945.373993,-401.171652
fresh_btc_gold_hybrid_optimized_btc,BTCUSD,BUY,2026-01-02T08:20:00+00:00,2026-01-02T09:45:00+00:00,154.548449,take_profit,1099.922442,-246.623203
fresh_btc_gold_hybrid_optimized_btc,BTCUSD,BUY,2026-01-02T09:45:00+00:00,2026-01-02T09:50:00+00:00,-52.288892,stop_loss,1047.63355,-298.912095
fresh_btc_gold_hybrid_optimized_btc,BTCUSD,BUY,2026-01-02T10:00:00+00:00,2026-01-02T10:10:00+00:00,156.082342,take_profit,1203.715892,-142.829753
fresh_btc_gold_hybrid_optimized_btc,GOLD,BUY,2026-01-02T14:30:00+00:00,2026-01-02T15:00:00+00:00,-53.21072,stop_loss,1150.505172,-196.040473
fresh_btc_gold_hybrid_optimized_btc,GOLD,BUY,2026-01-02T15:00:00+00:00,2026-01-02T15:20:00+00:00,-52.944667,stop_loss,1097.560505,-248.98514
fresh_btc_gold_hybrid_optimized_btc,GOLD,BUY,2026-01-02T15:20:00+00:00,2026-01-02T15:40:00+00:00,42.143955,take_profit,1139.70446,-206.841185
fresh_btc_gold_hybrid_optimized_btc,BTCUSD,SELL,2026-01-03T08:00:00+00:00,2026-01-03T08:25:00+00:00,-52.807859,stop_loss,1086.8966,-259.649044
fresh_btc_gold_hybrid_optimized_btc,BTCUSD,SELL,2026-01-03T12:05:00+00:00,2026-01-03T12:20:00+00:00,-52.54382,stop_loss,1034.352781,-312.192864
fresh_btc_gold_hybrid_optimized_btc,BTCUSD,BUY,2026-01-03T12:45:00+00:00,2026-01-03T14:20:00+00:00,156.843302,take_profit,1191.196083,-155.349562
fresh_btc_gold_hybrid_optimized_btc,BTCUSD,BUY,2026-01-04T10:10:00+00:00,2026-01-04T10:15:00+00:00,-53.065317,stop_loss,1138.130766,-208.414879
fresh_btc_gold_hybrid_optimized_btc,BTCUSD,BUY,2026-01-04T14:10:00+00:00,2026-01-04T14:15:00+00:00,-52.799991,stop_loss,1085.330775,-261.21487
fresh_btc_gold_hybrid_optimized_btc,BTCUSD,BUY,2026-01-05T08:05:00+00:00,2026-01-05T08:35:00+00:00,-52.535991,stop_loss,1032.794784,-313.750861
fresh_btc_gold_hybrid_optimized_btc,BTCUSD,BUY,2026-01-05T09:45:00+00:00,2026-01-05T10:00:00+00:00,-52.273311,stop_loss,980.521473,-366.024171
fresh_btc_gold_hybrid_optimized_btc,BTCUSD,BUY,2026-01-05T10:10:00+00:00,2026-01-05T10:35:00+00:00,-52.011944,stop_loss,928.509529,-418.036116
fresh_btc_gold_hybrid_optimized_btc,GOLD,BUY,2026-01-05T13:25:00+00:00,2026-01-05T13:30:00+00:00,42.312531,take_profit,970.82206,-375.723585
fresh_btc_gold_hybrid_optimized_btc,GOLD,SELL,2026-01-05T14:45:00+00:00,2026-01-05T15:00:00+00:00,-53.102226,stop_loss,917.719834,-428.825811
fresh_btc_gold_hybrid_optimized_btc,GOLD,SELL,2026-01-05T15:00:00+00:00,2026-01-05T15:25:00+00:00,42.269372,take_profit,959.989206,-386.556439
fresh_btc_gold_hybrid_optimized_btc,BTCUSD,SELL,2026-01-06T07:10:00+00:00,2026-01-06T07:35:00+00:00,155.255653,take_profit,1115.244859,-231.300786
fresh_btc_gold_hybrid_optimized_btc,BTCUSD,SELL,2026-01-06T07:35:00+00:00,2026-01-06T08:05:00+00:00,-52.528163,stop_loss,1062.716696,-283.828948
fresh_btc_gold_hybrid_optimized_btc,BTCUSD,BUY,2026-01-06T11:00:00+00:00,2026-01-06T12:05:00+00:00,156.796566,take_profit,1219.513262,-127.032383
fresh_btc_gold_hybrid_optimized_btc,GOLD,SELL,2026-01-06T14:30:00+00:00,2026-01-06T14:50:00+00:00,-53.048062,stop_loss,1166.465201,-180.080444
fresh_btc_gold_hybrid_optimized_btc,GOLD,SELL,2026-01-06T14:50:00+00:00,2026-01-06T15:10:00+00:00,42.226257,take_profit,1208.691458,-137.854187
fresh_btc_gold_hybrid_optimized_btc,GOLD,SELL,2026-01-06T16:40:00+00:00,2026-01-06T17:40:00+00:00,42.395162,take_profit,1251.08662,-95.459025
fresh_btc_gold_hybrid_optimized_btc,BTCUSD,SELL,2026-01-07T09:05:00+00:00,2026-01-07T09:10:00+00:00,159.148514,take_profit,1410.235134,0.0
fresh_btc_gold_hybrid_optimized_btc,BTCUSD,SELL,2026-01-07T09:10:00+00:00,2026-01-07T09:20:00+00:00,161.535742,take_profit,1571.770876,0.0
fresh_btc_gold_hybrid_optimized_btc,BTCUSD,SELL,2026-01-07T09:20:00+00:00,2026-01-07T11:05:00+00:00,-54.652926,stop_loss,1517.11795,-54.652926
fresh_btc_gold_hybrid_optimized_btc,GOLD,BUY,2026-01-07T15:10:00+00:00,2026-01-07T15:25:00+00:00,42.564743,take_profit,1559.682693,-12.088183
fresh_btc_gold_hybrid_optimized_btc,GOLD,SELL,2026-01-07T16:40:00+00:00,2026-01-07T17:00:00+00:00,42.735002,take_profit,1602.417694,0.0
fresh_btc_gold_hybrid_optimized_btc,BTCUSD,SELL,2026-01-08T07:00:00+00:00,2026-01-08T07:10:00+00:00,-54.379661,stop_loss,1548.038033,-54.379661
fresh_btc_gold_hybrid_optimized_btc,BTCUSD,SELL,2026-01-08T09:25:00+00:00,2026-01-08T10:20:00+00:00,-54.107763,stop_loss,1493.93027,-108.487425
fresh_btc_gold_hybrid_optimized_btc,BTCUSD,SELL,2026-01-08T12:10:00+00:00,2026-01-08T12:20:00+00:00,-53.837224,stop_loss,1440.093045,-162.324649
fresh_btc_gold_hybrid_optimized_btc,GOLD,SELL,2026-01-08T15:30:00+00:00,2026-01-08T16:35:00+00:00,-53.632427,stop_loss,1386.460618,-215.957076
fresh_btc_gold_hybrid_optimized_btc,GOLD,SELL,2026-01-08T17:20:00+00:00,2026-01-08T18:05:00+00:00,42.691412,take_profit,1429.15203,-173.265664
fresh_btc_gold_hybrid_optimized_btc,BTCUSD,SELL,2026-01-09T07:55:00+00:00,2026-01-09T08:00:00+00:00,-53.568038,stop_loss,1375.583992,-226.833702
fresh_btc_gold_hybrid_optimized_btc,BTCUSD,SELL,2026-01-09T08:00:00+00:00,2026-01-09T08:05:00+00:00,-53.300198,stop_loss,1322.283794,-280.1339
fresh_btc_gold_hybrid_optimized_btc,BTCUSD,SELL,2026-01-09T08:35:00+00:00,2026-01-09T08:45:00+00:00,159.101091,take_profit,1481.384885,-121.032809
fresh_btc_gold_hybrid_optimized_btc,GOLD,SELL,2026-01-09T15:50:00+00:00,2026-01-09T16:10:00+00:00,42.862178,take_profit,1524.247063,-78.170632
fresh_btc_gold_hybrid_optimized_btc,BTCUSD,BUY,2026-01-10T08:00:00+00:00,2026-01-10T08:05:00+00:00,-53.829202,stop_loss,1470.41786,-131.999834
fresh_btc_gold_hybrid_optimized_btc,BTCUSD,BUY,2026-01-10T09:55:00+00:00,2026-01-10T12:00:00+00:00,-53.560056,stop_loss,1416.857804,-185.55989
fresh_btc_gold_hybrid_optimized_btc,BTCUSD,SELL,2026-01-10T14:10:00+00:00,2026-01-10T16:05:00+00:00,-53.292256,stop_loss,1363.565548,-238.852147
fresh_btc_gold_hybrid_optimized_btc,BTCUSD,BUY,2026-01-11T08:30:00+00:00,2026-01-11T08:35:00+00:00,-53.025795,stop_loss,1310.539753,-291.877942
fresh_btc_gold_hybrid_optimized_btc,BTCUSD,BUY,2026-01-11T08:55:00+00:00,2026-01-11T09:25:00+00:00,-52.760666,stop_loss,1257.779087,-344.638607
fresh_btc_gold_hybrid_optimized_btc,BTCUSD,BUY,2026-01-11T11:55:00+00:00,2026-01-11T12:00:00+00:00,-52.496863,stop_loss,1205.282224,-397.13547
fresh_btc_gold_hybrid_optimized_btc,BTCUSD,SELL,2026-01-12T08:30:00+00:00,2026-01-12T08:35:00+00:00,156.703135,take_profit,1361.985359,-240.432335
fresh_btc_gold_hybrid_optimized_btc,BTCUSD,SELL,2026-01-12T08:35:00+00:00,2026-01-12T12:35:00+00:00,24.571361,max_hold,1386.55672,-215.860974
fresh_btc_gold_hybrid_optimized_btc,GOLD,SELL,2026-01-12T13:00:00+00:00,2026-01-12T13:05:00+00:00,-53.792033,stop_loss,1332.764687,-269.653007
fresh_btc_gold_hybrid_optimized_btc,GOLD,SELL,2026-01-12T13:05:00+00:00,2026-01-12T13:10:00+00:00,-53.523073,stop_loss,1279.241614,-323.17608
fresh_btc_gold_hybrid_optimized_btc,GOLD,SELL,2026-01-12T13:10:00+00:00,2026-01-12T13:40:00+00:00,-53.255457,stop_loss,1225.986157,-376.431537
fresh_btc_gold_hybrid_optimized_btc,BTCUSD,SELL,2026-01-12T14:15:00+00:00,2026-01-12T14:20:00+00:00,159.422252,take_profit,1385.408409,-217.009285
fresh_btc_gold_hybrid_optimized_btc,BTCUSD,BUY,2026-01-13T09:00:00+00:00,2026-01-13T09:20:00+00:00,161.813586,take_profit,1547.221995,-55.195699
fresh_btc_gold_hybrid_optimized_btc,BTCUSD,BUY,2026-01-13T09:20:00+00:00,2026-01-13T09:35:00+00:00,-54.74693,stop_loss,1492.475065,-109.942629
fresh_btc_gold_hybrid_optimized_btc,GOLD,SELL,2026-01-13T13:10:00+00:00,2026-01-13T13:30:00+00:00,-52.98918,stop_loss,1439.485885,-162.931809
fresh_btc_gold_hybrid_optimized_btc,BTCUSD,BUY,2026-01-13T13:30:00+00:00,2026-01-13T13:35:00+00:00,-54.473195,stop_loss,1385.01269,-217.405004
fresh_btc_gold_hybrid_optimized_btc,GOLD,SELL,2026-01-13T13:30:00+00:00,2026-01-13T14:20:00+00:00,-52.724234,stop_loss,1332.288456,-270.129238
fresh_btc_gold_hybrid_optimized_btc,GOLD,BUY,2026-01-13T17:55:00+00:00,2026-01-13T18:20:00+00:00,-52.460613,stop_loss,1279.827843,-322.589851
fresh_btc_gold_hybrid_optimized_btc,BTCUSD,BUY,2026-01-14T07:45:00+00:00,2026-01-14T08:35:00+00:00,-54.200829,stop_loss,1225.627014,-376.790681
fresh_btc_gold_hybrid_optimized_btc,BTCUSD,BUY,2026-01-14T13:20:00+00:00,2026-01-14T13:30:00+00:00,-53.929825,stop_loss,1171.697188,-430.720506
fresh_btc_gold_hybrid_optimized_btc,BTCUSD,BUY,2026-01-14T14:00:00+00:00,2026-01-14T14:15:00+00:00,160.980528,take_profit,1332.677717,-269.739978
fresh_btc_gold_hybrid_optimized_btc,GOLD,BUY,2026-01-14T14:45:00+00:00,2026-01-14T14:50:00+00:00,41.758648,take_profit,1374.436365,-227.98133
fresh_btc_gold_hybrid_optimized_btc,GOLD,BUY,2026-01-14T15:00:00+00:00,2026-01-14T15:10:00+00:00,41.925683,take_profit,1416.362047,-186.055647
fresh_btc_gold_hybrid_optimized_btc,GOLD,SELL,2026-01-14T18:50:00+00:00,2026-01-14T19:00:00+00:00,-52.616732,stop_loss,1363.745315,-238.672379
fresh_btc_gold_hybrid_optimized_btc,BTCUSD,BUY,2026-01-15T07:40:00+00:00,2026-01-15T08:00:00+00:00,-54.465079,stop_loss,1309.280237,-293.137457
fresh_btc_gold_hybrid_optimized_btc,BTCUSD,BUY,2026-01-15T09:25:00+00:00,2026-01-15T09:40:00+00:00,162.57826,take_profit,1471.858497,-130.559198
fresh_btc_gold_hybrid_optimized_btc,BTCUSD,BUY,2026-01-15T09:40:00+00:00,2026-01-15T10:00:00+00:00,-55.005645,stop_loss,1416.852852,-185.564842
fresh_btc_gold_hybrid_optimized_btc,GOLD,BUY,2026-01-15T13:30:00+00:00,2026-01-15T13:45:00+00:00,-52.353648,stop_loss,1364.499204,-237.91849
fresh_btc_gold_hybrid_optimized_btc,GOLD,BUY,2026-01-15T13:45:00+00:00,2026-01-15T14:05:00+00:00,41.673504,take_profit,1406.172708,-196.244986
fresh_btc_gold_hybrid_optimized_btc,GOLD,SELL,2026-01-15T18:00:00+00:00,2026-01-15T18:30:00+00:00,41.840198,take_profit,1448.012906,-154.404789
fresh_btc_gold_hybrid_optimized_btc,BTCUSD,SELL,2026-01-16T10:00:00+00:00,2026-01-16T10:30:00+00:00,164.191849,take_profit,1612.204755,0.0
fresh_btc_gold_hybrid_optimized_btc,BTCUSD,SELL,2026-01-16T10:30:00+00:00,2026-01-16T11:50:00+00:00,-55.551576,stop_loss,1556.653179,-55.551576
fresh_btc_gold_hybrid_optimized_btc,GOLD,BUY,2026-01-16T13:15:00+00:00,2026-01-16T13:30:00+00:00,42.007559,take_profit,1598.660738,-13.544017
fresh_btc_gold_hybrid_optimized_btc,BTCUSD,BUY,2026-01-16T14:25:00+00:00,2026-01-16T14:30:00+00:00,-55.273818,stop_loss,1543.38692,-68.817835
fresh_btc_gold_hybrid_optimized_btc,GOLD,BUY,2026-01-16T15:25:00+00:00,2026-01-16T15:30:00+00:00,-52.719486,stop_loss,1490.667434,-121.537321
fresh_btc_gold_hybrid_optimized_btc,GOLD,BUY,2026-01-16T15:30:00+00:00,2026-01-16T15:45:00+00:00,41.964711,take_profit,1532.632145,-79.57261
fresh_btc_gold_hybrid_optimized_btc,BTCUSD,SELL,2026-01-17T08:00:00+00:00,2026-01-17T08:15:00+00:00,-54.997449,stop_loss,1477.634696,-134.570059
fresh_btc_gold_hybrid_optimized_btc,BTCUSD,SELL,2026-01-17T10:40:00+00:00,2026-01-17T11:20:00+00:00,-54.722461,stop_loss,1422.912235,-189.29252
fresh_btc_gold_hybrid_optimized_btc,BTCUSD,BUY,2026-01-17T12:00:00+00:00,2026-01-17T12:25:00+00:00,-54.448849,stop_loss,1368.463386,-243.741369
fresh_btc_gold_hybrid_optimized_btc,BTCUSD,SELL,2026-01-18T07:30:00+00:00,2026-01-18T07:45:00+00:00,-54.176605,stop_loss,1314.286781,-297.917974
fresh_btc_gold_hybrid_optimized_btc,BTCUSD,BUY,2026-01-18T09:30:00+00:00,2026-01-18T10:00:00+00:00,-53.905722,stop_loss,1260.381059,-351.823696
fresh_btc_gold_hybrid_optimized_btc,BTCUSD,SELL,2026-01-18T11:35:00+00:00,2026-01-18T11:40:00+00:00,-53.636193,stop_loss,1206.744866,-405.459889
fresh_btc_gold_hybrid_optimized_btc,BTCUSD,SELL,2026-01-19T13:15:00+00:00,2026-01-19T13:35:00+00:00,-53.368012,stop_loss,1153.376854,-458.827901
fresh_btc_gold_hybrid_optimized_btc,BTCUSD,SELL,2026-01-19T14:35:00+00:00,2026-01-19T14:45:00+00:00,-53.101172,stop_loss,1100.275681,-511.929073
fresh_btc_gold_hybrid_optimized_btc,GOLD,SELL,2026-01-19T17:40:00+00:00,2026-01-19T18:00:00+00:00,42.13257,take_profit,1142.408251,-469.796504
fresh_btc_gold_hybrid_optimized_btc,GOLD,SELL,2026-01-19T18:20:00+00:00,2026-01-19T18:30:00+00:00,42.3011,take_profit,1184.709351,-427.495404
fresh_btc_gold_hybrid_optimized_btc,BTCUSD,SELL,2026-01-20T08:35:00+00:00,2026-01-20T08:45:00+00:00,-52.835666,stop_loss,1131.873685,-480.33107
fresh_btc_gold_hybrid_optimized_btc,BTCUSD,SELL,2026-01-20T12:15:00+00:00,2026-01-20T12:25:00+00:00,-52.571488,stop_loss,1079.302197,-532.902558
fresh_btc_gold_hybrid_optimized_btc,BTCUSD,SELL,2026-01-20T13:05:00+00:00,2026-01-20T14:00:00+00:00,-52.308631,stop_loss,1026.993566,-585.211189
fresh_btc_gold_hybrid_optimized_btc,GOLD,SELL,2026-01-20T14:15:00+00:00,2026-01-20T14:30:00+00:00,42.470304,take_profit,1069.46387,-542.740884
fresh_btc_gold_hybrid_optimized_btc,GOLD,SELL,2026-01-20T16:45:00+00:00,2026-01-20T16:55:00+00:00,-53.300232,stop_loss,1016.163638,-596.041116
fresh_btc_gold_hybrid_optimized_btc,GOLD,SELL,2026-01-20T16:55:00+00:00,2026-01-20T17:00:00+00:00,42.426985,take_profit,1058.590623,-553.614132
fresh_btc_gold_hybrid_optimized_btc,BTCUSD,SELL,2026-01-21T07:30:00+00:00,2026-01-21T07:55:00+00:00,156.141262,take_profit,1214.731885,-397.472869
fresh_btc_gold_hybrid_optimized_btc,BTCUSD,SELL,2026-01-21T08:35:00+00:00,2026-01-21T08:55:00+00:00,-52.827794,stop_loss,1161.904092,-450.300663
fresh_btc_gold_hybrid_optimized_btc,BTCUSD,SELL,2026-01-21T11:50:00+00:00,2026-01-21T11:55:00+00:00,157.690964,take_profit,1319.595056,-292.609699
fresh_btc_gold_hybrid_optimized_btc,GOLD,SELL,2026-01-21T13:55:00+00:00,2026-01-21T14:00:00+00:00,42.596693,take_profit,1362.191748,-250.013006
fresh_btc_gold_hybrid_optimized_btc,GOLD,BUY,2026-01-21T17:40:00+00:00,2026-01-21T17:50:00+00:00,42.767079,take_profit,1404.958828,-207.245927
fresh_btc_gold_hybrid_optimized_btc,GOLD,BUY,2026-01-21T19:35:00+00:00,2026-01-21T19:50:00+00:00,-53.672685,stop_loss,1351.286143,-260.918612
fresh_btc_gold_hybrid_optimized_btc,BTCUSD,BUY,2026-01-22T09:35:00+00:00,2026-01-22T10:00:00+00:00,-53.35211,stop_loss,1297.934034,-314.270721
fresh_btc_gold_hybrid_optimized_btc,BTCUSD,BUY,2026-01-22T13:20:00+00:00,2026-01-22T13:30:00+00:00,-53.085349,stop_loss,1244.848685,-367.35607
fresh_btc_gold_hybrid_optimized_btc,BTCUSD,SELL,2026-01-22T13:40:00+00:00,2026-01-22T14:35:00+00:00,158.459767,take_profit,1403.308451,-208.896303
fresh_btc_gold_hybrid_optimized_btc,GOLD,SELL,2026-01-22T14:40:00+00:00,2026-01-22T14:45:00+00:00,42.723457,take_profit,1446.031908,-166.172846
fresh_btc_gold_hybrid_optimized_btc,GOLD,SELL,2026-01-22T14:50:00+00:00,2026-01-22T14:55:00+00:00,42.894351,take_profit,1488.926259,-123.278496
fresh_btc_gold_hybrid_optimized_btc,GOLD,SELL,2026-01-22T15:25:00+00:00,2026-01-22T15:50:00+00:00,-53.83241,stop_loss,1435.093849,-177.110906
fresh_btc_gold_hybrid_optimized_btc,BTCUSD,SELL,2026-01-23T08:25:00+00:00,2026-01-23T09:15:00+00:00,160.836663,take_profit,1595.930512,-16.274243
fresh_btc_gold_hybrid_optimized_btc,BTCUSD,SELL,2026-01-23T09:15:00+00:00,2026-01-23T11:05:00+00:00,-54.416404,stop_loss,1541.514108,-70.690647
fresh_btc_gold_hybrid_optimized_btc,BTCUSD,BUY,2026-01-23T14:10:00+00:00,2026-01-23T14:25:00+00:00,162.432967,take_profit,1703.947075,0.0
fresh_btc_gold_hybrid_optimized_btc,GOLD,SELL,2026-01-23T14:45:00+00:00,2026-01-23T14:55:00+00:00,42.850599,take_profit,1746.797673,0.0
fresh_btc_gold_hybrid_optimized_btc,GOLD,SELL,2026-01-23T16:05:00+00:00,2026-01-23T16:25:00+00:00,-53.777501,stop_loss,1693.020172,-53.777501
fresh_btc_gold_hybrid_optimized_btc,GOLD,SELL,2026-01-23T16:25:00+00:00,2026-01-23T16:45:00+00:00,42.806891,take_profit,1735.827063,-10.97061
fresh_btc_gold_hybrid_optimized_btc,BTCUSD,SELL,2026-01-24T08:00:00+00:00,2026-01-24T08:50:00+00:00,-54.956487,stop_loss,1680.870576,-65.927097
fresh_btc_gold_hybrid_optimized_btc,BTCUSD,SELL,2026-01-24T12:05:00+00:00,2026-01-24T12:30:00+00:00,-54.681705,stop_loss,1626.188871,-120.608802
fresh_btc_gold_hybrid_optimized_btc,BTCUSD,SELL,2026-01-24T12:30:00+00:00,2026-01-24T13:55:00+00:00,163.224889,take_profit,1789.41376,0.0
fresh_btc_gold_hybrid_optimized_btc,BTCUSD,SELL,2026-01-25T08:35:00+00:00,2026-01-25T08:40:00+00:00,165.673262,take_profit,1955.087022,0.0
fresh_btc_gold_hybrid_optimized_btc,BTCUSD,SELL,2026-01-25T08:40:00+00:00,2026-01-25T09:20:00+00:00,-56.052787,stop_loss,1899.034235,-56.052787
fresh_btc_gold_hybrid_optimized_btc,BTCUSD,SELL,2026-01-25T15:45:00+00:00,2026-01-25T15:50:00+00:00,167.317569,take_profit,2066.351804,0.0
fresh_btc_gold_hybrid_optimized_btc,BTCUSD,BUY,2026-01-26T08:00:00+00:00,2026-01-26T08:10:00+00:00,-56.609111,stop_loss,2009.742694,-56.609111
fresh_btc_gold_hybrid_optimized_btc,BTCUSD,BUY,2026-01-26T08:20:00+00:00,2026-01-26T08:45:00+00:00,-56.326065,stop_loss,1953.416628,-112.935176
fresh_btc_gold_hybrid_optimized_btc,BTCUSD,SELL,2026-01-26T09:35:00+00:00,2026-01-26T09:40:00+00:00,-56.044435,stop_loss,1897.372193,-168.979611
fresh_btc_gold_hybrid_optimized_btc,GOLD,BUY,2026-01-26T19:00:00+00:00,2026-01-26T19:05:00+00:00,42.978118,take_profit,1940.350312,-126.001493
fresh_btc_gold_hybrid_optimized_btc,GOLD,BUY,2026-01-26T19:20:00+00:00,2026-01-26T19:30:00+00:00,43.150031,take_profit,1983.500342,-82.851462
fresh_btc_gold_hybrid_optimized_btc,BTCUSD,SELL,2026-01-27T08:45:00+00:00,2026-01-27T08:50:00+00:00,-55.764213,stop_loss,1927.73613,-138.615675
fresh_btc_gold_hybrid_optimized_btc,BTCUSD,SELL,2026-01-27T09:00:00+00:00,2026-01-27T09:55:00+00:00,166.456175,take_profit,2094.192305,0.0
fresh_btc_gold_hybrid_optimized_btc,BTCUSD,SELL,2026-01-27T09:55:00+00:00,2026-01-27T10:00:00+00:00,-56.317673,stop_loss,2037.874632,-56.317673
fresh_btc_gold_hybrid_optimized_btc,GOLD,BUY,2026-01-27T14:15:00+00:00,2026-01-27T14:30:00+00:00,43.322631,take_profit,2081.197263,-12.995042
fresh_btc_gold_hybrid_optimized_btc,BTCUSD,BUY,2026-01-28T09:35:00+00:00,2026-01-28T10:15:00+00:00,168.108253,take_profit,2249.305516,0.0
fresh_btc_gold_hybrid_optimized_btc,BTCUSD,BUY,2026-01-28T11:45:00+00:00,2026-01-28T11:55:00+00:00,170.629877,take_profit,2419.935393,0.0
fresh_btc_gold_hybrid_optimized_btc,GOLD,SELL,2026-01-28T13:00:00+00:00,2026-01-28T13:10:00+00:00,43.495922,take_profit,2463.431315,0.0
fresh_btc_gold_hybrid_optimized_btc,BTCUSD,BUY,2026-01-28T13:10:00+00:00,2026-01-28T14:20:00+00:00,-57.729775,stop_loss,2405.70154,-57.729775
fresh_btc_gold_hybrid_optimized_btc,GOLD,SELL,2026-01-28T16:55:00+00:00,2026-01-28T17:35:00+00:00,43.669905,take_profit,2449.371445,-14.05987
fresh_btc_gold_hybrid_optimized_btc,GOLD,SELL,2026-01-28T19:45:00+00:00,2026-01-28T20:00:00+00:00,-54.805731,stop_loss,2394.565714,-68.865601
fresh_btc_gold_hybrid_optimized_btc,BTCUSD,SELL,2026-01-29T08:05:00+00:00,2026-01-29T08:25:00+00:00,-57.441126,stop_loss,2337.124588,-126.306727
fresh_btc_gold_hybrid_optimized_btc,BTCUSD,SELL,2026-01-29T09:50:00+00:00,2026-01-29T11:05:00+00:00,-57.15392,stop_loss,2279.970667,-183.460647
fresh_btc_gold_hybrid_optimized_btc,BTCUSD,SELL,2026-01-29T11:25:00+00:00,2026-01-29T11:30:00+00:00,-56.868151,stop_loss,2223.102517,-240.328798
fresh_btc_gold_hybrid_optimized_btc,GOLD,BUY,2026-01-29T15:05:00+00:00,2026-01-29T15:10:00+00:00,-54.531702,stop_loss,2168.570814,-294.860501
fresh_btc_gold_hybrid_optimized_btc,GOLD,BUY,2026-01-29T15:10:00+00:00,2026-01-29T15:15:00+00:00,-54.259044,stop_loss,2114.31177,-349.119545
fresh_btc_gold_hybrid_optimized_btc,GOLD,BUY,2026-01-29T15:15:00+00:00,2026-01-29T15:25:00+00:00,-53.987749,stop_loss,2060.324021,-403.107293
fresh_btc_gold_hybrid_optimized_btc,BTCUSD,SELL,2026-01-30T09:25:00+00:00,2026-01-30T09:35:00+00:00,-56.58381,stop_loss,2003.740211,-459.691104
fresh_btc_gold_hybrid_optimized_btc,GOLD,BUY,2026-01-30T13:20:00+00:00,2026-01-30T14:00:00+00:00,42.974248,take_profit,2046.714459,-416.716856
fresh_btc_gold_hybrid_optimized_btc,BTCUSD,BUY,2026-01-30T14:35:00+00:00,2026-01-30T14:50:00+00:00,-56.300891,stop_loss,1990.413568,-473.017747
fresh_btc_gold_hybrid_optimized_btc,GOLD,BUY,2026-01-30T16:35:00+00:00,2026-01-30T16:40:00+00:00,43.146145,take_profit,2033.559713,-429.871602
fresh_btc_gold_hybrid_optimized_btc,GOLD,BUY,2026-01-30T17:05:00+00:00,2026-01-30T17:40:00+00:00,-54.148412,stop_loss,1979.411301,-484.020014
fresh_btc_gold_hybrid_optimized_btc,BTCUSD,SELL,2026-01-31T08:00:00+00:00,2026-01-31T08:10:00+00:00,168.05816,take_profit,2147.469461,-315.961854
fresh_btc_gold_hybrid_optimized_btc,BTCUSD,SELL,2026-01-31T08:10:00+00:00,2026-01-31T08:30:00+00:00,170.579032,take_profit,2318.048493,-145.382822
fresh_btc_gold_hybrid_optimized_btc,BTCUSD,SELL,2026-01-31T08:30:00+00:00,2026-01-31T08:55:00+00:00,-57.712573,stop_loss,2260.335921,-203.095394
fresh_btc_gold_hybrid_optimized_btc,BTCUSD,SELL,2026-02-01T07:00:00+00:00,2026-02-01T07:10:00+00:00,-57.42401,stop_loss,2202.911911,-260.519404
fresh_btc_gold_hybrid_optimized_btc,BTCUSD,SELL,2026-02-01T10:40:00+00:00,2026-02-01T11:30:00+00:00,-57.13689,stop_loss,2145.775021,-317.656293
fresh_btc_gold_hybrid_optimized_btc,BTCUSD,SELL,2026-02-01T14:15:00+00:00,2026-02-01T14:30:00+00:00,170.553616,take_profit,2316.328637,-147.102678
fresh_btc_gold_hybrid_optimized_btc,BTCUSD,BUY,2026-02-02T09:25:00+00:00,2026-02-02T12:20:00+00:00,173.11192,take_profit,2489.440557,0.0
fresh_btc_gold_hybrid_optimized_btc,BTCUSD,BUY,2026-02-02T12:20:00+00:00,2026-02-02T12:30:00+00:00,-58.569533,stop_loss,2430.871024,-58.569533
fresh_btc_gold_hybrid_optimized_btc,BTCUSD,BUY,2026-02-02T14:35:00+00:00,2026-02-02T14:45:00+00:00,-58.276685,stop_loss,2372.594339,-116.846218
fresh_btc_gold_hybrid_optimized_btc,GOLD,BUY,2026-02-02T15:55:00+00:00,2026-02-02T16:05:00+00:00,43.102136,take_profit,2415.696475,-73.744082
fresh_btc_gold_hybrid_optimized_btc,GOLD,BUY,2026-02-02T18:15:00+00:00,2026-02-02T18:30:00+00:00,43.274544,take_profit,2458.971019,-30.469538
fresh_btc_gold_hybrid_optimized_btc,BTCUSD,BUY,2026-02-03T08:35:00+00:00,2026-02-03T08:50:00+00:00,-57.985302,stop_loss,2400.985717,-88.45484
fresh_btc_gold_hybrid_optimized_btc,BTCUSD,SELL,2026-02-03T09:10:00+00:00,2026-02-03T09:20:00+00:00,-57.695375,stop_loss,2343.290342,-146.150215
fresh_btc_gold_hybrid_optimized_btc,BTCUSD,SELL,2026-02-03T09:25:00+00:00,2026-02-03T09:30:00+00:00,-57.406898,stop_loss,2285.883444,-203.557113
fresh_btc_gold_hybrid_optimized_btc,GOLD,SELL,2026-02-03T13:30:00+00:00,2026-02-03T13:55:00+00:00,43.447643,take_profit,2329.331086,-160.109471
fresh_btc_gold_hybrid_optimized_btc,GOLD,SELL,2026-02-03T16:25:00+00:00,2026-02-03T16:35:00+00:00,-54.526792,stop_loss,2274.804295,-214.636262
fresh_btc_gold_hybrid_optimized_btc,GOLD,SELL,2026-02-03T16:35:00+00:00,2026-02-03T16:45:00+00:00,43.403326,take_profit,2318.207621,-171.232936
fresh_btc_gold_hybrid_optimized_btc,BTCUSD,SELL,2026-02-04T08:00:00+00:00,2026-02-04T08:10:00+00:00,-57.119864,stop_loss,2261.087757,-228.3528
fresh_btc_gold_hybrid_optimized_btc,BTCUSD,SELL,2026-02-04T08:25:00+00:00,2026-02-04T08:35:00+00:00,-56.834265,stop_loss,2204.253492,-285.187065
fresh_btc_gold_hybrid_optimized_btc,BTCUSD,SELL,2026-02-04T09:35:00+00:00,2026-02-04T09:40:00+00:00,-56.550093,stop_loss,2147.703399,-341.737158
fresh_btc_gold_hybrid_optimized_btc,GOLD,BUY,2026-02-04T14:35:00+00:00,2026-02-04T14:50:00+00:00,43.576939,take_profit,2191.280338,-298.160219
fresh_btc_gold_hybrid_optimized_btc,GOLD,BUY,2026-02-04T15:20:00+00:00,2026-02-04T15:30:00+00:00,-54.689059,stop_loss,2136.591279,-352.849277
fresh_btc_gold_hybrid_optimized_btc,GOLD,BUY,2026-02-04T15:30:00+00:00,2026-02-04T16:45:00+00:00,-54.415614,stop_loss,2082.175666,-407.264891
fresh_btc_gold_hybrid_optimized_btc,BTCUSD,SELL,2026-02-05T10:50:00+00:00,2026-02-05T11:05:00+00:00,-56.267343,stop_loss,2025.908323,-463.532234
fresh_btc_gold_hybrid_optimized_btc,BTCUSD,SELL,2026-02-05T11:20:00+00:00,2026-02-05T11:25:00+00:00,-55.986006,stop_loss,1969.922317,-519.51824
fresh_btc_gold_hybrid_optimized_btc,BTCUSD,SELL,2026-02-05T12:10:00+00:00,2026-02-05T14:00:00+00:00,-55.706076,stop_loss,1914.216241,-575.224316
fresh_btc_gold_hybrid_optimized_btc,GOLD,SELL,2026-02-05T16:50:00+00:00,2026-02-05T17:00:00+00:00,43.314828,take_profit,1957.531069,-531.909488
fresh_btc_gold_hybrid_optimized_btc,BTCUSD,BUY,2026-02-06T11:50:00+00:00,2026-02-06T12:05:00+00:00,-55.427546,stop_loss,1902.103524,-587.337033
fresh_btc_gold_hybrid_optimized_btc,BTCUSD,BUY,2026-02-06T13:00:00+00:00,2026-02-06T13:05:00+00:00,-55.150408,stop_loss,1846.953116,-642.487441
fresh_btc_gold_hybrid_optimized_btc,GOLD,SELL,2026-02-06T13:00:00+00:00,2026-02-06T13:05:00+00:00,43.488088,take_profit,1890.441203,-598.999354
fresh_btc_gold_hybrid_optimized_btc,BTCUSD,BUY,2026-02-06T13:10:00+00:00,2026-02-06T13:30:00+00:00,-54.874656,stop_loss,1835.566547,-653.874009
fresh_btc_gold_hybrid_optimized_btc,GOLD,SELL,2026-02-06T13:35:00+00:00,2026-02-06T14:05:00+00:00,43.66204,take_profit,1879.228587,-610.211969
fresh_btc_gold_hybrid_optimized_btc,GOLD,SELL,2026-02-06T15:30:00+00:00,2026-02-06T15:45:00+00:00,43.836688,take_profit,1923.065276,-566.375281
fresh_btc_gold_hybrid_optimized_btc,BTCUSD,SELL,2026-02-07T08:00:00+00:00,2026-02-07T08:20:00+00:00,-54.600283,stop_loss,1868.464993,-620.975564
fresh_btc_gold_hybrid_optimized_btc,BTCUSD,SELL,2026-02-07T10:30:00+00:00,2026-02-07T11:00:00+00:00,-54.327281,stop_loss,1814.137712,-675.302845
fresh_btc_gold_hybrid_optimized_btc,BTCUSD,BUY,2026-02-07T12:15:00+00:00,2026-02-07T12:20:00+00:00,-54.055645,stop_loss,1760.082067,-729.35849
fresh_btc_gold_hybrid_optimized_btc,BTCUSD,BUY,2026-02-08T07:15:00+00:00,2026-02-08T08:00:00+00:00,161.3561,take_profit,1921.438167,-568.00239
fresh_btc_gold_hybrid_optimized_btc,BTCUSD,BUY,2026-02-08T08:00:00+00:00,2026-02-08T08:05:00+00:00,-54.592147,stop_loss,1866.84602,-622.594537
fresh_btc_gold_hybrid_optimized_btc,BTCUSD,BUY,2026-02-08T08:20:00+00:00,2026-02-08T08:30:00+00:00,162.957559,take_profit,2029.803579,-459.636978
fresh_btc_gold_hybrid_optimized_btc,BTCUSD,SELL,2026-02-09T08:20:00+00:00,2026-02-09T08:30:00+00:00,165.401922,take_profit,2195.205501,-294.235056
fresh_btc_gold_hybrid_optimized_btc,BTCUSD,SELL,2026-02-09T08:30:00+00:00,2026-02-09T08:35:00+00:00,-55.960984,stop_loss,2139.244518,-350.196039
fresh_btc_gold_hybrid_optimized_btc,BTCUSD,SELL,2026-02-09T10:15:00+00:00,2026-02-09T10:35:00+00:00,167.043537,take_profit,2306.288054,-183.152503
fresh_btc_gold_hybrid_optimized_btc,GOLD,SELL,2026-02-09T14:50:00+00:00,2026-02-09T15:15:00+00:00,44.012035,take_profit,2350.300089,-139.140468
fresh_btc_gold_hybrid_optimized_btc,GOLD,SELL,2026-02-09T15:30:00+00:00,2026-02-09T16:15:00+00:00,-55.235104,stop_loss,2295.064985,-194.375572
fresh_btc_gold_hybrid_optimized_btc,GOLD,SELL,2026-02-09T16:15:00+00:00,2026-02-09T16:25:00+00:00,-54.958928,stop_loss,2240.106057,-249.3345
fresh_btc_gold_hybrid_optimized_btc,BTCUSD,SELL,2026-02-10T10:55:00+00:00,2026-02-10T11:30:00+00:00,-56.516397,stop_loss,2183.58966,-305.850897
fresh_btc_gold_hybrid_optimized_btc,BTCUSD,SELL,2026-02-10T11:40:00+00:00,2026-02-10T12:05:00+00:00,-56.233815,stop_loss,2127.355846,-362.084711
fresh_btc_gold_hybrid_optimized_btc,GOLD,SELL,2026-02-10T14:15:00+00:00,2026-02-10T14:35:00+00:00,43.747307,take_profit,2171.103153,-318.337404
fresh_btc_gold_hybrid_optimized_btc,BTCUSD,SELL,2026-02-10T14:40:00+00:00,2026-02-10T14:55:00+00:00,-55.952645,stop_loss,2115.150507,-374.29005
fresh_btc_gold_hybrid_optimized_btc,GOLD,BUY,2026-02-10T15:35:00+00:00,2026-02-10T15:45:00+00:00,43.922296,take_profit,2159.072803,-330.367753
fresh_btc_gold_hybrid_optimized_btc,GOLD,BUY,2026-02-10T18:25:00+00:00,2026-02-10T18:40:00+00:00,44.097985,take_profit,2203.170789,-286.269768
fresh_btc_gold_hybrid_optimized_btc,BTCUSD,SELL,2026-02-11T09:45:00+00:00,2026-02-11T09:50:00+00:00,-55.672882,stop_loss,2147.497907,-341.94265
fresh_btc_gold_hybrid_optimized_btc,BTCUSD,SELL,2026-02-11T10:00:00+00:00,2026-02-11T10:10:00+00:00,-55.394518,stop_loss,2092.103389,-397.337168
fresh_btc_gold_hybrid_optimized_btc,BTCUSD,SELL,2026-02-11T10:50:00+00:00,2026-02-11T11:00:00+00:00,-55.117545,stop_loss,2036.985843,-452.454713
fresh_btc_gold_hybrid_optimized_btc,GOLD,SELL,2026-02-11T17:40:00+00:00,2026-02-11T18:00:00+00:00,44.274377,take_profit,2081.260221,-408.180336
fresh_btc_gold_hybrid_optimized_btc,GOLD,SELL,2026-02-11T19:20:00+00:00,2026-02-11T19:35:00+00:00,44.451475,take_profit,2125.711696,-363.728861
fresh_btc_gold_hybrid_optimized_btc,BTCUSD,SELL,2026-02-12T08:25:00+00:00,2026-02-12T08:40:00+00:00,-54.841958,stop_loss,2070.869738,-418.570819
fresh_btc_gold_hybrid_optimized_btc,BTCUSD,BUY,2026-02-12T09:30:00+00:00,2026-02-12T10:30:00+00:00,163.703243,take_profit,2234.572981,-254.867575
fresh_btc_gold_hybrid_optimized_btc,BTCUSD,BUY,2026-02-12T10:30:00+00:00,2026-02-12T11:25:00+00:00,166.158792,take_profit,2400.731773,-88.708784
fresh_btc_gold_hybrid_optimized_btc,GOLD,BUY,2026-02-12T16:10:00+00:00,2026-02-12T16:15:00+00:00,-55.786601,stop_loss,2344.945172,-144.495385
fresh_btc_gold_hybrid_optimized_btc,GOLD,BUY,2026-02-12T16:15:00+00:00,2026-02-12T16:20:00+00:00,-55.507668,stop_loss,2289.437504,-200.003053
fresh_btc_gold_hybrid_optimized_btc,GOLD,BUY,2026-02-12T16:20:00+00:00,2026-02-12T16:25:00+00:00,-55.23013,stop_loss,2234.207375,-255.233182
fresh_btc_gold_hybrid_optimized_btc,BTCUSD,BUY,2026-02-13T08:45:00+00:00,2026-02-13T10:40:00+00:00,168.651174,take_profit,2402.858548,-86.582008
fresh_btc_gold_hybrid_optimized_btc,BTCUSD,BUY,2026-02-13T11:55:00+00:00,2026-02-13T12:00:00+00:00,-57.060314,stop_loss,2345.798235,-143.642322
fresh_btc_gold_hybrid_optimized_btc,BTCUSD,BUY,2026-02-13T13:20:00+00:00,2026-02-13T13:30:00+00:00,170.325037,take_profit,2516.123271,0.0
fresh_btc_gold_hybrid_optimized_btc,GOLD,SELL,2026-02-13T14:15:00+00:00,2026-02-13T14:35:00+00:00,43.963183,take_profit,2560.086455,0.0
fresh_btc_gold_hybrid_optimized_btc,GOLD,SELL,2026-02-13T17:05:00+00:00,2026-02-13T18:10:00+00:00,-55.173795,stop_loss,2504.91266,-55.173795
fresh_btc_gold_hybrid_optimized_btc,GOLD,SELL,2026-02-13T19:05:00+00:00,2026-02-13T19:10:00+00:00,43.918341,take_profit,2548.831,-11.255454
fresh_btc_gold_hybrid_optimized_btc,BTCUSD,BUY,2026-02-14T08:00:00+00:00,2026-02-14T08:05:00+00:00,172.879912,take_profit,2721.710913,0.0
fresh_btc_gold_hybrid_optimized_btc,BTCUSD,BUY,2026-02-14T08:05:00+00:00,2026-02-14T09:00:00+00:00,175.473111,take_profit,2897.184023,0.0
fresh_btc_gold_hybrid_optimized_btc,BTCUSD,BUY,2026-02-14T11:10:00+00:00,2026-02-14T11:15:00+00:00,-59.368403,stop_loss,2837.815621,-59.368403
fresh_btc_gold_hybrid_optimized_btc,BTCUSD,BUY,2026-02-15T07:15:00+00:00,2026-02-15T07:20:00+00:00,-59.071561,stop_loss,2778.74406,-118.439963
fresh_btc_gold_hybrid_optimized_btc,BTCUSD,SELL,2026-02-15T12:45:00+00:00,2026-02-15T12:50:00+00:00,176.328608,take_profit,2955.072669,0.0
fresh_btc_gold_hybrid_optimized_btc,BTCUSD,SELL,2026-02-15T12:50:00+00:00,2026-02-15T13:25:00+00:00,178.973537,take_profit,3134.046206,0.0
fresh_btc_gold_hybrid_optimized_btc,BTCUSD,BUY,2026-02-16T09:00:00+00:00,2026-02-16T09:05:00+00:00,-60.552713,stop_loss,3073.493492,-60.552713
fresh_btc_gold_hybrid_optimized_btc,BTCUSD,BUY,2026-02-16T09:25:00+00:00,2026-02-16T10:20:00+00:00,-60.24995,stop_loss,3013.243542,-120.802663
fresh_btc_gold_hybrid_optimized_btc,BTCUSD,SELL,2026-02-16T11:05:00+00:00,2026-02-16T11:20:00+00:00,179.8461,take_profit,3193.089643,0.0
fresh_btc_gold_hybrid_optimized_btc,GOLD,BUY,2026-02-16T14:50:00+00:00,2026-02-16T15:00:00+00:00,-55.117518,stop_loss,3137.972125,-55.117518
fresh_btc_gold_hybrid_optimized_btc,GOLD,BUY,2026-02-16T15:00:00+00:00,2026-02-16T15:20:00+00:00,43.873544,take_profit,3181.845669,-11.243974
fresh_btc_gold_hybrid_optimized_btc,GOLD,BUY,2026-02-16T15:20:00+00:00,2026-02-16T16:25:00+00:00,44.049038,take_profit,3225.894707,0.0
fresh_btc_gold_hybrid_optimized_btc,BTCUSD,SELL,2026-02-17T09:10:00+00:00,2026-02-17T10:15:00+00:00,182.543792,take_profit,3408.438499,0.0
fresh_btc_gold_hybrid_optimized_btc,BTCUSD,SELL,2026-02-17T10:15:00+00:00,2026-02-17T10:20:00+00:00,-61.76065,stop_loss,3346.67785,-61.76065
fresh_btc_gold_hybrid_optimized_btc,GOLD,BUY,2026-02-17T13:15:00+00:00,2026-02-17T13:20:00+00:00,44.225234,take_profit,3390.903084,-17.535415
fresh_btc_gold_hybrid_optimized_btc,BTCUSD,BUY,2026-02-17T13:20:00+00:00,2026-02-17T13:25:00+00:00,-61.451846,stop_loss,3329.451238,-78.987262
fresh_btc_gold_hybrid_optimized_btc,GOLD,BUY,2026-02-17T13:55:00+00:00,2026-02-17T14:00:00+00:00,-55.502669,stop_loss,3273.948569,-134.489931
fresh_btc_gold_hybrid_optimized_btc,GOLD,BUY,2026-02-17T14:00:00+00:00,2026-02-17T14:05:00+00:00,44.180125,take_profit,3318.128693,-90.309806
fresh_btc_gold_hybrid_optimized_btc,BTCUSD,BUY,2026-02-18T07:40:00+00:00,2026-02-18T08:15:00+00:00,183.433761,take_profit,3501.562454,0.0
fresh_btc_gold_hybrid_optimized_btc,BTCUSD,BUY,2026-02-18T08:15:00+00:00,2026-02-18T08:30:00+00:00,-62.061756,stop_loss,3439.500699,-62.061756
fresh_btc_gold_hybrid_optimized_btc,BTCUSD,SELL,2026-02-18T11:05:00+00:00,2026-02-18T11:10:00+00:00,-61.751447,stop_loss,3377.749251,-123.813203
fresh_btc_gold_hybrid_optimized_btc,GOLD,SELL,2026-02-18T13:00:00+00:00,2026-02-18T13:05:00+00:00,-55.446056,stop_loss,3322.303195,-179.259259
fresh_btc_gold_hybrid_optimized_btc,GOLD,SELL,2026-02-18T13:05:00+00:00,2026-02-18T13:35:00+00:00,-55.168826,stop_loss,3267.134369,-234.428085
fresh_btc_gold_hybrid_optimized_btc,GOLD,SELL,2026-02-18T13:35:00+00:00,2026-02-18T13:40:00+00:00,43.914386,take_profit,3311.048755,-190.5137
fresh_btc_gold_hybrid_optimized_btc,BTCUSD,SELL,2026-02-19T08:20:00+00:00,2026-02-19T09:20:00+00:00,-61.44269,stop_loss,3249.606065,-251.95639
fresh_btc_gold_hybrid_optimized_btc,BTCUSD,SELL,2026-02-19T09:45:00+00:00,2026-02-19T10:10:00+00:00,-61.135476,stop_loss,3188.470588,-313.091866
fresh_btc_gold_hybrid_optimized_btc,BTCUSD,SELL,2026-02-19T11:35:00+00:00,2026-02-19T12:00:00+00:00,182.489397,take_profit,3370.959985,-130.602469
fresh_btc_gold_hybrid_optimized_btc,GOLD,SELL,2026-02-19T15:30:00+00:00,2026-02-19T15:50:00+00:00,44.090043,take_profit,3415.050028,-86.512426
fresh_btc_gold_hybrid_optimized_btc,GOLD,BUY,2026-02-19T18:25:00+00:00,2026-02-19T19:05:00+00:00,44.266403,take_profit,3459.316432,-42.246023
fresh_fx_pullback_core3,GBPJPY,BUY,2026-02-20T07:55:00+00:00,2026-02-20T08:48:00+00:00,50.0,take_profit,3509.316432,0.0
fresh_btc_gold_hybrid_optimized_btc,BTCUSD,BUY,2026-02-20T09:00:00+00:00,2026-02-20T10:45:00+00:00,-61.742246,stop_loss,3447.574186,-61.742246
fresh_btc_gold_hybrid_optimized_btc,BTCUSD,SELL,2026-02-20T13:00:00+00:00,2026-02-20T13:35:00+00:00,184.300604,take_profit,3631.87479,0.0
fresh_btc_gold_hybrid_optimized_btc,BTCUSD,SELL,2026-02-20T13:35:00+00:00,2026-02-20T13:45:00+00:00,-62.355038,stop_loss,3569.519752,-62.355038
fresh_btc_gold_hybrid_optimized_btc,GOLD,SELL,2026-02-20T13:45:00+00:00,2026-02-20T14:30:00+00:00,-55.554336,stop_loss,3513.965416,-117.909374
fresh_btc_gold_hybrid_optimized_btc,GOLD,SELL,2026-02-20T14:40:00+00:00,2026-02-20T15:00:00+00:00,44.221252,take_profit,3558.186668,-73.688122
fresh_btc_gold_hybrid_optimized_btc,GOLD,SELL,2026-02-20T16:30:00+00:00,2026-02-20T20:20:00+00:00,-55.497671,stop_loss,3502.688997,-129.185793
fresh_btc_gold_hybrid_optimized_btc,BTCUSD,BUY,2026-02-21T08:10:00+00:00,2026-02-21T08:50:00+00:00,186.129788,take_profit,3688.818785,0.0
fresh_btc_gold_hybrid_optimized_btc,BTCUSD,BUY,2026-02-21T08:50:00+00:00,2026-02-21T08:55:00+00:00,-62.973912,stop_loss,3625.844873,-62.973912
fresh_btc_gold_hybrid_optimized_btc,BTCUSD,BUY,2026-02-21T08:55:00+00:00,2026-02-21T09:05:00+00:00,-62.659042,stop_loss,3563.185831,-125.632954
fresh_btc_gold_hybrid_optimized_btc,BTCUSD,SELL,2026-02-22T08:20:00+00:00,2026-02-22T08:35:00+00:00,-62.345747,stop_loss,3500.840085,-187.9787
fresh_btc_gold_hybrid_optimized_btc,BTCUSD,BUY,2026-02-22T11:00:00+00:00,2026-02-22T12:00:00+00:00,-62.034018,stop_loss,3438.806066,-250.012718
fresh_btc_gold_hybrid_optimized_btc,BTCUSD,SELL,2026-02-22T12:10:00+00:00,2026-02-22T12:15:00+00:00,-61.723848,stop_loss,3377.082218,-311.736566
fresh_fx_pullback_core3,EURJPY,BUY,2026-02-23T07:00:00+00:00,2026-02-23T07:31:00+00:00,12.218045,trailing_stop,3389.300264,-299.518521
fresh_btc_gold_hybrid_optimized_btc,BTCUSD,SELL,2026-02-23T11:40:00+00:00,2026-02-23T12:05:00+00:00,-61.415229,stop_loss,3327.885035,-360.93375
fresh_btc_gold_hybrid_optimized_btc,BTCUSD,SELL,2026-02-23T12:30:00+00:00,2026-02-23T12:35:00+00:00,-61.108153,stop_loss,3266.776882,-422.041903
fresh_btc_gold_hybrid_optimized_btc,GOLD,SELL,2026-02-23T14:30:00+00:00,2026-02-23T14:35:00+00:00,-55.220182,stop_loss,3211.5567,-477.262085
fresh_btc_gold_hybrid_optimized_btc,GOLD,SELL,2026-02-23T14:35:00+00:00,2026-02-23T14:45:00+00:00,-54.944081,stop_loss,3156.612618,-532.206166
fresh_btc_gold_hybrid_optimized_btc,BTCUSD,SELL,2026-02-23T14:35:00+00:00,2026-02-23T14:50:00+00:00,-60.802612,stop_loss,3095.810007,-593.008778
fresh_btc_gold_hybrid_optimized_btc,GOLD,SELL,2026-02-23T14:45:00+00:00,2026-02-23T15:00:00+00:00,43.735489,take_profit,3139.545495,-549.273289
fresh_fx_pullback_core3,GBPJPY,BUY,2026-02-24T07:24:00+00:00,2026-02-24T07:33:00+00:00,9.019231,trailing_stop,3148.564726,-540.254059
fresh_fx_pullback_core3,EURJPY,BUY,2026-02-24T07:24:00+00:00,2026-02-24T07:35:00+00:00,4.829044,trailing_stop,3153.39377,-535.425015
fresh_fx_pullback_core3,EURJPY,BUY,2026-02-24T07:30:00+00:00,2026-02-24T07:50:00+00:00,9.531204,trailing_stop,3162.924974,-525.893811
fresh_fx_pullback_core3,GBPJPY,BUY,2026-02-24T07:28:00+00:00,2026-02-24T07:58:00+00:00,50.25,take_profit,3213.174974,-475.643811
fresh_fx_pullback_core3,EURJPY,BUY,2026-02-24T07:17:00+00:00,2026-02-24T08:21:00+00:00,50.06109,take_profit,3263.236065,-425.58272
fresh_fx_pullback_core3,GBPJPY,BUY,2026-02-24T07:17:00+00:00,2026-02-24T08:22:00+00:00,50.25,take_profit,3313.486065,-375.33272
fresh_btc_gold_hybrid_optimized_btc,BTCUSD,SELL,2026-02-24T12:45:00+00:00,2026-02-24T12:50:00+00:00,-60.498599,stop_loss,3252.987466,-435.831319
fresh_btc_gold_hybrid_optimized_btc,BTCUSD,SELL,2026-02-24T12:55:00+00:00,2026-02-24T13:10:00+00:00,-60.196106,stop_loss,3192.79136,-496.027425
fresh_btc_gold_hybrid_optimized_btc,BTCUSD,SELL,2026-02-24T13:30:00+00:00,2026-02-24T13:35:00+00:00,-59.895125,stop_loss,3132.896235,-555.92255
fresh_btc_gold_hybrid_optimized_btc,GOLD,BUY,2026-02-24T13:55:00+00:00,2026-02-24T14:10:00+00:00,-54.888038,stop_loss,3078.008196,-610.810589
fresh_btc_gold_hybrid_optimized_btc,GOLD,BUY,2026-02-24T14:10:00+00:00,2026-02-24T14:30:00+00:00,43.690879,take_profit,3121.699075,-567.11971
fresh_btc_gold_hybrid_optimized_btc,GOLD,SELL,2026-02-24T18:00:00+00:00,2026-02-24T18:15:00+00:00,43.865642,take_profit,3165.564717,-523.254068
fresh_btc_gold_hybrid_optimized_btc,BTCUSD,BUY,2026-02-25T08:20:00+00:00,2026-02-25T08:50:00+00:00,178.786949,take_profit,3344.351666,-344.467119
fresh_btc_gold_hybrid_optimized_btc,BTCUSD,BUY,2026-02-25T08:50:00+00:00,2026-02-25T09:05:00+00:00,-60.489584,stop_loss,3283.862082,-404.956703
fresh_btc_gold_hybrid_optimized_btc,BTCUSD,BUY,2026-02-25T12:15:00+00:00,2026-02-25T12:45:00+00:00,180.561409,take_profit,3464.423491,-224.395294
fresh_btc_gold_hybrid_optimized_btc,GOLD,BUY,2026-02-25T14:35:00+00:00,2026-02-25T14:40:00+00:00,44.041105,take_profit,3508.464596,-180.354189
fresh_btc_gold_hybrid_optimized_btc,GOLD,SELL,2026-02-25T16:30:00+00:00,2026-02-25T19:05:00+00:00,44.217269,take_profit,3552.681865,-136.13692
fresh_btc_gold_hybrid_optimized_btc,BTCUSD,BUY,2026-02-26T09:10:00+00:00,2026-02-26T09:15:00+00:00,-61.089943,stop_loss,3491.591921,-197.226864
fresh_btc_gold_hybrid_optimized_btc,BTCUSD,BUY,2026-02-26T09:35:00+00:00,2026-02-26T10:30:00+00:00,-60.784494,stop_loss,3430.807427,-258.011358
fresh_btc_gold_hybrid_optimized_btc,BTCUSD,SELL,2026-02-26T11:40:00+00:00,2026-02-26T12:00:00+00:00,-60.480571,stop_loss,3370.326856,-318.491929
fresh_btc_gold_hybrid_optimized_btc,GOLD,BUY,2026-02-26T15:25:00+00:00,2026-02-26T15:35:00+00:00,44.394138,take_profit,3414.720994,-274.097791
fresh_btc_gold_hybrid_optimized_btc,GOLD,SELL,2026-02-26T19:45:00+00:00,2026-02-26T19:55:00+00:00,44.571715,take_profit,3459.292709,-229.526076
fresh_btc_gold_hybrid_optimized_btc,BTCUSD,SELL,2026-02-27T07:25:00+00:00,2026-02-27T07:30:00+00:00,-60.178168,stop_loss,3399.114541,-289.704244
fresh_fx_pullback_core3,EURJPY,BUY,2026-02-27T07:27:00+00:00,2026-02-27T07:45:00+00:00,42.973903,trailing_stop,3442.088444,-246.730341
fresh_btc_gold_hybrid_optimized_btc,BTCUSD,BUY,2026-02-27T08:05:00+00:00,2026-02-27T08:15:00+00:00,-59.877278,stop_loss,3382.211166,-306.607619
fresh_btc_gold_hybrid_optimized_btc,BTCUSD,SELL,2026-02-27T09:45:00+00:00,2026-02-27T10:10:00+00:00,178.733674,take_profit,3560.94484,-127.873945
fresh_btc_gold_hybrid_optimized_btc,GOLD,SELL,2026-02-27T13:00:00+00:00,2026-02-27T13:05:00+00:00,-55.937502,stop_loss,3505.007338,-183.811447
fresh_btc_gold_hybrid_optimized_btc,GOLD,SELL,2026-02-27T13:05:00+00:00,2026-02-27T13:15:00+00:00,-55.657815,stop_loss,3449.349523,-239.469262
fresh_btc_gold_hybrid_optimized_btc,GOLD,SELL,2026-02-27T13:15:00+00:00,2026-02-27T13:20:00+00:00,-55.379525,stop_loss,3393.969998,-294.848787
fresh_btc_gold_hybrid_optimized_btc,BTCUSD,SELL,2026-02-28T08:00:00+00:00,2026-02-28T10:30:00+00:00,-60.47156,stop_loss,3333.498438,-355.320347
fresh_btc_gold_hybrid_optimized_btc,BTCUSD,BUY,2026-02-28T16:40:00+00:00,2026-02-28T16:50:00+00:00,-60.169202,stop_loss,3273.329237,-415.489548
fresh_btc_gold_hybrid_optimized_btc,BTCUSD,BUY,2026-03-01T08:10:00+00:00,2026-03-01T08:20:00+00:00,-59.868356,stop_loss,3213.460881,-475.357904
fresh_btc_gold_hybrid_optimized_btc,BTCUSD,SELL,2026-03-01T12:30:00+00:00,2026-03-01T12:40:00+00:00,-59.569014,stop_loss,3153.891867,-534.926918
fresh_btc_gold_hybrid_optimized_btc,BTCUSD,BUY,2026-03-01T13:50:00+00:00,2026-03-01T13:55:00+00:00,-59.271169,stop_loss,3094.620698,-594.198087
fresh_fx_pullback_core3,GBPJPY,SELL,2026-03-02T07:48:00+00:00,2026-03-02T07:51:00+00:00,20.442935,trailing_stop,3115.063633,-573.755152
fresh_fx_pullback_core3,EURJPY,SELL,2026-03-02T07:42:00+00:00,2026-03-02T07:55:00+00:00,3.114568,trailing_stop,3118.178201,-570.640584
fresh_fx_pullback_core3,EURUSD,SELL,2026-03-02T07:49:00+00:00,2026-03-02T08:00:00+00:00,-50.0,trailing_stop,3068.178201,-620.640584
fresh_fx_pullback_core3,EURJPY,SELL,2026-03-02T07:48:00+00:00,2026-03-02T08:01:00+00:00,-50.598066,trailing_stop,3017.580134,-671.238651
fresh_fx_pullback_core3,EURJPY,SELL,2026-03-02T07:43:00+00:00,2026-03-02T08:10:00+00:00,-50.598066,trailing_stop,2966.982068,-721.836717
fresh_fx_pullback_core3,EURUSD,SELL,2026-03-02T07:45:00+00:00,2026-03-02T08:41:00+00:00,9.357542,trailing_stop,2976.33961,-712.479175
fresh_fx_pullback_core3,EURUSD,SELL,2026-03-02T07:46:00+00:00,2026-03-02T08:41:00+00:00,7.53012,trailing_stop,2983.86973,-704.949055
fresh_fx_pullback_core3,GBPJPY,SELL,2026-03-02T07:18:00+00:00,2026-03-02T08:41:00+00:00,21.781881,trailing_stop,3005.651611,-683.167174
fresh_fx_pullback_core3,GBPJPY,SELL,2026-03-02T07:20:00+00:00,2026-03-02T08:41:00+00:00,18.9223,trailing_stop,3024.57391,-664.244874
fresh_btc_gold_hybrid_optimized_btc,BTCUSD,SELL,2026-03-02T07:00:00+00:00,2026-03-02T08:50:00+00:00,-58.974813,stop_loss,2965.599097,-723.219688
fresh_btc_gold_hybrid_optimized_btc,BTCUSD,BUY,2026-03-02T09:10:00+00:00,2026-03-02T09:55:00+00:00,-58.679939,stop_loss,2906.919158,-781.899627
fresh_btc_gold_hybrid_optimized_btc,GOLD,SELL,2026-03-02T13:00:00+00:00,2026-03-02T13:10:00+00:00,44.082102,take_profit,2951.001261,-737.817524
fresh_btc_gold_hybrid_optimized_btc,BTCUSD,SELL,2026-03-02T12:40:00+00:00,2026-03-02T13:25:00+00:00,-58.386539,stop_loss,2892.614721,-796.204064
fresh_btc_gold_hybrid_optimized_btc,GOLD,BUY,2026-03-02T14:25:00+00:00,2026-03-02T14:30:00+00:00,-55.323038,stop_loss,2837.291683,-851.527102
fresh_btc_gold_hybrid_optimized_btc,GOLD,BUY,2026-03-02T14:30:00+00:00,2026-03-02T14:35:00+00:00,44.037139,take_profit,2881.328821,-807.489963
fresh_fx_pullback_core3,EURUSD,SELL,2026-03-03T07:35:00+00:00,2026-03-03T07:41:00+00:00,-0.0,trailing_stop,2881.328821,-807.489963
fresh_fx_pullback_core3,EURJPY,SELL,2026-03-03T07:07:00+00:00,2026-03-03T07:59:00+00:00,7.883317,trailing_stop,2889.212138,-799.606647
fresh_fx_pullback_core3,EURJPY,SELL,2026-03-03T07:35:00+00:00,2026-03-03T07:59:00+00:00,8.97124,trailing_stop,2898.183379,-790.635406
fresh_fx_pullback_core3,GBPJPY,SELL,2026-03-03T07:07:00+00:00,2026-03-03T07:59:00+00:00,11.752597,trailing_stop,2909.935975,-778.882809
fresh_fx_pullback_core3,EURUSD,SELL,2026-03-03T07:57:00+00:00,2026-03-03T08:09:00+00:00,-0.0,trailing_stop,2909.935975,-778.882809
fresh_fx_pullback_core3,GBPJPY,SELL,2026-03-03T07:08:00+00:00,2026-03-03T08:10:00+00:00,9.622159,trailing_stop,2919.558134,-769.260651
fresh_fx_pullback_core3,EURJPY,SELL,2026-03-03T07:08:00+00:00,2026-03-03T08:20:00+00:00,2.403538,trailing_stop,2921.961672,-766.857112
fresh_btc_gold_hybrid_optimized_btc,BTCUSD,SELL,2026-03-03T08:25:00+00:00,2026-03-03T08:40:00+00:00,174.28382,take_profit,3096.245492,-592.573293
fresh_btc_gold_hybrid_optimized_btc,BTCUSD,SELL,2026-03-03T08:40:00+00:00,2026-03-03T09:05:00+00:00,176.898077,take_profit,3273.14357,-415.675215
fresh_btc_gold_hybrid_optimized_btc,BTCUSD,SELL,2026-03-03T09:25:00+00:00,2026-03-03T10:45:00+00:00,-59.850516,stop_loss,3213.293053,-475.525731
fresh_btc_gold_hybrid_optimized_btc,GOLD,BUY,2026-03-03T14:40:00+00:00,2026-03-03T14:50:00+00:00,-55.266609,stop_loss,3158.026445,-530.79234
fresh_btc_gold_hybrid_optimized_btc,GOLD,BUY,2026-03-03T14:50:00+00:00,2026-03-03T15:15:00+00:00,-54.990276,stop_loss,3103.036169,-585.782616
fresh_btc_gold_hybrid_optimized_btc,GOLD,BUY,2026-03-03T15:15:00+00:00,2026-03-03T15:35:00+00:00,43.77226,take_profit,3146.808428,-542.010357
fresh_fx_pullback_core3,EURUSD,BUY,2026-03-04T07:26:00+00:00,2026-03-04T07:31:00+00:00,15.504047,trailing_stop,3162.312476,-526.506309
fresh_btc_gold_hybrid_optimized_btc,BTCUSD,BUY,2026-03-04T07:25:00+00:00,2026-03-04T07:45:00+00:00,178.653791,take_profit,3340.966266,-347.852518
fresh_fx_pullback_core3,GBPJPY,BUY,2026-03-04T07:30:00+00:00,2026-03-04T07:51:00+00:00,10.369668,trailing_stop,3351.335934,-337.482851
fresh_fx_pullback_core3,EURUSD,BUY,2026-03-04T07:31:00+00:00,2026-03-04T08:02:00+00:00,-49.911959,trailing_stop,3301.423976,-387.394809
fresh_btc_gold_hybrid_optimized_btc,BTCUSD,BUY,2026-03-04T07:45:00+00:00,2026-03-04T08:20:00+00:00,-60.444532,stop_loss,3240.979443,-447.839342
fresh_btc_gold_hybrid_optimized_btc,BTCUSD,BUY,2026-03-04T08:40:00+00:00,2026-03-04T08:50:00+00:00,180.426929,take_profit,3421.406373,-267.412412
fresh_fx_pullback_core3,GBPJPY,BUY,2026-03-04T07:31:00+00:00,2026-03-04T09:01:00+00:00,-51.210206,trailing_stop,3370.196167,-318.622618
fresh_btc_gold_hybrid_optimized_btc,GOLD,BUY,2026-03-04T18:10:00+00:00,2026-03-04T18:40:00+00:00,-54.934186,stop_loss,3315.261981,-373.556803
fresh_btc_gold_hybrid_optimized_btc,BTCUSD,SELL,2026-03-05T07:50:00+00:00,2026-03-05T07:55:00+00:00,-61.044444,stop_loss,3254.217537,-434.601248
fresh_btc_gold_hybrid_optimized_btc,BTCUSD,BUY,2026-03-05T10:20:00+00:00,2026-03-05T10:30:00+00:00,182.217667,take_profit,3436.435204,-252.383581
fresh_btc_gold_hybrid_optimized_btc,BTCUSD,BUY,2026-03-05T10:30:00+00:00,2026-03-05T10:35:00+00:00,-61.650311,stop_loss,3374.784893,-314.033892
fresh_btc_gold_hybrid_optimized_btc,GOLD,BUY,2026-03-05T13:15:00+00:00,2026-03-05T13:20:00+00:00,-54.659515,stop_loss,3320.125378,-368.693407
fresh_btc_gold_hybrid_optimized_btc,GOLD,BUY,2026-03-05T13:20:00+00:00,2026-03-05T13:25:00+00:00,43.508974,take_profit,3363.634352,-325.184433
fresh_btc_gold_hybrid_optimized_btc,GOLD,BUY,2026-03-05T13:25:00+00:00,2026-03-05T14:35:00+00:00,-54.603762,stop_loss,3309.03059,-379.788195
fresh_btc_gold_hybrid_optimized_btc,BTCUSD,SELL,2026-03-06T09:30:00+00:00,2026-03-06T09:40:00+00:00,-61.342059,stop_loss,3247.688531,-441.130254
fresh_btc_gold_hybrid_optimized_btc,BTCUSD,SELL,2026-03-06T11:45:00+00:00,2026-03-06T12:05:00+00:00,183.106046,take_profit,3430.794577,-258.024208
fresh_btc_gold_hybrid_optimized_btc,BTCUSD,SELL,2026-03-06T12:05:00+00:00,2026-03-06T12:15:00+00:00,-61.950879,stop_loss,3368.843698,-319.975087
fresh_btc_gold_hybrid_optimized_btc,GOLD,SELL,2026-03-06T15:05:00+00:00,2026-03-06T16:35:00+00:00,43.464595,take_profit,3412.308293,-276.510492
fresh_btc_gold_hybrid_optimized_btc,GOLD,SELL,2026-03-06T18:50:00+00:00,2026-03-06T19:05:00+00:00,-54.548066,stop_loss,3357.760227,-331.058558
fresh_btc_gold_hybrid_optimized_btc,GOLD,SELL,2026-03-06T19:05:00+00:00,2026-03-06T19:35:00+00:00,43.420261,take_profit,3401.180487,-287.638298
fresh_btc_gold_hybrid_optimized_btc,BTCUSD,SELL,2026-03-07T08:00:00+00:00,2026-03-07T08:15:00+00:00,-61.641125,stop_loss,3339.539363,-349.279422
fresh_btc_gold_hybrid_optimized_btc,BTCUSD,SELL,2026-03-07T13:35:00+00:00,2026-03-07T14:10:00+00:00,183.998757,take_profit,3523.53812,-165.280665
fresh_btc_gold_hybrid_optimized_btc,BTCUSD,BUY,2026-03-08T08:40:00+00:00,2026-03-08T09:10:00+00:00,186.758738,take_profit,3710.296858,0.0
fresh_btc_gold_hybrid_optimized_btc,BTCUSD,BUY,2026-03-08T09:10:00+00:00,2026-03-08T10:20:00+00:00,189.560119,take_profit,3899.856977,0.0
fresh_btc_gold_hybrid_optimized_btc,BTCUSD,BUY,2026-03-08T10:20:00+00:00,2026-03-08T10:30:00+00:00,-64.134507,stop_loss,3835.72247,-64.134507
fresh_btc_gold_hybrid_optimized_btc,BTCUSD,SELL,2026-03-09T07:15:00+00:00,2026-03-09T07:20:00+00:00,-63.813834,stop_loss,3771.908636,-127.948342
fresh_btc_gold_hybrid_optimized_btc,BTCUSD,BUY,2026-03-09T08:20:00+00:00,2026-03-09T09:30:00+00:00,190.484296,take_profit,3962.392932,0.0
fresh_btc_gold_hybrid_optimized_btc,BTCUSD,BUY,2026-03-09T09:30:00+00:00,2026-03-09T09:55:00+00:00,-64.447187,stop_loss,3897.945745,-64.447187
fresh_btc_gold_hybrid_optimized_btc,GOLD,SELL,2026-03-09T18:35:00+00:00,2026-03-09T18:50:00+00:00,-54.492427,stop_loss,3843.453318,-118.939614
fresh_btc_gold_hybrid_optimized_btc,GOLD,SELL,2026-03-09T18:50:00+00:00,2026-03-09T19:15:00+00:00,-54.219965,stop_loss,3789.233353,-173.159579
fresh_btc_gold_hybrid_optimized_btc,GOLD,SELL,2026-03-09T19:15:00+00:00,2026-03-09T19:35:00+00:00,43.159092,take_profit,3832.392445,-130.000487
fresh_fx_pullback_core3,EURUSD,BUY,2026-03-10T07:23:00+00:00,2026-03-10T07:45:00+00:00,49.662399,take_profit,3882.054844,-80.338088
fresh_fx_pullback_core3,EURUSD,BUY,2026-03-10T07:24:00+00:00,2026-03-10T07:45:00+00:00,49.662399,take_profit,3931.717242,-30.675689
fresh_fx_pullback_core3,EURUSD,BUY,2026-03-10T07:25:00+00:00,2026-03-10T07:49:00+00:00,49.662399,take_profit,3981.379641,0.0
fresh_fx_pullback_core3,EURJPY,BUY,2026-03-10T07:50:00+00:00,2026-03-10T08:20:00+00:00,9.94299,trailing_stop,3991.322631,0.0
fresh_fx_pullback_core3,EURJPY,BUY,2026-03-10T07:51:00+00:00,2026-03-10T08:42:00+00:00,50.203949,take_profit,4041.52658,0.0
fresh_btc_gold_hybrid_optimized_btc,BTCUSD,BUY,2026-03-10T08:05:00+00:00,2026-03-10T08:50:00+00:00,-64.124951,stop_loss,3977.401629,-64.124951
fresh_btc_gold_hybrid_optimized_btc,BTCUSD,BUY,2026-03-10T09:20:00+00:00,2026-03-10T09:45:00+00:00,-63.804326,stop_loss,3913.597303,-127.929277
fresh_btc_gold_hybrid_optimized_btc,GOLD,SELL,2026-03-10T13:05:00+00:00,2026-03-10T13:15:00+00:00,-54.164661,stop_loss,3859.432642,-182.093938
fresh_btc_gold_hybrid_optimized_btc,GOLD,SELL,2026-03-10T13:15:00+00:00,2026-03-10T13:25:00+00:00,-53.893837,stop_loss,3805.538805,-235.987775
fresh_btc_gold_hybrid_optimized_btc,BTCUSD,BUY,2026-03-10T13:10:00+00:00,2026-03-10T13:30:00+00:00,-63.485304,stop_loss,3742.053501,-299.47308
fresh_btc_gold_hybrid_optimized_btc,GOLD,SELL,2026-03-10T13:25:00+00:00,2026-03-10T13:30:00+00:00,42.899495,take_profit,3784.952995,-256.573585
fresh_btc_gold_hybrid_optimized_btc,BTCUSD,SELL,2026-03-11T08:25:00+00:00,2026-03-11T08:30:00+00:00,-63.167878,stop_loss,3721.785117,-319.741463
fresh_fx_pullback_core3,EURUSD,SELL,2026-03-11T07:57:00+00:00,2026-03-11T08:42:00+00:00,12.869958,trailing_stop,3734.655075,-306.871505
fresh_btc_gold_hybrid_optimized_btc,BTCUSD,SELL,2026-03-11T11:50:00+00:00,2026-03-11T12:05:00+00:00,188.556116,take_profit,3923.211191,-118.315389
fresh_btc_gold_hybrid_optimized_btc,BTCUSD,SELL,2026-03-11T12:05:00+00:00,2026-03-11T12:10:00+00:00,-63.794819,stop_loss,3859.416371,-182.110209
fresh_btc_gold_hybrid_optimized_btc,GOLD,BUY,2026-03-11T16:05:00+00:00,2026-03-11T16:35:00+00:00,43.071093,take_profit,3902.487464,-139.039116
fresh_btc_gold_hybrid_optimized_btc,BTCUSD,BUY,2026-03-12T08:15:00+00:00,2026-03-12T08:25:00+00:00,-63.475845,stop_loss,3839.011619,-202.514961
fresh_btc_gold_hybrid_optimized_btc,BTCUSD,BUY,2026-03-12T09:40:00+00:00,2026-03-12T09:45:00+00:00,-63.158466,stop_loss,3775.853153,-265.673427
fresh_btc_gold_hybrid_optimized_btc,BTCUSD,BUY,2026-03-12T11:35:00+00:00,2026-03-12T11:50:00+00:00,-62.842673,stop_loss,3713.01048,-328.5161
fresh_btc_gold_hybrid_optimized_btc,GOLD,BUY,2026-03-12T13:50:00+00:00,2026-03-12T14:00:00+00:00,43.243377,take_profit,3756.253857,-285.272723
fresh_btc_gold_hybrid_optimized_btc,GOLD,BUY,2026-03-12T14:30:00+00:00,2026-03-12T15:00:00+00:00,-54.270438,stop_loss,3701.983419,-339.543162
fresh_btc_gold_hybrid_optimized_btc,GOLD,BUY,2026-03-12T15:10:00+00:00,2026-03-12T16:20:00+00:00,43.199269,take_profit,3745.182687,-296.343893
fresh_fx_pullback_core3,EURJPY,SELL,2026-03-13T07:00:00+00:00,2026-03-13T07:18:00+00:00,10.583702,trailing_stop,3755.766389,-285.760191
fresh_fx_pullback_core3,EURUSD,SELL,2026-03-13T07:00:00+00:00,2026-03-13T07:35:00+00:00,14.519252,trailing_stop,3770.285641,-271.240939
fresh_fx_pullback_core3,EURUSD,SELL,2026-03-13T07:06:00+00:00,2026-03-13T07:35:00+00:00,6.605355,trailing_stop,3776.890996,-264.635584
fresh_fx_pullback_core3,EURJPY,SELL,2026-03-13T07:02:00+00:00,2026-03-13T07:42:00+00:00,50.504684,take_profit,3827.39568,-214.130901
fresh_fx_pullback_core3,EURJPY,SELL,2026-03-13T07:06:00+00:00,2026-03-13T07:44:00+00:00,50.504684,take_profit,3877.900363,-163.626217
fresh_fx_pullback_core3,EURUSD,SELL,2026-03-13T07:21:00+00:00,2026-03-13T07:47:00+00:00,27.784917,trailing_stop,3905.685281,-135.8413
fresh_fx_pullback_core3,GBPJPY,SELL,2026-03-13T07:50:00+00:00,2026-03-13T08:00:00+00:00,3.02578,trailing_stop,3908.71106,-132.81552
fresh_fx_pullback_core3,GBPJPY,SELL,2026-03-13T07:06:00+00:00,2026-03-13T08:03:00+00:00,51.006003,take_profit,3959.717063,-81.809517
fresh_fx_pullback_core3,GBPJPY,SELL,2026-03-13T07:44:00+00:00,2026-03-13T08:03:00+00:00,51.006003,take_profit,4010.723066,-30.803514
fresh_btc_gold_hybrid_optimized_btc,BTCUSD,BUY,2026-03-13T08:30:00+00:00,2026-03-13T08:35:00+00:00,187.58538,take_profit,4198.308446,0.0
fresh_btc_gold_hybrid_optimized_btc,BTCUSD,BUY,2026-03-13T08:35:00+00:00,2026-03-13T08:45:00+00:00,-63.466387,stop_loss,4134.842059,-63.466387
fresh_btc_gold_hybrid_optimized_btc,BTCUSD,BUY,2026-03-13T10:00:00+00:00,2026-03-13T12:45:00+00:00,189.447165,take_profit,4324.289225,0.0
fresh_btc_gold_hybrid_optimized_btc,GOLD,SELL,2026-03-13T13:00:00+00:00,2026-03-13T13:10:00+00:00,43.372066,take_profit,4367.66129,0.0
fresh_btc_gold_hybrid_optimized_btc,GOLD,BUY,2026-03-13T14:45:00+00:00,2026-03-13T14:50:00+00:00,-54.431943,stop_loss,4313.229348,-54.431943
fresh_btc_gold_hybrid_optimized_btc,GOLD,BUY,2026-03-13T14:50:00+00:00,2026-03-13T14:55:00+00:00,-54.159783,stop_loss,4259.069565,-108.591725
fresh_btc_gold_hybrid_optimized_btc,BTCUSD,SELL,2026-03-14T07:00:00+00:00,2026-03-14T11:00:00+00:00,13.76329,max_hold,4272.832855,-94.828435
fresh_btc_gold_hybrid_optimized_btc,BTCUSD,SELL,2026-03-14T14:40:00+00:00,2026-03-14T15:00:00+00:00,-64.165107,stop_loss,4208.667748,-158.993543
fresh_btc_gold_hybrid_optimized_btc,BTCUSD,SELL,2026-03-14T15:30:00+00:00,2026-03-14T16:10:00+00:00,-63.844282,stop_loss,4144.823466,-222.837825
fresh_btc_gold_hybrid_optimized_btc,BTCUSD,BUY,2026-03-15T08:55:00+00:00,2026-03-15T09:20:00+00:00,190.575181,take_profit,4335.398647,-32.262643
fresh_btc_gold_hybrid_optimized_btc,BTCUSD,BUY,2026-03-15T09:20:00+00:00,2026-03-15T09:25:00+00:00,-64.477936,stop_loss,4270.920711,-96.74058
fresh_fx_pullback_core3,GBPJPY,SELL,2026-03-16T07:14:00+00:00,2026-03-16T07:41:00+00:00,6.017115,trailing_stop,4276.937826,-90.723464
fresh_btc_gold_hybrid_optimized_btc,BTCUSD,BUY,2026-03-16T10:50:00+00:00,2026-03-16T12:30:00+00:00,192.46664,take_profit,4469.404466,0.0
fresh_btc_gold_hybrid_optimized_btc,BTCUSD,BUY,2026-03-16T12:30:00+00:00,2026-03-16T12:40:00+00:00,-65.11788,stop_loss,4404.286586,-65.11788
fresh_btc_gold_hybrid_optimized_btc,GOLD,SELL,2026-03-16T13:15:00+00:00,2026-03-16T13:30:00+00:00,43.111187,take_profit,4447.397773,-22.006693
fresh_btc_gold_hybrid_optimized_btc,BTCUSD,BUY,2026-03-16T13:30:00+00:00,2026-03-16T13:40:00+00:00,-64.79229,stop_loss,4382.605483,-86.798983
fresh_btc_gold_hybrid_optimized_btc,GOLD,BUY,2026-03-16T16:25:00+00:00,2026-03-16T16:40:00+00:00,43.283632,take_profit,4425.889115,-43.515351
fresh_btc_gold_hybrid_optimized_btc,GOLD,SELL,2026-03-16T18:40:00+00:00,2026-03-16T19:30:00+00:00,43.456766,take_profit,4469.345881,-0.058585
fresh_btc_gold_hybrid_optimized_btc,BTCUSD,SELL,2026-03-17T09:50:00+00:00,2026-03-17T10:05:00+00:00,193.404987,take_profit,4662.750868,0.0
fresh_btc_gold_hybrid_optimized_btc,BTCUSD,SELL,2026-03-17T10:05:00+00:00,2026-03-17T10:25:00+00:00,-65.435354,stop_loss,4597.315514,-65.435354
fresh_btc_gold_hybrid_optimized_btc,BTCUSD,SELL,2026-03-17T13:50:00+00:00,2026-03-17T14:05:00+00:00,-65.108177,stop_loss,4532.207337,-130.543531
fresh_btc_gold_hybrid_optimized_btc,BTCUSD,SELL,2026-03-18T07:30:00+00:00,2026-03-18T07:50:00+00:00,-64.782636,stop_loss,4467.424701,-195.326167
fresh_fx_pullback_core3,EURJPY,SELL,2026-03-18T07:46:00+00:00,2026-03-18T08:34:00+00:00,-51.062649,trailing_stop,4416.362051,-246.388817
fresh_fx_pullback_core3,EURJPY,SELL,2026-03-18T07:44:00+00:00,2026-03-18T08:44:00+00:00,-51.062649,trailing_stop,4365.299402,-297.451466
fresh_btc_gold_hybrid_optimized_btc,BTCUSD,BUY,2026-03-18T09:10:00+00:00,2026-03-18T10:30:00+00:00,-64.458723,stop_loss,4300.840679,-361.910189
fresh_btc_gold_hybrid_optimized_btc,BTCUSD,SELL,2026-03-18T10:40:00+00:00,2026-03-18T11:10:00+00:00,-64.136429,stop_loss,4236.70425,-426.046618
fresh_btc_gold_hybrid_optimized_btc,GOLD,BUY,2026-03-18T13:00:00+00:00,2026-03-18T13:15:00+00:00,-54.538242,stop_loss,4182.166008,-480.58486
fresh_btc_gold_hybrid_optimized_btc,GOLD,BUY,2026-03-18T13:15:00+00:00,2026-03-18T13:35:00+00:00,43.41244,take_profit,4225.578448,-437.17242
fresh_btc_gold_hybrid_optimized_btc,GOLD,BUY,2026-03-18T18:45:00+00:00,2026-03-18T18:55:00+00:00,-54.482613,stop_loss,4171.095836,-491.655032
fresh_fx_pullback_core3,GBPJPY,SELL,2026-03-19T07:07:00+00:00,2026-03-19T07:08:00+00:00,1.680727,trailing_stop,4172.776562,-489.974306
fresh_btc_gold_hybrid_optimized_btc,BTCUSD,SELL,2026-03-19T07:00:00+00:00,2026-03-19T07:10:00+00:00,191.447242,take_profit,4364.223804,-298.527064
fresh_btc_gold_hybrid_optimized_btc,BTCUSD,SELL,2026-03-19T07:10:00+00:00,2026-03-19T07:20:00+00:00,194.318951,take_profit,4558.542755,-104.208113
fresh_btc_gold_hybrid_optimized_btc,BTCUSD,SELL,2026-03-19T07:20:00+00:00,2026-03-19T07:25:00+00:00,-65.744578,stop_loss,4492.798177,-169.952691
fresh_fx_pullback_core3,EURJPY,SELL,2026-03-19T07:31:00+00:00,2026-03-19T07:57:00+00:00,50.552023,take_profit,4543.350199,-119.400669
fresh_fx_pullback_core3,GBPJPY,SELL,2026-03-19T07:56:00+00:00,2026-03-19T08:04:00+00:00,51.569681,take_profit,4594.91988,-67.830988
fresh_fx_pullback_core3,GBPJPY,SELL,2026-03-19T07:57:00+00:00,2026-03-19T08:10:00+00:00,51.569681,take_profit,4646.489561,-16.261307
fresh_fx_pullback_core3,EURJPY,SELL,2026-03-19T07:57:00+00:00,2026-03-19T08:13:00+00:00,50.804783,take_profit,4697.294344,0.0
fresh_fx_pullback_core3,EURUSD,SELL,2026-03-19T07:57:00+00:00,2026-03-19T08:15:00+00:00,0.667319,trailing_stop,4697.961663,0.0
fresh_btc_gold_hybrid_optimized_btc,GOLD,BUY,2026-03-19T13:00:00+00:00,2026-03-19T13:25:00+00:00,43.36816,take_profit,4741.329823,0.0
fresh_btc_gold_hybrid_optimized_btc,GOLD,BUY,2026-03-19T17:10:00+00:00,2026-03-19T17:15:00+00:00,43.541632,take_profit,4784.871455,0.0
fresh_fx_pullback_core3,EURJPY,BUY,2026-03-20T07:06:00+00:00,2026-03-20T07:32:00+00:00,8.583161,trailing_stop,4793.454617,0.0
fresh_fx_pullback_core3,EURJPY,BUY,2026-03-20T07:07:00+00:00,2026-03-20T07:48:00+00:00,5.393536,trailing_stop,4798.848152,0.0
fresh_btc_gold_hybrid_optimized_btc,BTCUSD,BUY,2026-03-20T07:35:00+00:00,2026-03-20T08:05:00+00:00,196.247566,take_profit,4995.095719,0.0
fresh_fx_pullback_core3,EURJPY,BUY,2026-03-20T07:08:00+00:00,2026-03-20T08:59:00+00:00,22.134912,trailing_stop,5017.230631,0.0
fresh_btc_gold_hybrid_optimized_btc,BTCUSD,BUY,2026-03-20T08:05:00+00:00,2026-03-20T09:00:00+00:00,-66.397093,stop_loss,4950.833537,-66.397093
fresh_fx_pullback_core3,GBPJPY,BUY,2026-03-20T07:46:00+00:00,2026-03-20T10:00:00+00:00,-52.085378,trailing_stop,4898.74816,-118.482471
fresh_btc_gold_hybrid_optimized_btc,BTCUSD,SELL,2026-03-20T13:30:00+00:00,2026-03-20T13:35:00+00:00,-66.065108,stop_loss,4832.683052,-184.547579
fresh_btc_gold_hybrid_optimized_btc,GOLD,BUY,2026-03-20T13:30:00+00:00,2026-03-20T13:35:00+00:00,43.715799,take_profit,4876.398851,-140.83178
fresh_btc_gold_hybrid_optimized_btc,GOLD,BUY,2026-03-20T13:50:00+00:00,2026-03-20T14:10:00+00:00,-54.863328,stop_loss,4821.535523,-195.695108
fresh_btc_gold_hybrid_optimized_btc,GOLD,BUY,2026-03-20T14:10:00+00:00,2026-03-20T14:20:00+00:00,-54.589011,stop_loss,4766.946512,-250.284119
fresh_btc_gold_hybrid_optimized_btc,BTCUSD,BUY,2026-03-21T07:25:00+00:00,2026-03-21T07:30:00+00:00,-65.734782,stop_loss,4701.21173,-316.018901
fresh_btc_gold_hybrid_optimized_btc,BTCUSD,BUY,2026-03-21T12:00:00+00:00,2026-03-21T12:05:00+00:00,-65.406108,stop_loss,4635.805622,-381.425009
fresh_btc_gold_hybrid_optimized_btc,BTCUSD,BUY,2026-03-21T12:10:00+00:00,2026-03-21T12:20:00+00:00,-65.079078,stop_loss,4570.726544,-446.504087
fresh_btc_gold_hybrid_optimized_btc,BTCUSD,SELL,2026-03-22T07:35:00+00:00,2026-03-22T07:50:00+00:00,-64.753682,stop_loss,4505.972861,-511.257769
fresh_btc_gold_hybrid_optimized_btc,BTCUSD,SELL,2026-03-22T07:55:00+00:00,2026-03-22T08:25:00+00:00,193.289742,take_profit,4699.262603,-317.968027
fresh_btc_gold_hybrid_optimized_btc,BTCUSD,SELL,2026-03-22T08:25:00+00:00,2026-03-22T08:40:00+00:00,-65.396363,stop_loss,4633.866241,-383.36439
fresh_btc_gold_hybrid_optimized_btc,BTCUSD,SELL,2026-03-23T07:00:00+00:00,2026-03-23T07:05:00+00:00,-65.069381,stop_loss,4568.79686,-448.433771
fresh_btc_gold_hybrid_optimized_btc,BTCUSD,BUY,2026-03-23T11:05:00+00:00,2026-03-23T11:10:00+00:00,-64.744034,stop_loss,4504.052826,-513.177805
fresh_btc_gold_hybrid_optimized_btc,GOLD,SELL,2026-03-23T13:10:00+00:00,2026-03-23T13:25:00+00:00,43.452853,take_profit,4547.505679,-469.724952
fresh_btc_gold_hybrid_optimized_btc,BTCUSD,BUY,2026-03-23T13:35:00+00:00,2026-03-23T14:10:00+00:00,193.260941,take_profit,4740.76662,-276.464011
fresh_btc_gold_hybrid_optimized_btc,GOLD,SELL,2026-03-23T14:25:00+00:00,2026-03-23T14:50:00+00:00,43.626664,take_profit,4784.393284,-232.837346
fresh_btc_gold_hybrid_optimized_btc,BTCUSD,BUY,2026-03-24T07:00:00+00:00,2026-03-24T07:05:00+00:00,196.159856,take_profit,4980.55314,-36.677491
fresh_fx_pullback_core3,EURJPY,BUY,2026-03-24T07:04:00+00:00,2026-03-24T07:10:00+00:00,6.48465,trailing_stop,4987.03779,-30.192841
fresh_fx_pullback_core3,EURUSD,BUY,2026-03-24T07:09:00+00:00,2026-03-24T07:10:00+00:00,2.519184,trailing_stop,4989.556974,-27.673657
fresh_btc_gold_hybrid_optimized_btc,BTCUSD,BUY,2026-03-24T07:05:00+00:00,2026-03-24T07:55:00+00:00,199.102253,take_profit,5188.659227,0.0
fresh_btc_gold_hybrid_optimized_btc,BTCUSD,BUY,2026-03-24T07:55:00+00:00,2026-03-24T08:00:00+00:00,-67.362929,stop_loss,5121.296298,-67.362929
fresh_fx_pullback_core3,GBPJPY,BUY,2026-03-24T07:09:00+00:00,2026-03-24T08:04:00+00:00,-51.824951,trailing_stop,5069.471347,-119.18788
fresh_fx_pullback_core3,GBPJPY,BUY,2026-03-24T07:10:00+00:00,2026-03-24T08:04:00+00:00,-51.824951,trailing_stop,5017.646396,-171.012831
fresh_fx_pullback_core3,EURUSD,BUY,2026-03-24T07:10:00+00:00,2026-03-24T08:50:00+00:00,-50.732165,trailing_stop,4966.914231,-221.744995
fresh_fx_pullback_core3,EURUSD,BUY,2026-03-24T07:12:00+00:00,2026-03-24T08:50:00+00:00,-50.732165,trailing_stop,4916.182067,-272.47716
fresh_fx_pullback_core3,GBPJPY,BUY,2026-03-25T07:52:00+00:00,2026-03-25T08:04:00+00:00,51.306701,take_profit,4967.488768,-221.170459
fresh_fx_pullback_core3,GBPJPY,BUY,2026-03-25T07:55:00+00:00,2026-03-25T08:06:00+00:00,13.758222,trailing_stop,4981.24699,-207.412237
fresh_fx_pullback_core3,EURJPY,BUY,2026-03-25T07:52:00+00:00,2026-03-25T08:16:00+00:00,-51.271788,trailing_stop,4929.975202,-258.684025
fresh_fx_pullback_core3,GBPJPY,BUY,2026-03-25T07:56:00+00:00,2026-03-25T08:23:00+00:00,0.185446,trailing_stop,4930.160648,-258.498579
fresh_btc_gold_hybrid_optimized_btc,BTCUSD,BUY,2026-03-25T08:30:00+00:00,2026-03-25T08:35:00+00:00,-67.026114,stop_loss,4863.134533,-325.524694
fresh_btc_gold_hybrid_optimized_btc,BTCUSD,BUY,2026-03-25T10:45:00+00:00,2026-03-25T11:25:00+00:00,200.072952,take_profit,5063.207485,-125.451742
fresh_btc_gold_hybrid_optimized_btc,BTCUSD,BUY,2026-03-25T11:25:00+00:00,2026-03-25T11:45:00+00:00,-67.691349,stop_loss,4995.516136,-193.143091
fresh_btc_gold_hybrid_optimized_btc,GOLD,BUY,2026-03-25T19:05:00+00:00,2026-03-25T19:10:00+00:00,-54.751464,stop_loss,4940.764673,-247.894554
fresh_btc_gold_hybrid_optimized_btc,GOLD,BUY,2026-03-25T19:10:00+00:00,2026-03-25T19:40:00+00:00,43.582165,take_profit,4984.346838,-204.312389
fresh_btc_gold_hybrid_optimized_btc,GOLD,BUY,2026-03-25T19:45:00+00:00,2026-03-25T19:55:00+00:00,43.756494,take_profit,5028.103331,-160.555896
fresh_fx_pullback_core3,GBPJPY,SELL,2026-03-26T07:11:00+00:00,2026-03-26T07:20:00+00:00,1.552871,trailing_stop,5029.656202,-159.003025
fresh_btc_gold_hybrid_optimized_btc,BTCUSD,SELL,2026-03-26T09:30:00+00:00,2026-03-26T09:55:00+00:00,-67.352892,stop_loss,4962.30331,-226.355917
fresh_btc_gold_hybrid_optimized_btc,BTCUSD,SELL,2026-03-26T11:20:00+00:00,2026-03-26T11:40:00+00:00,-67.016127,stop_loss,4895.287183,-293.372044
fresh_btc_gold_hybrid_optimized_btc,GOLD,BUY,2026-03-26T16:20:00+00:00,2026-03-26T16:30:00+00:00,-54.9144,stop_loss,4840.372783,-348.286444
fresh_btc_gold_hybrid_optimized_btc,GOLD,BUY,2026-03-26T16:30:00+00:00,2026-03-26T16:35:00+00:00,-54.639828,stop_loss,4785.732956,-402.926271
fresh_btc_gold_hybrid_optimized_btc,GOLD,BUY,2026-03-26T16:35:00+00:00,2026-03-26T17:00:00+00:00,43.493303,take_profit,4829.226258,-359.432968
fresh_btc_gold_hybrid_optimized_btc,BTCUSD,SELL,2026-03-26T15:05:00+00:00,2026-03-26T17:55:00+00:00,200.04314,take_profit,5029.269399,-159.389828
fresh_fx_pullback_core3,EURUSD,SELL,2026-03-27T07:21:00+00:00,2026-03-27T07:47:00+00:00,14.220287,trailing_stop,5043.489686,-145.169541
fresh_btc_gold_hybrid_optimized_btc,BTCUSD,SELL,2026-03-27T07:55:00+00:00,2026-03-27T08:30:00+00:00,203.043787,take_profit,5246.533473,0.0
fresh_btc_gold_hybrid_optimized_btc,BTCUSD,SELL,2026-03-27T08:30:00+00:00,2026-03-27T08:35:00+00:00,206.089444,take_profit,5452.622917,0.0
fresh_btc_gold_hybrid_optimized_btc,BTCUSD,SELL,2026-03-27T08:35:00+00:00,2026-03-27T08:40:00+00:00,-69.726929,stop_loss,5382.895988,-69.726929
fresh_btc_gold_hybrid_optimized_btc,GOLD,SELL,2026-03-27T14:45:00+00:00,2026-03-27T14:50:00+00:00,-54.584095,stop_loss,5328.311894,-124.311024
fresh_btc_gold_hybrid_optimized_btc,GOLD,SELL,2026-03-27T14:50:00+00:00,2026-03-27T14:55:00+00:00,-54.311174,stop_loss,5274.000719,-178.622198
fresh_btc_gold_hybrid_optimized_btc,GOLD,SELL,2026-03-27T14:55:00+00:00,2026-03-27T15:10:00+00:00,-54.039619,stop_loss,5219.9611,-232.661817
fresh_btc_gold_hybrid_optimized_btc,BTCUSD,BUY,2026-03-28T07:55:00+00:00,2026-03-28T08:00:00+00:00,-69.378294,stop_loss,5150.582807,-302.040111
fresh_btc_gold_hybrid_optimized_btc,BTCUSD,SELL,2026-03-28T09:00:00+00:00,2026-03-28T10:20:00+00:00,207.094207,take_profit,5357.677014,-94.945903
fresh_btc_gold_hybrid_optimized_btc,BTCUSD,SELL,2026-03-28T10:25:00+00:00,2026-03-28T10:30:00+00:00,-70.066874,stop_loss,5287.61014,-165.012777
fresh_btc_gold_hybrid_optimized_btc,BTCUSD,SELL,2026-03-29T09:30:00+00:00,2026-03-29T09:40:00+00:00,-69.716539,stop_loss,5217.893601,-234.729316
fresh_btc_gold_hybrid_optimized_btc,BTCUSD,SELL,2026-03-29T10:05:00+00:00,2026-03-29T11:00:00+00:00,-69.367956,stop_loss,5148.525645,-304.097272
fresh_btc_gold_hybrid_optimized_btc,BTCUSD,BUY,2026-03-29T11:05:00+00:00,2026-03-29T13:05:00+00:00,-69.021117,stop_loss,5079.504528,-373.118389
fresh_fx_pullback_core3,GBPJPY,SELL,2026-03-30T07:17:00+00:00,2026-03-30T07:24:00+00:00,51.640718,take_profit,5131.145246,-321.477671
fresh_fx_pullback_core3,EURJPY,SELL,2026-03-30T07:17:00+00:00,2026-03-30T07:25:00+00:00,51.015429,take_profit,5182.160675,-270.462242
fresh_fx_pullback_core3,GBPJPY,SELL,2026-03-30T07:12:00+00:00,2026-03-30T07:25:00+00:00,51.640718,take_profit,5233.801392,-218.821525
fresh_fx_pullback_core3,GBPJPY,SELL,2026-03-30T07:14:00+00:00,2026-03-30T07:55:00+00:00,19.947858,trailing_stop,5253.749251,-198.873666
fresh_fx_pullback_core3,EURJPY,SELL,2026-03-30T07:19:00+00:00,2026-03-30T07:56:00+00:00,9.373659,trailing_stop,5263.12291,-189.500007
fresh_fx_pullback_core3,EURJPY,SELL,2026-03-30T07:20:00+00:00,2026-03-30T07:57:00+00:00,1.39133,trailing_stop,5264.51424,-188.108677
fresh_fx_pullback_core3,EURUSD,SELL,2026-03-30T07:39:00+00:00,2026-03-30T08:29:00+00:00,2.173282,trailing_stop,5266.687521,-185.935396
fresh_btc_gold_hybrid_optimized_btc,BTCUSD,BUY,2026-03-30T07:55:00+00:00,2026-03-30T08:35:00+00:00,206.028033,take_profit,5472.715554,0.0
fresh_btc_gold_hybrid_optimized_btc,BTCUSD,BUY,2026-03-30T11:25:00+00:00,2026-03-30T11:30:00+00:00,-69.706151,stop_loss,5403.009403,-69.706151
fresh_btc_gold_hybrid_optimized_btc,BTCUSD,BUY,2026-03-30T13:20:00+00:00,2026-03-30T13:25:00+00:00,-69.357621,stop_loss,5333.651783,-139.063772
fresh_btc_gold_hybrid_optimized_btc,GOLD,BUY,2026-03-30T17:55:00+00:00,2026-03-30T18:55:00+00:00,-53.76942,stop_loss,5279.882362,-192.833192
fresh_btc_gold_hybrid_optimized_btc,GOLD,BUY,2026-03-30T18:55:00+00:00,2026-03-30T19:30:00+00:00,42.800459,take_profit,5322.682821,-150.032734
fresh_btc_gold_hybrid_optimized_btc,BTCUSD,SELL,2026-03-31T07:10:00+00:00,2026-03-31T07:45:00+00:00,-69.010832,stop_loss,5253.671988,-219.043566
fresh_btc_gold_hybrid_optimized_btc,BTCUSD,SELL,2026-03-31T08:35:00+00:00,2026-03-31T08:45:00+00:00,205.997335,take_profit,5459.669323,-13.046231
fresh_btc_gold_hybrid_optimized_btc,BTCUSD,SELL,2026-03-31T09:15:00+00:00,2026-03-31T09:55:00+00:00,209.087295,take_profit,5668.756618,0.0
fresh_btc_gold_hybrid_optimized_btc,GOLD,SELL,2026-03-31T13:55:00+00:00,2026-03-31T14:00:00+00:00,-53.714576,stop_loss,5615.042042,-53.714576
fresh_btc_gold_hybrid_optimized_btc,GOLD,SELL,2026-03-31T14:00:00+00:00,2026-03-31T14:55:00+00:00,42.756802,take_profit,5657.798845,-10.957773
fresh_btc_gold_hybrid_optimized_btc,GOLD,SELL,2026-03-31T17:00:00+00:00,2026-03-31T17:45:00+00:00,-53.659787,stop_loss,5604.139058,-64.61756
fresh_fx_pullback_core3,EURJPY,BUY,2026-04-01T07:58:00+00:00,2026-04-01T10:55:00+00:00,1.11899,trailing_stop,5605.258048,-63.49857
fresh_btc_gold_hybrid_optimized_btc,BTCUSD,BUY,2026-04-01T11:50:00+00:00,2026-04-01T12:00:00+00:00,-70.741201,stop_loss,5534.516846,-134.239772
fresh_btc_gold_hybrid_optimized_btc,BTCUSD,SELL,2026-04-01T13:40:00+00:00,2026-04-01T14:15:00+00:00,-70.387495,stop_loss,5464.129351,-204.627267
fresh_btc_gold_hybrid_optimized_btc,GOLD,SELL,2026-04-01T14:50:00+00:00,2026-04-01T15:40:00+00:00,-53.391488,stop_loss,5410.737863,-258.018755
fresh_btc_gold_hybrid_optimized_btc,BTCUSD,BUY,2026-04-01T15:20:00+00:00,2026-04-01T16:15:00+00:00,-70.035558,stop_loss,5340.702305,-328.054313
fresh_btc_gold_hybrid_optimized_btc,GOLD,SELL,2026-04-01T15:40:00+00:00,2026-04-01T17:55:00+00:00,42.499624,take_profit,5383.201929,-285.554689
fresh_btc_gold_hybrid_optimized_btc,BTCUSD,SELL,2026-04-02T08:40:00+00:00,2026-04-02T10:10:00+00:00,209.05614,take_profit,5592.25807,-76.498548
fresh_btc_gold_hybrid_optimized_btc,BTCUSD,SELL,2026-04-02T10:10:00+00:00,2026-04-02T10:20:00+00:00,-70.730661,stop_loss,5521.527409,-147.229209
fresh_btc_gold_hybrid_optimized_btc,BTCUSD,SELL,2026-04-02T12:15:00+00:00,2026-04-02T12:35:00+00:00,-70.377008,stop_loss,5451.150401,-217.606217
fresh_btc_gold_hybrid_optimized_btc,GOLD,SELL,2026-04-02T14:20:00+00:00,2026-04-02T15:50:00+00:00,42.669623,take_profit,5493.820024,-174.936594
fresh_btc_gold_hybrid_optimized_btc,GOLD,SELL,2026-04-02T18:55:00+00:00,2026-04-02T19:05:00+00:00,-53.550377,stop_loss,5440.269647,-228.486971
fresh_btc_gold_hybrid_optimized_btc,GOLD,SELL,2026-04-02T19:05:00+00:00,2026-04-02T19:15:00+00:00,42.6261,take_profit,5482.895747,-185.860871
fresh_btc_gold_hybrid_optimized_btc,BTCUSD,BUY,2026-04-03T07:05:00+00:00,2026-04-03T07:10:00+00:00,-70.025122,stop_loss,5412.870625,-255.885993
fresh_btc_gold_hybrid_optimized_btc,BTCUSD,BUY,2026-04-03T07:25:00+00:00,2026-04-03T07:35:00+00:00,209.024991,take_profit,5621.895615,-46.861003
fresh_btc_gold_hybrid_optimized_btc,BTCUSD,BUY,2026-04-03T08:05:00+00:00,2026-04-03T08:15:00+00:00,-70.720122,stop_loss,5551.175494,-117.581124
fresh_btc_gold_hybrid_optimized_btc,BTCUSD,BUY,2026-04-04T07:00:00+00:00,2026-04-04T07:20:00+00:00,-70.366521,stop_loss,5480.808972,-187.947646
fresh_btc_gold_hybrid_optimized_btc,BTCUSD,BUY,2026-04-04T10:35:00+00:00,2026-04-04T10:45:00+00:00,210.044066,take_profit,5690.853038,0.0
fresh_btc_gold_hybrid_optimized_btc,BTCUSD,BUY,2026-04-04T10:45:00+00:00,2026-04-04T11:30:00+00:00,-71.064909,stop_loss,5619.788129,-71.064909
fresh_btc_gold_hybrid_optimized_btc,BTCUSD,SELL,2026-04-05T12:00:00+00:00,2026-04-05T12:30:00+00:00,212.128753,take_profit,5831.916883,0.0
fresh_btc_gold_hybrid_optimized_btc,BTCUSD,SELL,2026-04-05T12:30:00+00:00,2026-04-05T13:00:00+00:00,-71.770228,stop_loss,5760.146654,-71.770228
fresh_btc_gold_hybrid_optimized_btc,BTCUSD,BUY,2026-04-05T15:25:00+00:00,2026-04-05T15:30:00+00:00,-71.411377,stop_loss,5688.735277,-143.181605
fresh_fx_pullback_core3,GBPJPY,BUY,2026-04-06T07:20:00+00:00,2026-04-06T07:36:00+00:00,52.256864,take_profit,5740.992141,-90.924741
fresh_fx_pullback_core3,EURUSD,BUY,2026-04-06T07:42:00+00:00,2026-04-06T07:52:00+00:00,50.306811,take_profit,5791.298952,-40.61793
fresh_fx_pullback_core3,GBPJPY,BUY,2026-04-06T07:36:00+00:00,2026-04-06T07:55:00+00:00,21.125721,trailing_stop,5812.424674,-19.492209
fresh_fx_pullback_core3,EURJPY,BUY,2026-04-06T07:36:00+00:00,2026-04-06T07:56:00+00:00,17.31612,trailing_stop,5829.740793,-2.176089
fresh_fx_pullback_core3,EURUSD,BUY,2026-04-06T07:46:00+00:00,2026-04-06T08:06:00+00:00,12.208963,trailing_stop,5841.949756,0.0
fresh_fx_pullback_core3,EURJPY,BUY,2026-04-06T07:53:00+00:00,2026-04-06T08:07:00+00:00,-51.329926,trailing_stop,5790.61983,-51.329926
fresh_fx_pullback_core3,EURUSD,BUY,2026-04-06T07:47:00+00:00,2026-04-06T08:07:00+00:00,2.9125,trailing_stop,5793.53233,-48.417426
fresh_btc_gold_hybrid_optimized_btc,BTCUSD,BUY,2026-04-06T08:30:00+00:00,2026-04-06T09:10:00+00:00,213.16296,take_profit,6006.69529,0.0
fresh_btc_gold_hybrid_optimized_btc,BTCUSD,BUY,2026-04-06T09:10:00+00:00,2026-04-06T09:15:00+00:00,216.360405,take_profit,6223.055695,0.0
fresh_btc_gold_hybrid_optimized_btc,BTCUSD,BUY,2026-04-06T09:15:00+00:00,2026-04-06T09:20:00+00:00,219.605811,take_profit,6442.661506,0.0
fresh_fx_pullback_core3,GBPJPY,BUY,2026-04-06T07:52:00+00:00,2026-04-06T11:20:00+00:00,-52.518148,trailing_stop,6390.143357,-52.518148
fresh_btc_gold_hybrid_optimized_btc,GOLD,BUY,2026-04-06T17:25:00+00:00,2026-04-06T18:10:00+00:00,42.796604,take_profit,6432.939962,-9.721544
fresh_btc_gold_hybrid_optimized_btc,BTCUSD,BUY,2026-04-07T09:05:00+00:00,2026-04-07T09:10:00+00:00,-74.299966,stop_loss,6358.639996,-84.02151
fresh_btc_gold_hybrid_optimized_btc,BTCUSD,SELL,2026-04-07T10:25:00+00:00,2026-04-07T10:45:00+00:00,221.785399,take_profit,6580.425394,0.0
fresh_btc_gold_hybrid_optimized_btc,BTCUSD,SELL,2026-04-07T10:45:00+00:00,2026-04-07T12:55:00+00:00,-75.037393,stop_loss,6505.388001,-75.037393
fresh_btc_gold_hybrid_optimized_btc,GOLD,BUY,2026-04-07T14:05:00+00:00,2026-04-07T14:20:00+00:00,42.967791,take_profit,6548.355792,-32.069603
fresh_btc_gold_hybrid_optimized_btc,GOLD,SELL,2026-04-07T18:25:00+00:00,2026-04-07T18:45:00+00:00,43.139662,take_profit,6591.495453,0.0
fresh_btc_gold_hybrid_optimized_btc,BTCUSD,BUY,2026-04-08T12:10:00+00:00,2026-04-08T12:20:00+00:00,-74.662206,stop_loss,6516.833247,-74.662206
fresh_btc_gold_hybrid_optimized_btc,BTCUSD,BUY,2026-04-08T12:35:00+00:00,2026-04-08T13:05:00+00:00,222.866686,take_profit,6739.699933,0.0
fresh_btc_gold_hybrid_optimized_btc,BTCUSD,BUY,2026-04-08T13:05:00+00:00,2026-04-08T13:10:00+00:00,-75.403229,stop_loss,6664.296704,-75.403229
fresh_btc_gold_hybrid_optimized_btc,GOLD,BUY,2026-04-08T14:30:00+00:00,2026-04-08T14:40:00+00:00,43.31222,take_profit,6707.608925,-32.091008
fresh_btc_gold_hybrid_optimized_btc,GOLD,BUY,2026-04-08T14:55:00+00:00,2026-04-08T15:15:00+00:00,43.485469,take_profit,6751.094394,0.0
fresh_btc_gold_hybrid_optimized_btc,GOLD,BUY,2026-04-08T17:45:00+00:00,2026-04-08T18:00:00+00:00,-54.574264,stop_loss,6696.52013,-54.574264
fresh_fx_pullback_core3,EURJPY,BUY,2026-04-09T07:57:00+00:00,2026-04-09T08:16:00+00:00,51.159857,take_profit,6747.679987,-3.414407
fresh_fx_pullback_core3,EURJPY,BUY,2026-04-09T07:59:00+00:00,2026-04-09T08:29:00+00:00,51.159857,take_profit,6798.839844,0.0
fresh_btc_gold_hybrid_optimized_btc,BTCUSD,BUY,2026-04-09T08:40:00+00:00,2026-04-09T08:45:00+00:00,-75.026212,stop_loss,6723.813632,-75.026212
fresh_btc_gold_hybrid_optimized_btc,BTCUSD,BUY,2026-04-09T09:15:00+00:00,2026-04-09T09:25:00+00:00,-74.651081,stop_loss,6649.16255,-149.677294
fresh_btc_gold_hybrid_optimized_btc,BTCUSD,BUY,2026-04-09T09:55:00+00:00,2026-04-09T10:05:00+00:00,-74.277826,stop_loss,6574.884724,-223.95512
fresh_btc_gold_hybrid_optimized_btc,GOLD,SELL,2026-04-09T13:30:00+00:00,2026-04-09T13:35:00+00:00,-54.301393,stop_loss,6520.583331,-278.256513
fresh_btc_gold_hybrid_optimized_btc,GOLD,SELL,2026-04-09T13:35:00+00:00,2026-04-09T13:50:00+00:00,43.223909,take_profit,6563.80724,-235.032604
fresh_btc_gold_hybrid_optimized_btc,GOLD,SELL,2026-04-09T14:00:00+00:00,2026-04-09T14:15:00+00:00,43.396804,take_profit,6607.204044,-191.6358
fresh_btc_gold_hybrid_optimized_btc,BTCUSD,SELL,2026-04-10T07:00:00+00:00,2026-04-10T07:50:00+00:00,221.719311,take_profit,6828.923355,0.0
fresh_btc_gold_hybrid_optimized_btc,BTCUSD,SELL,2026-04-10T07:50:00+00:00,2026-04-10T08:05:00+00:00,-75.015033,stop_loss,6753.908321,-75.015033
fresh_fx_pullback_core3,GBPJPY,BUY,2026-04-10T07:10:00+00:00,2026-04-10T09:19:00+00:00,0.720567,trailing_stop,6754.628888,-74.294467
fresh_btc_gold_hybrid_optimized_btc,BTCUSD,BUY,2026-04-10T09:15:00+00:00,2026-04-10T10:05:00+00:00,-74.639958,stop_loss,6679.98893,-148.934425
fresh_btc_gold_hybrid_optimized_btc,BTCUSD,BUY,2026-04-11T12:00:00+00:00,2026-04-11T12:10:00+00:00,-74.266758,stop_loss,6605.722171,-223.201183
fresh_btc_gold_hybrid_optimized_btc,BTCUSD,BUY,2026-04-11T12:40:00+00:00,2026-04-11T13:00:00+00:00,-73.895425,stop_loss,6531.826747,-297.096608
fresh_btc_gold_hybrid_optimized_btc,BTCUSD,SELL,2026-04-11T13:05:00+00:00,2026-04-11T13:10:00+00:00,220.577843,take_profit,6752.404589,-76.518765
fresh_btc_gold_hybrid_optimized_btc,BTCUSD,SELL,2026-04-12T09:00:00+00:00,2026-04-12T09:20:00+00:00,-74.628837,stop_loss,6677.775753,-151.147602
fresh_btc_gold_hybrid_optimized_btc,BTCUSD,SELL,2026-04-12T09:45:00+00:00,2026-04-12T10:05:00+00:00,-74.255693,stop_loss,6603.52006,-225.403295
fresh_btc_gold_hybrid_optimized_btc,BTCUSD,SELL,2026-04-12T10:45:00+00:00,2026-04-12T10:55:00+00:00,221.653242,take_profit,6825.173302,-3.750052
fresh_btc_gold_hybrid_optimized_btc,BTCUSD,SELL,2026-04-13T08:15:00+00:00,2026-04-13T08:25:00+00:00,-74.99268,stop_loss,6750.180622,-78.742733
fresh_btc_gold_hybrid_optimized_btc,BTCUSD,SELL,2026-04-13T08:40:00+00:00,2026-04-13T08:55:00+00:00,-74.617717,stop_loss,6675.562905,-153.36045
fresh_btc_gold_hybrid_optimized_btc,BTCUSD,BUY,2026-04-13T12:05:00+00:00,2026-04-13T12:15:00+00:00,-74.244628,stop_loss,6601.318277,-227.605078
fresh_btc_gold_hybrid_optimized_btc,GOLD,SELL,2026-04-13T13:45:00+00:00,2026-04-13T13:50:00+00:00,43.570391,take_profit,6644.888668,-184.034687
fresh_btc_gold_hybrid_optimized_btc,GOLD,SELL,2026-04-13T16:40:00+00:00,2026-04-13T17:05:00+00:00,43.744673,take_profit,6688.633341,-140.290014
fresh_btc_gold_hybrid_optimized_btc,GOLD,SELL,2026-04-13T17:15:00+00:00,2026-04-13T17:50:00+00:00,43.919652,take_profit,6732.552993,-96.370362
fresh_fx_pullback_core3,EURUSD,BUY,2026-04-14T07:00:00+00:00,2026-04-14T07:02:00+00:00,29.385776,trailing_stop,6761.938769,-66.984586
fresh_fx_pullback_core3,EURUSD,BUY,2026-04-14T07:01:00+00:00,2026-04-14T07:02:00+00:00,13.754893,trailing_stop,6775.693661,-53.229693
fresh_btc_gold_hybrid_optimized_btc,BTCUSD,BUY,2026-04-14T07:00:00+00:00,2026-04-14T07:05:00+00:00,221.620216,take_profit,6997.313877,0.0
fresh_btc_gold_hybrid_optimized_btc,BTCUSD,BUY,2026-04-14T07:05:00+00:00,2026-04-14T07:10:00+00:00,-74.981506,stop_loss,6922.332371,-74.981506
fresh_fx_pullback_core3,EURUSD,BUY,2026-04-14T07:05:00+00:00,2026-04-14T12:01:00+00:00,3.732085,trailing_stop,6926.064456,-71.249421
fresh_btc_gold_hybrid_optimized_btc,BTCUSD,BUY,2026-04-14T13:00:00+00:00,2026-04-14T13:35:00+00:00,223.819796,take_profit,7149.884252,0.0
fresh_btc_gold_hybrid_optimized_btc,GOLD,SELL,2026-04-14T14:05:00+00:00,2026-04-14T14:30:00+00:00,-55.119163,stop_loss,7094.765089,-55.119163
fresh_btc_gold_hybrid_optimized_btc,GOLD,SELL,2026-04-14T16:15:00+00:00,2026-04-14T17:05:00+00:00,-54.843567,stop_loss,7039.921522,-109.96273
fresh_btc_gold_hybrid_optimized_btc,GOLD,SELL,2026-04-14T17:05:00+00:00,2026-04-14T17:35:00+00:00,-54.569349,stop_loss,6985.352173,-164.532079
fresh_btc_gold_hybrid_optimized_btc,BTCUSD,SELL,2026-04-15T07:05:00+00:00,2026-04-15T07:10:00+00:00,-75.725698,stop_loss,6909.626475,-240.257777
fresh_btc_gold_hybrid_optimized_btc,BTCUSD,SELL,2026-04-15T07:15:00+00:00,2026-04-15T07:50:00+00:00,-75.347069,stop_loss,6834.279406,-315.604846
fresh_btc_gold_hybrid_optimized_btc,BTCUSD,SELL,2026-04-15T10:25:00+00:00,2026-04-15T10:40:00+00:00,-74.970334,stop_loss,6759.309072,-390.57518
fresh_btc_gold_hybrid_optimized_btc,GOLD,SELL,2026-04-15T13:55:00+00:00,2026-04-15T14:00:00+00:00,43.437202,take_profit,6802.746274,-347.137978
fresh_btc_gold_hybrid_optimized_btc,GOLD,BUY,2026-04-15T15:30:00+00:00,2026-04-15T15:35:00+00:00,43.610951,take_profit,6846.357225,-303.527027
fresh_btc_gold_hybrid_optimized_btc,BTCUSD,SELL,2026-04-16T08:05:00+00:00,2026-04-16T08:15:00+00:00,-74.595482,stop_loss,6771.761742,-378.122509
fresh_btc_gold_hybrid_optimized_btc,BTCUSD,SELL,2026-04-16T10:10:00+00:00,2026-04-16T10:25:00+00:00,-74.222505,stop_loss,6697.539237,-452.345014
fresh_btc_gold_hybrid_optimized_btc,BTCUSD,SELL,2026-04-16T10:45:00+00:00,2026-04-16T10:55:00+00:00,-73.851392,stop_loss,6623.687845,-526.196407
fresh_btc_gold_hybrid_optimized_btc,GOLD,BUY,2026-04-16T13:50:00+00:00,2026-04-16T14:10:00+00:00,43.785395,take_profit,6667.47324,-482.411012
fresh_btc_gold_hybrid_optimized_btc,GOLD,BUY,2026-04-16T16:45:00+00:00,2026-04-16T17:00:00+00:00,43.960536,take_profit,6711.433776,-438.450476
fresh_btc_gold_hybrid_optimized_btc,GOLD,BUY,2026-04-16T17:10:00+00:00,2026-04-16T17:35:00+00:00,-55.170473,stop_loss,6656.263303,-493.620949
fresh_btc_gold_hybrid_optimized_btc,BTCUSD,BUY,2026-04-17T07:00:00+00:00,2026-04-17T08:30:00+00:00,220.446406,take_profit,6876.709709,-273.174543
fresh_btc_gold_hybrid_optimized_btc,BTCUSD,BUY,2026-04-17T08:30:00+00:00,2026-04-17T08:35:00+00:00,-74.584367,stop_loss,6802.125342,-347.75891
fresh_btc_gold_hybrid_optimized_btc,BTCUSD,BUY,2026-04-17T08:45:00+00:00,2026-04-17T09:15:00+00:00,222.634337,take_profit,7024.759678,-125.124574
fresh_btc_gold_hybrid_optimized_btc,GOLD,SELL,2026-04-17T13:00:00+00:00,2026-04-17T13:05:00+00:00,-54.894621,stop_loss,6969.865058,-180.019194
fresh_btc_gold_hybrid_optimized_btc,GOLD,SELL,2026-04-17T13:05:00+00:00,2026-04-17T13:10:00+00:00,-54.620147,stop_loss,6915.24491,-234.639342
fresh_btc_gold_hybrid_optimized_btc,GOLD,SELL,2026-04-17T13:10:00+00:00,2026-04-17T13:15:00+00:00,43.477637,take_profit,6958.722548,-191.161704
fresh_btc_gold_hybrid_optimized_btc,BTCUSD,SELL,2026-04-18T08:10:00+00:00,2026-04-18T08:30:00+00:00,225.973852,take_profit,7184.696399,0.0
fresh_btc_gold_hybrid_optimized_btc,BTCUSD,SELL,2026-04-18T08:30:00+00:00,2026-04-18T08:50:00+00:00,-76.454486,stop_loss,7108.241913,-76.454486
fresh_btc_gold_hybrid_optimized_btc,BTCUSD,SELL,2026-04-18T09:05:00+00:00,2026-04-18T09:30:00+00:00,-76.072214,stop_loss,7032.169699,-152.5267
fresh_btc_gold_hybrid_optimized_btc,BTCUSD,SELL,2026-04-19T07:05:00+00:00,2026-04-19T07:20:00+00:00,227.075559,take_profit,7259.245258,0.0
fresh_btc_gold_hybrid_optimized_btc,BTCUSD,SELL,2026-04-19T07:20:00+00:00,2026-04-19T07:30:00+00:00,-76.827231,stop_loss,7182.418027,-76.827231
fresh_btc_gold_hybrid_optimized_btc,BTCUSD,BUY,2026-04-19T11:50:00+00:00,2026-04-19T12:10:00+00:00,-76.443095,stop_loss,7105.974932,-153.270325
fresh_btc_gold_hybrid_optimized_btc,BTCUSD,BUY,2026-04-20T07:15:00+00:00,2026-04-20T07:20:00+00:00,228.182637,take_profit,7334.15757,0.0
fresh_btc_gold_hybrid_optimized_btc,BTCUSD,BUY,2026-04-20T07:20:00+00:00,2026-04-20T07:25:00+00:00,-77.201792,stop_loss,7256.955777,-77.201792
fresh_btc_gold_hybrid_optimized_btc,BTCUSD,BUY,2026-04-20T09:40:00+00:00,2026-04-20T09:50:00+00:00,-76.815783,stop_loss,7180.139994,-154.017576
fresh_btc_gold_hybrid_optimized_btc,GOLD,SELL,2026-04-20T13:40:00+00:00,2026-04-20T14:00:00+00:00,43.651548,take_profit,7223.791542,-110.366028
fresh_btc_gold_hybrid_optimized_btc,GOLD,SELL,2026-04-20T19:05:00+00:00,2026-04-20T19:30:00+00:00,43.826154,take_profit,7267.617696,-66.539874
fresh_btc_gold_hybrid_optimized_btc,BTCUSD,BUY,2026-04-21T07:20:00+00:00,2026-04-21T07:30:00+00:00,-76.431704,stop_loss,7191.185992,-142.971578
fresh_btc_gold_hybrid_optimized_btc,BTCUSD,BUY,2026-04-21T08:20:00+00:00,2026-04-21T08:45:00+00:00,228.148638,take_profit,7419.334629,0.0
fresh_btc_gold_hybrid_optimized_btc,BTCUSD,BUY,2026-04-21T08:45:00+00:00,2026-04-21T08:55:00+00:00,-77.190289,stop_loss,7342.14434,-77.190289
fresh_btc_gold_hybrid_optimized_btc,GOLD,BUY,2026-04-21T13:05:00+00:00,2026-04-21T13:30:00+00:00,44.001459,take_profit,7386.145799,-33.18883
fresh_btc_gold_hybrid_optimized_btc,GOLD,BUY,2026-04-21T14:40:00+00:00,2026-04-21T14:45:00+00:00,-55.221831,stop_loss,7330.923968,-88.410661
fresh_btc_gold_hybrid_optimized_btc,GOLD,BUY,2026-04-21T14:45:00+00:00,2026-04-21T14:50:00+00:00,43.956577,take_profit,7374.880545,-44.454084
fresh_btc_gold_hybrid_optimized_btc,BTCUSD,BUY,2026-04-22T11:00:00+00:00,2026-04-22T11:05:00+00:00,-76.804338,stop_loss,7298.076208,-121.258421
fresh_btc_gold_hybrid_optimized_btc,BTCUSD,BUY,2026-04-22T11:25:00+00:00,2026-04-22T11:35:00+00:00,-76.420316,stop_loss,7221.655892,-197.678737
fresh_btc_gold_hybrid_optimized_btc,BTCUSD,BUY,2026-04-22T12:10:00+00:00,2026-04-22T12:15:00+00:00,-76.038214,stop_loss,7145.617677,-273.716952
fresh_btc_gold_hybrid_optimized_btc,GOLD,BUY,2026-04-22T15:35:00+00:00,2026-04-22T17:00:00+00:00,44.132404,take_profit,7189.750081,-229.584548
fresh_btc_gold_hybrid_optimized_btc,BTCUSD,SELL,2026-04-23T08:30:00+00:00,2026-04-23T09:05:00+00:00,226.97407,take_profit,7416.724151,-2.610478
fresh_btc_gold_hybrid_optimized_btc,BTCUSD,SELL,2026-04-23T09:05:00+00:00,2026-04-23T09:15:00+00:00,-76.792894,stop_loss,7339.931257,-79.403372
fresh_btc_gold_hybrid_optimized_btc,BTCUSD,SELL,2026-04-23T10:05:00+00:00,2026-04-23T10:45:00+00:00,-76.408929,stop_loss,7263.522328,-155.812301
fresh_btc_gold_hybrid_optimized_btc,GOLD,SELL,2026-04-23T13:00:00+00:00,2026-04-23T13:10:00+00:00,44.308933,take_profit,7307.831261,-111.503368
fresh_btc_gold_hybrid_optimized_btc,GOLD,SELL,2026-04-23T15:15:00+00:00,2026-04-23T15:30:00+00:00,44.486169,take_profit,7352.31743,-67.017199
fresh_btc_gold_hybrid_optimized_btc,GOLD,BUY,2026-04-23T17:40:00+00:00,2026-04-23T17:50:00+00:00,44.664114,take_profit,7396.981544,-22.353086
fresh_btc_gold_hybrid_optimized_btc,BTCUSD,SELL,2026-04-24T09:05:00+00:00,2026-04-24T09:15:00+00:00,-76.026885,stop_loss,7320.954659,-98.37997
fresh_btc_gold_hybrid_optimized_btc,BTCUSD,BUY,2026-04-24T11:00:00+00:00,2026-04-24T11:05:00+00:00,226.94025,take_profit,7547.89491,0.0
fresh_btc_gold_hybrid_optimized_btc,BTCUSD,BUY,2026-04-24T11:05:00+00:00,2026-04-24T13:10:00+00:00,230.344354,take_profit,7778.239264,0.0
fresh_btc_gold_hybrid_optimized_btc,GOLD,SELL,2026-04-24T14:05:00+00:00,2026-04-24T15:35:00+00:00,44.84277,take_profit,7823.082034,0.0
fresh_btc_gold_hybrid_optimized_btc,BTCUSD,SELL,2026-04-25T07:00:00+00:00,2026-04-25T07:15:00+00:00,-77.933173,stop_loss,7745.148861,-77.933173
fresh_btc_gold_hybrid_optimized_btc,BTCUSD,BUY,2026-04-25T09:35:00+00:00,2026-04-25T10:25:00+00:00,232.630522,take_profit,7977.779382,0.0
fresh_btc_gold_hybrid_optimized_btc,BTCUSD,BUY,2026-04-25T10:25:00+00:00,2026-04-25T11:00:00+00:00,-78.70666,stop_loss,7899.072723,-78.70666
fresh_btc_gold_hybrid_optimized_btc,BTCUSD,BUY,2026-04-26T07:50:00+00:00,2026-04-26T08:35:00+00:00,234.93938,take_profit,8134.012102,0.0
fresh_btc_gold_hybrid_optimized_btc,BTCUSD,BUY,2026-04-26T08:35:00+00:00,2026-04-26T08:40:00+00:00,-79.487823,stop_loss,8054.524279,-79.487823
fresh_btc_gold_hybrid_optimized_btc,BTCUSD,BUY,2026-04-26T11:20:00+00:00,2026-04-26T11:35:00+00:00,-79.090384,stop_loss,7975.433894,-158.578208
fresh_fx_pullback_core3,EURUSD,BUY,2026-04-27T07:52:00+00:00,2026-04-27T08:02:00+00:00,2.076258,trailing_stop,7977.510152,-156.50195
fresh_fx_pullback_core3,EURUSD,BUY,2026-04-27T07:57:00+00:00,2026-04-27T08:17:00+00:00,4.488381,trailing_stop,7981.998533,-152.013569
fresh_fx_pullback_core3,EURUSD,BUY,2026-04-27T07:58:00+00:00,2026-04-27T09:22:00+00:00,3.448699,trailing_stop,7985.447232,-148.56487
fresh_btc_gold_hybrid_optimized_btc,BTCUSD,SELL,2026-04-27T12:35:00+00:00,2026-04-27T12:40:00+00:00,-78.694932,stop_loss,7906.7523,-227.259802
fresh_btc_gold_hybrid_optimized_btc,GOLD,BUY,2026-04-27T13:35:00+00:00,2026-04-27T14:30:00+00:00,-56.277676,stop_loss,7850.474624,-283.537479
fresh_btc_gold_hybrid_optimized_btc,BTCUSD,BUY,2026-04-27T14:45:00+00:00,2026-04-27T14:50:00+00:00,-78.301458,stop_loss,7772.173166,-361.838936
fresh_btc_gold_hybrid_optimized_btc,BTCUSD,SELL,2026-04-27T15:00:00+00:00,2026-04-27T15:05:00+00:00,-77.909951,stop_loss,7694.263215,-439.748887
fresh_btc_gold_hybrid_optimized_btc,GOLD,BUY,2026-04-27T15:00:00+00:00,2026-04-27T15:15:00+00:00,44.79703,take_profit,7739.060246,-394.951857
fresh_btc_gold_hybrid_optimized_btc,GOLD,BUY,2026-04-27T19:35:00+00:00,2026-04-27T19:45:00+00:00,44.976219,take_profit,7784.036464,-349.975638
fresh_btc_gold_hybrid_optimized_btc,BTCUSD,SELL,2026-04-28T07:10:00+00:00,2026-04-28T07:20:00+00:00,-77.520401,stop_loss,7706.516063,-427.496039
fresh_btc_gold_hybrid_optimized_btc,BTCUSD,SELL,2026-04-28T09:45:00+00:00,2026-04-28T10:00:00+00:00,-77.132799,stop_loss,7629.383265,-504.628838
fresh_btc_gold_hybrid_optimized_btc,BTCUSD,SELL,2026-04-28T11:05:00+00:00,2026-04-28T11:25:00+00:00,230.241404,take_profit,7859.624669,-274.387433
fresh_btc_gold_hybrid_optimized_btc,GOLD,BUY,2026-04-28T14:00:00+00:00,2026-04-28T15:00:00+00:00,45.156123,take_profit,7904.780792,-229.23131
fresh_btc_gold_hybrid_optimized_btc,BTCUSD,BUY,2026-04-29T09:30:00+00:00,2026-04-29T09:45:00+00:00,233.695025,take_profit,8138.475818,0.0
fresh_btc_gold_hybrid_optimized_btc,BTCUSD,BUY,2026-04-29T09:45:00+00:00,2026-04-29T10:25:00+00:00,237.200451,take_profit,8375.676268,0.0
fresh_btc_gold_hybrid_optimized_btc,BTCUSD,BUY,2026-04-29T10:25:00+00:00,2026-04-29T10:35:00+00:00,-80.252819,stop_loss,8295.423449,-80.252819
fresh_btc_gold_hybrid_optimized_btc,GOLD,BUY,2026-04-29T13:05:00+00:00,2026-04-29T13:20:00+00:00,-56.670935,stop_loss,8238.752514,-136.923754
fresh_btc_gold_hybrid_optimized_btc,GOLD,BUY,2026-04-29T13:20:00+00:00,2026-04-29T13:35:00+00:00,-56.38758,stop_loss,8182.364934,-193.311334
fresh_btc_gold_hybrid_optimized_btc,GOLD,BUY,2026-04-29T13:35:00+00:00,2026-04-29T13:40:00+00:00,-56.105642,stop_loss,8126.259292,-249.416976
fresh_fx_pullback_core3,GBPJPY,BUY,2026-04-30T07:30:00+00:00,2026-04-30T07:43:00+00:00,52.364789,take_profit,8178.624081,-197.052187
fresh_fx_pullback_core3,EURJPY,BUY,2026-04-30T07:31:00+00:00,2026-04-30T07:56:00+00:00,-51.671456,trailing_stop,8126.952625,-248.723643
fresh_fx_pullback_core3,EURJPY,BUY,2026-04-30T07:32:00+00:00,2026-04-30T07:56:00+00:00,-51.671456,trailing_stop,8075.28117,-300.395099
fresh_fx_pullback_core3,GBPJPY,BUY,2026-04-30T07:39:00+00:00,2026-04-30T07:56:00+00:00,-52.364789,trailing_stop,8022.916381,-352.759888
fresh_btc_gold_hybrid_optimized_btc,BTCUSD,BUY,2026-04-30T09:25:00+00:00,2026-04-30T09:40:00+00:00,-79.851555,stop_loss,7943.064826,-432.611443
fresh_btc_gold_hybrid_optimized_btc,BTCUSD,SELL,2026-04-30T10:25:00+00:00,2026-04-30T10:30:00+00:00,-79.452297,stop_loss,7863.612528,-512.06374
fresh_btc_gold_hybrid_optimized_btc,BTCUSD,SELL,2026-04-30T11:40:00+00:00,2026-04-30T11:45:00+00:00,-79.055036,stop_loss,7784.557493,-591.118776
fresh_btc_gold_hybrid_optimized_btc,BTCUSD,BUY,2026-05-01T08:10:00+00:00,2026-05-01T08:20:00+00:00,235.979282,take_profit,8020.536774,-355.139494
fresh_btc_gold_hybrid_optimized_btc,BTCUSD,BUY,2026-05-01T08:20:00+00:00,2026-05-01T08:35:00+00:00,-79.839657,stop_loss,7940.697117,-434.979151
fresh_btc_gold_hybrid_optimized_btc,BTCUSD,BUY,2026-05-01T11:15:00+00:00,2026-05-01T11:25:00+00:00,-79.440459,stop_loss,7861.256659,-514.41961
fresh_btc_gold_hybrid_optimized_btc,GOLD,SELL,2026-05-01T13:50:00+00:00,2026-05-01T13:55:00+00:00,-55.825114,stop_loss,7805.431545,-570.244724
fresh_btc_gold_hybrid_optimized_btc,GOLD,SELL,2026-05-01T13:55:00+00:00,2026-05-01T14:00:00+00:00,-55.545989,stop_loss,7749.885556,-625.790712
fresh_btc_gold_hybrid_optimized_btc,GOLD,SELL,2026-05-01T14:00:00+00:00,2026-05-01T14:10:00+00:00,-55.268259,stop_loss,7694.617298,-681.058971
fresh_btc_gold_hybrid_optimized_btc,BTCUSD,SELL,2026-05-02T11:10:00+00:00,2026-05-02T11:20:00+00:00,-79.043256,stop_loss,7615.574041,-760.102227
fresh_btc_gold_hybrid_optimized_btc,BTCUSD,SELL,2026-05-02T11:35:00+00:00,2026-05-02T12:25:00+00:00,-78.64804,stop_loss,7536.926001,-838.750267
fresh_btc_gold_hybrid_optimized_btc,BTCUSD,BUY,2026-05-02T13:00:00+00:00,2026-05-02T14:25:00+00:00,234.7644,take_profit,7771.690401,-603.985868
fresh_btc_gold_hybrid_optimized_btc,BTCUSD,BUY,2026-05-03T07:00:00+00:00,2026-05-03T09:25:00+00:00,238.285866,take_profit,8009.976267,-365.700002
fresh_btc_gold_hybrid_optimized_btc,BTCUSD,BUY,2026-05-03T09:25:00+00:00,2026-05-03T09:30:00+00:00,-80.620051,stop_loss,7929.356215,-446.320053
fresh_btc_gold_hybrid_optimized_btc,BTCUSD,BUY,2026-05-03T09:35:00+00:00,2026-05-03T09:40:00+00:00,-80.216951,stop_loss,7849.139264,-526.537004
fresh_fx_pullback_core3,GBPJPY,SELL,2026-05-04T07:24:00+00:00,2026-05-04T07:42:00+00:00,52.364789,take_profit,7901.504053,-474.172215
fresh_fx_pullback_core3,GBPJPY,SELL,2026-05-04T07:28:00+00:00,2026-05-04T07:43:00+00:00,52.364789,take_profit,7953.868842,-421.807426
fresh_btc_gold_hybrid_optimized_btc,BTCUSD,BUY,2026-05-04T09:50:00+00:00,2026-05-04T09:55:00+00:00,-79.815866,stop_loss,7874.052976,-501.623292
fresh_btc_gold_hybrid_optimized_btc,BTCUSD,SELL,2026-05-04T10:05:00+00:00,2026-05-04T10:20:00+00:00,238.250361,take_profit,8112.303337,-263.372931
fresh_btc_gold_hybrid_optimized_btc,BTCUSD,SELL,2026-05-04T10:20:00+00:00,2026-05-04T10:25:00+00:00,-80.608039,stop_loss,8031.695298,-343.98097
fresh_btc_gold_hybrid_optimized_btc,GOLD,BUY,2026-05-04T15:20:00+00:00,2026-05-04T15:25:00+00:00,43.993534,take_profit,8075.688832,-299.987436
fresh_btc_gold_hybrid_optimized_btc,GOLD,BUY,2026-05-04T15:30:00+00:00,2026-05-04T15:50:00+00:00,-55.211885,stop_loss,8020.476947,-355.199321
fresh_btc_gold_hybrid_optimized_btc,GOLD,BUY,2026-05-04T15:50:00+00:00,2026-05-04T16:05:00+00:00,-54.935826,stop_loss,7965.541122,-410.135147
fresh_btc_gold_hybrid_optimized_btc,BTCUSD,BUY,2026-05-05T11:05:00+00:00,2026-05-05T11:35:00+00:00,240.614996,take_profit,8206.156117,-169.520151
fresh_btc_gold_hybrid_optimized_btc,BTCUSD,BUY,2026-05-05T11:35:00+00:00,2026-05-05T11:50:00+00:00,-81.408074,stop_loss,8124.748044,-250.928225
fresh_btc_gold_hybrid_optimized_btc,BTCUSD,BUY,2026-05-05T12:25:00+00:00,2026-05-05T13:00:00+00:00,243.0031,take_profit,8367.751143,-7.925125
fresh_btc_gold_hybrid_optimized_btc,GOLD,SELL,2026-05-05T13:10:00+00:00,2026-05-05T14:10:00+00:00,43.728917,take_profit,8411.48006,0.0
fresh_btc_gold_hybrid_optimized_btc,BTCUSD,BUY,2026-05-06T07:05:00+00:00,2026-05-06T07:10:00+00:00,-82.216049,stop_loss,8329.264012,-82.216049
fresh_btc_gold_hybrid_optimized_btc,BTCUSD,BUY,2026-05-06T08:30:00+00:00,2026-05-06T08:35:00+00:00,-81.804968,stop_loss,8247.459043,-164.021017
fresh_btc_gold_hybrid_optimized_btc,BTCUSD,BUY,2026-05-06T08:50:00+00:00,2026-05-06T09:00:00+00:00,-81.395944,stop_loss,8166.0631,-245.416961
fresh_btc_gold_hybrid_optimized_btc,GOLD,SELL,2026-05-06T14:00:00+00:00,2026-05-06T15:10:00+00:00,43.903833,take_profit,8209.966933,-201.513128
fresh_btc_gold_hybrid_optimized_btc,GOLD,SELL,2026-05-06T19:10:00+00:00,2026-05-06T19:20:00+00:00,-55.09931,stop_loss,8154.867622,-256.612438
fresh_btc_gold_hybrid_optimized_btc,GOLD,SELL,2026-05-06T19:20:00+00:00,2026-05-06T19:30:00+00:00,43.859051,take_profit,8198.726673,-212.753387
fresh_btc_gold_hybrid_optimized_btc,BTCUSD,BUY,2026-05-07T07:10:00+00:00,2026-05-07T07:30:00+00:00,-80.988964,stop_loss,8117.737709,-293.742351
fresh_btc_gold_hybrid_optimized_btc,BTCUSD,SELL,2026-05-07T08:40:00+00:00,2026-05-07T09:25:00+00:00,241.752057,take_profit,8359.489767,-51.990294
fresh_fx_pullback_core3,EURUSD,BUY,2026-05-07T07:14:00+00:00,2026-05-07T09:57:00+00:00,8.093963,trailing_stop,8367.583729,-43.896331
fresh_fx_pullback_core3,EURUSD,BUY,2026-05-07T07:15:00+00:00,2026-05-07T09:57:00+00:00,5.728318,trailing_stop,8373.312047,-38.168013
fresh_btc_gold_hybrid_optimized_btc,BTCUSD,SELL,2026-05-07T09:25:00+00:00,2026-05-07T10:25:00+00:00,245.378338,take_profit,8618.690385,0.0
fresh_btc_gold_hybrid_optimized_btc,GOLD,SELL,2026-05-07T14:20:00+00:00,2026-05-07T14:35:00+00:00,44.034487,take_profit,8662.724872,0.0
fresh_btc_gold_hybrid_optimized_btc,GOLD,SELL,2026-05-07T14:55:00+00:00,2026-05-07T15:15:00+00:00,44.210625,take_profit,8706.935497,0.0
fresh_btc_gold_hybrid_optimized_btc,GOLD,BUY,2026-05-07T16:05:00+00:00,2026-05-07T16:15:00+00:00,-55.484334,stop_loss,8651.451163,-55.484334
fresh_btc_gold_hybrid_optimized_btc,BTCUSD,SELL,2026-05-08T07:00:00+00:00,2026-05-08T07:35:00+00:00,-83.019671,stop_loss,8568.431492,-138.504005
fresh_btc_gold_hybrid_optimized_btc,BTCUSD,BUY,2026-05-08T10:35:00+00:00,2026-05-08T11:00:00+00:00,247.813718,take_profit,8816.24521,0.0
fresh_btc_gold_hybrid_optimized_btc,BTCUSD,SELL,2026-05-08T13:05:00+00:00,2026-05-08T13:45:00+00:00,251.530924,take_profit,9067.776134,0.0
fresh_btc_gold_hybrid_optimized_btc,GOLD,SELL,2026-05-08T13:55:00+00:00,2026-05-08T14:05:00+00:00,44.16553,take_profit,9111.941664,0.0
fresh_btc_gold_hybrid_optimized_btc,GOLD,SELL,2026-05-08T18:00:00+00:00,2026-05-08T18:45:00+00:00,44.342192,take_profit,9156.283856,0.0
fresh_btc_gold_hybrid_optimized_btc,BTCUSD,SELL,2026-05-09T10:05:00+00:00,2026-05-09T10:15:00+00:00,-85.101296,stop_loss,9071.18256,-85.101296
fresh_btc_gold_hybrid_optimized_btc,BTCUSD,BUY,2026-05-09T12:20:00+00:00,2026-05-09T12:30:00+00:00,-84.675789,stop_loss,8986.506771,-169.777085
fresh_btc_gold_hybrid_optimized_btc,BTCUSD,BUY,2026-05-09T13:10:00+00:00,2026-05-09T13:20:00+00:00,-84.25241,stop_loss,8902.25436,-254.029496
fresh_btc_gold_hybrid_optimized_btc,BTCUSD,BUY,2026-05-10T08:20:00+00:00,2026-05-10T09:35:00+00:00,-83.831148,stop_loss,8818.423212,-337.860644
fresh_btc_gold_hybrid_optimized_btc,BTCUSD,BUY,2026-05-10T11:00:00+00:00,2026-05-10T11:05:00+00:00,-83.411993,stop_loss,8735.011219,-421.272637
fresh_btc_gold_hybrid_optimized_btc,BTCUSD,BUY,2026-05-10T13:20:00+00:00,2026-05-10T14:05:00+00:00,-82.994933,stop_loss,8652.016287,-504.267569
fresh_btc_gold_hybrid_optimized_btc,BTCUSD,SELL,2026-05-11T07:00:00+00:00,2026-05-11T07:15:00+00:00,-82.579958,stop_loss,8569.436329,-586.847527
fresh_btc_gold_hybrid_optimized_btc,BTCUSD,SELL,2026-05-11T08:05:00+00:00,2026-05-11T08:10:00+00:00,-82.167058,stop_loss,8487.26927,-669.014586
fresh_fx_pullback_core3,EURJPY,BUY,2026-05-11T07:15:00+00:00,2026-05-11T08:11:00+00:00,51.154741,take_profit,8538.424011,-617.859845
fresh_fx_pullback_core3,GBPJPY,BUY,2026-05-11T07:15:00+00:00,2026-05-11T08:34:00+00:00,19.510673,trailing_stop,8557.934685,-598.349171
fresh_btc_gold_hybrid_optimized_btc,BTCUSD,BUY,2026-05-11T10:15:00+00:00,2026-05-11T10:35:00+00:00,-81.756223,stop_loss,8476.178462,-680.105394
fresh_btc_gold_hybrid_optimized_btc,GOLD,SELL,2026-05-11T13:00:00+00:00,2026-05-11T13:10:00+00:00,-55.649451,stop_loss,8420.52901,-735.754846
fresh_btc_gold_hybrid_optimized_btc,GOLD,SELL,2026-05-11T13:10:00+00:00,2026-05-11T13:20:00+00:00,-55.371204,stop_loss,8365.157806,-791.12605
fresh_btc_gold_hybrid_optimized_btc,GOLD,SELL,2026-05-11T13:20:00+00:00,2026-05-11T13:40:00+00:00,-55.094348,stop_loss,8310.063458,-846.220398
fresh_btc_gold_hybrid_optimized_btc,BTCUSD,SELL,2026-05-12T07:00:00+00:00,2026-05-12T07:05:00+00:00,-81.347442,stop_loss,8228.716017,-927.56784
fresh_fx_pullback_core3,GBPJPY,SELL,2026-05-12T07:37:00+00:00,2026-05-12T07:53:00+00:00,12.316142,trailing_stop,8241.032158,-915.251698
fresh_fx_pullback_core3,GBPJPY,SELL,2026-05-12T07:44:00+00:00,2026-05-12T08:00:00+00:00,10.749554,trailing_stop,8251.781712,-904.502144
fresh_fx_pullback_core3,GBPJPY,SELL,2026-05-12T07:38:00+00:00,2026-05-12T08:01:00+00:00,14.025703,trailing_stop,8265.807415,-890.476441
fresh_btc_gold_hybrid_optimized_btc,BTCUSD,SELL,2026-05-12T07:45:00+00:00,2026-05-12T11:05:00+00:00,242.822114,take_profit,8508.629529,-647.654327
fresh_btc_gold_hybrid_optimized_btc,BTCUSD,SELL,2026-05-12T11:15:00+00:00,2026-05-12T11:25:00+00:00,-82.154815,stop_loss,8426.474714,-729.809142
fresh_btc_gold_hybrid_optimized_btc,GOLD,BUY,2026-05-12T13:55:00+00:00,2026-05-12T14:00:00+00:00,43.855101,take_profit,8470.329815,-685.954041
fresh_btc_gold_hybrid_optimized_btc,GOLD,BUY,2026-05-12T15:10:00+00:00,2026-05-12T15:20:00+00:00,-55.038152,stop_loss,8415.291663,-740.992193
fresh_btc_gold_hybrid_optimized_btc,GOLD,BUY,2026-05-12T15:20:00+00:00,2026-05-12T15:25:00+00:00,43.810369,take_profit,8459.102032,-697.181824
fresh_fx_pullback_core3,EURJPY,SELL,2026-05-13T07:13:00+00:00,2026-05-13T07:44:00+00:00,11.587344,trailing_stop,8470.689376,-685.59448
fresh_btc_gold_hybrid_optimized_btc,BTCUSD,BUY,2026-05-13T08:40:00+00:00,2026-05-13T10:25:00+00:00,-81.744041,stop_loss,8388.945335,-767.338521
fresh_btc_gold_hybrid_optimized_btc,BTCUSD,SELL,2026-05-13T10:40:00+00:00,2026-05-13T11:05:00+00:00,244.005963,take_profit,8632.951298,-523.332558
fresh_btc_gold_hybrid_optimized_btc,BTCUSD,SELL,2026-05-13T11:05:00+00:00,2026-05-13T12:20:00+00:00,247.666052,take_profit,8880.61735,-275.666506
fresh_btc_gold_hybrid_optimized_btc,GOLD,SELL,2026-05-13T16:20:00+00:00,2026-05-13T16:40:00+00:00,43.98561,take_profit,8924.60296,-231.680896
fresh_btc_gold_hybrid_optimized_btc,GOLD,BUY,2026-05-13T18:45:00+00:00,2026-05-13T18:50:00+00:00,44.161553,take_profit,8968.764513,-187.519343
fresh_btc_gold_hybrid_optimized_btc,BTCUSD,SELL,2026-05-14T08:00:00+00:00,2026-05-14T08:05:00+00:00,-83.793681,stop_loss,8884.970832,-271.313024
fresh_btc_gold_hybrid_optimized_btc,BTCUSD,SELL,2026-05-14T09:35:00+00:00,2026-05-14T10:00:00+00:00,-83.374713,stop_loss,8801.596119,-354.687737
fresh_btc_gold_hybrid_optimized_btc,BTCUSD,SELL,2026-05-14T10:40:00+00:00,2026-05-14T10:50:00+00:00,-82.957839,stop_loss,8718.63828,-437.645576
fresh_btc_gold_hybrid_optimized_btc,GOLD,BUY,2026-05-14T16:35:00+00:00,2026-05-14T16:50:00+00:00,44.338199,take_profit,8762.976479,-393.307377
fresh_btc_gold_hybrid_optimized_btc,GOLD,BUY,2026-05-14T18:50:00+00:00,2026-05-14T19:30:00+00:00,-55.64444,stop_loss,8707.33204,-448.951816
fresh_btc_gold_hybrid_optimized_btc,GOLD,BUY,2026-05-14T19:30:00+00:00,2026-05-14T19:35:00+00:00,-55.366218,stop_loss,8651.965822,-504.318034
fresh_btc_gold_hybrid_optimized_btc,BTCUSD,BUY,2026-05-15T07:20:00+00:00,2026-05-15T07:30:00+00:00,-82.54305,stop_loss,8569.422772,-586.861084
fresh_btc_gold_hybrid_optimized_btc,BTCUSD,SELL,2026-05-15T09:50:00+00:00,2026-05-15T09:55:00+00:00,-82.130335,stop_loss,8487.292438,-668.991418
fresh_btc_gold_hybrid_optimized_btc,BTCUSD,SELL,2026-05-15T12:50:00+00:00,2026-05-15T13:25:00+00:00,245.159049,take_profit,8732.451486,-423.83237
fresh_btc_gold_hybrid_optimized_btc,GOLD,BUY,2026-05-15T16:00:00+00:00,2026-05-15T16:35:00+00:00,44.071509,take_profit,8776.522996,-379.76086
fresh_btc_gold_hybrid_optimized_btc,BTCUSD,SELL,2026-05-16T07:00:00+00:00,2026-05-16T07:10:00+00:00,248.836434,take_profit,9025.35943,-130.924426
fresh_btc_gold_hybrid_optimized_btc,BTCUSD,SELL,2026-05-16T07:10:00+00:00,2026-05-16T07:20:00+00:00,-84.18966,stop_loss,8941.16977,-215.114086
fresh_btc_gold_hybrid_optimized_btc,BTCUSD,SELL,2026-05-16T09:15:00+00:00,2026-05-16T09:20:00+00:00,-83.768712,stop_loss,8857.401058,-298.882798
