instrument,action,size,entry_price,stop_loss,take_profit,entry_time,exit_price,exit_time,pnl,exit_reason
BTCUSD,SELL,0.47079923775363347,91027.1,91186.40357142857,90549.1892857143,2025-11-18T12:10:00+00:00,91186.40357142857,2025-11-18T12:15:00+00:00,-75.0,stop_loss
BTCUSD,BUY,0.40574735190269307,91707.65,91525.57857142856,92253.86428571428,2025-11-18T12:40:00+00:00,91525.57857142856,2025-11-18T12:50:00+00:00,-73.875,stop_loss
BTCUSD,SELL,0.3860531102563651,90988.3,91176.78928571429,90422.83214285714,2025-11-18T13:35:00+00:00,91176.78928571429,2025-11-18T13:40:00+00:00,-72.766875,stop_loss
BTCUSD,BUY,0.26822822636691945,91962.05,91694.83214285714,92763.70357142859,2025-11-18T14:30:00+00:00,91694.83214285714,2025-11-18T14:40:00+00:00,-71.675371875,stop_loss
BTCUSD,BUY,0.14753390225483373,92624.75,92146.21428571429,94060.35714285714,2025-11-18T15:20:00+00:00,93400.6,2025-11-18T19:20:00+00:00,114.46417806441362,max_hold
BTCUSD,SELL,0.41203030097254434,91135.65,91311.16428571429,90609.10714285713,2025-11-19T14:05:00+00:00,91311.16428571429,2025-11-19T14:10:00+00:00,-72.3172039678412,stop_loss
BTCUSD,SELL,0.36288202707877765,91061.9,91258.19642857142,90473.0107142857,2025-11-19T14:25:00+00:00,91258.19642857142,2025-11-19T14:30:00+00:00,-71.23244590832358,stop_loss
BTCUSD,BUY,0.23726942731298753,92157.45,91861.7357142857,93044.59285714285,2025-11-19T15:05:00+00:00,91861.7357142857,2025-11-19T15:20:00+00:00,-70.16395921969873,stop_loss
BTCUSD,SELL,0.18637586755909102,90673.8,91044.61785714286,89561.34642857143,2025-11-19T15:30:00+00:00,89561.34642857143,2025-11-19T16:25:00+00:00,207.3344994942097,take_profit
BTCUSD,SELL,0.20077865774408707,89630.85,89990.55714285714,88551.72857142857,2025-11-19T16:25:00+00:00,89990.55714285714,2025-11-19T17:00:00+00:00,-72.22151732381639,stop_loss
BTCUSD,SELL,0.2364040314503023,90963.15,91264.06785714286,90060.39642857142,2025-11-20T14:00:00+00:00,91264.06785714286,2025-11-20T14:20:00+00:00,-71.13819456395915,stop_loss
BTCUSD,SELL,0.1722450249830099,90308.65,90715.46071428571,89088.21785714285,2025-11-20T15:10:00+00:00,90715.46071428571,2025-11-20T15:20:00+00:00,-70.07112164549974,stop_loss
BTCUSD,SELL,0.19168053946389377,90094.55,90454.62857142858,89014.31428571428,2025-11-20T15:50:00+00:00,89014.31428571428,2025-11-20T16:05:00+00:00,207.06016446245175,take_profit
BTCUSD,SELL,0.18504680435943188,88852.35,89242.12142857144,87683.03571428572,2025-11-20T16:05:00+00:00,87683.03571428572,2025-11-20T16:55:00+00:00,216.37787186325943,take_profit
BTCUSD,SELL,0.17887672678140074,87774.4,88195.76071428572,86510.31785714284,2025-11-20T16:55:00+00:00,86510.31785714284,2025-11-20T17:35:00+00:00,226.11487609710613,take_profit
BTCUSD,SELL,0.43400908375654484,85309.4,85490.87857142856,84764.96428571429,2025-11-21T07:15:00+00:00,84764.96428571429,2025-11-21T07:30:00+00:00,236.29004552147856,take_profit
BTCUSD,SELL,0.20394647634264335,83367.4,83770.97499999999,82156.675,2025-11-21T07:30:00+00:00,83770.97499999999,2025-11-21T07:35:00+00:00,-82.30769918998169,stop_loss
BTCUSD,SELL,0.2903912326229054,82537.55,82816.7357142857,81699.99285714288,2025-11-21T09:40:00+00:00,81699.99285714288,2025-11-21T10:00:00+00:00,243.21925110640012,take_profit
BTCUSD,SELL,0.25694276993245607,81809.8,82139.52857142857,80820.6142857143,2025-11-21T10:00:00+00:00,82139.52857142857,2025-11-21T10:05:00+00:00,-84.72137246872798,stop_loss
BTCUSD,SELL,0.24817480804311576,80995.65,81331.90714285713,79986.87857142856,2025-11-21T12:20:00+00:00,81331.90714285713,2025-11-21T12:25:00+00:00,-83.45055188169705,stop_loss
BTCUSD,SELL,0.2222060882520632,80831.85,81201.77142857143,79722.08571428573,2025-11-21T12:25:00+00:00,81201.77142857143,2025-11-21T12:30:00+00:00,-82.1987936034716,stop_loss
BTCUSD,SELL,0.12812928705527082,82875.35,83507.25714285715,80979.62857142856,2025-11-21T15:35:00+00:00,83507.25714285715,2025-11-21T16:35:00+00:00,-80.96581169941952,stop_loss
BTCUSD,SELL,0.4635646107969472,83765.3,83937.33928571429,83249.18214285714,2025-11-22T10:20:00+00:00,83937.33928571429,2025-11-22T11:05:00+00:00,-79.75132452392823,stop_loss
BTCUSD,BUY,0.48234502102366966,84376.05,84213.1892857143,84864.63214285715,2025-11-22T14:10:00+00:00,84213.1892857143,2025-11-22T14:45:00+00:00,-78.5550546560693,stop_loss
BTCUSD,BUY,0.5263978831367745,84765.7,84618.70714285714,85206.67857142858,2025-11-22T16:40:00+00:00,84618.70714285714,2025-11-22T16:50:00+00:00,-77.37672883622827,stop_loss
BTCUSD,BUY,0.6339265034764837,86093.35,85973.12142857144,86454.03571428572,2025-11-23T08:55:00+00:00,85973.12142857144,2025-11-23T11:00:00+00:00,-76.21607790368485,stop_loss
BTCUSD,BUY,0.53343131213108,86557.4,86416.66428571429,86979.60714285713,2025-11-23T12:10:00+00:00,86416.66428571429,2025-11-23T13:10:00+00:00,-75.07283673512957,stop_loss
BTCUSD,BUY,0.4123123319104823,86888.35,86709.00357142858,87426.3892857143,2025-11-23T13:55:00+00:00,86709.00357142858,2025-11-23T14:15:00+00:00,-73.94674418410263,stop_loss
BTCUSD,BUY,0.5135087130117892,87225.9,87084.05714285714,87651.42857142857,2025-11-23T16:00:00+00:00,87084.05714285714,2025-11-23T16:10:00+00:00,-72.83754302134109,stop_loss
BTCUSD,SELL,0.43237541949777175,86533.15,86699.08214285714,86035.35357142857,2025-11-24T09:05:00+00:00,86035.35357142857,2025-11-24T09:20:00+00:00,215.23493962806293,take_profit
BTCUSD,SELL,0.4141937358033965,86002.75,86183.76071428572,85459.71785714285,2025-11-24T09:20:00+00:00,86183.76071428572,2025-11-24T11:35:00+00:00,-74.97350397044193,stop_loss
BTCUSD,SELL,0.3058015971346027,85526.5,85767.99285714286,84802.02142857142,2025-11-24T14:40:00+00:00,85767.99285714286,2025-11-24T14:50:00+00:00,-73.8489014108853,stop_loss
BTCUSD,BUY,0.20877779951127654,87042.15,86693.7357142857,88087.39285714284,2025-11-24T16:00:00+00:00,88087.39285714284,2025-11-24T17:55:00+00:00,218.22350366916302,take_profit
BTCUSD,SELL,0.5742207339484103,87394.4,87526.77857142857,86997.26428571426,2025-11-25T07:50:00+00:00,87526.77857142857,2025-11-25T08:20:00+00:00,-76.01452044475946,stop_loss
BTCUSD,SELL,0.573969357133689,87220.85,87351.3,86829.50000000001,2025-11-25T08:45:00+00:00,86829.50000000001,2025-11-25T09:10:00+00:00,224.62290791426418,take_profit
BTCUSD,SELL,0.6121324658257474,86816.55,86944.37142857144,86433.08571428571,2025-11-25T09:10:00+00:00,86944.37142857144,2025-11-25T09:40:00+00:00,-78.24364625680204,stop_loss
BTCUSD,SELL,0.49217921399533415,87175.05,87331.6392857143,86705.28214285715,2025-11-25T13:35:00+00:00,86705.28214285715,2025-11-25T14:40:00+00:00,231.20997468884283,take_profit
BTCUSD,SELL,0.3361809140165933,86568.55,86808.11785714286,85849.84642857143,2025-11-25T14:40:00+00:00,86808.11785714286,2025-11-25T15:10:00+00:00,-80.53814118328263,stop_loss
BTCUSD,BUY,0.8893149432817685,87906.85,87817.64642857143,88174.46071428571,2025-11-26T07:55:00+00:00,87817.64642857143,2025-11-26T08:00:00+00:00,-79.33006906553341,stop_loss
BTCUSD,SELL,0.9009360942258016,87287.05,87373.78214285715,87026.85357142858,2025-11-26T09:05:00+00:00,87373.78214285715,2025-11-26T09:10:00+00:00,-78.14011802955041,stop_loss
BTCUSD,SELL,0.9408471384157086,87282.3,87364.10714285714,87036.87857142858,2025-11-26T09:15:00+00:00,87036.87857142858,2025-11-26T09:30:00+00:00,230.90404877732144,take_profit
BTCUSD,SELL,0.8902574043331086,86951.4,87041.74642857142,86680.3607142857,2025-11-26T09:30:00+00:00,86680.3607142857,2025-11-26T10:30:00+00:00,241.29473097230093,take_profit
BTCUSD,SELL,0.805389255244404,86679.65,86784.01071428572,86366.56785714286,2025-11-26T10:30:00+00:00,86784.01071428572,2025-11-26T10:35:00+00:00,-84.05099795535149,stop_loss
BTCUSD,SELL,0.7022710544423465,86561.9,86679.78928571427,86208.23214285714,2025-11-26T12:10:00+00:00,86679.78928571427,2025-11-26T12:45:00+00:00,-82.79023298602122,stop_loss
BTCUSD,BUY,0.5560207046594374,87288.3,87141.63571428572,87728.29285714286,2025-11-26T14:10:00+00:00,87141.63571428572,2025-11-26T14:30:00+00:00,-81.5483794912309,stop_loss
BTCUSD,BUY,0.4282458360532642,87584.1,87396.53214285715,88146.80357142858,2025-11-26T14:45:00+00:00,87396.53214285715,2025-11-26T14:50:00+00:00,-80.32515379886244,stop_loss
BTCUSD,BUY,1.0552385166108051,91508.2,91433.22142857143,91733.1357142857,2025-11-27T08:50:00+00:00,91733.1357142857,2025-11-27T09:15:00+00:00,237.3608294756385,take_profit
BTCUSD,BUY,1.1269334031798064,91747.05,91673.68214285714,91967.15357142857,2025-11-27T09:15:00+00:00,91673.68214285714,2025-11-27T09:20:00+00:00,-82.68068893401409,stop_loss
BTCUSD,BUY,0.9044276368540719,91799.7,91709.65357142857,92069.83928571428,2025-11-27T09:30:00+00:00,91709.65357142857,2025-11-27T09:45:00+00:00,-81.44047860000387,stop_loss
BTCUSD,BUY,0.5499690016865384,91220.7,91074.83928571428,91658.28214285715,2025-11-27T16:10:00+00:00,91658.28214285715,2025-11-27T18:35:00+00:00,240.65661426300343,take_profit
BTCUSD,SELL,0.92763869018633,91155.25,91245.61785714286,90884.14642857143,2025-11-28T07:35:00+00:00,90884.14642857143,2025-11-28T07:55:00+00:00,251.4861619048331,take_profit
BTCUSD,BUY,1.1119903734602463,91834.7,91755.92142857143,92071.03571428571,2025-11-28T10:50:00+00:00,91755.92142857143,2025-11-28T11:00:00+00:00,-87.60101306352136,stop_loss
BTCUSD,SELL,0.6602634292445985,91164.25,91294.93571428572,90772.19285714286,2025-11-28T11:15:00+00:00,91294.93571428572,2025-11-28T11:20:00+00:00,-86.28699786756854,stop_loss
BTCUSD,BUY,0.7933709165180092,91800.3,91693.17142857143,92121.68571428572,2025-11-28T13:35:00+00:00,92121.68571428572,2025-11-28T13:45:00+00:00,254.9780786986535,take_profit
BTCUSD,BUY,0.5966331256276097,92321.3,92172.43571428572,92767.89285714287,2025-11-28T13:45:00+00:00,92172.43571428572,2025-11-28T13:50:00+00:00,-88.81736408003482,stop_loss
BTCUSD,BUY,0.3700332182249475,92962.35,92725.925,93671.625,2025-11-28T14:25:00+00:00,92725.925,2025-11-28T14:30:00+00:00,-87.48510361883429,stop_loss
BTCUSD,SELL,0.3910218062761142,91397.25,91617.62857142858,90736.11428571428,2025-11-28T16:20:00+00:00,91617.62857142858,2025-11-28T16:45:00+00:00,-86.17282706455177,stop_loss
BTCUSD,SELL,0.3185639796850455,90944.1,91210.54642857144,90144.76071428572,2025-11-28T16:55:00+00:00,91210.54642857144,2025-11-28T17:10:00+00:00,-84.88023465858349,stop_loss
BTCUSD,SELL,1.2663620425638942,90549.95,90615.97142857143,90351.8857142857,2025-11-29T08:00:00+00:00,90615.97142857143,2025-11-29T08:05:00+00:00,-83.60703113870474,stop_loss
BTCUSD,SELL,1.4430702289288713,90494.75,90551.81785714286,90323.54642857143,2025-11-29T10:15:00+00:00,90551.81785714286,2025-11-29T10:20:00+00:00,-82.35292567162418,stop_loss
BTCUSD,BUY,1.6462228673071417,90970.5,90921.225,91118.325,2025-11-30T07:10:00+00:00,91118.325,2025-11-30T08:20:00+00:00,243.35289535967343,take_profit
BTCUSD,BUY,1.1491729960657646,91331.05,91257.28571428571,91552.34285714285,2025-11-30T08:20:00+00:00,91257.28571428571,2025-11-30T08:25:00+00:00,-84.76792521694492,stop_loss
BTCUSD,BUY,0.5730145533047241,91506.9,91361.1857142857,91944.04285714285,2025-11-30T09:10:00+00:00,91361.1857142857,2025-11-30T09:25:00+00:00,-83.49640633869075,stop_loss
BTCUSD,BUY,0.9425470230931523,91459.75,91372.49285714286,91721.52142857143,2025-11-30T12:40:00+00:00,91721.52142857143,2025-11-30T13:20:00+00:00,246.7318807308449,take_profit
BTCUSD,BUY,0.7581067563645422,91938.5,91825.13214285714,92278.60357142857,2025-11-30T13:20:00+00:00,91825.13214285714,2025-11-30T13:25:00+00:00,-85.94493845457306,stop_loss
BTCUSD,BUY,1.0693198910889727,91733.25,91654.08214285714,91970.75357142856,2025-11-30T16:20:00+00:00,91654.08214285714,2025-11-30T17:05:00+00:00,-84.65576437775447,stop_loss
BTCUSD,SELL,1.125207701946218,86493.25,86567.35714285714,86270.92857142858,2025-12-01T11:05:00+00:00,86270.92857142858,2025-12-01T11:40:00+00:00,250.15778373624806,take_profit
BTCUSD,SELL,1.1326117587538518,86278.8,86355.73571428572,86047.99285714286,2025-12-01T11:40:00+00:00,86047.99285714286,2025-12-01T12:05:00+00:00,261.41488400437913,take_profit
BTCUSD,SELL,0.9160917296598546,85993.05,86092.45000000001,85694.85,2025-12-01T12:05:00+00:00,85694.85,2025-12-01T12:30:00+00:00,273.17855378456596,take_profit
BTCUSD,SELL,0.7187874971886846,85693.15,85825.53571428571,85295.99285714285,2025-12-01T12:30:00+00:00,85825.53571428571,2025-12-01T12:35:00+00:00,-95.15719623496605,stop_loss
BTCUSD,SELL,0.6047086341383326,85471.05,85626.05,85006.05,2025-12-01T12:40:00+00:00,85006.05,2025-12-01T12:45:00+00:00,281.1895148743247,take_profit
BTCUSD,SELL,0.4917581259471877,84809.25,85008.42857142858,84211.71428571429,2025-12-01T12:45:00+00:00,85008.42857142858,2025-12-01T12:50:00+00:00,-97.94768101455644,stop_loss
BTCUSD,SELL,0.3372699064099923,85598.8,85884.85714285714,84740.62857142858,2025-12-01T15:10:00+00:00,84740.62857142858,2025-12-01T15:30:00+00:00,289.4353973980143,take_profit
BTCUSD,SELL,0.2934408753756275,84409.25,84752.82857142857,83378.5142857143,2025-12-01T15:30:00+00:00,84752.82857142857,2025-12-01T15:50:00+00:00,-100.8199967603083,stop_loss
BTCUSD,BUY,0.9975302280356868,87049.6,86950.04642857144,87348.26071428572,2025-12-02T10:40:00+00:00,87348.26071428572,2025-12-02T10:50:00+00:00,297.92309042672554,take_profit
BTCUSD,BUY,0.7600489677561405,87712.15,87575.6107142857,88121.76785714286,2025-12-02T13:50:00+00:00,88121.76785714286,2025-12-02T14:05:00+00:00,311.32962949591365,take_profit
BTCUSD,BUY,0.612790937402487,88111.2,87934.22857142857,88642.11428571428,2025-12-02T14:05:00+00:00,88642.11428571428,2025-12-02T14:25:00+00:00,325.3394628232297,take_profit
BTCUSD,BUY,0.5458797205186083,88676.95,88469.34642857143,89299.7607142857,2025-12-02T14:25:00+00:00,88469.34642857143,2025-12-02T14:40:00+00:00,-113.3265795500917,stop_loss
BTCUSD,BUY,0.4008653410275083,89237.5,88959.03571428571,90072.89285714286,2025-12-02T14:45:00+00:00,88959.03571428571,2025-12-02T14:50:00+00:00,-111.62668085684032,stop_loss
BTCUSD,BUY,0.30423984682896926,90019.4,89658.0,91103.59999999999,2025-12-02T15:00:00+00:00,91103.59999999999,2025-12-02T15:50:00+00:00,329.8568419319676,take_profit
BTCUSD,BUY,0.25773093629979776,91010.55,90564.73571428572,92347.99285714286,2025-12-02T15:50:00+00:00,90564.73571428572,2025-12-02T16:15:00+00:00,-114.90013327296724,stop_loss
BTCUSD,BUY,0.8814134218753501,93207.15,93078.74642857142,93592.3607142857,2025-12-03T09:55:00+00:00,93078.74642857142,2025-12-03T10:00:00+00:00,-113.17663127387272,stop_loss
BTCUSD,BUY,0.9896048096295639,93376.85,93264.20000000001,93714.8,2025-12-03T10:20:00+00:00,93264.20000000001,2025-12-03T10:25:00+00:00,-111.47898180476462,stop_loss
BTCUSD,BUY,0.8949469707976282,93232.15,93109.45357142856,93600.23928571428,2025-12-03T13:40:00+00:00,93109.45357142856,2025-12-03T14:00:00+00:00,-109.80679707769315,stop_loss
BTCUSD,SELL,0.5004001030060194,91792.1,92008.24642857144,91143.66071428572,2025-12-03T14:00:00+00:00,92008.24642857144,2025-12-03T14:05:00+00:00,-108.15969512152775,stop_loss
BTCUSD,BUY,0.24793207871304287,93531.5,93101.79642857143,94820.61071428572,2025-12-03T14:40:00+00:00,93101.79642857143,2025-12-03T14:45:00+00:00,-106.53729969470483,stop_loss
BTCUSD,BUY,1.0808131853086553,93411.85,93314.75714285715,93703.12857142858,2025-12-04T07:55:00+00:00,93314.75714285715,2025-12-04T08:05:00+00:00,-104.93924019928427,stop_loss
BTCUSD,SELL,1.1551483714612625,93023.55,93113.03214285715,92755.10357142857,2025-12-04T11:25:00+00:00,93113.03214285715,2025-12-04T12:40:00+00:00,-103.36515159629501,stop_loss
BTCUSD,SELL,0.7259513320666708,92602.4,92742.65,92181.65,2025-12-04T13:00:00+00:00,92742.65,2025-12-04T13:20:00+00:00,-101.81467432235058,stop_loss
BTCUSD,SELL,0.5194895322844538,92493.95,92687.0,91914.79999999999,2025-12-04T13:45:00+00:00,92687.0,2025-12-04T14:05:00+00:00,-100.28745420751532,stop_loss
BTCUSD,SELL,0.4606118315114804,92000.75,92215.21071428571,91357.36785714286,2025-12-04T14:50:00+00:00,92215.21071428571,2025-12-04T15:00:00+00:00,-98.78314239440259,stop_loss
BTCUSD,BUY,0.29484314007528,93241.35,92911.33928571429,94231.38214285714,2025-12-04T15:35:00+00:00,92911.33928571429,2025-12-04T15:40:00+00:00,-97.30139525848655,stop_loss
BTCUSD,BUY,1.0892890409274358,92484.85,92396.86428571428,92748.80714285716,2025-12-05T07:25:00+00:00,92396.86428571428,2025-12-05T07:40:00+00:00,-95.84187432960925,stop_loss
BTCUSD,SELL,1.084349548349052,91901.85,91988.91071428572,91640.66785714285,2025-12-05T09:10:00+00:00,91640.66785714285,2025-12-05T09:15:00+00:00,283.2127386439953,take_profit
BTCUSD,SELL,0.8282166719360577,91409.85,91528.96428571429,91052.50714285714,2025-12-05T09:15:00+00:00,91528.96428571429,2025-12-05T09:20:00+00:00,-98.65243729432504,stop_loss
BTCUSD,SELL,0.7035305943469268,91261.6,91399.72142857144,90847.2357142857,2025-12-05T09:30:00+00:00,91399.72142857144,2025-12-05T10:25:00+00:00,-97.17265073491018,stop_loss
BTCUSD,SELL,0.802762230723012,91081.2,91200.43214285714,90723.50357142858,2025-12-05T13:15:00+00:00,90723.50357142858,2025-12-05T13:25:00+00:00,287.14518292164786,take_profit
BTCUSD,SELL,0.7235816261712626,90825.95,90964.18214285714,90411.25357142858,2025-12-05T13:25:00+00:00,90411.25357142858,2025-12-05T13:40:00+00:00,300.06671615312314,take_profit
BTCUSD,SELL,0.6033460541530612,90448.0,90621.23928571428,89928.28214285715,2025-12-05T13:40:00+00:00,90621.23928571428,2025-12-05T13:50:00+00:00,-104.52323946000807,stop_loss
BTCUSD,SELL,0.44140178908069166,90185.85,90419.09642857143,89486.11071428572,2025-12-05T14:35:00+00:00,90419.09642857143,2025-12-05T14:45:00+00:00,-102.95539086810794,stop_loss
BTCUSD,SELL,1.5894260734076096,89420.2,89484.00357142856,89228.78928571427,2025-12-06T08:20:00+00:00,89484.00357142856,2025-12-06T09:10:00+00:00,-101.41106000508631,stop_loss
BTCUSD,BUY,2.4828380248026063,89782.45,89742.21785714285,89903.14642857142,2025-12-06T13:40:00+00:00,89742.21785714285,2025-12-06T13:45:00+00:00,-99.88989410501001,stop_loss
BTCUSD,BUY,1.1863591763913635,90084.25,90001.31428571428,90333.05714285714,2025-12-06T14:15:00+00:00,90001.31428571428,2025-12-06T14:20:00+00:00,-98.39154569343486,stop_loss
BTCUSD,SELL,0.6866147538649475,89575.7,89716.84999999999,89152.25,2025-12-06T15:15:00+00:00,89716.84999999999,2025-12-06T15:30:00+00:00,-96.91567250803335,stop_loss
BTCUSD,SELL,1.4864499209050954,89422.55,89486.77142857143,89229.88571428572,2025-12-07T07:15:00+00:00,89229.88571428572,2025-12-07T08:10:00+00:00,286.3858122612386,take_profit
BTCUSD,SELL,1.3913904303467184,89132.2,89203.89642857143,88917.1107142857,2025-12-07T09:20:00+00:00,89203.89642857143,2025-12-07T09:25:00+00:00,-99.75772460433143,stop_loss
BTCUSD,SELL,1.3288181813992896,89106.45,89180.39642857143,88884.6107142857,2025-12-07T09:50:00+00:00,89180.39642857143,2025-12-07T10:00:00+00:00,-98.26135873526647,stop_loss
BTCUSD,BUY,1.475900377910111,89536.6,89471.02142857143,89733.33571428571,2025-12-07T12:45:00+00:00,89471.02142857143,2025-12-07T12:55:00+00:00,-96.78743835423747,stop_loss
BTCUSD,SELL,0.8221626061998545,88928.1,89044.05714285716,88580.22857142857,2025-12-07T13:20:00+00:00,89044.05714285716,2025-12-07T13:30:00+00:00,-95.33562677892391,stop_loss
BTCUSD,SELL,0.5345850536876656,88386.55,88562.21071428571,87859.56785714286,2025-12-07T14:20:00+00:00,87859.56785714286,2025-12-07T14:30:00+00:00,281.7167771317279,take_profit
BTCUSD,SELL,0.5525191298930253,87887.2,88064.80714285714,87354.37857142856,2025-12-07T14:30:00+00:00,88064.80714285714,2025-12-07T14:35:00+00:00,-98.13134403421597,stop_loss
BTCUSD,BUY,0.42595295306247216,89509.2,89282.275,90189.97499999999,2025-12-07T15:55:00+00:00,89282.275,2025-12-07T16:00:00+00:00,-96.65937387370273,stop_loss
BTCUSD,BUY,0.9174922671519259,91703.55,91599.77857142857,92014.86428571428,2025-12-08T07:25:00+00:00,91599.77857142857,2025-12-08T07:45:00+00:00,-95.20948326559719,stop_loss
BTCUSD,BUY,0.8311580250262163,91959.35,91846.51785714287,92297.84642857144,2025-12-08T09:00:00+00:00,91846.51785714287,2025-12-08T10:05:00+00:00,-93.78134101661323,stop_loss
BTCUSD,SELL,0.39543930180379916,91012.85,91246.45,90312.05000000002,2025-12-08T14:35:00+00:00,91246.45,2025-12-08T14:40:00+00:00,-92.37462090136403,stop_loss
BTCUSD,SELL,0.2623808735887685,90518.65,90865.43214285714,89478.30357142857,2025-12-08T15:05:00+00:00,90169.5,2025-12-08T19:05:00+00:00,91.610282013517,max_hold
BTCUSD,SELL,1.0342191325703114,90310.55,90399.85714285714,90042.62857142858,2025-12-09T09:25:00+00:00,90042.62857142858,2025-12-09T10:35:00+00:00,277.0894674541389,take_profit
BTCUSD,SELL,1.0157655939396906,90014.7,90109.72142857143,89729.63571428572,2025-12-09T10:35:00+00:00,90109.72142857143,2025-12-09T10:40:00+00:00,-96.51949782985841,stop_loss
BTCUSD,BUY,1.1229731070017401,90454.7,90370.03928571429,90708.68214285714,2025-12-09T12:00:00+00:00,90370.03928571429,2025-12-09T12:05:00+00:00,-95.07170536241051,stop_loss
BTCUSD,BUY,1.0053978657574159,90580.75,90487.60714285714,90860.17857142857,2025-12-09T12:15:00+00:00,90487.60714285714,2025-12-09T13:05:00+00:00,-93.64562978197436,stop_loss
BTCUSD,BUY,1.129810354062519,90704.1,90622.45714285715,90949.02857142859,2025-12-09T13:25:00+00:00,90622.45714285715,2025-12-09T13:35:00+00:00,-92.24094533524475,stop_loss
BTCUSD,SELL,0.8835806030654307,90217.95,90320.77857142857,89909.46428571428,2025-12-09T13:40:00+00:00,90320.77857142857,2025-12-09T13:45:00+00:00,-90.85733115521607,stop_loss
BTCUSD,BUY,0.357278639414414,90901.0,90650.51071428572,91652.46785714287,2025-12-09T15:00:00+00:00,90650.51071428572,2025-12-09T15:05:00+00:00,-89.49447118788783,stop_loss
BTCUSD,BUY,0.23026938290529955,91606.35,91223.52857142857,92754.8142857143,2025-12-09T15:35:00+00:00,92754.8142857143,2025-12-09T15:50:00+00:00,264.45616236020516,take_profit
BTCUSD,BUY,1.2089094036151717,92800.35,92724.15000000001,93028.95,2025-12-10T07:55:00+00:00,92724.15000000001,2025-12-10T08:00:00+00:00,-92.11889655547257,stop_loss
BTCUSD,BUY,1.0035308950506563,92836.8,92746.38214285714,93108.05357142858,2025-12-10T09:45:00+00:00,93108.05357142858,2025-12-10T10:00:00+00:00,272.21133932140685,take_profit
BTCUSD,BUY,0.826089153214104,93130.1,93015.31785714286,93474.44642857143,2025-12-10T10:00:00+00:00,93015.31785714286,2025-12-10T10:05:00+00:00,-94.82028319696158,stop_loss
BTCUSD,SELL,0.5922107408619355,92344.65,92502.3607142857,91871.51785714286,2025-12-10T10:30:00+00:00,91871.51785714286,2025-12-10T11:45:00+00:00,280.19393684702146,take_profit
BTCUSD,SELL,1.6847449997213417,90185.85,90243.78214285715,90012.05357142858,2025-12-11T12:05:00+00:00,90243.78214285715,2025-12-11T12:20:00+00:00,-97.60088800171248,stop_loss
BTCUSD,SELL,1.2319035701282262,90036.35,90114.3892857143,89802.23214285716,2025-12-11T12:55:00+00:00,90114.3892857143,2025-12-11T13:00:00+00:00,-96.13687468168679,stop_loss
BTCUSD,SELL,1.1178140825129812,90001.4,90086.11428571428,89747.25714285715,2025-12-11T13:15:00+00:00,90086.11428571428,2025-12-11T13:20:00+00:00,-94.69482156146148,stop_loss
BTCUSD,SELL,1.0171294071211734,89927.3,90019.00357142858,89652.1892857143,2025-12-11T13:30:00+00:00,90019.00357142858,2025-12-11T13:35:00+00:00,-93.27439923803956,stop_loss
BTCUSD,SELL,0.43188972046625,89487.25,89699.97857142857,88849.06428571428,2025-12-11T14:50:00+00:00,89699.97857142857,2025-12-11T15:00:00+00:00,-91.87528324946898,stop_loss
BTCUSD,BUY,0.8450344534184193,92539.1,92432.00714285715,92860.37857142858,2025-12-12T09:55:00+00:00,92432.00714285715,2025-12-12T10:45:00+00:00,-90.49715400072694,stop_loss
BTCUSD,BUY,1.0476458643972821,92509.2,92424.11428571428,92764.45714285714,2025-12-12T13:15:00+00:00,92424.11428571428,2025-12-12T13:20:00+00:00,-89.13969669071601,stop_loss
BTCUSD,SELL,0.35142628110552826,91810.85,92060.69642857143,91061.31071428572,2025-12-12T15:15:00+00:00,91061.31071428572,2025-12-12T15:25:00+00:00,263.4078037210659,take_profit
BTCUSD,SELL,0.2882876377185655,90852.7,91170.97142857143,89897.88571428572,2025-12-12T15:25:00+00:00,89897.88571428572,2025-12-12T15:55:00+00:00,275.2611548885096,take_profit
BTCUSD,SELL,0.24329519314767195,89930.25,90324.35,88747.95000000001,2025-12-12T15:55:00+00:00,90324.35,2025-12-12T16:25:00+00:00,-95.88263561949893,stop_loss
BTCUSD,SELL,0.22822303168055844,89623.2,90037.025,88381.725,2025-12-12T16:35:00+00:00,90037.025,2025-12-12T16:50:00+00:00,-94.44439608520644,stop_loss
BTCUSD,SELL,2.132964661013833,90367.2,90410.81428571428,90236.35714285714,2025-12-13T11:40:00+00:00,90410.81428571428,2025-12-13T11:45:00+00:00,-93.02773014392834,stop_loss
BTCUSD,SELL,1.5602680596993972,90314.05,90372.77857142857,90137.8642857143,2025-12-13T12:45:00+00:00,90372.77857142857,2025-12-13T13:00:00+00:00,-91.63231419176941,stop_loss
BTCUSD,SELL,1.455687590236035,90245.55,90307.55357142858,90059.53928571429,2025-12-13T13:25:00+00:00,90307.55357142858,2025-12-13T13:35:00+00:00,-90.25782947889287,stop_loss
BTCUSD,SELL,1.3464468504045226,90151.8,90217.82857142857,89953.71428571429,2025-12-13T14:20:00+00:00,89953.71428571429,2025-12-13T14:30:00+00:00,266.7118861101285,take_profit
BTCUSD,SELL,2.392247497879532,90075.3,90114.13571428572,89958.79285714286,2025-12-14T09:30:00+00:00,89958.79285714286,2025-12-14T10:10:00+00:00,278.71392098508426,take_profit
BTCUSD,SELL,2.040986392377661,89825.8,89873.36785714286,89683.09642857143,2025-12-14T10:10:00+00:00,89873.36785714286,2025-12-14T10:15:00+00:00,-97.08534914313766,stop_loss
BTCUSD,SELL,0.9186900189967285,89667.6,89771.69285714286,89355.32142857143,2025-12-14T11:00:00+00:00,89771.69285714286,2025-12-14T11:05:00+00:00,-95.6290689059906,stop_loss
BTCUSD,SELL,0.7859845394048784,89529.6,89649.44285714287,89170.07142857142,2025-12-14T11:25:00+00:00,89170.07142857142,2025-12-14T11:40:00+00:00,282.58389861719075,take_profit
BTCUSD,SELL,0.5894845380914141,88904.65,89071.63214285714,88403.70357142856,2025-12-14T11:40:00+00:00,89071.63214285714,2025-12-14T11:45:00+00:00,-98.4333913516586,stop_loss
BTCUSD,SELL,0.8568340277359628,89076.9,89190.05714285714,88737.42857142857,2025-12-14T14:30:00+00:00,89190.05714285714,2025-12-14T16:20:00+00:00,-96.95689048138372,stop_loss
BTCUSD,SELL,0.7176017173348509,88830.4,88963.4857142857,88431.14285714284,2025-12-14T16:40:00+00:00,88963.4857142857,2025-12-14T17:00:00+00:00,-95.50253712416297,stop_loss
BTCUSD,BUY,1.0817972621507377,89924.5,89837.54285714286,90185.37142857142,2025-12-15T09:00:00+00:00,89837.54285714286,2025-12-15T09:10:00+00:00,-94.06999906730051,stop_loss
BTCUSD,SELL,0.6575387318539235,89075.6,89216.51785714287,88652.84642857143,2025-12-15T14:30:00+00:00,89216.51785714287,2025-12-15T14:35:00+00:00,-92.65894908129101,stop_loss
BTCUSD,SELL,0.3563954836708688,88714.0,88970.08928571429,87945.73214285714,2025-12-15T14:45:00+00:00,87945.73214285714,2025-12-15T14:55:00+00:00,273.80719453520976,take_profit
BTCUSD,SELL,0.3090894487692986,88049.9,88358.47142857143,87124.1857142857,2025-12-15T14:55:00+00:00,87124.1857142857,2025-12-15T15:15:00+00:00,286.12851828929485,take_profit
BTCUSD,SELL,0.2325685916120121,87033.15,87461.70357142856,85747.48928571428,2025-12-15T15:15:00+00:00,85747.48928571428,2025-12-15T17:30:00+00:00,299.0043016123211,take_profit
BTCUSD,SELL,0.8982039613544537,85882.9,85998.85714285713,85535.02857142856,2025-12-16T07:40:00+00:00,85998.85714285713,2025-12-16T07:45:00+00:00,-104.15316506162404,stop_loss
BTCUSD,BUY,0.9659507338756396,86733.8,86627.59285714285,87052.42142857143,2025-12-16T10:35:00+00:00,87052.42142857143,2025-12-16T10:40:00+00:00,307.7726027570709,take_profit
BTCUSD,BUY,0.7926404862711417,87117.5,86982.24642857142,87523.26071428572,2025-12-16T10:40:00+00:00,86982.24642857142,2025-12-16T10:45:00+00:00,-107.20745662705573,stop_loss
BTCUSD,BUY,0.8394224545123008,87357.8,87232.0,87735.2,2025-12-16T12:45:00+00:00,87232.0,2025-12-16T12:50:00+00:00,-105.59934477764989,stop_loss
BTCUSD,BUY,0.2912633813334487,87912.95,87555.83214285714,88984.30357142858,2025-12-16T15:50:00+00:00,87555.83214285714,2025-12-16T16:15:00+00:00,-104.01535460598515,stop_loss
BTCUSD,SELL,0.8383726342957584,86489.75,86611.95714285714,86123.12857142858,2025-12-17T08:25:00+00:00,86611.95714285714,2025-12-17T10:10:00+00:00,-102.45512428689536,stop_loss
BTCUSD,BUY,1.0261511158922767,87148.55,87050.20357142857,87443.58928571429,2025-12-17T12:00:00+00:00,87050.20357142857,2025-12-17T12:10:00+00:00,-100.91829742259193,stop_loss
BTCUSD,BUY,0.6319422947314126,87349.45,87192.15,87821.35,2025-12-17T13:40:00+00:00,87821.35,2025-12-17T14:15:00+00:00,298.21356888375914,take_profit
BTCUSD,BUY,0.5016603152600515,87820.75,87613.68214285714,88441.95357142857,2025-12-17T14:15:00+00:00,87613.68214285714,2025-12-17T14:30:00+00:00,-103.87772649450945,stop_loss
BTCUSD,BUY,0.2746965527320153,89194.9,88822.41785714285,90312.34642857143,2025-12-17T14:50:00+00:00,88822.41785714285,2025-12-17T15:40:00+00:00,-102.31956059709178,stop_loss
BTCUSD,SELL,0.17626978408109165,86941.7,87513.46428571428,85226.40714285715,2025-12-17T16:10:00+00:00,85661.7,2025-12-17T20:10:00+00:00,225.6253236237973,max_hold
BTCUSD,BUY,1.1769100259007108,86766.2,86677.68928571428,87031.73214285713,2025-12-18T07:10:00+00:00,86677.68928571428,2025-12-18T08:00:00+00:00,-104.16914704249237,stop_loss
BTCUSD,BUY,1.1048242868143774,86944.1,86851.22857142858,87222.71428571429,2025-12-18T08:20:00+00:00,86851.22857142858,2025-12-18T09:00:00+00:00,-102.60660983685499,stop_loss
BTCUSD,BUY,0.8616680772487364,87222.3,87105.00714285714,87574.17857142858,2025-12-18T09:30:00+00:00,87105.00714285714,2025-12-18T11:10:00+00:00,-101.06751068930217,stop_loss
BTCUSD,BUY,0.8474528593004208,87632.85,87515.37857142858,87985.2642857143,2025-12-18T13:00:00+00:00,87515.37857142858,2025-12-18T13:05:00+00:00,-99.55149802896264,stop_loss
BTCUSD,BUY,0.716612808800651,87709.6,87572.7642857143,88120.10714285714,2025-12-18T13:05:00+00:00,87572.7642857143,2025-12-18T13:20:00+00:00,-98.05822555852819,stop_loss
BTCUSD,BUY,0.4175396181785431,88091.5,87860.175,88785.475,2025-12-18T13:30:00+00:00,87860.175,2025-12-18T13:35:00+00:00,-96.58735217515027,stop_loss
BTCUSD,BUY,0.3410856815608918,88726.15,88447.22142857141,89562.93571428572,2025-12-18T13:40:00+00:00,88447.22142857141,2025-12-18T14:10:00+00:00,-95.13854189252301,stop_loss
BTCUSD,BUY,0.646349636761171,87694.0,87549.01428571428,88128.95714285715,2025-12-19T07:00:00+00:00,88128.95714285715,2025-12-19T07:10:00+00:00,281.1343912923961,take_profit
BTCUSD,BUY,0.5392749537306113,88088.95,87907.35714285714,88633.72857142857,2025-12-19T07:10:00+00:00,87907.35714285714,2025-12-19T07:15:00+00:00,-97.9284796335211,stop_loss
BTCUSD,BUY,0.9167291658042569,88239.65,88134.42857142857,88555.3142857143,2025-12-19T10:00:00+00:00,88134.42857142857,2025-12-19T10:05:00+00:00,-96.4595524390183,stop_loss
BTCUSD,BUY,0.6830704434919549,88294.05,88154.95357142857,88711.33928571429,2025-12-19T11:10:00+00:00,88154.95357142857,2025-12-19T11:15:00+00:00,-95.01265915243303,stop_loss
BTCUSD,BUY,0.3684235215566837,88454.45,88200.42857142857,89216.51428571428,2025-12-19T14:40:00+00:00,88200.42857142857,2025-12-19T14:45:00+00:00,-93.58746926514652,stop_loss
BTCUSD,BUY,0.26596280253611737,88710.2,88363.59642857143,89750.0107142857,2025-12-19T15:10:00+00:00,88363.59642857143,2025-12-19T15:20:00+00:00,-92.18365722616932,stop_loss
BTCUSD,BUY,2.101351571450387,88282.25,88239.03928571429,88411.88214285714,2025-12-20T12:05:00+00:00,88239.03928571429,2025-12-20T12:10:00+00:00,-90.80090236777679,stop_loss
BTCUSD,SELL,1.6220538165055784,87994.9,88050.03928571429,87829.48214285713,2025-12-20T13:15:00+00:00,88050.03928571429,2025-12-20T13:20:00+00:00,-89.43888883226013,stop_loss
BTCUSD,SELL,1.2178950103652497,87994.8,88067.13571428572,87777.79285714285,2025-12-20T13:20:00+00:00,88067.13571428572,2025-12-20T13:35:00+00:00,-88.09730549977623,stop_loss
BTCUSD,SELL,3.124242877308814,88041.05,88068.82500000001,87957.725,2025-12-21T07:40:00+00:00,88068.82500000001,2025-12-21T07:45:00+00:00,-86.77584591727958,stop_loss
BTCUSD,BUY,2.6535955542728282,88199.95,88167.73928571428,88296.58214285714,2025-12-21T08:20:00+00:00,88296.58214285714,2025-12-21T08:30:00+00:00,256.4226246855612,take_profit
BTCUSD,BUY,2.0222975117384605,88306.8,88262.63214285715,88439.30357142857,2025-12-21T08:30:00+00:00,88439.30357142857,2025-12-21T08:40:00+00:00,267.96164279644086,take_profit
BTCUSD,BUY,1.2776921157375873,88574.45,88501.39642857143,88793.6107142857,2025-12-21T08:40:00+00:00,88501.39642857143,2025-12-21T08:45:00+00:00,-93.33997224075043,stop_loss
BTCUSD,BUY,0.6517586800344272,88813.05,88671.98571428572,89236.24285714286,2025-12-21T09:30:00+00:00,88671.98571428572,2025-12-21T10:30:00+00:00,-91.93987265713918,stop_loss
BTCUSD,BUY,1.4247916434700882,88844.45,88780.88928571428,89035.13214285714,2025-12-21T12:20:00+00:00,88780.88928571428,2025-12-21T12:25:00+00:00,-90.5607745672821,stop_loss
BTCUSD,SELL,0.696077744430565,88254.4,88382.54999999999,87869.94999999998,2025-12-21T13:15:00+00:00,87869.94999999998,2025-12-21T13:30:00+00:00,267.60708884633885,take_profit
BTCUSD,SELL,0.5854649155202768,87989.95,88149.16785714286,87512.29642857143,2025-12-21T13:30:00+00:00,88149.16785714286,2025-12-21T15:50:00+00:00,-93.21646928146795,stop_loss
BTCUSD,BUY,0.9780902502502895,88990.95,88897.075,89272.575,2025-12-22T07:00:00+00:00,89272.575,2025-12-22T08:15:00+00:00,275.4546667267378,take_profit
BTCUSD,BUY,0.9230720435692599,89437.9,89333.95357142857,89749.73928571427,2025-12-22T08:15:00+00:00,89749.73928571427,2025-12-22T08:20:00+00:00,287.8501267294544,take_profit
BTCUSD,BUY,0.8017071407048939,89586.6,89461.53214285715,89961.80357142857,2025-12-22T08:20:00+00:00,89461.53214285715,2025-12-22T08:45:00+00:00,-100.26779414408881,stop_loss
BTCUSD,BUY,1.041655025799939,89927.8,89832.9857142857,90212.24285714288,2025-12-22T11:30:00+00:00,89832.9857142857,2025-12-22T11:35:00+00:00,-98.76377723192748,stop_loss
BTCUSD,BUY,0.6845874427747929,90145.15,90003.04642857143,90571.46071428571,2025-12-22T12:15:00+00:00,90003.04642857143,2025-12-22T13:20:00+00:00,-97.28232057344856,stop_loss
BTCUSD,SELL,1.1704093532609543,87337.0,87418.87142857144,87091.38571428572,2025-12-23T09:20:00+00:00,87418.87142857144,2025-12-23T09:40:00+00:00,-95.82308576484684,stop_loss
BTCUSD,SELL,0.7230644884799632,87539.2,87669.73571428572,87147.59285714285,2025-12-23T13:35:00+00:00,87669.73571428572,2025-12-23T13:40:00+00:00,-94.38573947837413,stop_loss
BTCUSD,SELL,0.48120204351692786,87342.45,87535.65357142857,86762.83928571428,2025-12-23T14:35:00+00:00,87535.65357142857,2025-12-23T14:40:00+00:00,-92.96995338619851,stop_loss
BTCUSD,SELL,0.4635974822165091,87066.85,87264.38214285715,86474.25357142858,2025-12-23T14:45:00+00:00,87264.38214285715,2025-12-23T15:15:00+00:00,-91.57540408540554,stop_loss
BTCUSD,BUY,0.3096828736911393,88035.65,87744.37857142856,88909.46428571428,2025-12-23T16:00:00+00:00,87744.37857142856,2025-12-23T16:05:00+00:00,-90.20177302412444,stop_loss
BTCUSD,SELL,1.0106292248965378,86742.75,86830.66428571429,86479.00714285714,2025-12-24T08:20:00+00:00,86830.66428571429,2025-12-24T08:25:00+00:00,-88.8487464287626,stop_loss
BTCUSD,SELL,0.8024785258400875,86726.1,86835.15714285715,86398.92857142858,2025-12-24T08:55:00+00:00,86835.15714285715,2025-12-24T10:05:00+00:00,-87.51601523233116,stop_loss
BTCUSD,BUY,1.4035539338881384,87351.35,87289.93214285714,87535.60357142858,2025-12-24T12:35:00+00:00,87289.93214285714,2025-12-24T12:45:00+00:00,-86.20327500384619,stop_loss
BTCUSD,SELL,1.066950735810188,87054.8,87134.38214285715,86816.05357142857,2025-12-24T13:30:00+00:00,87134.38214285715,2025-12-24T13:35:00+00:00,-84.9102258787885,stop_loss
BTCUSD,SELL,0.535408680979676,86581.85,86738.06071428572,86113.21785714285,2025-12-24T14:35:00+00:00,86738.06071428572,2025-12-24T14:40:00+00:00,-83.63657249060664,stop_loss
BTCUSD,BUY,0.38222616270209586,87428.55,87213.01785714286,88075.14642857145,2025-12-24T16:30:00+00:00,87213.01785714286,2025-12-24T16:50:00+00:00,-82.38202390324756,stop_loss
BTCUSD,SELL,1.2751690533457787,87328.4,87392.03571428571,87137.49285714285,2025-12-25T08:20:00+00:00,87392.03571428571,2025-12-25T08:25:00+00:00,-81.14629354469885,stop_loss
BTCUSD,SELL,1.6975233434184265,87224.15,87271.2357142857,87082.89285714286,2025-12-25T10:35:00+00:00,87271.2357142857,2025-12-25T10:40:00+00:00,-79.92909914152837,stop_loss
BTCUSD,BUY,1.3482841310846674,87496.7,87438.30714285714,87671.87857142858,2025-12-25T11:25:00+00:00,87438.30714285714,2025-12-25T11:45:00+00:00,-78.73016265440545,stop_loss
BTCUSD,BUY,1.6719626441893254,87528.25,87481.86785714286,87667.39642857143,2025-12-25T12:30:00+00:00,87481.86785714286,2025-12-25T12:40:00+00:00,-77.54921021458935,stop_loss
BTCUSD,SELL,1.8492194515981477,87364.6,87405.90714285715,87240.67857142858,2025-12-25T13:15:00+00:00,87405.90714285715,2025-12-25T13:20:00+00:00,-76.38597206137052,stop_loss
BTCUSD,BUY,1.4697398559038404,87560.85,87509.65714285715,87714.42857142858,2025-12-25T13:40:00+00:00,87509.65714285715,2025-12-25T14:25:00+00:00,-75.24018248044996,stop_loss
BTCUSD,BUY,1.030247360148286,87684.85,87612.91428571429,87900.65714285715,2025-12-25T14:45:00+00:00,87900.65714285715,2025-12-25T15:25:00+00:00,222.33473922971461,take_profit
BTCUSD,BUY,0.9320087777914123,88022.2,87939.10357142857,88271.48928571428,2025-12-25T15:25:00+00:00,87939.10357142857,2025-12-25T15:30:00+00:00,-77.44660083168893,stop_loss
BTCUSD,BUY,0.9499987773251659,89294.55,89214.25,89535.45000000001,2025-12-26T07:10:00+00:00,89214.25,2025-12-26T07:30:00+00:00,-76.28490181921359,stop_loss
BTCUSD,BUY,1.1728288043781054,88821.65,88757.58214285714,89013.85357142857,2025-12-26T09:45:00+00:00,88757.58214285714,2025-12-26T09:55:00+00:00,-75.14062829192538,stop_loss
BTCUSD,BUY,1.2335586477924418,88697.1,88637.1,88877.1,2025-12-26T13:05:00+00:00,88877.1,2025-12-26T13:35:00+00:00,222.04055660263953,take_profit
BTCUSD,BUY,1.2214526576786224,88888.4,88825.07857142856,89078.36428571428,2025-12-26T13:35:00+00:00,88825.07857142856,2025-12-26T14:30:00+00:00,-77.3441272165861,stop_loss
BTCUSD,SELL,0.5472143626887892,88345.45,88484.67142857143,87927.78571428571,2025-12-26T14:40:00+00:00,87927.78571428571,2025-12-26T14:45:00+00:00,228.5518959250119,take_profit
BTCUSD,SELL,0.48077100136350276,87943.55,88109.14285714286,87446.77142857143,2025-12-26T14:45:00+00:00,87446.77142857143,2025-12-26T14:55:00+00:00,238.83673124164446,take_profit
BTCUSD,SELL,0.427031026955736,87319.05,87513.87142857142,86734.58571428573,2025-12-26T14:55:00+00:00,86734.58571428573,2025-12-26T15:10:00+00:00,249.5843841475177,take_profit
BTCUSD,SELL,0.3438296718012161,86693.55,86946.40357142857,85934.9892857143,2025-12-26T15:10:00+00:00,86946.40357142857,2025-12-26T15:15:00+00:00,-86.93856047804992,stop_loss
BTCUSD,SELL,1.9951451971915095,87425.95,87468.87142857142,87297.18571428572,2025-12-27T10:30:00+00:00,87468.87142857142,2025-12-27T11:15:00+00:00,-85.63448207087917,stop_loss
BTCUSD,SELL,3.7971045265504917,87350.4,87372.61428571428,87283.75714285714,2025-12-27T13:20:00+00:00,87372.61428571428,2025-12-27T13:35:00+00:00,-84.349964839816,stop_loss
BTCUSD,BUY,3.3540542535781617,87476.25,87451.47857142857,87550.56428571428,2025-12-27T14:45:00+00:00,87451.47857142857,2025-12-27T15:00:00+00:00,-83.08471536721876,stop_loss
BTCUSD,BUY,2.8185442187308998,87491.45,87462.41428571429,87578.55714285714,2025-12-27T15:10:00+00:00,87462.41428571429,2025-12-27T15:20:00+00:00,-81.83844463671048,stop_loss
BTCUSD,BUY,2.924846835661657,87508.8,87481.23928571428,87591.48214285714,2025-12-27T15:30:00+00:00,87481.23928571428,2025-12-27T16:05:00+00:00,-80.61086796715982,stop_loss
BTCUSD,BUY,2.6423196322011555,87742.45,87712.4,87832.59999999999,2025-12-28T08:05:00+00:00,87712.4,2025-12-28T08:30:00+00:00,-79.40170494765242,stop_loss
BTCUSD,BUY,2.678775562637047,87796.45,87767.25357142856,87884.03928571429,2025-12-28T08:35:00+00:00,87884.03928571429,2025-12-28T08:40:00+00:00,234.63203812027393,take_profit
BTCUSD,BUY,1.7614258608884994,87908.55,87862.15,88047.75000000001,2025-12-28T14:00:00+00:00,87862.15,2025-12-28T14:50:00+00:00,-81.73015994524175,stop_loss
BTCUSD,SELL,1.8347043881568366,87709.0,87752.87857142858,87577.36428571428,2025-12-28T16:20:00+00:00,87752.87857142858,2025-12-28T16:25:00+00:00,-80.50420754606311,stop_loss
BTCUSD,SELL,0.4568812980472791,88427.05,88600.61071428572,87906.36785714286,2025-12-29T09:35:00+00:00,87906.36785714286,2025-12-29T09:45:00+00:00,237.88993329860986,take_profit
BTCUSD,SELL,0.40130408290050595,87976.85,88183.33928571429,87357.38214285715,2025-12-29T09:45:00+00:00,87357.38214285715,2025-12-29T12:05:00+00:00,248.59498029705392,take_profit
BTCUSD,SELL,0.7422941794729658,86937.2,87053.85714285714,86587.22857142857,2025-12-29T12:05:00+00:00,87053.85714285714,2025-12-29T12:20:00+00:00,-86.59391813680712,stop_loss
BTCUSD,BUY,1.1889581630971255,87602.65,87530.91071428571,87817.86785714286,2025-12-30T08:00:00+00:00,87817.86785714286,2025-12-30T08:10:00+00:00,255.88502809428238,take_profit
BTCUSD,BUY,0.9588274516934083,87772.5,87679.53928571429,88051.38214285715,2025-12-30T08:10:00+00:00,88051.38214285715,2025-12-30T08:15:00+00:00,267.39985435852174,take_profit
BTCUSD,BUY,0.8388138147572245,87991.35,87880.30714285714,88324.47857142858,2025-12-30T08:15:00+00:00,87880.30714285714,2025-12-30T08:20:00+00:00,-93.14428260154709,stop_loss
BTCUSD,BUY,1.0324823416062265,88035.3,87946.43928571428,88301.88214285715,2025-12-30T10:40:00+00:00,87946.43928571428,2025-12-30T10:50:00+00:00,-91.74711836252388,stop_loss
BTCUSD,BUY,1.3657826547407321,87977.75,87911.58214285714,88176.25357142858,2025-12-30T13:25:00+00:00,87911.58214285714,2025-12-30T13:30:00+00:00,-90.37091158708603,stop_loss
BTCUSD,BUY,0.8006777415181237,88071.3,87960.125,88404.825,2025-12-30T14:15:00+00:00,87960.125,2025-12-30T14:30:00+00:00,-89.01534791327973,stop_loss
BTCUSD,BUY,0.42202452949791747,88759.1,88551.33928571429,89382.38214285715,2025-12-30T14:50:00+00:00,88551.33928571429,2025-12-30T15:00:00+00:00,-87.68011769458053,stop_loss
BTCUSD,BUY,0.3733200021638544,89225.85,88994.50714285715,89919.87857142859,2025-12-30T16:15:00+00:00,88994.50714285715,2025-12-30T16:30:00+00:00,-86.36491592916182,stop_loss
BTCUSD,BUY,1.981321228852129,88498.3,88455.36428571428,88627.10714285716,2025-12-31T07:35:00+00:00,88455.36428571428,2025-12-31T08:35:00+00:00,-85.0694421902244,stop_loss
BTCUSD,BUY,1.900077110144217,88685.8,88641.7,88818.1,2025-12-31T10:10:00+00:00,88641.7,2025-12-31T10:20:00+00:00,-83.79340055737103,stop_loss
BTCUSD,BUY,1.1645948333866507,88800.4,88729.52857142857,89013.01428571428,2025-12-31T11:05:00+00:00,88729.52857142857,2025-12-31T11:15:00+00:00,-82.53649954901049,stop_loss
BTCUSD,BUY,1.240453739611828,88894.55,88829.01071428572,89091.16785714286,2025-12-31T11:40:00+00:00,88829.01071428572,2025-12-31T12:00:00+00:00,-81.29845205577531,stop_loss
BTCUSD,BUY,1.1698900697581018,88942.25,88873.8,89147.6,2025-12-31T14:00:00+00:00,88873.8,2025-12-31T14:05:00+00:00,-80.07897527493867,stop_loss
BTCUSD,BUY,0.979283526840277,89006.0,88925.45357142857,89247.63928571428,2025-12-31T14:05:00+00:00,88925.45357142857,2025-12-31T14:20:00+00:00,-78.87779064581458,stop_loss
BTCUSD,SELL,0.5316217751304996,88231.0,88377.14642857143,87792.56071428572,2025-12-31T14:45:00+00:00,88377.14642857143,2025-12-31T14:50:00+00:00,-77.69462378612738,stop_loss
BTCUSD,SELL,0.411826899604352,88084.75,88270.57857142857,87527.2642857143,2025-12-31T15:10:00+00:00,87527.2642857143,2025-12-31T16:35:00+00:00,229.5876132880004,take_profit
BTCUSD,BUY,2.7291219032331866,87840.8,87811.49642857144,87928.71071428571,2026-01-01T11:50:00+00:00,87811.49642857144,2026-01-01T12:30:00+00:00,-79.97301862865547,stop_loss
BTCUSD,BUY,1.5931064310422822,87916.95,87867.50357142856,88065.28928571427,2026-01-01T15:15:00+00:00,87867.50357142856,2026-01-01T15:25:00+00:00,-78.77342334922564,stop_loss
BTCUSD,BUY,0.9808004225413921,88993.1,88913.98928571428,89230.43214285714,2026-01-02T08:20:00+00:00,89230.43214285714,2026-01-02T09:45:00+00:00,232.77546599693324,take_profit
BTCUSD,BUY,0.878409313507071,89356.25,89263.94285714286,89633.17142857143,2026-01-02T09:45:00+00:00,89263.94285714286,2026-01-02T09:50:00+00:00,-81.08345398894126,stop_loss
BTCUSD,BUY,0.7258298153245973,89389.9,89279.86428571428,89720.00714285714,2026-01-02T10:00:00+00:00,89720.00714285714,2026-01-02T10:10:00+00:00,239.60160653733197,take_profit
BTCUSD,BUY,0.6381698942517793,89721.2,89590.41785714285,90113.54642857143,2026-01-02T10:10:00+00:00,89590.41785714285,2026-01-02T10:25:00+00:00,-83.46122627716713,stop_loss
BTCUSD,BUY,0.9777261269693976,89525.2,89441.11785714285,89777.44642857142,2026-01-02T13:15:00+00:00,89441.11785714285,2026-01-02T13:30:00+00:00,-82.20930788300961,stop_loss
BTCUSD,SELL,0.5199111927111684,88544.35,88700.1,88077.1,2026-01-02T14:30:00+00:00,88700.1,2026-01-02T14:35:00+00:00,-80.97616826476447,stop_loss
BTCUSD,BUY,0.3015884406555125,89735.55,89471.07857142857,90528.96428571429,2026-01-02T14:45:00+00:00,89471.07857142857,2026-01-02T14:55:00+00:00,-79.76152574079302,stop_loss
BTCUSD,BUY,0.232482893158228,90692.55,90354.61071428572,91706.36785714286,2026-01-02T16:30:00+00:00,90354.61071428572,2026-01-02T16:40:00+00:00,-78.56510285468111,stop_loss
BTCUSD,SELL,0.8997697602907565,89591.3,89677.30714285714,89333.27857142857,2026-01-03T08:00:00+00:00,89677.30714285714,2026-01-03T08:25:00+00:00,-77.38662631186091,stop_loss
BTCUSD,SELL,1.8789709954054756,89609.4,89649.96785714285,89487.69642857142,2026-01-03T12:05:00+00:00,89649.96785714285,2026-01-03T12:20:00+00:00,-76.22582691718299,stop_loss
BTCUSD,BUY,1.470865672969992,89909.55,89858.50357142858,90062.68928571428,2026-01-03T12:45:00+00:00,90062.68928571428,2026-01-03T14:20:00+00:00,225.24731854027573,take_profit
BTCUSD,BUY,1.3846666961822605,90137.0,90080.33571428571,90306.99285714286,2026-01-03T14:20:00+00:00,90080.33571428571,2026-01-03T14:45:00+00:00,-78.46114929152938,stop_loss
BTCUSD,SELL,1.587643798576677,89912.55,89961.22857142858,89766.51428571428,2026-01-03T16:20:00+00:00,89961.22857142858,2026-01-03T16:25:00+00:00,-77.28423205215644,stop_loss
BTCUSD,BUY,1.1225506214441545,91505.1,91437.28571428571,91708.54285714286,2026-01-04T10:10:00+00:00,91437.28571428571,2026-01-04T10:15:00+00:00,-76.12496857137408,stop_loss
BTCUSD,BUY,1.2017209279368013,91359.5,91297.10357142857,91546.68928571428,2026-01-04T14:10:00+00:00,91297.10357142857,2026-01-04T14:15:00+00:00,-74.98309404280349,stop_loss
BTCUSD,BUY,1.2984452399702744,92587.4,92530.51785714286,92758.04642857143,2026-01-05T08:05:00+00:00,92530.51785714286,2026-01-05T08:35:00+00:00,-73.85834763216143,stop_loss
BTCUSD,BUY,0.7399248920068591,92736.35,92638.02857142857,93031.3142857143,2026-01-05T09:45:00+00:00,92638.02857142857,2026-01-05T10:00:00+00:00,-72.750472417679,stop_loss
BTCUSD,BUY,0.7218253873726319,92873.85,92774.57500000001,93171.675,2026-01-05T10:10:00+00:00,92774.57500000001,2026-01-05T10:35:00+00:00,-71.65921533141383,stop_loss
BTCUSD,BUY,0.6147121889958146,92983.95,92869.125,93328.425,2026-01-05T10:45:00+00:00,92869.125,2026-01-05T11:10:00+00:00,-70.58432710144263,stop_loss
BTCUSD,BUY,0.38535091283459644,93243.1,93062.67857142858,93784.36428571428,2026-01-05T14:40:00+00:00,93062.67857142858,2026-01-05T14:45:00+00:00,-69.52556219492098,stop_loss
BTCUSD,BUY,0.2396025197535787,93625.15,93339.33214285714,94482.60357142857,2026-01-05T15:15:00+00:00,93339.33214285714,2026-01-05T15:20:00+00:00,-68.48267876199716,stop_loss
BTCUSD,BUY,0.18583313953145908,93832.7,93469.71071428571,94921.66785714285,2026-01-05T15:40:00+00:00,93469.71071428571,2026-01-05T17:20:00+00:00,-67.45543858056722,stop_loss
BTCUSD,SELL,0.7276364972043715,93536.3,93627.61428571428,93262.35714285713,2026-01-06T07:10:00+00:00,93262.35714285713,2026-01-06T07:35:00+00:00,199.3308210055973,take_profit
BTCUSD,SELL,0.6788909246339452,93267.5,93369.77500000001,92960.67499999999,2026-01-06T07:35:00+00:00,93369.77500000001,2026-01-06T08:05:00+00:00,-69.43356931694267,stop_loss
BTCUSD,BUY,0.9436177401011958,93681.35,93608.87142857144,93898.78571428572,2026-01-06T11:00:00+00:00,93898.78571428572,2026-01-06T12:05:00+00:00,205.17619733157932,take_profit
BTCUSD,BUY,0.938318490477212,93910.55,93834.38214285715,94139.05357142858,2026-01-06T12:05:00+00:00,93834.38214285715,2026-01-06T12:30:00+00:00,-71.46970873716224,stop_loss
BTCUSD,SELL,1.0072225687128222,93708.75,93778.64285714286,93499.07142857142,2026-01-06T13:25:00+00:00,93778.64285714286,2026-01-06T14:00:00+00:00,-70.3976631061048,stop_loss
BTCUSD,BUY,0.8177431447021974,93955.6,93870.80357142858,94209.9892857143,2026-01-06T14:05:00+00:00,94209.9892857143,2026-01-06T14:20:00+00:00,208.02509447855158,take_profit
BTCUSD,BUY,0.6251927674320923,94344.45,94228.54642857143,94692.16071428571,2026-01-06T14:20:00+00:00,94228.54642857143,2026-01-06T14:30:00+00:00,-72.46207457669149,stop_loss
BTCUSD,SELL,0.21742485251098131,93456.95,93785.22499999999,92472.125,2026-01-06T15:40:00+00:00,92472.125,2026-01-06T16:40:00+00:00,214.12543037412655,take_profit
BTCUSD,SELL,0.903029661254064,92466.2,92548.79642857143,92218.41071428571,2026-01-07T09:05:00+00:00,92218.41071428571,2026-01-07T09:10:00+00:00,223.76107474095903,take_profit
BTCUSD,SELL,0.7936636660751005,92219.1,92317.30714285716,91924.47857142857,2026-01-07T09:10:00+00:00,91924.47857142857,2026-01-07T09:20:00+00:00,233.8303231042906,take_profit
BTCUSD,SELL,0.6624909468924252,91886.95,92009.89642857143,91518.1107142857,2026-01-07T09:20:00+00:00,92009.89642857143,2026-01-07T11:05:00+00:00,-81.45089588133176,stop_loss
BTCUSD,SELL,1.0010319096328313,91789.2,91869.34642857143,91548.7607142857,2026-01-07T13:05:00+00:00,91869.34642857143,2026-01-07T13:10:00+00:00,-80.22913244311178,stop_loss
BTCUSD,SELL,0.7173673116489241,91743.45,91853.6107142857,91412.96785714285,2026-01-07T14:00:00+00:00,91412.96785714285,2026-01-07T14:30:00+00:00,237.07708636940575,take_profit
BTCUSD,SELL,0.3065033402335839,91079.25,91348.68214285714,90270.95357142857,2026-01-07T15:15:00+00:00,91348.68214285714,2026-01-07T15:35:00+00:00,-82.58185175200619,stop_loss
BTCUSD,SELL,0.43228201323268317,89762.35,89950.52142857143,89197.83571428571,2026-01-08T07:00:00+00:00,89950.52142857143,2026-01-08T07:10:00+00:00,-81.3431239757261,stop_loss
BTCUSD,SELL,0.6398686173385285,89924.4,90049.61785714285,89548.74642857142,2026-01-08T09:25:00+00:00,90049.61785714285,2026-01-08T10:20:00+00:00,-80.1229771160902,stop_loss
BTCUSD,SELL,0.5523374597234908,89764.15,89907.03571428571,89335.49285714285,2026-01-08T12:10:00+00:00,89907.03571428571,2026-01-08T12:20:00+00:00,-78.92113245934884,stop_loss
BTCUSD,SELL,0.6638541030952583,89524.75,89641.85,89173.45,2026-01-08T14:25:00+00:00,89641.85,2026-01-08T14:30:00+00:00,-77.7373154724586,stop_loss
BTCUSD,BUY,0.2955441057469148,90698.85,90439.7642857143,91476.10714285714,2026-01-08T15:55:00+00:00,90439.7642857143,2026-01-08T16:15:00+00:00,-76.57125574037173,stop_loss
BTCUSD,BUY,0.33842428661252333,90845.95,90623.08571428571,91514.54285714285,2026-01-08T16:55:00+00:00,90623.08571428571,2026-01-08T20:00:00+00:00,-75.42268690426616,stop_loss
BTCUSD,SELL,1.15500150184312,90642.15,90706.47142857143,90449.1857142857,2026-01-09T07:55:00+00:00,90706.47142857143,2026-01-09T08:00:00+00:00,-74.29134660070217,stop_loss
BTCUSD,SELL,0.8646110807862798,90443.55,90528.18571428572,90189.64285714286,2026-01-09T08:00:00+00:00,90528.18571428572,2026-01-09T08:05:00+00:00,-73.17697640169165,stop_loss
BTCUSD,SELL,0.5390691549343397,90320.55,90454.26071428572,89919.41785714285,2026-01-09T08:35:00+00:00,89919.41785714285,2026-01-09T08:45:00+00:00,216.23796526700667,take_profit
BTCUSD,SELL,0.44021811237363323,89791.5,89962.60357142857,89278.18928571428,2026-01-09T08:45:00+00:00,89962.60357142857,2026-01-09T09:00:00+00:00,-75.32289123467137,stop_loss
BTCUSD,SELL,0.7827155496221729,90190.9,90285.68928571428,89906.53214285713,2026-01-09T12:15:00+00:00,90285.68928571428,2026-01-09T12:30:00+00:00,-74.1930478661513,stop_loss
BTCUSD,SELL,0.3853494774389215,90127.0,90316.64642857143,89558.0607142857,2026-01-09T14:30:00+00:00,90316.64642857143,2026-01-09T14:35:00+00:00,-73.08015214815903,stop_loss
BTCUSD,SELL,0.3518461370771031,90005.2,90209.78928571429,89391.43214285714,2026-01-09T14:40:00+00:00,90209.78928571429,2026-01-09T15:00:00+00:00,-71.98394986593665,stop_loss
BTCUSD,BUY,0.24142586763252752,90813.7,90520.01071428572,91694.76785714286,2026-01-09T15:20:00+00:00,91694.76785714286,2026-01-09T15:30:00+00:00,212.7125718538463,take_profit
BTCUSD,BUY,1.9640789713914875,90589.0,90551.275,90702.17499999999,2026-01-10T08:00:00+00:00,90551.275,2026-01-10T08:05:00+00:00,-74.0948791957553,stop_loss
BTCUSD,BUY,1.8097208361838508,90634.85,90594.52142857143,90755.83571428571,2026-01-10T09:55:00+00:00,90594.52142857143,2026-01-10T12:00:00+00:00,-72.98345600781896,stop_loss
BTCUSD,SELL,1.7495729827861306,90486.15,90527.23928571428,90362.88214285714,2026-01-10T14:10:00+00:00,90527.23928571428,2026-01-10T16:05:00+00:00,-71.88870416770168,stop_loss
BTCUSD,BUY,2.742689806259716,90637.8,90611.98214285714,90715.25357142858,2026-01-11T08:30:00+00:00,90611.98214285714,2026-01-11T08:35:00+00:00,-70.81037360518616,stop_loss
BTCUSD,BUY,1.80411095060623,90668.95,90630.28928571429,90784.93214285714,2026-01-11T08:55:00+00:00,90630.28928571429,2026-01-11T09:25:00+00:00,-69.74821800110836,stop_loss
BTCUSD,BUY,3.419832626613636,90633.55,90613.46071428571,90693.81785714286,2026-01-11T11:55:00+00:00,90613.46071428571,2026-01-11T12:00:00+00:00,-68.70199473109173,stop_loss
BTCUSD,BUY,3.1113317154080624,90637.75,90616.0,90703.0,2026-01-11T12:05:00+00:00,90703.0,2026-01-11T12:15:00+00:00,203.0143944303761,take_profit
BTCUSD,BUY,2.7176325286083105,90705.0,90678.97857142857,90783.0642857143,2026-01-11T12:15:00+00:00,90783.0642857143,2026-01-11T12:45:00+00:00,212.15004217974302,take_profit
BTCUSD,BUY,1.8622716929707528,90858.45,90818.76785714286,90977.49642857144,2026-01-11T12:45:00+00:00,90818.76785714286,2026-01-11T12:50:00+00:00,-73.89893135927714,stop_loss
BTCUSD,BUY,1.9224038170995597,90891.75,90853.88571428572,91005.34285714287,2026-01-11T14:30:00+00:00,91005.34285714287,2026-01-11T14:55:00+00:00,218.37134216669193,take_profit
BTCUSD,BUY,1.6165832945719147,91004.85,90957.79642857143,91146.01071428572,2026-01-11T14:55:00+00:00,90957.79642857143,2026-01-11T15:00:00+00:00,-76.06601752138836,stop_loss
BTCUSD,SELL,0.5436384460325981,91031.55,91169.37142857144,90618.08571428571,2026-01-12T08:30:00+00:00,90618.08571428571,2026-01-12T08:35:00+00:00,224.7750817756947,take_profit
BTCUSD,SELL,0.4731017712047637,90658.45,90823.94642857142,90161.96071428571,2026-01-12T08:35:00+00:00,90581.75,2026-01-12T12:35:00+00:00,36.286905851404,max_hold
BTCUSD,SELL,0.8571332937461552,90365.2,90457.18214285714,90089.25357142856,2026-01-12T14:15:00+00:00,90089.25357142856,2026-01-12T14:20:00+00:00,236.52287121892206,take_profit
BTCUSD,SELL,0.7399083982151194,90105.4,90216.75,89771.34999999999,2026-01-12T14:20:00+00:00,90216.75,2026-01-12T14:30:00+00:00,-82.38880014125786,stop_loss
BTCUSD,BUY,0.2886171863198199,91118.85,90837.67142857144,91962.38571428572,2026-01-12T15:15:00+00:00,91962.38571428572,2026-01-12T16:25:00+00:00,243.45890441742117,take_profit
BTCUSD,BUY,0.40675880016979754,92137.15,91928.66071428571,92762.61785714285,2026-01-12T16:25:00+00:00,91928.66071428571,2026-01-12T16:35:00+00:00,-84.8048517054003,stop_loss
BTCUSD,BUY,1.0212722950112434,92298.1,92216.30714285714,92543.47857142858,2026-01-13T09:00:00+00:00,92543.47857142858,2026-01-13T09:20:00+00:00,250.59833678944298,take_profit
BTCUSD,BUY,0.8152121644608263,92449.15,92342.07142857142,92770.38571428572,2026-01-13T09:20:00+00:00,92342.07142857142,2026-01-13T09:35:00+00:00,-87.29175398166095,stop_loss
BTCUSD,BUY,0.9075683548136809,92199.55,92104.81071428572,92483.76785714286,2026-01-13T13:30:00+00:00,92104.81071428572,2026-01-13T13:35:00+00:00,-85.98237767193604,stop_loss
BTCUSD,BUY,0.3817809151225181,92643.95,92422.11428571428,93309.45714285715,2026-01-13T14:35:00+00:00,92422.11428571428,2026-01-13T14:50:00+00:00,-84.69264200685699,stop_loss
BTCUSD,BUY,0.28617216551083674,92948.55,92657.03928571429,93823.08214285715,2026-01-13T15:35:00+00:00,93823.08214285715,2026-01-13T18:45:00+00:00,250.26675713026245,take_profit
BTCUSD,BUY,0.7340275168533049,95169.35,95050.58571428573,95525.64285714287,2026-01-14T07:45:00+00:00,95050.58571428573,2026-01-14T08:35:00+00:00,-87.17625373370808,stop_loss
BTCUSD,BUY,1.055684337201118,95151.8,95070.46071428571,95395.81785714286,2026-01-14T13:20:00+00:00,95070.46071428571,2026-01-14T13:30:00+00:00,-85.86860992770247,stop_loss
BTCUSD,BUY,0.7555451465325282,95212.35,95100.40357142859,95548.1892857143,2026-01-14T14:00:00+00:00,95548.1892857143,2026-01-14T14:15:00+00:00,253.74174233638277,take_profit
BTCUSD,BUY,0.625699136244352,95621.7,95480.43928571428,96045.48214285714,2026-01-14T14:15:00+00:00,95480.43928571428,2026-01-14T14:30:00+00:00,-88.38670691383267,stop_loss
BTCUSD,BUY,0.44573961430698944,95821.9,95626.58214285714,96407.85357142857,2026-01-14T14:35:00+00:00,96407.85357142857,2026-01-14T14:45:00+00:00,261.18271893037553,take_profit
BTCUSD,BUY,0.3597923955021439,96579.75,96326.88571428572,97338.34285714287,2026-01-14T14:45:00+00:00,96326.88571428572,2026-01-14T15:00:00+00:00,-90.97864709408081,stop_loss
BTCUSD,BUY,0.25619414615480135,96970.95,96621.16071428571,98020.31785714286,2026-01-14T15:10:00+00:00,96621.16071428571,2026-01-14T15:35:00+00:00,-89.6139673876696,stop_loss
BTCUSD,BUY,0.290818866701798,97257.45,96953.92857142857,98168.01428571428,2026-01-14T16:05:00+00:00,96953.92857142857,2026-01-14T17:35:00+00:00,-88.26975787685456,stop_loss
BTCUSD,BUY,0.7908263780677073,96590.95,96481.00714285714,96920.77857142857,2026-01-15T07:40:00+00:00,96481.00714285714,2026-01-15T08:00:00+00:00,-86.94571150870173,stop_loss
BTCUSD,BUY,0.9040387270160005,96752.7,96657.96785714285,97036.89642857143,2026-01-15T09:25:00+00:00,97036.89642857143,2026-01-15T09:40:00+00:00,256.92457750821364,take_profit
BTCUSD,BUY,0.9157546579314169,97068.25,96970.52142857143,97361.43571428572,2026-01-15T09:40:00+00:00,96970.52142857143,2026-01-15T10:00:00+00:00,-89.49539449869442,stop_loss
BTCUSD,SELL,1.2346353442748064,96597.8,96669.2,96383.6,2026-01-15T11:45:00+00:00,96669.2,2026-01-15T12:10:00+00:00,-88.15296358121398,stop_loss
BTCUSD,BUY,1.0685912164073463,96927.45,96846.19285714286,97171.22142857143,2026-01-15T12:50:00+00:00,96846.19285714286,2026-01-15T13:05:00+00:00,-86.8306691274958,stop_loss
BTCUSD,BUY,0.6349532968863044,97078.4,96943.7,97482.5,2026-01-15T14:05:00+00:00,96943.7,2026-01-15T14:20:00+00:00,-85.52820909058336,stop_loss
BTCUSD,SELL,0.47712696590106557,96527.65,96704.21785714285,95997.94642857143,2026-01-15T14:30:00+00:00,95997.94642857143,2026-01-15T14:40:00+00:00,252.7358578626669,take_profit
BTCUSD,SELL,0.41935609585080535,95796.85,96006.78214285715,95167.05357142858,2026-01-15T14:40:00+00:00,96006.78214285715,2026-01-15T14:45:00+00:00,-88.03632382216462,stop_loss
BTCUSD,SELL,1.3741817935454346,95541.55,95604.65357142857,95352.2392857143,2026-01-16T10:00:00+00:00,95352.2392857143,2026-01-16T10:30:00+00:00,260.14733689449645,take_profit
BTCUSD,SELL,1.5231742661248826,95355.7,95415.19285714286,95177.22142857143,2026-01-16T10:30:00+00:00,95415.19285714286,2026-01-16T11:50:00+00:00,-90.6179890182496,stop_loss
BTCUSD,BUY,0.8632371294290939,95678.35,95574.95,95988.55000000002,2026-01-16T14:25:00+00:00,95574.95,2026-01-16T14:30:00+00:00,-89.25871918297585,stop_loss
BTCUSD,SELL,0.5905614669704867,95251.7,95400.575,94805.075,2026-01-16T14:35:00+00:00,95400.575,2026-01-16T14:45:00+00:00,-87.91983839523121,stop_loss
BTCUSD,SELL,0.5108129645967002,95152.7,95322.2357142857,94644.09285714285,2026-01-16T14:55:00+00:00,95322.2357142857,2026-01-16T15:05:00+00:00,-86.60104081930274,stop_loss
BTCUSD,SELL,0.33926459933756303,94863.7,95115.13214285714,94109.40357142857,2026-01-16T15:15:00+00:00,95115.13214285714,2026-01-16T18:00:00+00:00,-85.3020252070132,stop_loss
BTCUSD,SELL,1.6855064158254403,95103.15,95153.0,94953.6,2026-01-17T08:00:00+00:00,95153.0,2026-01-17T08:15:00+00:00,-84.02249482890801,stop_loss
BTCUSD,SELL,2.5848749664042763,95131.05,95163.06785714286,95034.99642857144,2026-01-17T10:40:00+00:00,95163.06785714286,2026-01-17T11:20:00+00:00,-82.7621574064744,stop_loss
BTCUSD,BUY,2.202625013288103,95263.0,95225.98928571428,95374.03214285713,2026-01-17T12:00:00+00:00,95225.98928571428,2026-01-17T12:25:00+00:00,-81.52072504537728,stop_loss
BTCUSD,BUY,1.898456131682545,95384.6,95342.30357142858,95511.4892857143,2026-01-17T13:45:00+00:00,95342.30357142858,2026-01-17T14:00:00+00:00,-80.29791416969663,stop_loss
BTCUSD,BUY,1.8537009063362246,95420.75,95378.08214285714,95548.75357142856,2026-01-17T14:15:00+00:00,95378.08214285714,2026-01-17T14:20:00+00:00,-79.09344545715118,stop_loss
BTCUSD,BUY,1.7494564325190352,95450.75,95406.21785714285,95584.34642857143,2026-01-17T14:30:00+00:00,95406.21785714285,2026-01-17T14:40:00+00:00,-77.9070437752939,stop_loss
BTCUSD,BUY,1.3698924241776766,95526.5,95470.48214285714,95694.55357142857,2026-01-17T15:05:00+00:00,95470.48214285714,2026-01-17T15:10:00+00:00,-76.7384381186645,stop_loss
BTCUSD,SELL,0.8559597683866321,95222.05,95310.35714285714,94957.12857142858,2026-01-17T16:45:00+00:00,95310.35714285714,2026-01-17T17:05:00+00:00,-75.58736154688452,stop_loss
BTCUSD,SELL,2.449417731715248,95013.2,95043.59642857143,94922.01071428572,2026-01-18T07:30:00+00:00,95043.59642857143,2026-01-18T07:45:00+00:00,-74.45355112368127,stop_loss
BTCUSD,BUY,2.561982457880386,95199.35,95170.725,95285.22499999999,2026-01-18T09:30:00+00:00,95170.725,2026-01-18T10:00:00+00:00,-73.33674785682605,stop_loss
BTCUSD,SELL,3.280823205014523,95051.85,95073.86785714286,94985.79642857144,2026-01-18T11:35:00+00:00,95073.86785714286,2026-01-18T11:40:00+00:00,-72.23669663897365,stop_loss
BTCUSD,SELL,2.2590861699775884,95001.45,95032.94642857142,94906.96071428571,2026-01-18T13:05:00+00:00,94906.96071428571,2026-01-18T13:20:00+00:00,213.4594385682,take_profit
BTCUSD,SELL,2.107014530413383,94916.4,94951.68928571428,94810.53214285713,2026-01-18T13:20:00+00:00,94951.68928571428,2026-01-18T13:35:00+00:00,-74.35503776791205,stop_loss
BTCUSD,BUY,1.3950421371693975,95193.9,95141.4,95351.4,2026-01-18T14:10:00+00:00,95141.4,2026-01-18T14:25:00+00:00,-73.23971220139337,stop_loss
BTCUSD,SELL,0.847899619071587,92901.7,92986.78214285715,92646.45357142856,2026-01-19T13:15:00+00:00,92986.78214285715,2026-01-19T13:35:00+00:00,-72.14111651837247,stop_loss
BTCUSD,SELL,0.7952246177364775,92704.45,92793.80714285714,92436.37857142856,2026-01-19T14:35:00+00:00,92793.80714285714,2026-01-19T14:45:00+00:00,-71.05899977059688,stop_loss
BTCUSD,SELL,0.4813477130475545,90642.85,90788.26071428572,90206.61785714286,2026-01-20T08:35:00+00:00,90788.26071428572,2026-01-20T08:45:00+00:00,-69.99311477403793,stop_loss
BTCUSD,SELL,0.9895479318577176,91025.1,91094.77142857143,90816.08571428573,2026-01-20T12:15:00+00:00,91094.77142857143,2026-01-20T12:25:00+00:00,-68.94321805242737,stop_loss
BTCUSD,SELL,0.7463413878737611,90934.65,91025.63928571428,90661.68214285714,2026-01-20T13:05:00+00:00,91025.63928571428,2026-01-20T14:00:00+00:00,-67.90906978164095,stop_loss
BTCUSD,SELL,0.4851150395196941,90678.55,90816.43571428572,90264.89285714286,2026-01-20T14:15:00+00:00,90816.43571428572,2026-01-20T14:20:00+00:00,-66.89043373491634,stop_loss
BTCUSD,SELL,0.2435108450909385,90352.5,90623.07142857143,89540.78571428571,2026-01-20T14:45:00+00:00,90623.07142857143,2026-01-20T14:50:00+00:00,-65.8870772288926,stop_loss
BTCUSD,SELL,0.187441007362121,89908.9,90255.13571428572,88870.19285714284,2026-01-20T15:05:00+00:00,90255.13571428572,2026-01-20T15:10:00+00:00,-64.89877107045919,stop_loss
BTCUSD,SELL,0.5919987121293964,89313.2,89421.18214285714,88989.25357142856,2026-01-21T07:30:00+00:00,88989.25357142856,2026-01-21T07:55:00+00:00,191.7758685132069,take_profit
BTCUSD,SELL,0.4953663950048618,88945.85,89080.70357142857,88541.2892857143,2026-01-21T08:35:00+00:00,89080.70357142857,2026-01-21T08:55:00+00:00,-66.80192753210041,stop_loss
BTCUSD,SELL,0.8289378031744539,88861.05,88940.42857142857,88622.9142857143,2026-01-21T11:50:00+00:00,88622.9142857143,2026-01-21T11:55:00+00:00,197.39969585736873,take_profit
BTCUSD,SELL,0.7133137096051859,88696.8,88793.19642857143,88407.61071428572,2026-01-21T11:55:00+00:00,88407.61071428572,2026-01-21T12:10:00+00:00,206.28268217092787,take_profit
BTCUSD,SELL,0.5192916993875935,88283.35,88421.72142857143,87868.23571428572,2026-01-21T12:10:00+00:00,88421.72142857143,2026-01-21T12:35:00+00:00,-71.85513428954334,stop_loss
BTCUSD,BUY,0.31000916742884155,89494.45,89266.14285714286,90179.37142857144,2026-01-21T14:10:00+00:00,89266.14285714286,2026-01-21T14:25:00+00:00,-70.77730727520019,stop_loss
BTCUSD,BUY,0.23291231770074944,89855.5,89556.17857142857,90753.46428571429,2026-01-21T14:30:00+00:00,89556.17857142857,2026-01-21T14:35:00+00:00,-69.7156476660722,stop_loss
BTCUSD,BUY,0.1854815664827606,90064.0,89693.775,91174.675,2026-01-21T15:05:00+00:00,89693.775,2026-01-21T16:10:00+00:00,-68.66991295108112,stop_loss
BTCUSD,BUY,0.8433522728729387,90019.75,89939.54642857143,90260.3607142857,2026-01-22T09:35:00+00:00,89939.54642857143,2026-01-22T10:00:00+00:00,-67.6398642568149,stop_loss
BTCUSD,BUY,1.2446673713657392,90030.2,89976.67142857143,90190.78571428571,2026-01-22T13:20:00+00:00,89976.67142857143,2026-01-22T13:30:00+00:00,-66.62526629296269,stop_loss
BTCUSD,SELL,0.5850313108853714,89531.7,89643.875,89195.17499999999,2026-01-22T13:40:00+00:00,89195.17499999999,2026-01-22T14:35:00+00:00,196.87766189570473,take_profit
BTCUSD,SELL,0.29708570625142294,89032.15,89262.98928571428,88339.63214285714,2026-01-22T14:45:00+00:00,89262.98928571428,2026-01-22T14:50:00+00:00,-68.57905222700381,stop_loss
BTCUSD,SELL,0.23093578428131054,88767.75,89060.25714285714,87890.22857142858,2026-01-22T15:20:00+00:00,89060.25714285714,2026-01-22T15:40:00+00:00,-67.55036644359876,stop_loss
BTCUSD,SELL,0.8053251087207467,89222.45,89305.07142857142,88974.5857142857,2026-01-23T08:25:00+00:00,88974.5857142857,2026-01-23T09:15:00+00:00,199.61133284085776,take_profit
BTCUSD,SELL,0.556250247516461,88947.15,89072.15,88572.15,2026-01-23T09:15:00+00:00,89072.15,2026-01-23T11:05:00+00:00,-69.53128093955763,stop_loss
BTCUSD,BUY,0.8670974535689868,89345.8,89266.8142857143,89582.75714285714,2026-01-23T14:10:00+00:00,89582.75714285714,2026-01-23T14:25:00+00:00,205.46493517640545,take_profit
BTCUSD,BUY,0.7769124606835728,89569.8,89477.67857142858,89846.16428571429,2026-01-23T14:25:00+00:00,89477.67857142858,2026-01-23T14:30:00+00:00,-71.57028575311035,stop_loss
BTCUSD,SELL,0.4477709051268836,88546.05,88703.48928571428,88073.73214285714,2026-01-23T14:35:00+00:00,88703.48928571428,2026-01-23T14:40:00+00:00,-70.4967314668137,stop_loss
BTCUSD,BUY,0.2262602818338638,89731.7,89424.8,90652.4,2026-01-23T15:45:00+00:00,89424.8,2026-01-23T16:25:00+00:00,-69.43928049481148,stop_loss
BTCUSD,BUY,0.26651294285294214,90097.3,89840.66071428572,90867.21785714285,2026-01-23T16:35:00+00:00,90867.21785714285,2026-01-23T17:25:00+00:00,205.19307386217184,take_profit
BTCUSD,SELL,1.912207574115711,89490.5,89527.87857142856,89378.36428571428,2026-01-24T08:00:00+00:00,89527.87857142856,2026-01-24T08:50:00+00:00,-71.47558739532191,stop_loss
BTCUSD,SELL,3.5718367464451948,89409.85,89429.56071428572,89350.71785714287,2026-01-24T12:05:00+00:00,89429.56071428572,2026-01-24T12:30:00+00:00,-70.40345358439208,stop_loss
BTCUSD,SELL,3.3710542532238628,89394.45,89415.02142857143,89332.7357142857,2026-01-24T12:30:00+00:00,89332.7357142857,2026-01-24T13:55:00+00:00,208.04220534182954,take_profit
BTCUSD,SELL,2.3599732217975595,89243.05,89273.75714285714,89150.92857142858,2026-01-24T13:55:00+00:00,89150.92857142858,2026-01-24T14:00:00+00:00,217.40410458229528,take_profit
BTCUSD,SELL,1.6917302537306689,89223.4,89268.16428571427,89089.10714285713,2026-01-24T14:00:00+00:00,89268.16428571427,2026-01-24T14:05:00+00:00,-75.72909642948807,stop_loss
BTCUSD,SELL,1.3443669409922419,88302.4,88357.8857142857,88135.94285714286,2026-01-25T08:35:00+00:00,88135.94285714286,2026-01-25T08:40:00+00:00,223.7794799491568,take_profit
BTCUSD,SELL,0.8199390890356165,88171.6,88266.66785714286,87886.39642857143,2026-01-25T08:40:00+00:00,88266.66785714286,2026-01-25T09:20:00+00:00,-77.9498521822831,stop_loss
BTCUSD,SELL,1.4402471515958888,88457.5,88510.81071428572,88297.56785714286,2026-01-25T15:45:00+00:00,88297.56785714286,2026-01-25T15:50:00+00:00,230.34181319862557,take_profit
BTCUSD,SELL,1.2170759438380687,88284.25,88350.175,88086.475,2026-01-25T15:50:00+00:00,88350.175,2026-01-25T15:55:00+00:00,-80.23573159752823,stop_loss
BTCUSD,SELL,0.8785189874389056,88156.9,88246.8607142857,87887.01785714286,2026-01-25T16:00:00+00:00,87887.01785714286,2026-01-25T16:05:00+00:00,237.09658687069592,take_profit
BTCUSD,SELL,0.7585638982927738,87938.9,88047.775,87612.275,2026-01-25T16:05:00+00:00,87612.275,2026-01-25T16:15:00+00:00,247.76593327987726,take_profit
BTCUSD,SELL,0.6130558972862846,87573.85,87714.62857142858,87151.5142857143,2026-01-25T16:15:00+00:00,87714.62857142858,2026-01-25T16:20:00+00:00,-86.30513342582391,stop_loss
BTCUSD,BUY,0.7420105302173403,88022.1,87907.53214285715,88365.80357142858,2026-01-26T08:00:00+00:00,87907.53214285715,2026-01-26T08:10:00+00:00,-85.01055642443654,stop_loss
BTCUSD,BUY,0.5477888708641959,88089.55,87936.68928571428,88548.13214285715,2026-01-26T08:20:00+00:00,87936.68928571428,2026-01-26T08:45:00+00:00,-83.73539807806999,stop_loss
BTCUSD,SELL,0.8973857699604721,87575.45,87667.3607142857,87299.71785714285,2026-01-26T09:35:00+00:00,87667.3607142857,2026-01-26T09:40:00+00:00,-82.47936710689895,stop_loss
BTCUSD,SELL,0.8208649483286169,87517.4,87616.37142857142,87220.48571428572,2026-01-26T09:50:00+00:00,87616.37142857142,2026-01-26T10:00:00+00:00,-81.24217660029545,stop_loss
BTCUSD,BUY,1.2041375917005444,87861.45,87794.99285714286,88060.82142857142,2026-01-26T11:05:00+00:00,87794.99285714286,2026-01-26T11:25:00+00:00,-80.02354395129102,stop_loss
BTCUSD,BUY,0.9704728441546897,87929.15,87847.92857142857,88172.81428571428,2026-01-26T13:30:00+00:00,87847.92857142857,2026-01-26T13:35:00+00:00,-78.82319079202166,stop_loss
BTCUSD,BUY,0.4758133472047798,88022.45,87859.275,88511.97499999999,2026-01-26T14:35:00+00:00,87859.275,2026-01-26T14:50:00+00:00,-77.64084293014133,stop_loss
BTCUSD,BUY,0.2775798773723196,88639.25,88363.73928571428,89465.78214285713,2026-01-26T15:10:00+00:00,88363.73928571428,2026-01-26T15:25:00+00:00,-76.4762302861892,stop_loss
BTCUSD,SELL,1.043803845842198,88004.8,88076.96785714285,87788.29642857144,2026-01-27T08:45:00+00:00,88076.96785714285,2026-01-27T08:50:00+00:00,-75.32908683189639,stop_loss
BTCUSD,SELL,1.07135737150568,87984.9,88054.15714285713,87777.12857142858,2026-01-27T09:00:00+00:00,87777.12857142858,2026-01-27T09:55:00+00:00,222.59745158825382,take_profit
BTCUSD,SELL,1.0582827903928007,87764.6,87837.86785714286,87544.79642857144,2026-01-27T09:55:00+00:00,87837.86785714286,2026-01-27T10:00:00+00:00,-77.53811230324175,stop_loss
BTCUSD,SELL,1.1083762502971142,87705.35,87774.25714285715,87498.62857142858,2026-01-27T10:35:00+00:00,87774.25714285715,2026-01-27T11:10:00+00:00,-76.3750406186931,stop_loss
BTCUSD,BUY,0.7367435977277471,88168.4,88066.28928571427,88474.73214285714,2026-01-27T14:10:00+00:00,88066.28928571427,2026-01-27T14:30:00+00:00,-75.22941500941272,stop_loss
BTCUSD,SELL,0.44065567929481875,87555.3,87723.46071428571,87050.81785714286,2026-01-27T14:40:00+00:00,87723.46071428571,2026-01-27T14:45:00+00:00,-74.10097378427153,stop_loss
BTCUSD,BUY,0.3145032250423482,88345.5,88113.42142857143,89041.7357142857,2026-01-27T16:05:00+00:00,88113.42142857143,2026-01-27T17:05:00+00:00,-72.98945917750746,stop_loss
BTCUSD,BUY,0.7134677597432916,89214.3,89113.53214285715,89516.60357142857,2026-01-28T09:35:00+00:00,89516.60357142857,2026-01-28T10:15:00+00:00,215.68385186953452,take_profit
BTCUSD,BUY,0.7530468952571698,89701.15,89601.38214285714,90000.45357142856,2026-01-28T11:45:00+00:00,90000.45357142856,2026-01-28T11:55:00+00:00,225.38962520366357,take_profit
BTCUSD,BUY,0.5326242687680579,90060.15,89912.74642857142,90502.3607142857,2026-01-28T13:10:00+00:00,89912.74642857142,2026-01-28T14:20:00+00:00,-78.51071944594283,stop_loss
BTCUSD,SELL,0.362616077020302,88971.65,89184.91428571429,88331.85714285713,2026-01-28T15:10:00+00:00,89184.91428571429,2026-01-28T15:25:00+00:00,-77.33305865425369,stop_loss
BTCUSD,SELL,0.8299333661559597,87879.7,87971.48214285714,87604.35357142857,2026-01-29T08:05:00+00:00,87971.48214285714,2026-01-29T08:25:00+00:00,-76.17306277443988,stop_loss
BTCUSD,SELL,0.8355950486512197,87778.5,87868.29285714286,87509.12142857142,2026-01-29T09:50:00+00:00,87868.29285714286,2026-01-29T11:05:00+00:00,-75.0304668328233,stop_loss
BTCUSD,SELL,0.8574022271593605,87644.85,87731.04642857144,87386.26071428572,2026-01-29T11:25:00+00:00,87731.04642857144,2026-01-29T11:30:00+00:00,-73.90500983033094,stop_loss
BTCUSD,SELL,0.78632056597503,87608.8,87701.37857142858,87331.06428571428,2026-01-29T11:45:00+00:00,87701.37857142858,2026-01-29T12:00:00+00:00,-72.79643468287598,stop_loss
BTCUSD,SELL,0.8981906985880583,87685.55,87765.38214285714,87446.05357142858,2026-01-29T14:25:00+00:00,87765.38214285714,2026-01-29T14:30:00+00:00,-71.70448816263284,stop_loss
BTCUSD,SELL,0.722177104705432,87588.2,87686.0,87294.8,2026-01-29T14:30:00+00:00,87686.0,2026-01-29T14:35:00+00:00,-70.62892084019335,stop_loss
BTCUSD,SELL,0.40319285425714835,87307.8,87480.34642857143,86790.16071428572,2026-01-29T14:50:00+00:00,86790.16071428572,2026-01-29T15:00:00+00:00,208.70846108277135,take_profit
BTCUSD,SELL,0.3103905325283299,86378.55,86612.77142857143,85675.88571428572,2026-01-29T15:00:00+00:00,85675.88571428572,2026-01-29T15:10:00+00:00,218.10034183149605,take_profit
BTCUSD,SELL,0.49697575730590676,82264.35,82417.21785714287,81805.74642857144,2026-01-30T09:25:00+00:00,82417.21785714287,2026-01-30T09:35:00+00:00,-75.97161907130446,stop_loss
BTCUSD,BUY,0.3284473859589599,83335.05,83107.21428571429,84018.55714285714,2026-01-30T14:35:00+00:00,83107.21428571429,2026-01-30T14:50:00+00:00,-74.8320447852349,stop_loss
BTCUSD,SELL,0.7496795478303498,83356.3,83454.62142857142,83061.33571428573,2026-01-31T08:00:00+00:00,83061.33571428573,2026-01-31T08:10:00+00:00,221.12869234038004,take_profit
BTCUSD,SELL,0.6643487697017382,83197.55,83313.49285714286,82849.72142857144,2026-01-31T08:10:00+00:00,82849.72142857144,2026-01-31T08:30:00+00:00,231.07948349567658,take_profit
BTCUSD,SELL,0.5470376769485327,82820.6,82967.74285714286,82379.17142857144,2026-01-31T08:30:00+00:00,82967.74285714286,2026-01-31T08:55:00+00:00,-80.49268675099724,stop_loss
BTCUSD,SELL,0.8714037920366918,82698.3,82789.28571428571,82425.34285714287,2026-01-31T12:10:00+00:00,82789.28571428571,2026-01-31T12:15:00+00:00,-79.28529644973227,stop_loss
BTCUSD,SELL,0.6700644959501015,82402.25,82518.8,82052.59999999999,2026-01-31T13:30:00+00:00,82518.8,2026-01-31T13:35:00+00:00,-78.09601700298629,stop_loss
BTCUSD,SELL,0.49012154665780766,82317.9,82474.84999999999,81847.04999999999,2026-01-31T14:10:00+00:00,81847.04999999999,2026-01-31T14:20:00+00:00,230.77373024383158,take_profit
BTCUSD,SELL,0.428546726256567,81846.4,82033.97857142857,81283.66428571427,2026-01-31T14:20:00+00:00,81283.66428571427,2026-01-31T14:25:00+00:00,241.1585481047969,take_profit
BTCUSD,SELL,0.3680273670962323,81464.9,81693.15357142857,80780.13928571428,2026-01-31T14:25:00+00:00,80780.13928571428,2026-01-31T14:35:00+00:00,252.0106827695074,take_profit
BTCUSD,SELL,0.7242881284217462,78066.6,78187.8,77703.0,2026-02-01T07:00:00+00:00,78187.8,2026-02-01T07:10:00+00:00,-87.78372116471353,stop_loss
BTCUSD,SELL,0.501964469589246,78309.2,78481.45714285714,77792.42857142858,2026-02-01T10:40:00+00:00,78481.45714285714,2026-02-01T11:30:00+00:00,-86.46696534724282,stop_loss
BTCUSD,SELL,0.5818471927674984,78008.5,78154.87857142858,77569.36428571428,2026-02-01T14:15:00+00:00,77569.36428571428,2026-02-01T14:30:00+00:00,255.50988260109406,take_profit
BTCUSD,SELL,0.4701226310568782,77423.9,77613.21785714285,76855.94642857142,2026-02-01T14:30:00+00:00,77613.21785714285,2026-02-01T14:40:00+00:00,-89.00260910605058,stop_loss
BTCUSD,SELL,0.22992618575729692,76906.4,77287.6857142857,75762.54285714283,2026-02-01T15:25:00+00:00,77287.6857142857,2026-02-01T15:35:00+00:00,-87.66756996945983,stop_loss
BTCUSD,BUY,0.3568498110510696,77270.95,77028.96428571428,77996.90714285715,2026-02-02T09:25:00+00:00,77996.90714285715,2026-02-02T12:20:00+00:00,259.0576692597486,take_profit
BTCUSD,BUY,0.6363460940026221,78060.2,77918.39285714286,78485.62142857142,2026-02-02T12:20:00+00:00,77918.39285714286,2026-02-02T12:30:00+00:00,-90.23842145881416,stop_loss
BTCUSD,BUY,0.32754805925536445,78495.45,78224.08571428571,79309.54285714286,2026-02-02T14:35:00+00:00,78224.08571428571,2026-02-02T14:45:00+00:00,-88.88484513693196,stop_loss
BTCUSD,BUY,0.18821067400204347,78998.75,78533.57142857143,80394.28571428571,2026-02-02T15:35:00+00:00,78533.57142857143,2026-02-02T16:55:00+00:00,-87.55157245987797,stop_loss
BTCUSD,BUY,0.5330167251872623,78910.2,78748.40714285713,79395.57857142857,2026-02-03T08:35:00+00:00,78748.40714285713,2026-02-03T08:50:00+00:00,-86.23829887297981,stop_loss
BTCUSD,SELL,0.46458683131491924,78126.05,78308.8892857143,77577.53214285713,2026-02-03T09:10:00+00:00,78308.8892857143,2026-02-03T09:20:00+00:00,-84.94472438988511,stop_loss
BTCUSD,SELL,0.42825619206160886,77888.55,78083.925,77302.42499999999,2026-02-03T09:25:00+00:00,78083.925,2026-02-03T09:30:00+00:00,-83.67055352403683,stop_loss
BTCUSD,SELL,0.5794726329490097,78053.45,78195.675,77626.775,2026-02-03T14:15:00+00:00,78195.675,2026-02-03T14:25:00+00:00,-82.41549522117629,stop_loss
BTCUSD,SELL,0.41497386731173747,77702.2,77897.825,77115.325,2026-02-03T14:35:00+00:00,77897.825,2026-02-03T14:40:00+00:00,-81.17926279285864,stop_loss
BTCUSD,SELL,0.2946456720000884,77542.05,77813.43214285714,76727.90357142857,2026-02-03T14:50:00+00:00,77813.43214285714,2026-02-03T15:25:00+00:00,-79.96157385096575,stop_loss
BTCUSD,SELL,0.1836345035396947,76705.6,77134.50714285715,75418.87857142858,2026-02-03T16:20:00+00:00,75418.87857142858,2026-02-03T17:35:00+00:00,236.2864507296011,take_profit
BTCUSD,SELL,0.5559636485853978,76129.3,76277.34285714285,75685.17142857143,2026-02-04T08:00:00+00:00,76277.34285714285,2026-02-04T08:10:00+00:00,-82.30644700414528,stop_loss
BTCUSD,SELL,0.5338315284373799,76023.1,76174.96785714287,75567.49642857144,2026-02-04T08:25:00+00:00,76174.96785714287,2026-02-04T08:35:00+00:00,-81.0718502990831,stop_loss
BTCUSD,SELL,0.5417361126251046,75965.3,76112.70714285714,75523.07857142857,2026-02-04T09:35:00+00:00,76112.70714285714,2026-02-04T09:40:00+00:00,-79.85577254459685,stop_loss
BTCUSD,SELL,0.60900956940048,75701.85,75831.00714285715,75314.37857142858,2026-02-04T11:05:00+00:00,75831.00714285715,2026-02-04T11:15:00+00:00,-78.65793595642789,stop_loss
BTCUSD,SELL,0.561290006126351,75631.2,75769.2357142857,75217.09285714285,2026-02-04T13:30:00+00:00,75217.09285714285,2026-02-04T13:40:00+00:00,232.4342007512526,take_profit
BTCUSD,SELL,0.5202423898461833,75232.9,75388.52857142857,74766.01428571428,2026-02-04T13:40:00+00:00,74766.01428571428,2026-02-04T13:55:00+00:00,242.8937397850432,take_profit
BTCUSD,SELL,0.43243772862083685,74754.25,74949.90357142857,74167.28928571427,2026-02-04T13:55:00+00:00,74949.90357142857,2026-02-04T14:00:00+00:00,-84.60798602512591,stop_loss
BTCUSD,SELL,0.2961843313540614,74652.35,74933.725,73808.22499999999,2026-02-04T14:30:00+00:00,74933.725,2026-02-04T14:35:00+00:00,-83.33886623474903,stop_loss
BTCUSD,SELL,0.4217173239554489,70649.4,70844.05357142857,70065.43928571428,2026-02-05T10:50:00+00:00,70844.05357142857,2026-02-05T11:05:00+00:00,-82.0887832412278,stop_loss
BTCUSD,SELL,0.3237859705380218,69952.45,70202.175,69203.275,2026-02-05T11:20:00+00:00,70202.175,2026-02-05T11:25:00+00:00,-80.85745149260937,stop_loss
BTCUSD,SELL,0.22594438770060493,69805.9,70158.39642857142,68748.41071428571,2026-02-05T12:10:00+00:00,70158.39642857142,2026-02-05T14:00:00+00:00,-79.64458972022022,stop_loss
BTCUSD,SELL,0.17280941731901237,68853.9,69307.86785714285,67491.99642857142,2026-02-05T15:00:00+00:00,67491.99642857142,2026-02-05T15:20:00+00:00,235.3497626232533,take_profit
BTCUSD,SELL,0.1404001813402067,67441.65,68025.55357142857,65689.93928571428,2026-02-05T15:20:00+00:00,68025.55357142857,2026-02-05T15:50:00+00:00,-81.9801673137657,stop_loss
BTCUSD,BUY,0.3965228625442594,66449.35,66245.70357142857,67060.2892857143,2026-02-06T11:50:00+00:00,66245.70357142857,2026-02-06T12:05:00+00:00,-80.75046480405923,stop_loss
BTCUSD,BUY,0.39779548803200554,66795.35,66595.40000000001,67395.20000000001,2026-02-06T13:00:00+00:00,66595.40000000001,2026-02-06T13:05:00+00:00,-79.53920783199835,stop_loss
BTCUSD,BUY,0.35136165422791227,66966.4,66743.42142857143,67635.33571428571,2026-02-06T13:10:00+00:00,66743.42142857143,2026-02-06T13:30:00+00:00,-78.34611971451838,stop_loss
BTCUSD,BUY,0.24917674524330863,67510.3,67200.59642857143,68439.41071428572,2026-02-06T13:45:00+00:00,67200.59642857143,2026-02-06T14:00:00+00:00,-77.1709279188006,stop_loss
BTCUSD,BUY,0.19213661978446853,67786.35,67390.72857142857,68973.2142857143,2026-02-06T14:30:00+00:00,68973.2142857143,2026-02-06T15:45:00+00:00,228.04009200005302,take_profit
BTCUSD,BUY,0.17500460541191168,68965.35,68511.45357142857,70327.03928571429,2026-02-06T15:45:00+00:00,68511.45357142857,2026-02-06T15:50:00+00:00,-79.43396538001939,stop_loss
BTCUSD,BUY,0.1691154175554955,69276.25,68813.59285714285,70664.22142857143,2026-02-06T16:05:00+00:00,70664.22142857143,2026-02-06T17:15:00+00:00,234.7273676979548,take_profit
BTCUSD,SELL,0.20807764231893877,68067.75,68460.69642857142,66888.91071428571,2026-02-07T08:00:00+00:00,68460.69642857142,2026-02-07T08:20:00+00:00,-81.76336641478841,stop_loss
BTCUSD,SELL,0.4001337270826634,67819.7,68020.975,67215.87499999999,2026-02-07T10:30:00+00:00,68020.975,2026-02-07T11:00:00+00:00,-80.53691591856658,stop_loss
BTCUSD,BUY,0.26335105532510794,69778.2,69476.97142857143,70681.8857142857,2026-02-07T12:15:00+00:00,69476.97142857143,2026-02-07T12:20:00+00:00,-79.32886217978806,stop_loss
BTCUSD,SELL,0.3828061061200639,68501.1,68705.22142857143,67888.73571428572,2026-02-07T14:35:00+00:00,68705.22142857143,2026-02-07T14:40:00+00:00,-78.13892924709126,stop_loss
BTCUSD,SELL,0.3671206549410304,68395.6,68605.25,67766.65000000001,2026-02-07T14:45:00+00:00,68605.25,2026-02-07T14:50:00+00:00,-76.96684530838489,stop_loss
BTCUSD,BUY,0.6940706230726261,69387.2,69277.97142857143,69714.8857142857,2026-02-08T07:15:00+00:00,69714.8857142857,2026-02-08T08:00:00+00:00,227.43702788627732,take_profit
BTCUSD,BUY,0.6807221116756875,69789.65,69673.26785714286,70138.79642857141,2026-02-08T08:00:00+00:00,69673.26785714286,2026-02-08T08:05:00+00:00,-79.22389804705327,stop_loss
BTCUSD,BUY,0.5306735095297241,70020.75,69873.7,70461.9,2026-02-08T08:20:00+00:00,70461.9,2026-02-08T08:30:00+00:00,234.10661872903472,take_profit
BTCUSD,BUY,0.39624460086142776,70659.05,70453.25,71276.45000000001,2026-02-08T08:30:00+00:00,70453.25,2026-02-08T08:35:00+00:00,-81.54713885728299,stop_loss
BTCUSD,BUY,0.43388187546951906,70578.4,70393.27142857142,71133.78571428571,2026-02-08T11:10:00+00:00,71133.78571428571,2026-02-08T11:50:00+00:00,240.9717953232649,take_profit
BTCUSD,BUY,0.4328002069312806,71194.45,71000.50714285714,71776.27857142857,2026-02-08T12:55:00+00:00,71000.50714285714,2026-02-08T13:05:00+00:00,-83.93850870427272,stop_loss
BTCUSD,BUY,0.42747323843412116,71373.15,71179.7357142857,71953.39285714286,2026-02-08T13:15:00+00:00,71179.7357142857,2026-02-08T13:35:00+00:00,-82.67943107370863,stop_loss
BTCUSD,BUY,0.45542215079148984,71468.15,71289.32857142857,72004.61428571428,2026-02-08T13:55:00+00:00,71289.32857142857,2026-02-08T14:05:00+00:00,-81.43923960760299,stop_loss
BTCUSD,SELL,0.4835821965633391,70164.35,70330.23214285714,69666.70357142857,2026-02-09T08:20:00+00:00,69666.70357142857,2026-02-09T08:30:00+00:00,240.65295304047388,take_profit
BTCUSD,SELL,0.4138532079087708,69555.15,69757.70357142857,68947.48928571427,2026-02-09T08:30:00+00:00,69757.70357142857,2026-02-09T08:35:00+00:00,-83.82744530909606,stop_loss
BTCUSD,SELL,0.4053085343474746,69161.75,69365.47142857143,68550.58571428571,2026-02-09T10:15:00+00:00,68550.58571428571,2026-02-09T10:35:00+00:00,247.71010088837886,take_profit
BTCUSD,SELL,0.4972214826091884,68546.8,68720.33571428571,68026.19285714286,2026-02-09T13:55:00+00:00,68720.33571428571,2026-02-09T14:00:00+00:00,-86.28568514278531,stop_loss
BTCUSD,SELL,0.42045958342693457,68465.45,68667.58928571428,67859.03214285715,2026-02-09T14:05:00+00:00,68667.58928571428,2026-02-09T14:20:00+00:00,-84.99139986564353,stop_loss
BTCUSD,SELL,0.8526345148749962,68874.6,68972.78571428572,68580.04285714286,2026-02-10T10:55:00+00:00,68972.78571428572,2026-02-10T11:30:00+00:00,-83.71652886765888,stop_loss
BTCUSD,SELL,0.688895412987853,68610.75,68730.45,68251.65,2026-02-10T11:40:00+00:00,68730.45,2026-02-10T12:05:00+00:00,-82.46078093464399,stop_loss
BTCUSD,SELL,0.2995217092292126,68188.75,68459.92857142858,67375.21428571429,2026-02-10T14:40:00+00:00,68459.92857142858,2026-02-10T14:55:00+00:00,-81.22386922062432,stop_loss
BTCUSD,BUY,0.22416786545899767,69643.25,69286.35,70713.95000000001,2026-02-10T16:10:00+00:00,69286.35,2026-02-10T16:20:00+00:00,-80.00551118231496,stop_loss
BTCUSD,SELL,0.6860955811101589,66716.85,66831.71071428571,66372.26785714287,2026-02-11T09:45:00+00:00,66831.71071428571,2026-02-11T09:50:00+00:00,-78.80542851458023,stop_loss
BTCUSD,SELL,0.6437955327109812,66681.1,66801.67142857143,66319.38571428573,2026-02-11T10:00:00+00:00,66801.67142857143,2026-02-11T10:10:00+00:00,-77.62334708686153,stop_loss
BTCUSD,SELL,0.5128034666703931,66468.15,66617.25,66020.84999999999,2026-02-11T10:50:00+00:00,66617.25,2026-02-11T11:00:00+00:00,-76.4589968805586,stop_loss
BTCUSD,BUY,0.21947286005347025,68419.7,68076.54999999999,69449.15,2026-02-11T14:10:00+00:00,68076.54999999999,2026-02-11T14:20:00+00:00,-75.31211192735023,stop_loss
BTCUSD,SELL,0.16603714233977057,66550.7,66997.48214285714,65210.35357142856,2026-02-11T14:55:00+00:00,66997.48214285714,2026-02-11T16:10:00+00:00,-74.18243024843997,stop_loss
BTCUSD,SELL,0.5883735732470738,66882.0,67006.18928571428,66509.43214285714,2026-02-12T08:25:00+00:00,67006.18928571428,2026-02-12T08:40:00+00:00,-73.06969379471337,stop_loss
BTCUSD,BUY,0.6467050108651802,67419.1,67307.80714285714,67752.97857142857,2026-02-12T09:30:00+00:00,67752.97857142857,2026-02-12T10:30:00+00:00,215.9209451633592,take_profit
BTCUSD,BUY,0.5355514461833721,67693.2,67552.76071428572,68114.51785714287,2026-02-12T10:30:00+00:00,68114.51785714287,2026-02-12T11:25:00+00:00,225.63738769574476,take_profit
BTCUSD,BUY,0.4604684063898641,68172.7,68002.01071428572,68684.76785714286,2026-02-12T11:25:00+00:00,68002.01071428572,2026-02-12T11:50:00+00:00,-78.59702338067923,stop_loss
BTCUSD,BUY,0.4395097230062432,68340.4,68164.25357142856,68868.83928571429,2026-02-12T13:55:00+00:00,68164.25357142856,2026-02-12T14:00:00+00:00,-77.41806802996904,stop_loss
BTCUSD,SELL,0.24422829779087402,67269.25,67581.48571428572,66332.54285714286,2026-02-12T15:00:00+00:00,67581.48571428572,2026-02-12T15:15:00+00:00,-76.25679700951952,stop_loss
BTCUSD,SELL,0.2157310966788899,66662.85,67011.02857142859,65618.31428571428,2026-02-12T16:05:00+00:00,65618.31428571428,2026-02-12T16:50:00+00:00,225.338835163127,take_profit
BTCUSD,SELL,0.2236177579556294,65592.75,65943.76428571428,64539.70714285714,2026-02-12T16:50:00+00:00,65943.76428571428,2026-02-12T17:00:00+00:00,-78.49302758182361,stop_loss
BTCUSD,BUY,0.5433147699100992,66614.4,66472.09642857143,67041.3107142857,2026-02-13T08:45:00+00:00,67041.3107142857,2026-02-13T10:40:00+00:00,231.9468965042967,take_profit
BTCUSD,BUY,0.7030222807540454,67118.6,67003.675,67463.37500000001,2026-02-13T11:55:00+00:00,67003.675,2026-02-13T12:00:00+00:00,-80.79483561566072,stop_loss
BTCUSD,BUY,0.6542917950142383,67182.5,67060.86785714286,67547.39642857143,2026-02-13T13:20:00+00:00,67547.39642857143,2026-02-13T13:30:00+00:00,238.74873924428695,take_profit
BTCUSD,BUY,0.5890556871221414,67456.35,67315.16785714286,67879.89642857145,2026-02-13T13:30:00+00:00,67315.16785714286,2026-02-13T13:35:00+00:00,-83.16414417009013,stop_loss
BTCUSD,BUY,0.32360776209981523,67835.75,67582.61428571428,68595.15714285715,2026-02-13T14:45:00+00:00,67582.61428571428,2026-02-13T14:50:00+00:00,-81.91668200753877,stop_loss
BTCUSD,BUY,0.2641484964068618,68211.6,67906.13571428572,69127.99285714286,2026-02-13T15:05:00+00:00,69127.99285714286,2026-02-13T15:30:00+00:00,242.06379533227326,take_profit
BTCUSD,BUY,0.21537981187292884,69026.65,68635.16071428571,70201.11785714285,2026-02-13T15:30:00+00:00,68635.16071428571,2026-02-13T15:45:00+00:00,-84.31888870740978,stop_loss
BTCUSD,BUY,0.9064568117522361,69361.0,69269.375,69635.875,2026-02-14T08:00:00+00:00,69635.875,2026-02-14T08:05:00+00:00,249.1623161303959,take_profit
BTCUSD,BUY,0.7476964873931068,69501.55,69385.47142857143,69849.78571428571,2026-02-14T08:05:00+00:00,69849.78571428571,2026-02-14T09:00:00+00:00,260.3746203562528,take_profit
BTCUSD,BUY,1.1928791694652578,70051.0,69974.96785714285,70279.09642857141,2026-02-14T11:10:00+00:00,69974.96785714285,2026-02-14T11:15:00+00:00,-90.69715942409836,stop_loss
BTCUSD,BUY,0.8670159290550076,70295.45,70192.41071428571,70604.56785714284,2026-02-14T11:20:00+00:00,70192.41071428571,2026-02-14T11:25:00+00:00,-89.33670203273688,stop_loss
BTCUSD,BUY,0.5476320772721899,70474.9,70314.21428571429,70956.95714285714,2026-02-14T11:55:00+00:00,70314.21428571429,2026-02-14T12:15:00+00:00,-87.99665150224584,stop_loss
BTCUSD,BUY,0.6370610164930582,69932.85,69796.79285714286,70341.02142857143,2026-02-14T15:20:00+00:00,69796.79285714286,2026-02-14T15:35:00+00:00,-86.67670172971214,stop_loss
BTCUSD,BUY,0.7111537806650557,70761.75,70641.69642857143,71121.91071428571,2026-02-15T07:15:00+00:00,70641.69642857143,2026-02-15T07:20:00+00:00,-85.37655120376645,stop_loss
BTCUSD,SELL,0.694126487103112,69958.6,70079.75357142858,69595.1392857143,2026-02-15T12:45:00+00:00,69595.1392857143,2026-02-15T12:50:00+00:00,252.28770880712986,take_profit
BTCUSD,SELL,0.5897153141683408,69570.55,69719.57142857143,69123.48571428572,2026-02-15T12:50:00+00:00,69123.48571428572,2026-02-15T13:25:00+00:00,263.6406557034422,take_profit
BTCUSD,SELL,0.42106753050603435,69019.55,69237.65000000001,68365.25,2026-02-15T13:25:00+00:00,68958.15,2026-02-15T17:25:00+00:00,25.853546373074185,max_hold
BTCUSD,BUY,1.21637085344151,68917.75,68841.93214285714,69145.20357142857,2026-02-16T09:00:00+00:00,68841.93214285714,2026-02-16T09:05:00+00:00,-92.22263159896464,stop_loss
BTCUSD,BUY,1.0933202284643584,68932.95,68849.86428571428,69182.20714285714,2026-02-16T09:25:00+00:00,68849.86428571428,2026-02-16T10:20:00+00:00,-90.83929212498019,stop_loss
BTCUSD,SELL,1.0955213069250356,68672.15,68753.825,68427.125,2026-02-16T11:05:00+00:00,68427.125,2026-02-16T11:20:00+00:00,268.43010822930046,take_profit
BTCUSD,SELL,0.832275271724338,68391.95,68504.29642857143,68054.91071428571,2026-02-16T11:20:00+00:00,68504.29642857143,2026-02-16T11:25:00+00:00,-93.50315436654499,stop_loss
BTCUSD,BUY,0.6642326904567325,68939.75,68801.09285714285,69355.72142857143,2026-02-16T12:05:00+00:00,68801.09285714285,2026-02-16T12:15:00+00:00,-92.10060705104682,stop_loss
BTCUSD,BUY,0.5348215059412299,69471.0,69301.375,69979.875,2026-02-16T12:25:00+00:00,69301.375,2026-02-16T12:30:00+00:00,-90.71909794528112,stop_loss
BTCUSD,BUY,0.43663206487109896,69689.15,69484.49642857142,70303.1107142857,2026-02-16T12:50:00+00:00,69484.49642857142,2026-02-16T13:20:00+00:00,-89.3583114761019,stop_loss
BTCUSD,SELL,0.2943110929937338,68315.35,68614.41428571429,67418.15714285715,2026-02-16T13:35:00+00:00,68614.41428571429,2026-02-16T14:50:00+00:00,-88.01793680396038,stop_loss
BTCUSD,SELL,1.0204441956590284,68071.55,68156.51071428572,67816.66785714286,2026-02-17T09:10:00+00:00,67816.66785714286,2026-02-17T10:15:00+00:00,260.0930032557029,take_profit
BTCUSD,SELL,0.8385474541916125,67804.3,67912.34285714287,67480.17142857143,2026-02-17T10:15:00+00:00,67912.34285714287,2026-02-17T10:20:00+00:00,-90.5990628007365,stop_loss
BTCUSD,BUY,0.6462323881560389,68303.9,68165.80714285713,68718.17857142858,2026-02-17T13:20:00+00:00,68165.80714285713,2026-02-17T13:25:00+00:00,-89.24007685872546,stop_loss
BTCUSD,SELL,0.48022346830632134,67580.25,67763.29285714286,67031.12142857142,2026-02-17T14:35:00+00:00,67031.12142857142,2026-02-17T14:40:00+00:00,263.7044271175267,take_profit
BTCUSD,SELL,0.42048771055519796,67067.55,67286.00357142858,66412.18928571428,2026-02-17T14:40:00+00:00,67286.00357142858,2026-02-17T15:50:00+00:00,-91.85704211260746,stop_loss
BTCUSD,BUY,1.136163432355216,68044.15,67964.51428571428,68283.05714285713,2026-02-18T07:40:00+00:00,68283.05714285713,2026-02-18T08:15:00+00:00,271.4375594427385,take_profit
BTCUSD,BUY,0.9237982400835764,68304.35,68202.0,68611.40000000001,2026-02-18T08:15:00+00:00,68202.0,2026-02-18T08:30:00+00:00,-94.55074987255942,stop_loss
BTCUSD,SELL,0.7652403913152964,67162.55,67284.25357142858,66797.4392857143,2026-02-18T11:05:00+00:00,67284.25357142858,2026-02-18T11:10:00+00:00,-93.13248862447104,stop_loss
BTCUSD,SELL,0.9085614361936394,67265.6,67366.56785714286,66962.69642857143,2026-02-18T13:40:00+00:00,66962.69642857143,2026-02-18T14:45:00+00:00,275.2065038853251,take_profit
BTCUSD,SELL,0.5068987154447707,66739.05,66928.16785714286,66171.69642857142,2026-02-18T14:45:00+00:00,66928.16785714286,2026-02-18T14:50:00+00:00,-95.86359885338383,stop_loss
BTCUSD,BUY,0.34403618170153366,68086.6,67812.13571428572,68909.99285714286,2026-02-18T15:35:00+00:00,67812.13571428572,2026-02-18T15:50:00+00:00,-94.42564487058308,stop_loss
BTCUSD,SELL,1.0938129638080258,66925.85,67010.88214285715,66670.75357142856,2026-02-19T08:20:00+00:00,67010.88214285715,2026-02-19T09:20:00+00:00,-93.00926019752434,stop_loss
BTCUSD,SELL,0.9423243686164536,66757.05,66854.27142857143,66465.3857142857,2026-02-19T09:45:00+00:00,66854.27142857143,2026-02-19T10:10:00+00:00,-91.61412129456147,stop_loss
BTCUSD,SELL,1.2421795709669583,66664.25,66736.89642857143,66446.3107142857,2026-02-19T11:35:00+00:00,66446.3107142857,2026-02-19T12:00:00+00:00,270.7197284254292,take_profit
BTCUSD,SELL,1.25782190893801,66407.3,66482.27142857143,66182.38571428572,2026-02-19T12:00:00+00:00,66482.27142857143,2026-02-19T12:05:00+00:00,-94.30070540152448,stop_loss
BTCUSD,SELL,0.8240592677589939,66150.0,66262.71785714285,65811.84642857143,2026-02-19T13:20:00+00:00,66262.71785714285,2026-02-19T13:35:00+00:00,-92.88619482050161,stop_loss
BTCUSD,SELL,0.7582883178869668,66075.25,66195.90714285715,65713.27857142857,2026-02-19T13:35:00+00:00,65713.27857142857,2026-02-19T14:30:00+00:00,274.47870569457126,take_profit
BTCUSD,SELL,0.5801959882839849,65709.35,65874.1392857143,65214.982142857145,2026-02-19T14:30:00+00:00,65874.1392857143,2026-02-19T14:35:00+00:00,-95.61008248361267,stop_loss
BTCUSD,BUY,1.0235719567184787,68151.8,68059.79285714286,68427.82142857143,2026-02-20T09:00:00+00:00,68059.79285714286,2026-02-20T10:45:00+00:00,-94.17593124635849,stop_loss
BTCUSD,SELL,0.6769984318861763,67211.5,67348.52142857143,66800.43571428572,2026-02-20T13:00:00+00:00,66800.43571428572,2026-02-20T13:35:00+00:00,278.2898768329795,take_profit
BTCUSD,SELL,0.5307912101150536,66512.2,66694.82857142857,65964.31428571428,2026-02-20T13:35:00+00:00,66694.82857142857,2026-02-20T13:45:00+00:00,-96.9376404301578,stop_loss
BTCUSD,BUY,2.6554828397539203,67888.35,67852.39285714287,67996.22142857143,2026-02-21T08:10:00+00:00,67996.22142857143,2026-02-21T08:50:00+00:00,286.45072747115495,take_profit
BTCUSD,BUY,2.7463377849218813,67998.3,67961.96785714285,68107.29642857143,2026-02-21T08:50:00+00:00,67961.96785714285,2026-02-21T08:55:00+00:00,-99.78033673577276,stop_loss
BTCUSD,BUY,2.3627901495428736,68041.3,67999.70357142857,68166.08928571429,2026-02-21T08:55:00+00:00,67999.70357142857,2026-02-21T09:05:00+00:00,-98.28363168473615,stop_loss
BTCUSD,BUY,1.8960986023118829,68100.25,68049.19285714286,68253.42142857143,2026-02-21T09:15:00+00:00,68253.42142857143,2026-02-21T09:25:00+00:00,290.42813162839536,take_profit
BTCUSD,BUY,1.9743795756248983,68233.65,68182.41071428571,68387.36785714285,2026-02-21T13:55:00+00:00,68182.41071428571,2026-02-21T14:05:00+00:00,-101.16579918389105,stop_loss
BTCUSD,BUY,2.1123118642528147,68239.55,68192.375,68381.075,2026-02-21T14:10:00+00:00,68381.075,2026-02-21T14:20:00+00:00,298.9449365883673,take_profit
BTCUSD,BUY,1.4776553896507258,68479.65,68409.17857142857,68691.06428571428,2026-02-21T14:20:00+00:00,68409.17857142857,2026-02-21T14:25:00+00:00,-104.1324862449582,stop_loss
BTCUSD,BUY,1.3248334581769718,68613.5,68536.07857142857,68845.7642857143,2026-02-21T15:40:00+00:00,68536.07857142857,2026-02-21T16:00:00+00:00,-102.57049895128382,stop_loss
BTCUSD,SELL,3.2760791674302565,67948.55,67979.3892857143,67856.03214285715,2026-02-22T08:20:00+00:00,67979.3892857143,2026-02-22T08:35:00+00:00,-101.03194146701456,stop_loss
BTCUSD,BUY,2.8723440322234755,68170.75,68136.10357142857,68274.68928571428,2026-02-22T11:00:00+00:00,68136.10357142857,2026-02-22T12:00:00+00:00,-99.51646234500932,stop_loss
BTCUSD,SELL,2.2720728737379883,67996.25,68039.39285714286,67866.82142857142,2026-02-22T12:10:00+00:00,68039.39285714286,2026-02-22T12:15:00+00:00,-98.0237154098342,stop_loss
BTCUSD,SELL,1.6891559331476012,67901.5,67958.66071428572,67730.01785714284,2026-02-22T12:35:00+00:00,67958.66071428572,2026-02-22T12:50:00+00:00,-96.55335967868669,stop_loss
BTCUSD,SELL,1.494439452235189,67830.3,67893.9392857143,67639.38214285714,2026-02-22T13:30:00+00:00,67639.38214285714,2026-02-22T13:35:00+00:00,285.31517785049743,take_profit
BTCUSD,SELL,1.318412865227425,67626.9,67702.28214285713,67400.75357142856,2026-02-22T13:35:00+00:00,67400.75357142856,2026-02-22T14:40:00+00:00,298.1543608538107,take_profit
BTCUSD,SELL,0.9841609808426965,67421.35,67526.87857142858,67104.7642857143,2026-02-22T14:40:00+00:00,67526.87857142858,2026-02-22T14:50:00+00:00,-103.85710236407101,stop_loss
BTCUSD,SELL,0.9711075682130506,67339.6,67444.94285714286,67023.57142857143,2026-02-22T15:05:00+00:00,67444.94285714286,2026-02-22T15:20:00+00:00,-102.29924582860994,stop_loss
BTCUSD,SELL,1.0787280443330864,66127.85,66221.26071428572,65847.61785714286,2026-02-23T11:40:00+00:00,66221.26071428572,2026-02-23T12:05:00+00:00,-100.76475714118078,stop_loss
BTCUSD,SELL,1.121144102773027,65948.35,66036.87857142858,65682.7642857143,2026-02-23T12:30:00+00:00,66036.87857142858,2026-02-23T12:35:00+00:00,-99.25328578406307,stop_loss
BTCUSD,SELL,0.7111622212211504,65836.3,65973.77142857143,65423.885714285716,2026-02-23T14:35:00+00:00,65973.77142857143,2026-02-23T14:50:00+00:00,-97.76448649730216,stop_loss
BTCUSD,SELL,0.47146308642891677,65395.15,65599.40357142857,64782.389285714286,2026-02-23T16:00:00+00:00,65599.40357142857,2026-02-23T16:25:00+00:00,-96.29801919984261,stop_loss
BTCUSD,SELL,1.158365042538209,63011.7,63093.58571428571,62766.04285714286,2026-02-24T12:45:00+00:00,63093.58571428571,2026-02-24T12:50:00+00:00,-94.85354891184498,stop_loss
BTCUSD,SELL,1.0265906208015685,62958.0,63049.010714285716,62684.96785714286,2026-02-24T12:55:00+00:00,63049.010714285716,2026-02-24T13:10:00+00:00,-93.43074567816731,stop_loss
BTCUSD,SELL,0.6991778498992958,62692.65,62824.275,62297.775,2026-02-24T13:30:00+00:00,62824.275,2026-02-24T13:35:00+00:00,-92.0292844929948,stop_loss
BTCUSD,BUY,0.3525820506635566,63894.75,63637.65,64666.05,2026-02-24T15:20:00+00:00,64666.05,2026-02-24T19:05:00+00:00,271.9465356768022,take_profit
BTCUSD,BUY,0.9437749826718632,65220.9,65120.52857142857,65522.014285714286,2026-02-25T08:20:00+00:00,65522.014285714286,2026-02-25T08:50:00+00:00,284.1841297822489,take_profit
BTCUSD,BUY,0.9878265603940384,65572.3,65472.08928571429,65872.93214285714,2026-02-25T08:50:00+00:00,65472.08928571429,2026-02-25T09:05:00+00:00,-98.99080520748564,stop_loss
BTCUSD,BUY,0.9886892183756804,65707.7,65609.07857142857,66003.56428571428,2026-02-25T12:15:00+00:00,66003.56428571428,2026-02-25T12:45:00+00:00,292.5178293881345,take_profit
BTCUSD,BUY,0.8658908907600839,66010.75,65893.075,66363.775,2026-02-25T12:45:00+00:00,66363.775,2026-02-25T13:40:00+00:00,305.68113171057354,take_profit
BTCUSD,BUY,0.7395653936159033,66313.4,66169.42499999999,66745.325,2026-02-25T13:40:00+00:00,66745.325,2026-02-25T14:30:00+00:00,319.43678263755123,take_profit
BTCUSD,BUY,0.49009350489872205,66799.1,66572.06071428572,67480.21785714285,2026-02-25T14:45:00+00:00,67480.21785714285,2026-02-25T15:40:00+00:00,333.81143785624465,take_profit
BTCUSD,BUY,0.40834483750252853,67518.0,67233.24642857144,68372.26071428572,2026-02-25T15:40:00+00:00,67233.24642857144,2026-02-25T15:55:00+00:00,-116.27765085326092,stop_loss
BTCUSD,BUY,0.5166147320273501,67846.15,67624.45,68511.24999999999,2026-02-25T16:15:00+00:00,68511.24999999999,2026-02-25T17:10:00+00:00,343.60045827138606,take_profit
BTCUSD,BUY,0.8353481736394955,68335.2,68191.92142857143,68765.03571428571,2026-02-26T09:10:00+00:00,68191.92142857143,2026-02-26T09:15:00+00:00,-119.68749296453281,stop_loss
BTCUSD,BUY,0.8371750078523991,68463.85,68323.02857142859,68886.3142857143,2026-02-26T09:35:00+00:00,68323.02857142859,2026-02-26T10:30:00+00:00,-117.89218057006481,stop_loss
BTCUSD,SELL,1.147387373887572,68084.1,68185.30714285714,67780.47857142858,2026-02-26T11:40:00+00:00,68185.30714285714,2026-02-26T12:00:00+00:00,-116.12379786151385,stop_loss
BTCUSD,SELL,1.0399033524970591,67903.85,68013.84285714287,67573.87142857144,2026-02-26T13:55:00+00:00,68013.84285714287,2026-02-26T14:10:00+00:00,-114.38194089359114,stop_loss
BTCUSD,SELL,0.5022774419802218,67371.25,67595.56071428572,66698.31785714286,2026-02-26T14:45:00+00:00,67595.56071428572,2026-02-26T14:55:00+00:00,-112.66621178018727,stop_loss
BTCUSD,SELL,0.36275205707420366,66973.5,67279.42857142857,66055.71428571429,2026-02-26T15:15:00+00:00,67279.42857142857,2026-02-26T15:35:00+00:00,-110.97621860348447,stop_loss
BTCUSD,SELL,0.433241908231637,66610.25,66862.56071428572,65853.31785714286,2026-02-26T16:50:00+00:00,66862.56071428572,2026-02-26T17:00:00+00:00,-109.3115753244322,stop_loss
BTCUSD,SELL,1.2449674791243721,67514.4,67600.88571428572,67254.94285714284,2026-02-27T07:25:00+00:00,67600.88571428572,2026-02-27T07:30:00+00:00,-107.67190169456573,stop_loss
BTCUSD,BUY,0.8953720824748825,67995.1,67876.65000000001,68350.45000000001,2026-02-27T08:05:00+00:00,67876.65000000001,2026-02-27T08:15:00+00:00,-106.05682316914724,stop_loss
BTCUSD,SELL,0.7250265672727312,67464.3,67608.38571428572,67032.04285714286,2026-02-27T09:45:00+00:00,67032.04285714286,2026-02-27T10:10:00+00:00,313.39791246483014,take_profit
BTCUSD,SELL,0.5968318473572937,66884.15,67067.0607142857,66335.41785714285,2026-02-27T10:10:00+00:00,66335.41785714285,2026-02-27T11:35:00+00:00,327.5008185257562,take_profit
BTCUSD,SELL,0.6757689451682353,66127.7,66296.51428571428,65621.25714285714,2026-02-27T11:35:00+00:00,66296.51428571428,2026-02-27T13:50:00+00:00,-114.07945178646885,stop_loss
BTCUSD,SELL,0.6813294528402292,65494.15,65659.075,64999.37500000001,2026-02-27T16:45:00+00:00,65659.075,2026-02-27T17:05:00+00:00,-112.36826000967181,stop_loss
BTCUSD,SELL,0.5669081184383221,63814.55,64009.78928571429,63228.83214285715,2026-02-28T08:00:00+00:00,64009.78928571429,2026-02-28T10:30:00+00:00,-110.68273610952676,stop_loss
BTCUSD,BUY,0.7550781294896389,65169.1,65024.71428571428,65602.25714285714,2026-02-28T16:40:00+00:00,65024.71428571428,2026-02-28T16:50:00+00:00,-109.02249506788384,stop_loss
BTCUSD,BUY,0.8863460717993493,67270.85,67149.69285714286,67634.32142857143,2026-03-01T08:10:00+00:00,67149.69285714286,2026-03-01T08:20:00+00:00,-107.38715764186558,stop_loss
BTCUSD,SELL,1.1591475119417936,66293.6,66384.85357142858,66019.83928571429,2026-03-01T12:30:00+00:00,66384.85357142858,2026-03-01T12:40:00+00:00,-105.77635027723758,stop_loss
BTCUSD,BUY,0.6026134020462616,67157.5,66984.60357142857,67676.18928571428,2026-03-01T13:50:00+00:00,66984.60357142857,2026-03-01T13:55:00+00:00,-104.18970502307904,stop_loss
BTCUSD,SELL,0.5005229075502085,66105.5,66310.53928571429,65490.38214285714,2026-03-01T16:45:00+00:00,66310.53928571429,2026-03-01T18:00:00+00:00,-102.62685944773283,stop_loss
BTCUSD,SELL,0.6329834474390651,65981.9,66141.59999999999,65502.799999999996,2026-03-02T07:00:00+00:00,66141.59999999999,2026-03-02T08:50:00+00:00,-101.08745655601685,stop_loss
BTCUSD,BUY,0.5486013482516617,66401.0,66219.5,66945.49999999999,2026-03-02T09:10:00+00:00,66219.5,2026-03-02T09:55:00+00:00,-99.57114470767661,stop_loss
BTCUSD,SELL,0.8356934271744274,65988.2,66105.5607142857,65636.11785714285,2026-03-02T12:40:00+00:00,66105.5607142857,2026-03-02T13:25:00+00:00,-98.07757753706144,stop_loss
BTCUSD,SELL,0.6012535483056093,65584.6,65745.27500000001,65102.575,2026-03-02T13:40:00+00:00,65745.27500000001,2026-03-02T14:30:00+00:00,-96.60641387400553,stop_loss
BTCUSD,BUY,0.4078441265969268,66248.1,66014.78214285715,66948.05357142858,2026-03-02T14:30:00+00:00,66948.05357142858,2026-03-02T14:45:00+00:00,285.47195299768634,take_profit
BTCUSD,BUY,0.3659367717092431,66990.0,66718.26071428572,67805.21785714285,2026-03-02T14:45:00+00:00,67805.21785714285,2026-03-02T15:05:00+00:00,298.31819088258226,take_profit
BTCUSD,BUY,0.30433202467154885,67752.8,67411.35,68777.15,2026-03-02T15:05:00+00:00,68777.15,2026-03-02T15:25:00+00:00,311.7425094722984,take_profit
BTCUSD,BUY,0.24049107087346186,68885.65,68434.11428571428,70240.25714285714,2026-03-02T15:30:00+00:00,68914.85,2026-03-02T19:30:00+00:00,7.022339269507886,max_hold
BTCUSD,SELL,0.834584142250907,67748.45,67878.68928571428,67357.73214285714,2026-03-03T08:25:00+00:00,67357.73214285714,2026-03-03T08:40:00+00:00,326.0869276656797,take_profit
BTCUSD,SELL,0.7558785296049669,67338.8,67489.07142857143,66887.98571428572,2026-03-03T08:40:00+00:00,66887.98571428572,2026-03-03T09:05:00+00:00,340.76083941062427,take_profit
BTCUSD,SELL,0.5952776281914473,66613.55,66812.95,66015.35,2026-03-03T09:25:00+00:00,66812.95,2026-03-03T10:45:00+00:00,-118.69835906137112,stop_loss
BTCUSD,SELL,0.6869296730622086,66719.95,66890.15357142857,66209.33928571428,2026-03-03T13:45:00+00:00,66890.15357142857,2026-03-03T13:50:00+00:00,-116.91788367545057,stop_loss
BTCUSD,SELL,0.40418591523800856,66439.9,66724.82857142857,65585.11428571427,2026-03-03T14:40:00+00:00,66724.82857142857,2026-03-03T14:50:00+00:00,-115.16411542031881,stop_loss
BTCUSD,BUY,0.33975422023536583,68560.6,68226.72142857143,69562.23571428572,2026-03-03T16:05:00+00:00,68226.72142857143,2026-03-03T16:10:00+00:00,-113.43665368901402,stop_loss
BTCUSD,BUY,0.30339833091632984,68885.6,68517.32142857143,69990.43571428572,2026-03-03T16:20:00+00:00,68517.32142857143,2026-03-03T16:30:00+00:00,-111.7351038836788,stop_loss
BTCUSD,BUY,0.7195419270365172,68768.35,68615.39285714287,69227.22142857144,2026-03-04T07:25:00+00:00,69227.22142857144,2026-03-04T07:45:00+00:00,330.17723197629186,take_profit
BTCUSD,BUY,0.6489981061148385,69437.1,69259.88571428572,69968.74285714286,2026-03-04T07:45:00+00:00,69259.88571428572,2026-03-04T08:20:00+00:00,-115.01173580506801,stop_loss
BTCUSD,BUY,0.44555274725095934,69911.85,69657.58928571429,70674.63214285715,2026-03-04T08:40:00+00:00,70674.63214285715,2026-03-04T08:50:00+00:00,339.85967930397595,take_profit
BTCUSD,BUY,0.388892573421023,70663.2,70358.78571428571,71576.44285714286,2026-03-04T08:50:00+00:00,71576.44285714286,2026-03-04T09:35:00+00:00,355.15336487265483,take_profit
BTCUSD,BUY,0.36369764936246823,71697.85,71357.70000000001,72718.3,2026-03-04T09:35:00+00:00,71357.70000000001,2026-03-04T09:55:00+00:00,-123.71175543064145,stop_loss
BTCUSD,BUY,0.635269734081267,71529.4,71337.58214285714,72104.85357142857,2026-03-04T13:05:00+00:00,71337.58214285714,2026-03-04T13:10:00+00:00,-121.85607909918184,stop_loss
BTCUSD,BUY,0.6632310424792941,71807.5,71626.525,72350.425,2026-03-04T14:10:00+00:00,71626.525,2026-03-04T14:20:00+00:00,-120.02823791269411,stop_loss
BTCUSD,BUY,0.4978312682916265,72445.15,72207.66428571427,73157.60714285714,2026-03-04T14:30:00+00:00,72207.66428571427,2026-03-04T14:35:00+00:00,-118.2278143440037,stop_loss
BTCUSD,SELL,0.8382321644235031,71825.8,71964.72857142858,71409.01428571428,2026-03-05T07:50:00+00:00,71964.72857142858,2026-03-05T07:55:00+00:00,-116.45439712884365,stop_loss
BTCUSD,BUY,0.6769833848646996,72952.8,72783.36071428572,73461.11785714286,2026-03-05T10:20:00+00:00,73461.11785714286,2026-03-05T10:30:00+00:00,344.1227435157428,take_profit
BTCUSD,BUY,0.6060241996804366,73531.1,73333.30357142858,74124.48928571428,2026-03-05T10:30:00+00:00,73333.30357142858,2026-03-05T10:35:00+00:00,-119.86942232464713,stop_loss
BTCUSD,SELL,0.7246500959435525,72513.8,72676.73571428572,72024.99285714286,2026-03-05T13:20:00+00:00,72676.73571428572,2026-03-05T13:45:00+00:00,-118.07138098977742,stop_loss
BTCUSD,SELL,0.4867139998950918,72029.05,72268.0,71312.2,2026-03-05T14:40:00+00:00,72268.0,2026-03-05T14:45:00+00:00,-116.30031027493077,stop_loss
BTCUSD,SELL,0.34474350910153756,71869.85,72202.14285714287,70872.97142857144,2026-03-05T15:05:00+00:00,70872.97142857144,2026-03-05T16:10:00+00:00,343.66741686241033,take_profit
BTCUSD,SELL,0.9591115006480845,70332.95,70457.76428571428,69958.50714285714,2026-03-06T09:30:00+00:00,70457.76428571428,2026-03-06T09:40:00+00:00,-119.71081687374296,stop_loss
BTCUSD,SELL,1.1259119933767343,70314.75,70419.47857142857,70000.5642857143,2026-03-06T11:45:00+00:00,70000.5642857143,2026-03-06T12:05:00+00:00,353.7454638619104,take_profit
BTCUSD,SELL,0.99710924923408,69849.3,69972.87857142858,69478.5642857143,2026-03-06T12:05:00+00:00,69972.87857142858,2026-03-06T12:15:00+00:00,-123.22133657856547,stop_loss
BTCUSD,SELL,0.7770004259081303,69770.7,69926.90714285713,69302.07857142857,2026-03-06T12:35:00+00:00,69926.90714285713,2026-03-06T12:50:00+00:00,-121.373016529887,stop_loss
BTCUSD,SELL,0.5311586106271217,69233.55,69458.62857142858,68558.3142857143,2026-03-06T13:55:00+00:00,68558.3142857143,2026-03-06T14:35:00+00:00,358.65726384580836,take_profit
BTCUSD,SELL,0.3809201318381694,68644.35,68972.32500000001,67660.42500000002,2026-03-06T14:35:00+00:00,68972.32500000001,2026-03-06T15:20:00+00:00,-124.93228023962583,stop_loss
BTCUSD,SELL,1.4964743926205402,67803.2,67885.43214285714,67556.50357142856,2026-03-07T08:00:00+00:00,67885.43214285714,2026-03-07T08:15:00+00:00,-123.05829603603146,stop_loss
BTCUSD,SELL,1.7698935151617115,67889.95,67958.4357142857,67684.49285714285,2026-03-07T13:35:00+00:00,67684.49285714285,2026-03-07T14:10:00+00:00,363.63726478652444,take_profit
BTCUSD,BUY,1.7012881737823038,67489.8,67415.34642857143,67713.16071428572,2026-03-08T08:40:00+00:00,67713.16071428572,2026-03-08T09:10:00+00:00,380.0009417018665,take_profit
BTCUSD,BUY,1.3548805890691409,67765.8,67668.10357142857,68058.8892857143,2026-03-08T09:10:00+00:00,68058.8892857143,2026-03-08T10:20:00+00:00,397.1009840784308,take_profit
BTCUSD,BUY,1.469684007403961,68101.9,68007.78214285713,68384.25357142856,2026-03-08T10:20:00+00:00,68007.78214285713,2026-03-08T10:30:00+00:00,-138.3235094539933,stop_loss
BTCUSD,SELL,0.9215775414874054,67308.3,67456.14285714286,66864.77142857143,2026-03-08T12:05:00+00:00,67456.14285714286,2026-03-08T12:40:00+00:00,-136.24865681218338,stop_loss
BTCUSD,SELL,1.503516166478593,66926.1,67015.36071428572,66658.31785714287,2026-03-08T16:30:00+00:00,67015.36071428572,2026-03-08T17:00:00+00:00,-134.20492696000062,stop_loss
BTCUSD,SELL,0.9828390561754692,66993.25,67127.75,66589.75,2026-03-09T07:15:00+00:00,67127.75,2026-03-09T07:20:00+00:00,-132.1918530556006,stop_loss
BTCUSD,BUY,0.7797945218106551,67705.1,67538.12142857144,68206.03571428571,2026-03-09T08:20:00+00:00,68206.03571428571,2026-03-09T09:30:00+00:00,390.62692577929977,take_profit
BTCUSD,BUY,0.8475140401523115,68166.1,68005.55,68647.75,2026-03-09T09:30:00+00:00,68005.55,2026-03-09T09:55:00+00:00,-136.06837914645607,stop_loss
BTCUSD,BUY,1.0518726061214483,67983.8,67856.38214285715,68366.05357142858,2026-03-09T12:15:00+00:00,68366.05357142858,2026-03-09T13:10:00+00:00,402.0820603778083,take_profit
BTCUSD,BUY,0.9178580635252694,68467.3,68314.70714285715,68925.07857142857,2026-03-09T13:10:00+00:00,68314.70714285715,2026-03-09T13:15:00+00:00,-140.05858436492636,stop_loss
BTCUSD,BUY,0.7144630186780543,68768.7,68575.60714285714,69347.97857142857,2026-03-09T13:25:00+00:00,69347.97857142857,2026-03-09T14:35:00+00:00,413.87311679836773,take_profit
BTCUSD,BUY,0.491596028136831,69366.35,69073.08928571429,70246.13214285714,2026-03-09T14:35:00+00:00,69073.08928571429,2026-03-09T15:05:00+00:00,-144.16580235142797,stop_loss
BTCUSD,BUY,0.7469365849211786,70922.35,70732.23571428572,71492.69285714286,2026-03-10T08:05:00+00:00,70732.23571428572,2026-03-10T08:50:00+00:00,-142.00331531615655,stop_loss
BTCUSD,BUY,0.8431905434937044,71180.85,71014.96428571429,71678.50714285714,2026-03-10T09:20:00+00:00,71014.96428571429,2026-03-10T09:45:00+00:00,-139.8732655864142,stop_loss
BTCUSD,BUY,1.4272993432267722,70766.6,70670.07142857143,71056.18571428572,2026-03-10T13:10:00+00:00,70670.07142857143,2026-03-10T13:30:00+00:00,-137.775166602618,stop_loss
BTCUSD,SELL,0.4498235072211797,69630.9,69932.59285714285,68725.82142857142,2026-03-10T14:05:00+00:00,69932.59285714285,2026-03-10T14:25:00+00:00,-135.70853910357872,stop_loss
BTCUSD,BUY,0.40656986372615866,71136.45,70807.66785714285,72122.79642857143,2026-03-10T14:50:00+00:00,70807.66785714285,2026-03-10T17:35:00+00:00,-133.67291101702503,stop_loss
BTCUSD,SELL,1.3343101287910906,69513.1,69611.77857142857,69217.0642857143,2026-03-11T08:25:00+00:00,69611.77857142857,2026-03-11T08:30:00+00:00,-131.66781735176966,stop_loss
BTCUSD,SELL,1.3097920297788577,69339.2,69438.21785714285,69042.14642857142,2026-03-11T11:50:00+00:00,69042.14642857142,2026-03-11T12:05:00+00:00,389.07840027449834,take_profit
BTCUSD,SELL,1.1421210289162271,69035.45,69154.11428571428,68679.45714285714,2026-03-11T12:05:00+00:00,69154.11428571428,2026-03-11T12:10:00+00:00,-135.52897609561057,stop_loss
BTCUSD,BUY,0.674855412854233,70092.35,69894.53571428572,70685.79285714286,2026-03-11T13:15:00+00:00,70685.79285714286,2026-03-11T13:30:00+00:00,400.48812436253905,take_profit
BTCUSD,BUY,0.6007434787144599,70736.2,70503.98214285714,71432.85357142857,2026-03-11T13:30:00+00:00,70503.98214285714,2026-03-11T13:40:00+00:00,-139.5033633196145,stop_loss
BTCUSD,BUY,1.1523954713975564,70018.95,69899.71071428571,70376.66785714286,2026-03-12T08:15:00+00:00,69899.71071428571,2026-03-12T08:25:00+00:00,-137.4108128698203,stop_loss
BTCUSD,BUY,1.0565642250828686,70285.95,70157.84642857143,70670.26071428572,2026-03-12T09:40:00+00:00,70157.84642857143,2026-03-12T09:45:00+00:00,-135.34965067677297,stop_loss
BTCUSD,BUY,0.992118047537673,70662.9,70528.52142857142,71066.03571428572,2026-03-12T11:35:00+00:00,70528.52142857142,2026-03-12T11:50:00+00:00,-133.31940591662138,stop_loss
BTCUSD,SELL,0.9811215452625359,70119.6,70253.44642857143,69718.06071428572,2026-03-12T13:20:00+00:00,70253.44642857143,2026-03-12T13:30:00+00:00,-131.31961482787204,stop_loss
BTCUSD,SELL,0.41812456441384055,69593.05,69902.40714285715,68664.97857142858,2026-03-12T14:35:00+00:00,69902.40714285715,2026-03-12T15:20:00+00:00,-129.34982060545397,stop_loss
BTCUSD,BUY,1.0889374720851794,71716.85,71599.84642857143,72067.86071428572,2026-03-13T08:30:00+00:00,72067.86071428572,2026-03-13T08:35:00+00:00,382.2287198891007,take_profit
BTCUSD,BUY,0.9370611589211432,72050.05,71907.96428571429,72476.30714285714,2026-03-13T08:35:00+00:00,71907.96428571429,2026-03-13T08:45:00+00:00,-133.1430040947087,stop_loss
BTCUSD,BUY,0.9629927758659241,72192.65,72056.46428571428,72601.20714285714,2026-03-13T10:00:00+00:00,72601.20714285714,2026-03-13T12:45:00+00:00,393.4375770998501,take_profit
BTCUSD,BUY,0.9975895167976528,72760.7,72623.32142857142,73172.83571428571,2026-03-13T12:45:00+00:00,73172.83571428571,2026-03-13T13:15:00+00:00,411.1422680693429,take_profit
BTCUSD,BUY,0.7355922493126736,73261.55,73066.85714285714,73845.62857142856,2026-03-13T13:15:00+00:00,73066.85714285714,2026-03-13T13:20:00+00:00,-143.21455671082595,stop_loss
BTCUSD,BUY,0.5273226361856096,73502.45,73234.93571428572,74304.99285714285,2026-03-13T13:50:00+00:00,73234.93571428572,2026-03-13T14:40:00+00:00,-141.06633836016357,stop_loss
BTCUSD,SELL,0.5102305004423852,71414.1,71686.42857142858,70597.11428571428,2026-03-13T16:15:00+00:00,71686.42857142858,2026-03-13T16:35:00+00:00,-138.95034328476112,stop_loss
BTCUSD,SELL,1.3120101570727107,70678.2,70782.51785714286,70365.24642857142,2026-03-14T07:00:00+00:00,70655.8,2026-03-14T11:00:00+00:00,29.389027518421084,max_hold
BTCUSD,SELL,1.9640326229127336,70615.65,70685.5607142857,70405.91785714285,2026-03-14T14:40:00+00:00,70685.5607142857,2026-03-14T15:00:00+00:00,-137.30692354826598,stop_loss
BTCUSD,SELL,1.8095880687443306,70578.6,70653.33928571429,70354.38214285715,2026-03-14T15:30:00+00:00,70653.33928571429,2026-03-14T16:10:00+00:00,-135.24731969504202,stop_loss
BTCUSD,BUY,1.998350518155571,71723.95,71657.28571428571,71923.94285714286,2026-03-15T08:55:00+00:00,71923.94285714286,2026-03-15T09:20:00+00:00,399.6558296988491,take_profit
BTCUSD,BUY,1.7156586820699276,71936.0,71854.85714285714,72179.42857142857,2026-03-15T09:20:00+00:00,71854.85714285714,2026-03-15T09:25:00+00:00,-139.21344734509913,stop_loss
BTCUSD,BUY,1.1785581919631785,73575.75,73459.4,73924.8,2026-03-16T10:50:00+00:00,73924.8,2026-03-16T12:30:00+00:00,411.37573690475085,take_profit
BTCUSD,BUY,0.9724393328351365,73915.15,73767.79285714285,74357.22142857143,2026-03-16T12:30:00+00:00,73767.79285714285,2026-03-16T12:40:00+00:00,-143.29588168849392,stop_loss
BTCUSD,BUY,0.8141442467438306,74326.25,74152.88214285714,74846.35357142857,2026-03-16T13:30:00+00:00,74152.88214285714,2026-03-16T13:40:00+00:00,-141.1464434631665,stop_loss
BTCUSD,SELL,1.1046905163921323,73982.75,74108.60357142857,73605.18928571428,2026-03-17T09:50:00+00:00,73605.18928571428,2026-03-17T10:05:00+00:00,417.0877404336731,take_profit
BTCUSD,SELL,1.0234981537000851,73671.9,73813.84999999999,73246.04999999999,2026-03-17T10:05:00+00:00,73813.84999999999,2026-03-17T10:25:00+00:00,-145.2855629177241,stop_loss
BTCUSD,SELL,0.7839598969460565,73571.85,73754.39285714287,73024.22142857143,2026-03-17T13:50:00+00:00,73754.39285714287,2026-03-17T14:05:00+00:00,-143.1062794739582,stop_loss
BTCUSD,BUY,0.5935680193539001,74270.45,74032.97142857143,74982.88571428572,2026-03-17T14:40:00+00:00,74032.97142857143,2026-03-17T15:25:00+00:00,-140.95968528184886,stop_loss
BTCUSD,SELL,1.7406170226431577,73780.8,73860.56785714286,73541.49642857142,2026-03-18T07:30:00+00:00,73860.56785714286,2026-03-18T07:50:00+00:00,-138.8452900026211,stop_loss
BTCUSD,BUY,1.8382953762527579,74185.95,74111.55357142857,74409.13928571428,2026-03-18T09:10:00+00:00,74111.55357142857,2026-03-18T10:30:00+00:00,-136.76261065258183,stop_loss
BTCUSD,SELL,1.7366880619725429,73902.85,73980.41785714286,73670.14642857143,2026-03-18T10:40:00+00:00,73980.41785714286,2026-03-18T11:10:00+00:00,-134.71117149279308,stop_loss
BTCUSD,SELL,1.162022365674595,73625.3,73739.48928571428,73282.73214285714,2026-03-18T11:25:00+00:00,73282.73214285714,2026-03-18T11:30:00+00:00,398.0715117612205,take_profit
BTCUSD,SELL,0.9195500319053513,73231.45,73382.24285714286,72779.07142857142,2026-03-18T11:30:00+00:00,72779.07142857142,2026-03-18T12:05:00+00:00,415.9847297904451,take_profit
BTCUSD,SELL,0.6776066756668828,72787.3,73001.14285714286,72145.77142857143,2026-03-18T12:05:00+00:00,72145.77142857143,2026-03-18T13:00:00+00:00,434.70404263103836,take_profit
BTCUSD,SELL,0.7736321124604117,71884.55,72080.27857142857,71297.3642857143,2026-03-18T14:10:00+00:00,71297.3642857143,2026-03-18T14:55:00+00:00,454.2657245494252,take_profit
BTCUSD,SELL,0.7080584641286786,71204.4,71427.87857142856,70533.96428571428,2026-03-18T14:55:00+00:00,71427.87857142856,2026-03-18T15:05:00+00:00,-158.23589405138313,stop_loss
BTCUSD,SELL,1.325118709521105,70449.65,70567.27142857143,70096.78571428571,2026-03-19T07:00:00+00:00,70096.78571428571,2026-03-19T07:10:00+00:00,467.58706692179857,take_profit
BTCUSD,SELL,1.110348045198657,70004.75,70151.43928571428,69564.68214285714,2026-03-19T07:10:00+00:00,69564.68214285714,2026-03-19T07:20:00+00:00,488.62848493333416,take_profit
BTCUSD,SELL,1.0159361521459007,69677.0,69844.53571428571,69174.39285714286,2026-03-19T07:20:00+00:00,69844.53571428571,2026-03-19T07:25:00+00:00,-170.20558891843936,stop_loss
BTCUSD,SELL,1.9737922643782577,70030.85,70115.78928571429,69776.03214285715,2026-03-19T11:35:00+00:00,69776.03214285715,2026-03-19T12:05:00+00:00,502.95751525401704,take_profit
BTCUSD,SELL,2.0144186509433397,69675.65,69762.62142857142,69414.7357142857,2026-03-19T12:05:00+00:00,69762.62142857142,2026-03-19T12:10:00+00:00,-175.196867813473,stop_loss
BTCUSD,SELL,1.4515966035676804,69514.0,69632.88214285714,69157.35357142857,2026-03-19T12:45:00+00:00,69157.35357142857,2026-03-19T12:50:00+00:00,517.7067443888338,take_profit
BTCUSD,SELL,1.2413931031195988,69301.6,69446.86785714286,68865.79642857143,2026-03-19T12:50:00+00:00,69446.86785714286,2026-03-19T13:20:00+00:00,-180.33451596210344,stop_loss
BTCUSD,SELL,0.766446703790127,68894.2,69125.95714285714,68198.92857142857,2026-03-19T15:40:00+00:00,69125.95714285714,2026-03-19T15:45:00+00:00,-177.62949822267186,stop_loss
BTCUSD,BUY,1.3729287226358393,70742.05,70614.61071428572,71124.36785714286,2026-03-20T07:35:00+00:00,71124.36785714286,2026-03-20T08:05:00+00:00,524.8951672480152,take_profit
BTCUSD,BUY,1.2302887463293075,71153.45,71004.83571428571,71599.29285714285,2026-03-20T08:05:00+00:00,71004.83571428571,2026-03-20T09:00:00+00:00,-182.83848325805204,stop_loss
BTCUSD,SELL,1.1914482015540577,70006.6,70157.75714285714,69553.12857142859,2026-03-20T13:30:00+00:00,70157.75714285714,2026-03-20T13:35:00+00:00,-180.09590600918125,stop_loss
BTCUSD,SELL,0.7112951393697861,69505.55,69754.94642857143,68757.36071428572,2026-03-20T15:05:00+00:00,69754.94642857143,2026-03-20T15:10:00+00:00,-177.39446741904354,stop_loss
BTCUSD,BUY,3.3104671570585005,70863.3,70810.51785714286,71021.64642857143,2026-03-21T07:25:00+00:00,70810.51785714286,2026-03-21T07:30:00+00:00,-174.73355040775786,stop_loss
BTCUSD,BUY,6.810558677565472,70705.4,70680.12857142856,70781.21428571428,2026-03-21T12:00:00+00:00,70680.12857142856,2026-03-21T12:05:00+00:00,-172.1125471516415,stop_loss
BTCUSD,BUY,5.950688291892378,70711.25,70682.76071428572,70796.71785714285,2026-03-21T12:10:00+00:00,70682.76071428572,2026-03-21T12:20:00+00:00,-169.53085894436688,stop_loss
BTCUSD,BUY,4.839727864284139,70757.1,70722.59642857143,70860.61071428572,2026-03-21T12:20:00+00:00,70722.59642857143,2026-03-21T12:30:00+00:00,-166.9878960602014,stop_loss
BTCUSD,BUY,4.7265252189449605,70788.4,70753.59999999999,70892.79999999999,2026-03-21T13:15:00+00:00,70753.59999999999,2026-03-21T13:20:00+00:00,-164.48307761929837,stop_loss
BTCUSD,BUY,4.392373432165032,70802.6,70765.71428571429,70913.25714285715,2026-03-21T14:05:00+00:00,70913.25714285715,2026-03-21T14:10:00+00:00,486.04749436502675,take_profit
BTCUSD,BUY,3.095587846658932,70997.55,70942.85714285714,71161.62857142858,2026-03-21T14:10:00+00:00,70942.85714285714,2026-03-21T14:15:00+00:00,-169.3065438704843,stop_loss
BTCUSD,SELL,2.180570878840086,70401.0,70477.47857142857,70171.56428571428,2026-03-21T16:25:00+00:00,70477.47857142857,2026-03-21T18:35:00+00:00,-166.76694571242703,stop_loss
BTCUSD,SELL,2.9202745160309447,69003.65,69059.9,68834.9,2026-03-22T07:35:00+00:00,69059.9,2026-03-22T07:50:00+00:00,-164.26544152674063,stop_loss
BTCUSD,SELL,2.092582391365885,68904.15,68981.47142857143,68672.1857142857,2026-03-22T07:55:00+00:00,68672.1857142857,2026-03-22T08:25:00+00:00,485.40437971148816,take_profit
BTCUSD,SELL,1.3100643966977972,68618.1,68747.16428571429,68230.90714285715,2026-03-22T08:25:00+00:00,68747.16428571429,2026-03-22T08:40:00+00:00,-169.08252559951185,stop_loss
BTCUSD,SELL,2.3446608959898483,68412.9,68483.93214285714,68199.80357142857,2026-03-22T11:25:00+00:00,68483.93214285714,2026-03-22T11:30:00+00:00,-166.54628771551918,stop_loss
BTCUSD,SELL,0.8751231929572821,67647.55,67835.00714285714,67085.17857142858,2026-03-23T07:00:00+00:00,67835.00714285714,2026-03-23T07:05:00+00:00,-164.0480933997864,stop_loss
BTCUSD,BUY,0.5303535829288714,71198.8,70894.12142857144,72112.83571428573,2026-03-23T11:05:00+00:00,70894.12142857144,2026-03-23T11:10:00+00:00,-161.5873719987896,stop_loss
BTCUSD,BUY,0.7161695249287365,71113.65,70891.40714285713,71780.37857142856,2026-03-23T13:35:00+00:00,71780.37857142856,2026-03-23T14:10:00+00:00,477.4906842564128,take_profit
BTCUSD,BUY,2.182652578672802,70551.55,70475.34642857143,70780.16071428571,2026-03-24T07:00:00+00:00,70780.16071428571,2026-03-24T07:05:00+00:00,498.97776504793006,take_profit
BTCUSD,BUY,1.9369165280724445,70785.1,70695.3642857143,71054.30714285714,2026-03-24T07:05:00+00:00,71054.30714285714,2026-03-24T07:55:00+00:00,521.4317644751468,take_profit
BTCUSD,BUY,1.3206174524835512,71278.25,71140.71428571429,71690.85714285713,2026-03-24T07:55:00+00:00,71140.71428571429,2026-03-24T08:00:00+00:00,-181.63206462550008,stop_loss
BTCUSD,SELL,1.4850183328998459,70711.7,70832.175,70350.275,2026-03-24T13:05:00+00:00,70832.175,2026-03-24T13:10:00+00:00,-178.90758365611757,stop_loss
BTCUSD,SELL,1.3071609508411988,70602.7,70737.5142857143,70198.25714285712,2026-03-24T13:15:00+00:00,70737.5142857143,2026-03-24T13:30:00+00:00,-176.2239699012758,stop_loss
BTCUSD,SELL,1.0676252284239576,70473.5,70636.08571428571,69985.74285714285,2026-03-24T13:35:00+00:00,69985.74285714285,2026-03-24T13:50:00+00:00,520.7418310582856,take_profit
BTCUSD,SELL,0.9414388883800608,70058.45,70251.125,69480.42499999999,2026-03-24T13:50:00+00:00,70251.125,2026-03-24T14:00:00+00:00,-181.39173781863096,stop_loss
BTCUSD,SELL,0.6997977491694982,69838.85,70094.16785714286,69072.89642857143,2026-03-24T14:10:00+00:00,70094.16785714286,2026-03-24T14:30:00+00:00,-178.6708617513515,stop_loss
BTCUSD,BUY,1.2851068893211761,71468.7,71331.75357142856,71879.53928571429,2026-03-25T08:30:00+00:00,71331.75357142856,2026-03-25T08:35:00+00:00,-175.9907988250812,stop_loss
BTCUSD,BUY,1.6937663508377432,71525.75,71423.40357142857,71832.78928571429,2026-03-25T10:45:00+00:00,71832.78928571429,2026-03-25T11:25:00+00:00,520.0528105281151,take_profit
BTCUSD,BUY,1.8310044083522181,71869.75,71770.81428571428,72166.55714285714,2026-03-25T11:25:00+00:00,71770.81428571428,2026-03-25T11:45:00+00:00,-181.15172900062674,stop_loss
BTCUSD,SELL,0.9006155359778792,70677.7,70875.825,70083.325,2026-03-25T15:15:00+00:00,70875.825,2026-03-25T15:20:00+00:00,-178.43445306561733,stop_loss
BTCUSD,SELL,1.311871142150591,69434.6,69568.57500000001,69032.675,2026-03-26T09:30:00+00:00,69568.57500000001,2026-03-26T09:55:00+00:00,-175.75793626963306,stop_loss
BTCUSD,SELL,1.8529123054610004,69328.65,69422.08214285714,69048.35357142857,2026-03-26T11:20:00+00:00,69422.08214285714,2026-03-26T11:40:00+00:00,-173.12156722558856,stop_loss
BTCUSD,SELL,0.8486984880786476,69135.6,69336.52500000001,68532.825,2026-03-26T15:05:00+00:00,68532.825,2026-03-26T17:55:00+00:00,511.5742311516142,take_profit
BTCUSD,SELL,1.7247585471897993,68482.35,68585.66785714286,68172.39642857143,2026-03-27T07:55:00+00:00,68172.39642857143,2026-03-27T08:30:00+00:00,534.5950715534368,take_profit
BTCUSD,SELL,1.6997274518248444,68182.95,68292.50714285714,67854.27857142857,2026-03-27T08:30:00+00:00,67854.27857142857,2026-03-27T08:35:00+00:00,558.6518497733414,take_profit
BTCUSD,SELL,1.3028664326827153,67637.1,67786.46071428573,67189.01785714286,2026-03-27T08:35:00+00:00,67786.46071428573,2026-03-27T08:40:00+00:00,-194.5970610043806,stop_loss
BTCUSD,SELL,1.2359779247175569,66951.4,67106.48214285713,66486.15357142857,2026-03-27T10:35:00+00:00,66486.15357142857,2026-03-27T10:55:00+00:00,575.0343152679626,take_profit
BTCUSD,SELL,1.0173598452534671,66461.45,66658.33571428571,65870.79285714286,2026-03-27T10:55:00+00:00,66658.33571428571,2026-03-27T11:15:00+00:00,-200.3036198183343,stop_loss
BTCUSD,SELL,1.5042542776282741,66317.4,66448.5607142857,65923.91785714285,2026-03-27T13:30:00+00:00,66448.5607142857,2026-03-27T13:40:00+00:00,-197.29906552105933,stop_loss
BTCUSD,SELL,1.2392130051856975,66142.35,66299.175,65671.875,2026-03-27T13:55:00+00:00,66299.175,2026-03-27T14:05:00+00:00,-194.3395795382434,stop_loss
BTCUSD,SELL,0.950047964915681,65880.75,66082.23928571428,65276.28214285714,2026-03-27T14:20:00+00:00,66082.23928571428,2026-03-27T14:55:00+00:00,-191.42448584516976,stop_loss
BTCUSD,BUY,4.653580713627195,66505.45,66464.93214285714,66627.00357142858,2026-03-28T07:55:00+00:00,66464.93214285714,2026-03-28T08:00:00+00:00,-188.5531185574922,stop_loss
BTCUSD,SELL,3.9772810782523447,66319.55,66366.24642857144,66179.46071428571,2026-03-28T09:00:00+00:00,66179.46071428571,2026-03-28T10:20:00+00:00,557.1744653373316,take_profit
BTCUSD,SELL,3.908168489937267,66121.8,66171.46071428571,65972.81785714286,2026-03-28T10:25:00+00:00,66171.46071428571,2026-03-28T10:30:00+00:00,-194.0824387591898,stop_loss
BTCUSD,SELL,3.3448688751974593,66092.8,66149.95357142857,65921.33928571429,2026-03-28T10:35:00+00:00,66149.95357142857,2026-03-28T10:45:00+00:00,-191.17120217780197,stop_loss
BTCUSD,BUY,4.487999451876587,66356.9,66314.94285714286,66482.77142857142,2026-03-28T12:10:00+00:00,66314.94285714286,2026-03-28T12:35:00+00:00,-188.30363414513494,stop_loss
BTCUSD,BUY,3.1791223247571407,66574.8,66516.45714285715,66749.82857142857,2026-03-28T13:30:00+00:00,66749.82857142857,2026-03-28T13:40:00+00:00,556.43723889892,take_profit
BTCUSD,BUY,2.0764119332977558,66894.25,66800.90357142857,67174.28928571429,2026-03-28T13:40:00+00:00,66800.90357142857,2026-03-28T13:45:00+00:00,-193.82563821644172,stop_loss
BTCUSD,BUY,1.7626322546853361,67192.35,67084.03571428572,67517.29285714286,2026-03-28T15:20:00+00:00,67084.03571428572,2026-03-28T15:25:00+00:00,-190.91825364319507,stop_loss
BTCUSD,SELL,3.635157359668008,66502.1,66553.83214285715,66346.90357142857,2026-03-29T09:30:00+00:00,66553.83214285715,2026-03-29T09:40:00+00:00,-188.05447983854717,stop_loss
BTCUSD,SELL,3.2405764160871655,66480.95,66538.1107142857,66309.46785714285,2026-03-29T10:05:00+00:00,66538.1107142857,2026-03-29T11:00:00+00:00,-185.23366264096896,stop_loss
BTCUSD,BUY,2.3671320617355938,66704.85,66627.77142857143,66936.08571428573,2026-03-29T11:05:00+00:00,66627.77142857143,2026-03-29T13:05:00+00:00,-182.4551577013544,stop_loss
BTCUSD,SELL,2.618301290079559,66486.25,66554.88928571428,66280.33214285715,2026-03-29T13:05:00+00:00,66554.88928571428,2026-03-29T13:10:00+00:00,-179.7183303358341,stop_loss
BTCUSD,SELL,2.177016668421725,66447.4,66528.71428571428,66203.45714285714,2026-03-29T14:00:00+00:00,66528.71428571428,2026-03-29T14:10:00+00:00,-177.0225553807966,stop_loss
BTCUSD,SELL,2.0706938999926865,66362.6,66446.80714285714,66109.97857142858,2026-03-29T15:25:00+00:00,66446.80714285714,2026-03-29T15:50:00+00:00,-174.36721705008466,stop_loss
BTCUSD,BUY,1.7316797545069946,67560.3,67461.11785714286,67857.84642857143,2026-03-30T07:55:00+00:00,67857.84642857143,2026-03-30T08:35:00+00:00,515.2551263830002,take_profit
BTCUSD,BUY,2.4234243137010583,67627.1,67553.03928571429,67849.28214285715,2026-03-30T11:25:00+00:00,67553.03928571429,2026-03-30T11:30:00+00:00,-179.4805356900784,stop_loss
BTCUSD,BUY,1.8064641903264165,67989.95,67892.08571428571,68283.54285714285,2026-03-30T13:20:00+00:00,67892.08571428571,2026-03-30T13:25:00+00:00,-176.78832765472723,stop_loss
BTCUSD,SELL,1.9977964749312904,67239.15,67326.31428571428,66977.65714285713,2026-03-31T07:10:00+00:00,67326.31428571428,2026-03-31T07:45:00+00:00,-174.13650273990632,stop_loss
BTCUSD,SELL,1.5262607638372825,66982.3,67094.68214285714,66645.15357142857,2026-03-31T08:35:00+00:00,66645.15357142857,2026-03-31T08:45:00+00:00,514.5733655964455,take_profit
BTCUSD,SELL,1.1865349565268513,66485.45,66636.51428571428,66032.25714285714,2026-03-31T09:15:00+00:00,66032.25714285714,2026-03-31T09:55:00+00:00,537.7291670482805,take_profit
BTCUSD,SELL,1.1810416847067777,66057.0,66215.59642857143,65581.21071428571,2026-03-31T09:55:00+00:00,66215.59642857143,2026-03-31T10:05:00+00:00,-187.30899318847864,stop_loss
BTCUSD,BUY,1.275960686674297,67250.8,67106.20357142857,67684.58928571429,2026-03-31T13:45:00+00:00,67106.20357142857,2026-03-31T13:50:00+00:00,-184.49935829065146,stop_loss
BTCUSD,BUY,1.1353173363801803,67296.4,67136.32857142856,67776.61428571428,2026-03-31T13:50:00+00:00,67136.32857142856,2026-03-31T14:05:00+00:00,-181.73186791629166,stop_loss
BTCUSD,BUY,0.8433870529760643,67662.8,67450.55357142858,68299.53928571429,2026-03-31T14:15:00+00:00,67450.55357142858,2026-03-31T14:30:00+00:00,-179.00588989754732,stop_loss
BTCUSD,SELL,0.6363648887452348,66530.35,66807.425,65699.125,2026-03-31T14:50:00+00:00,66807.425,2026-03-31T15:05:00+00:00,-176.32080154908408,stop_loss
BTCUSD,BUY,1.9440823965474563,68692.65,68603.31428571428,68960.65714285713,2026-04-01T11:50:00+00:00,68603.31428571428,2026-04-01T12:00:00+00:00,-173.67598952584783,stop_loss
BTCUSD,SELL,0.7924401599978103,68084.8,68300.67857142858,67437.16428571429,2026-04-01T13:40:00+00:00,68300.67857142858,2026-04-01T14:15:00+00:00,-171.07084968296013,stop_loss
BTCUSD,BUY,0.9090466714685529,68784.4,68599.03571428571,69340.49285714285,2026-04-01T15:20:00+00:00,68599.03571428571,2026-04-01T16:15:00+00:00,-168.50478693771575,stop_loss
BTCUSD,SELL,2.181962544599347,66499.0,66575.06785714286,66270.79642857143,2026-04-02T08:40:00+00:00,66270.79642857143,2026-04-02T10:10:00+00:00,497.93164540095,take_profit
BTCUSD,SELL,1.978607991367215,66243.85,66331.51071428572,65980.86785714286,2026-04-02T10:10:00+00:00,66331.51071428572,2026-04-02T10:20:00+00:00,-173.44618981466425,stop_loss
BTCUSD,SELL,1.549559753518903,66040.25,66150.50357142858,65709.48928571428,2026-04-02T12:15:00+00:00,66150.50357142858,2026-04-02T12:35:00+00:00,-170.8444969674443,stop_loss
BTCUSD,SELL,1.5310278224467313,65904.55,66014.46428571429,65574.80714285714,2026-04-02T13:15:00+00:00,66014.46428571429,2026-04-02T13:20:00+00:00,-168.28182951293263,stop_loss
BTCUSD,SELL,1.2203762346419451,65772.1,65907.925,65364.62500000001,2026-04-02T13:35:00+00:00,65907.925,2026-04-02T13:45:00+00:00,-165.75760207023865,stop_loss
BTCUSD,BUY,1.1432416387659619,67105.2,66962.38571428572,67533.64285714286,2026-04-02T16:35:00+00:00,66962.38571428572,2026-04-02T17:00:00+00:00,-163.27123803918508,stop_loss
BTCUSD,BUY,2.098429910583116,66882.3,66805.66071428571,67112.21785714287,2026-04-03T07:05:00+00:00,66805.66071428571,2026-04-03T07:10:00+00:00,-160.82216946859728,stop_loss
BTCUSD,BUY,2.0278313143801494,66937.4,66859.28214285713,67171.75357142858,2026-04-03T07:25:00+00:00,67171.75357142858,2026-04-03T07:35:00+00:00,475.229510779705,take_profit
BTCUSD,BUY,1.6692134213740657,67270.25,67171.07857142857,67567.7642857143,2026-04-03T08:05:00+00:00,67171.07857142857,2026-04-03T08:15:00+00:00,-165.5382795882639,stop_loss
BTCUSD,SELL,2.5471690197750796,66729.6,66793.61428571428,66537.55714285714,2026-04-03T10:30:00+00:00,66793.61428571428,2026-04-03T10:40:00+00:00,-163.05520539443995,stop_loss
BTCUSD,BUY,2.74060732816071,67003.2,66944.59642857143,67179.0107142857,2026-04-03T11:40:00+00:00,66944.59642857143,2026-04-03T12:10:00+00:00,-160.60937731352334,stop_loss
BTCUSD,BUY,2.191572643136104,67116.95,67044.76428571428,67333.50714285712,2026-04-03T12:25:00+00:00,67044.76428571428,2026-04-03T12:30:00+00:00,-158.2002366538205,stop_loss
BTCUSD,SELL,1.3340964766587993,66751.4,66868.20357142856,66400.98928571428,2026-04-03T12:45:00+00:00,66868.20357142856,2026-04-03T14:25:00+00:00,-155.8272331040132,stop_loss
BTCUSD,BUY,2.7090992744631275,67027.7,66971.04285714285,67197.67142857143,2026-04-03T16:45:00+00:00,66971.04285714285,2026-04-03T17:00:00+00:00,-153.489824607453,stop_loss
BTCUSD,BUY,4.729359136043221,66998.2,66966.23214285713,67094.10357142858,2026-04-04T07:00:00+00:00,66966.23214285713,2026-04-04T07:20:00+00:00,-151.1874772383412,stop_loss
BTCUSD,BUY,6.921896783253786,67000.95,66979.4357142857,67065.49285714286,2026-04-04T10:35:00+00:00,67065.49285714286,2026-04-04T10:45:00+00:00,446.75899523919753,take_profit
BTCUSD,BUY,5.0229272625171415,67129.45,67098.46785714285,67222.39642857143,2026-04-04T10:45:00+00:00,67098.46785714285,2026-04-04T11:30:00+00:00,-155.62105000835402,stop_loss
BTCUSD,BUY,5.2412120640263735,67232.15,67202.90357142857,67319.88928571428,2026-04-04T13:35:00+00:00,67202.90357142857,2026-04-04T13:45:00+00:00,-153.2867342582287,stop_loss
BTCUSD,BUY,3.8679305863150946,67287.9,67248.86428571428,67405.00714285714,2026-04-04T15:05:00+00:00,67405.00714285714,2026-04-04T15:10:00+00:00,452.96229973312217,take_profit
BTCUSD,BUY,2.806436473592826,67366.1,67309.87857142858,67534.7642857143,2026-04-04T15:10:00+00:00,67309.87857142858,2026-04-04T15:25:00+00:00,-157.7818677403521,stop_loss
BTCUSD,SELL,4.9761279728743535,66915.4,66946.63214285714,66821.70357142857,2026-04-05T12:00:00+00:00,66821.70357142857,2026-04-05T12:30:00+00:00,466.2454191726681,take_profit
BTCUSD,SELL,4.22546644520618,66749.9,66788.33571428571,66634.59285714285,2026-04-05T12:30:00+00:00,66788.33571428571,2026-04-05T13:00:00+00:00,-162.40882101183686,stop_loss
BTCUSD,BUY,2.0893904671642543,67480.85,67404.28571428572,67710.54285714286,2026-04-05T15:25:00+00:00,67404.28571428572,2026-04-05T15:30:00+00:00,-159.9726886966593,stop_loss
BTCUSD,BUY,1.8094765837896079,69240.45,69153.36785714286,69501.69642857142,2026-04-06T08:30:00+00:00,69501.69642857142,2026-04-06T09:10:00+00:00,472.7192950986546,take_profit
BTCUSD,BUY,1.7813193440464885,69633.7,69541.26071428572,69911.01785714286,2026-04-06T09:10:00+00:00,69911.01785714286,2026-04-06T09:15:00+00:00,493.99166337809356,take_profit
BTCUSD,BUY,1.5518618084885045,69928.65,69817.76785714286,70261.29642857143,2026-04-06T09:15:00+00:00,70261.29642857143,2026-04-06T09:20:00+00:00,516.2212882301044,take_profit
BTCUSD,BUY,1.326224396236115,70051.8,69916.21428571429,70458.55714285714,2026-04-06T09:20:00+00:00,69916.21428571429,2026-04-06T09:25:00+00:00,-179.8170820668122,stop_loss
BTCUSD,BUY,1.068112925287581,69646.55,69480.725,70144.025,2026-04-06T14:30:00+00:00,69480.725,2026-04-06T14:35:00+00:00,-177.11982583581,stop_loss
BTCUSD,BUY,0.9523648054416317,69836.65,69653.46071428571,70386.21785714285,2026-04-06T15:40:00+00:00,69653.46071428571,2026-04-06T17:00:00+00:00,-174.46302844827284,stop_loss
BTCUSD,BUY,1.696108542635738,69208.45,69107.13214285714,69512.40357142857,2026-04-07T09:05:00+00:00,69107.13214285714,2026-04-07T09:10:00+00:00,-171.84608302154874,stop_loss
BTCUSD,SELL,1.5633708173024703,68736.2,68844.47142857143,68411.3857142857,2026-04-07T10:25:00+00:00,68411.3857142857,2026-04-07T10:45:00+00:00,507.80517532867657,take_profit
BTCUSD,SELL,1.4491597107329997,68425.2,68547.26071428572,68059.01785714286,2026-04-07T10:45:00+00:00,68547.26071428572,2026-04-07T12:55:00+00:00,-176.88546940615566,stop_loss
BTCUSD,SELL,1.165377011662467,67848.1,67997.60714285716,67399.57857142857,2026-04-07T14:05:00+00:00,67997.60714285716,2026-04-07T14:20:00+00:00,-174.2321873650633,stop_loss
BTCUSD,BUY,1.8888108673118393,71841.05,71750.18928571428,72113.63214285715,2026-04-08T12:10:00+00:00,71750.18928571428,2026-04-08T12:20:00+00:00,-171.61870455458737,stop_loss
BTCUSD,BUY,1.4883946641978683,71927.25,71813.675,72267.975,2026-04-08T12:35:00+00:00,72267.975,2026-04-08T13:05:00+00:00,507.1332719588273,take_profit
BTCUSD,BUY,1.1641772414711045,72644.65,72492.91071428571,73099.86785714286,2026-04-08T13:05:00+00:00,72492.91071428571,2026-04-08T13:10:00+00:00,-176.651423065651,stop_loss
BTCUSD,SELL,0.6991527944537066,70891.4,71140.275,70144.775,2026-04-08T14:50:00+00:00,71140.275,2026-04-08T15:15:00+00:00,-174.00165171966623,stop_loss
BTCUSD,BUY,1.3863832310929929,71581.2,71457.575,71952.075,2026-04-08T16:45:00+00:00,71952.075,2026-04-08T17:35:00+00:00,514.1748808316138,take_profit
BTCUSD,BUY,2.2524788916534435,71338.6,71259.08571428571,71577.14285714287,2026-04-09T08:40:00+00:00,71259.08571428571,2026-04-09T08:45:00+00:00,-179.10425015634544,stop_loss
BTCUSD,BUY,1.6637572311593805,71387.4,71281.36428571428,71705.50714285714,2026-04-09T09:15:00+00:00,71281.36428571428,2026-04-09T09:25:00+00:00,-176.41768640400025,stop_loss
BTCUSD,BUY,1.7971484786224,71543.0,71446.30714285714,71833.07857142857,2026-04-09T09:55:00+00:00,71446.30714285714,2026-04-09T10:05:00+00:00,-173.77142110794026,stop_loss
BTCUSD,SELL,2.360778185388225,71083.2,71155.70357142857,70865.68928571428,2026-04-09T11:25:00+00:00,71155.70357142857,2026-04-09T11:30:00+00:00,-171.1648497913212,stop_loss
BTCUSD,SELL,1.4626573376436012,70990.4,71105.66785714285,70644.59642857141,2026-04-09T13:30:00+00:00,71105.66785714285,2026-04-09T13:35:00+00:00,-168.59737704445135,stop_loss
BTCUSD,SELL,1.1354828108924804,70607.9,70754.15357142857,70169.13928571428,2026-04-09T14:15:00+00:00,70754.15357142857,2026-04-09T14:35:00+00:00,-166.06841638878458,stop_loss
BTCUSD,BUY,0.9316667529144554,71349.1,71173.52500000001,71875.82500000001,2026-04-09T15:10:00+00:00,71875.82500000001,2026-04-09T15:30:00+00:00,490.73217042887194,take_profit
BTCUSD,BUY,0.7194916698860011,72205.35,71967.76785714286,72918.09642857144,2026-04-09T15:30:00+00:00,71967.76785714286,2026-04-09T15:35:00+00:00,-170.93837269938587,stop_loss
BTCUSD,SELL,2.267340123622833,71791.7,71865.96071428571,71568.91785714285,2026-04-10T07:00:00+00:00,71568.91785714285,2026-04-10T07:50:00+00:00,505.1228913266853,take_profit
BTCUSD,SELL,2.4130048162834017,71454.5,71527.41785714286,71235.74642857142,2026-04-10T07:50:00+00:00,71527.41785714286,2026-04-10T08:05:00+00:00,-175.9511404787954,stop_loss
BTCUSD,BUY,2.0736400540146276,71827.15,71743.57142857142,72077.88571428572,2026-04-10T09:15:00+00:00,71743.57142857142,2026-04-10T10:05:00+00:00,-173.31187337161344,stop_loss
BTCUSD,BUY,3.1749860296175916,71912.85,71859.08214285715,72074.15357142857,2026-04-10T10:50:00+00:00,72074.15357142857,2026-04-10T11:05:00+00:00,512.1365858131178,take_profit
BTCUSD,BUY,2.8049409443116304,72123.2,72059.59999999999,72314.0,2026-04-10T11:05:00+00:00,72314.0,2026-04-10T12:20:00+00:00,535.1827321746672,take_profit
BTCUSD,BUY,1.4815132350762765,72344.9,72219.06785714286,72722.39642857142,2026-04-10T12:30:00+00:00,72219.06785714286,2026-04-10T12:35:00+00:00,-186.42198504085604,stop_loss
BTCUSD,SELL,1.2772689291564956,71958.25,72102.0142857143,71526.95714285714,2026-04-10T13:35:00+00:00,72102.0142857143,2026-04-10T13:45:00+00:00,-183.6256552652432,stop_loss
BTCUSD,BUY,1.0925712623164594,72733.4,72567.85357142857,73230.03928571427,2026-04-10T14:10:00+00:00,73230.03928571427,2026-04-10T15:20:00+00:00,542.6138113087937,take_profit
BTCUSD,BUY,7.592960362934782,72956.9,72932.00714285714,73031.57857142856,2026-04-11T12:00:00+00:00,72932.00714285714,2026-04-11T12:10:00+00:00,-189.01047760589648,stop_loss
BTCUSD,BUY,5.036140442828064,72995.05,72958.08214285715,73105.95357142857,2026-04-11T12:40:00+00:00,72958.08214285715,2026-04-11T13:00:00+00:00,-186.17532044180803,stop_loss
BTCUSD,SELL,3.6543415684187255,72791.5,72841.68214285714,72640.95357142857,2026-04-11T13:05:00+00:00,72640.95357142857,2026-04-11T13:10:00+00:00,550.1480719055428,take_profit
BTCUSD,SELL,2.9737184260614744,72637.4,72701.84285714285,72444.07142857142,2026-04-11T13:10:00+00:00,72701.84285714285,2026-04-11T13:15:00+00:00,-191.63491171376407,stop_loss
BTCUSD,BUY,3.336884187805756,72944.4,72887.83214285714,73114.10357142855,2026-04-11T16:15:00+00:00,73114.10357142855,2026-04-11T16:40:00+00:00,566.2811641141244,take_profit
BTCUSD,BUY,2.924301876419411,73143.8,73076.34642857143,73346.16071428571,2026-04-11T16:40:00+00:00,73076.34642857143,2026-04-11T16:55:00+00:00,-197.2546054997695,stop_loss
BTCUSD,SELL,4.317684142606066,71600.5,71645.5,71465.5,2026-04-12T09:00:00+00:00,71645.5,2026-04-12T09:20:00+00:00,-194.29578641727298,stop_loss
BTCUSD,SELL,4.56913181223412,71559.95,71601.83571428571,71434.29285714285,2026-04-12T09:45:00+00:00,71601.83571428571,2026-04-12T10:05:00+00:00,-191.38134962101387,stop_loss
BTCUSD,SELL,4.327892442233243,71527.75,71571.30714285714,71397.07857142857,2026-04-12T10:45:00+00:00,71397.07857142857,2026-04-12T10:55:00+00:00,565.531888130096,take_profit
BTCUSD,SELL,2.700259957684444,71176.2,71249.15357142857,70957.33928571429,2026-04-12T12:50:00+00:00,70957.33928571429,2026-04-12T13:45:00+00:00,590.980823095911,take_profit
BTCUSD,SELL,1.690431392240749,70919.9,71041.67857142857,70554.56428571427,2026-04-12T13:55:00+00:00,71041.67857142857,2026-04-12T14:10:00+00:00,-205.8583200450888,stop_loss
BTCUSD,SELL,2.192536191096127,70877.15,70969.63214285714,70599.70357142856,2026-04-12T14:40:00+00:00,70969.63214285714,2026-04-12T16:00:00+00:00,-202.77044524441243,stop_loss
BTCUSD,SELL,2.5937613653543448,70697.05,70774.05357142858,70466.03928571429,2026-04-13T08:15:00+00:00,70774.05357142858,2026-04-13T08:25:00+00:00,-199.72888856574625,stop_loss
BTCUSD,SELL,2.599708691605583,70617.05,70692.725,70390.02500000001,2026-04-13T08:40:00+00:00,70692.725,2026-04-13T08:55:00+00:00,-196.73295523726006,stop_loss
BTCUSD,BUY,2.892730663455653,71026.35,70959.36071428572,71227.31785714286,2026-04-13T12:05:00+00:00,70959.36071428572,2026-04-13T12:15:00+00:00,-193.7819609087012,stop_loss
BTCUSD,BUY,1.9978716615685055,71216.55,71121.01071428572,71503.16785714286,2026-04-13T12:50:00+00:00,71121.01071428572,2026-04-13T12:55:00+00:00,-190.87523149507066,stop_loss
BTCUSD,BUY,1.8563203514347435,71235.65,71134.36785714285,71539.49642857142,2026-04-13T13:20:00+00:00,71134.36785714285,2026-04-13T13:30:00+00:00,-188.0121030226446,stop_loss
BTCUSD,BUY,0.9800181061338239,71614.15,71425.18214285714,72181.05357142857,2026-04-13T13:45:00+00:00,71425.18214285714,2026-04-13T13:50:00+00:00,-185.19192147730496,stop_loss
BTCUSD,BUY,0.7174190513728584,71820.75,71566.4857142857,72583.54285714286,2026-04-13T14:30:00+00:00,72583.54285714286,2026-04-13T17:30:00+00:00,547.2421279654257,take_profit
BTCUSD,BUY,2.7111468929187805,74624.6,74554.28928571429,74835.53214285715,2026-04-14T07:00:00+00:00,74835.53214285715,2026-04-14T07:05:00+00:00,571.8680237238409,take_profit
BTCUSD,BUY,2.200331160224567,74949.6,74859.06785714286,75221.19642857143,2026-04-14T07:05:00+00:00,74859.06785714286,2026-04-14T07:10:00+00:00,-199.2006949304844,stop_loss
BTCUSD,BUY,1.9606563528007277,74625.9,74525.825,74926.12499999999,2026-04-14T13:00:00+00:00,74926.12499999999,2026-04-14T13:35:00+00:00,588.6380535195814,take_profit
BTCUSD,BUY,1.3542442677409054,75254.7,75103.29285714285,75708.92142857143,2026-04-14T13:40:00+00:00,75708.92142857143,2026-04-14T14:15:00+00:00,615.1267659279429,take_profit
BTCUSD,BUY,0.8947454089079644,75919.0,75679.525,76637.425,2026-04-14T14:25:00+00:00,75679.525,2026-04-14T14:35:00+00:00,-214.26915679823998,stop_loss
BTCUSD,SELL,3.238105942188879,73889.5,73954.67857142858,73693.96428571428,2026-04-15T07:05:00+00:00,73954.67857142858,2026-04-15T07:10:00+00:00,-211.05511944626636,stop_loss
BTCUSD,SELL,2.432673100270599,73677.65,73763.10714285714,73421.27857142856,2026-04-15T07:15:00+00:00,73763.10714285714,2026-04-15T07:50:00+00:00,-207.8892926545724,stop_loss
BTCUSD,SELL,2.4820721607848943,73929.5,74012.0,73682.0,2026-04-15T10:25:00+00:00,74012.0,2026-04-15T10:40:00+00:00,-204.77095326475379,stop_loss
BTCUSD,BUY,1.8989216539599123,74472.5,74366.28214285715,74791.15357142857,2026-04-15T12:35:00+00:00,74366.28214285715,2026-04-15T12:40:00+00:00,-201.6993889657825,stop_loss
BTCUSD,SELL,1.453015318708684,73898.4,74035.13214285714,73488.20357142856,2026-04-15T13:40:00+00:00,74035.13214285714,2026-04-15T13:55:00+00:00,-198.67389813129577,stop_loss
BTCUSD,SELL,1.0297737475025066,73679.75,73869.78571428572,73109.64285714284,2026-04-15T15:30:00+00:00,73869.78571428572,2026-04-15T15:40:00+00:00,-195.69378965932634,stop_loss
BTCUSD,SELL,2.433927719866871,74557.3,74636.49642857142,74319.71071428573,2026-04-16T08:05:00+00:00,74636.49642857142,2026-04-16T08:15:00+00:00,-192.75838281443643,stop_loss
BTCUSD,SELL,2.2278322918416773,74442.1,74527.32500000001,74186.425,2026-04-16T10:10:00+00:00,74527.32500000001,2026-04-16T10:25:00+00:00,-189.8670070722199,stop_loss
BTCUSD,SELL,1.863932531875806,74294.95,74395.28571428571,73993.94285714284,2026-04-16T10:45:00+00:00,74395.28571428571,2026-04-16T10:55:00+00:00,-187.01900196613659,stop_loss
BTCUSD,BUY,2.42067959180901,74755.05,74678.95000000001,74983.34999999999,2026-04-16T12:00:00+00:00,74678.95000000001,2026-04-16T12:05:00+00:00,-184.21371693664452,stop_loss
BTCUSD,BUY,1.9702995086918995,74940.65,74848.55714285714,75216.92857142857,2026-04-16T13:15:00+00:00,74848.55714285714,2026-04-16T13:30:00+00:00,-181.45051118259488,stop_loss
BTCUSD,SELL,0.9154678676330218,73440.7,73635.93214285714,72855.00357142856,2026-04-16T13:50:00+00:00,73635.93214285714,2026-04-16T13:55:00+00:00,-178.72875351485595,stop_loss
BTCUSD,BUY,2.6917157330528907,75013.6,74948.19642857143,75209.81071428572,2026-04-17T07:00:00+00:00,75209.81071428572,2026-04-17T08:30:00+00:00,528.1434666363994,take_profit
BTCUSD,BUY,2.10914272527025,75377.4,75290.175,75639.07499999998,2026-04-17T08:30:00+00:00,75290.175,2026-04-17T08:35:00+00:00,-183.96997421167913,stop_loss
BTCUSD,BUY,1.3801250921439447,75565.45,75434.15,75959.34999999999,2026-04-17T08:45:00+00:00,75959.34999999999,2026-04-17T09:15:00+00:00,543.6312737954918,take_profit
BTCUSD,BUY,0.8810011005835764,76299.8,76084.85714285714,76944.62857142858,2026-04-17T09:25:00+00:00,76084.85714285714,2026-04-17T09:30:00+00:00,-189.36489370543632,stop_loss
BTCUSD,BUY,1.9653359555940615,75809.2,75714.29285714285,76093.92142857143,2026-04-17T12:20:00+00:00,75714.29285714285,2026-04-17T12:25:00+00:00,-186.52442029985477,stop_loss
BTCUSD,BUY,1.2577856997237866,76173.5,76027.42857142858,76611.71428571429,2026-04-17T12:45:00+00:00,76027.42857142858,2026-04-17T12:50:00+00:00,-183.72655399535694,stop_loss
BTCUSD,BUY,1.1542810449422045,76259.8,76103.01785714286,76730.14642857143,2026-04-17T12:50:00+00:00,76103.01785714286,2026-04-17T13:00:00+00:00,-180.9706556854266,stop_loss
BTCUSD,BUY,0.8284925774855504,76643.05,76427.89285714286,77288.52142857143,2026-04-17T13:05:00+00:00,76427.89285714286,2026-04-17T13:30:00+00:00,-178.2560958501452,stop_loss
BTCUSD,SELL,3.0877421954196382,76839.25,76896.11428571428,76668.65714285715,2026-04-18T08:10:00+00:00,76668.65714285715,2026-04-18T08:30:00+00:00,526.746763237179,take_profit
BTCUSD,SELL,2.0040321282987463,76635.05,76726.60714285714,76360.37857142858,2026-04-18T08:30:00+00:00,76726.60714285714,2026-04-18T08:50:00+00:00,-183.4834558609507,stop_loss
BTCUSD,SELL,1.3826053147851736,76502.35,76633.06785714286,76110.19642857142,2026-04-18T09:05:00+00:00,76633.06785714286,2026-04-18T09:30:00+00:00,-180.73120402303644,stop_loss
BTCUSD,SELL,1.67396534471415,76419.95,76526.29642857143,76100.9107142857,2026-04-18T10:00:00+00:00,76100.9107142857,2026-04-18T11:00:00+00:00,534.0607078880969,take_profit
BTCUSD,SELL,1.9773268436654547,76138.3,76232.38214285715,75856.05357142857,2026-04-18T11:00:00+00:00,75856.05357142857,2026-04-18T11:40:00+00:00,558.0934397430082,take_profit
BTCUSD,SELL,1.8629218484412822,75866.65,75971.00357142856,75553.58928571428,2026-04-18T11:40:00+00:00,75971.00357142856,2026-04-18T11:50:00+00:00,-194.40254817715746,stop_loss
BTCUSD,SELL,3.0615098947788595,75273.9,75336.44642857142,75086.2607142857,2026-04-19T07:05:00+00:00,75086.2607142857,2026-04-19T07:20:00+00:00,574.4595298635448,take_profit
BTCUSD,SELL,2.6826081017279835,75043.5,75118.09285714285,74819.72142857143,2026-04-19T07:20:00+00:00,75118.09285714285,2026-04-19T07:30:00+00:00,-200.10340290245327,stop_loss
BTCUSD,BUY,2.2214022911165143,75646.05,75557.32142857143,75912.23571428572,2026-04-19T11:50:00+00:00,75557.32142857143,2026-04-19T12:10:00+00:00,-197.10185185891646,stop_loss
BTCUSD,BUY,1.977111865527758,75707.3,75609.10357142857,76001.8892857143,2026-04-19T12:10:00+00:00,75609.10357142857,2026-04-19T12:25:00+00:00,-194.1453240810327,stop_loss
BTCUSD,BUY,2.19988826547016,75808.0,75721.07142857142,76068.78571428572,2026-04-19T13:05:00+00:00,75721.07142857142,2026-04-19T13:10:00+00:00,-191.2331442198172,stop_loss
BTCUSD,BUY,1.7529863786959272,76077.45,75969.99642857142,76399.81071428572,2026-04-19T13:15:00+00:00,75969.99642857142,2026-04-19T13:20:00+00:00,-188.36464705651994,stop_loss
BTCUSD,SELL,1.36325626267953,75440.7,75576.79999999999,75032.40000000001,2026-04-19T16:50:00+00:00,75032.40000000001,2026-04-19T17:50:00+00:00,556.6175320520362,take_profit
BTCUSD,BUY,1.5707645186277164,74937.85,74814.4142857143,75308.15714285715,2026-04-20T07:15:00+00:00,75308.15714285715,2026-04-20T07:20:00+00:00,581.6653209944037,take_profit
BTCUSD,BUY,1.2306505052384178,75408.05,75243.41071428572,75901.96785714285,2026-04-20T07:20:00+00:00,75243.41071428572,2026-04-20T07:25:00+00:00,-202.61342014636872,stop_loss
BTCUSD,BUY,1.5887860023987614,75187.6,75061.98571428572,75564.44285714287,2026-04-20T09:40:00+00:00,75061.98571428572,2026-04-20T09:50:00+00:00,-199.5742188441732,stop_loss
BTCUSD,BUY,1.5570300573454956,75294.15,75167.89642857142,75672.91071428571,2026-04-20T10:05:00+00:00,75167.89642857142,2026-04-20T10:45:00+00:00,-196.58060556151062,stop_loss
BTCUSD,BUY,1.9211555584091264,75480.85,75380.06071428572,75783.21785714287,2026-04-20T12:15:00+00:00,75380.06071428572,2026-04-20T12:35:00+00:00,-193.63189647808795,stop_loss
BTCUSD,SELL,0.7673713886261146,74833.35,75081.89642857143,74087.71071428571,2026-04-20T15:00:00+00:00,75081.89642857143,2026-04-20T15:10:00+00:00,-190.72741803091665,stop_loss
BTCUSD,BUY,2.0394146432336164,76158.55,76066.43214285714,76434.90357142857,2026-04-21T07:20:00+00:00,76066.43214285714,2026-04-21T07:30:00+00:00,-187.86650676045286,stop_loss
BTCUSD,BUY,1.544783475881231,76361.6,76241.81071428572,76720.96785714287,2026-04-21T08:20:00+00:00,76720.96785714287,2026-04-21T08:45:00+00:00,555.1455274771383,take_profit
BTCUSD,BUY,1.4465334556901293,76683.85,76550.16785714286,77084.89642857143,2026-04-21T08:45:00+00:00,76550.16785714286,2026-04-21T08:55:00+00:00,-193.3756920712032,stop_loss
BTCUSD,BUY,1.9921192243104273,76866.65,76771.03571428571,77153.49285714286,2026-04-21T10:50:00+00:00,76771.03571428571,2026-04-21T11:00:00+00:00,-190.47505669013512,stop_loss
BTCUSD,SELL,1.3003866685266454,75852.85,75997.12857142858,75420.0142857143,2026-04-21T12:40:00+00:00,75997.12857142858,2026-04-21T12:55:00+00:00,-187.6179308397831,stop_loss
BTCUSD,BUY,0.8724208478151397,76489.3,76277.47142857143,77124.78571428572,2026-04-21T14:40:00+00:00,76277.47142857143,2026-04-21T14:45:00+00:00,-184.80366187718636,stop_loss
BTCUSD,SELL,0.8346518512056753,75688.05,75906.14285714287,75033.77142857143,2026-04-21T14:55:00+00:00,75906.14285714287,2026-04-21T15:15:00+00:00,-182.03160694902857,stop_loss
BTCUSD,BUY,2.381044211360979,78243.2,78167.89642857143,78469.11071428572,2026-04-22T11:00:00+00:00,78167.89642857143,2026-04-22T11:05:00+00:00,-179.30113284479316,stop_loss
BTCUSD,BUY,2.100911395980824,78336.95,78252.88571428572,78589.14285714286,2026-04-22T11:25:00+00:00,78252.88571428572,2026-04-22T11:35:00+00:00,-176.61161585212125,stop_loss
BTCUSD,BUY,1.6550962844721058,78450.55,78345.44285714286,78765.87142857142,2026-04-22T12:10:00+00:00,78345.44285714286,2026-04-22T12:15:00+00:00,-173.9624416143394,stop_loss
BTCUSD,BUY,1.090130905144811,78873.15,78715.96428571428,79344.70714285714,2026-04-22T13:55:00+00:00,78715.96428571428,2026-04-22T14:30:00+00:00,-171.35300499012433,stop_loss
BTCUSD,BUY,0.912691363002663,79440.8,79255.87142857144,79995.58571428571,2026-04-22T15:50:00+00:00,79255.87142857144,2026-04-22T16:10:00+00:00,-168.78270991527248,stop_loss
BTCUSD,SELL,1.705762967923421,77889.3,77986.7642857143,77596.90714285713,2026-04-23T08:30:00+00:00,77596.90714285713,2026-04-23T09:05:00+00:00,498.7529077996301,take_profit
BTCUSD,SELL,1.4981531754662412,77564.6,77680.5642857143,77216.70714285714,2026-04-23T09:05:00+00:00,77680.5642857143,2026-04-23T09:15:00+00:00,-173.73226288353783,stop_loss
BTCUSD,SELL,1.228504425384729,77331.75,77471.04642857143,76913.8607142857,2026-04-23T10:05:00+00:00,77471.04642857143,2026-04-23T10:45:00+00:00,-171.12627894028475,stop_loss
BTCUSD,SELL,1.1553076405496039,77445.4,77591.29999999999,77007.69999999998,2026-04-23T13:50:00+00:00,77591.29999999999,2026-04-23T13:55:00+00:00,-168.5593847561805,stop_loss
BTCUSD,BUY,0.9105072332592952,78214.7,78032.34999999999,78761.75,2026-04-23T14:55:00+00:00,78032.34999999999,2026-04-23T15:05:00+00:00,-166.03099398483778,stop_loss
BTCUSD,BUY,0.8795879397045677,78435.95,78250.02142857143,78993.7357142857,2026-04-23T15:15:00+00:00,78250.02142857143,2026-04-23T16:50:00+00:00,-163.54052907506522,stop_loss
BTCUSD,SELL,1.4083706338256683,77465.95,77580.32857142857,77122.81428571428,2026-04-24T09:05:00+00:00,77580.32857142857,2026-04-24T09:15:00+00:00,-161.08742113893922,stop_loss
BTCUSD,BUY,1.9260376620332704,77975.85,77893.46785714287,78222.99642857144,2026-04-24T11:00:00+00:00,78222.99642857144,2026-04-24T11:05:00+00:00,476.01332946559336,take_profit
BTCUSD,BUY,1.589372727187574,78142.55,78038.225,78455.52500000001,2026-04-24T11:05:00+00:00,78455.52500000001,2026-04-24T13:10:00+00:00,497.4339292915402,take_profit
BTCUSD,SELL,1.120057005192084,78022.5,78177.2,77558.40000000001,2026-04-24T13:50:00+00:00,78177.2,2026-04-24T15:45:00+00:00,-173.27281870321212,stop_loss
BTCUSD,SELL,4.755088895358077,77481.75,77517.64285714286,77374.07142857143,2026-04-25T07:00:00+00:00,77517.64285714286,2026-04-25T07:15:00+00:00,-170.67372642266395,stop_loss
BTCUSD,BUY,5.255310231927338,77750.85,77718.86071428572,77846.81785714286,2026-04-25T09:35:00+00:00,77846.81785714286,2026-04-25T10:25:00+00:00,504.340861578972,take_profit
BTCUSD,BUY,4.454409613873776,77848.1,77808.66071428572,77966.41785714285,2026-04-25T10:25:00+00:00,77808.66071428572,2026-04-25T11:00:00+00:00,-175.6787334500086,stop_loss
BTCUSD,SELL,4.247584350443969,77634.9,77675.63928571428,77512.68214285713,2026-04-25T12:25:00+00:00,77675.63928571428,2026-04-25T13:40:00+00:00,-173.04355244825848,stop_loss
BTCUSD,SELL,4.621420719011769,77528.65,77565.53214285713,77418.00357142856,2026-04-25T15:45:00+00:00,77418.00357142856,2026-04-25T15:50:00+00:00,511.3436974846711,take_profit
BTCUSD,SELL,3.829613398960572,77355.45,77401.96071428571,77215.91785714285,2026-04-25T15:50:00+00:00,77401.96071428571,2026-04-25T15:55:00+00:00,-178.11805462380468,stop_loss
BTCUSD,SELL,1.8470807439179373,77296.55,77391.53571428572,77011.59285714285,2026-04-25T16:35:00+00:00,77391.53571428572,2026-04-25T16:40:00+00:00,-175.4462838044476,stop_loss
BTCUSD,BUY,4.544762381259891,78079.8,78041.77500000001,78193.875,2026-04-26T07:50:00+00:00,78193.875,2026-04-26T08:35:00+00:00,518.4437686422089,take_profit
BTCUSD,BUY,4.515990792316338,78167.25,78127.26071428572,78287.21785714285,2026-04-26T08:35:00+00:00,78127.26071428572,2026-04-26T08:40:00+00:00,-180.59124607701406,stop_loss
BTCUSD,BUY,6.259528172430415,78121.1,78092.68214285714,78206.35357142858,2026-04-26T11:20:00+00:00,78092.68214285714,2026-04-26T11:35:00+00:00,-177.88237738585883,stop_loss
BTCUSD,BUY,2.7639413905927595,78076.7,78013.30714285714,78266.87857142856,2026-04-26T14:20:00+00:00,78013.30714285714,2026-04-26T16:45:00+00:00,-175.21414172507096,stop_loss
BTCUSD,SELL,2.8834691979102125,77664.4,77724.25357142856,77484.83928571429,2026-04-27T12:35:00+00:00,77724.25357142856,2026-04-27T12:40:00+00:00,-172.58592959919488,stop_loss
BTCUSD,BUY,1.1536682756116006,78222.4,78075.04642857143,78664.4607142857,2026-04-27T14:45:00+00:00,78075.04642857143,2026-04-27T14:50:00+00:00,-169.99714065520698,stop_loss
BTCUSD,SELL,0.9419051247103607,77365.35,77543.125,76832.02500000001,2026-04-27T15:00:00+00:00,77543.125,2026-04-27T15:05:00+00:00,-167.4471835453789,stop_loss
BTCUSD,SELL,0.7756845864221628,76981.5,77194.13214285714,76343.60357142858,2026-04-27T15:15:00+00:00,76803.65,2026-04-27T19:15:00+00:00,137.95550369518617,max_hold
BTCUSD,SELL,1.995619082337518,76556.7,76640.38571428572,76305.64285714286,2026-04-28T07:10:00+00:00,76640.38571428572,2026-04-28T07:20:00+00:00,-167.00480834762598,stop_loss
BTCUSD,SELL,2.4338137987990707,76580.5,76648.08928571429,76377.73214285714,2026-04-28T09:45:00+00:00,76648.08928571429,2026-04-28T10:00:00+00:00,-164.4997362224116,stop_loss
BTCUSD,SELL,2.5011867936566308,76475.2,76539.98214285714,76280.85357142857,2026-04-28T11:05:00+00:00,76280.85357142857,2026-04-28T11:25:00+00:00,486.09672053718987,take_profit
BTCUSD,SELL,2.0859093438512746,76211.45,76292.625,75967.925,2026-04-28T11:35:00+00:00,76292.625,2026-04-28T12:10:00+00:00,-169.3236909871333,stop_loss
BTCUSD,SELL,1.7179661543705462,76099.0,76196.08214285714,75807.75357142858,2026-04-28T13:05:00+00:00,76196.08214285714,2026-04-28T13:25:00+00:00,-166.78383562232628,stop_loss
BTCUSD,SELL,1.0799150572752103,75887.5,76039.625,75431.125,2026-04-28T14:20:00+00:00,76039.625,2026-04-28T15:00:00+00:00,-164.28207808799138,stop_loss
BTCUSD,BUY,3.0620394091145275,77215.75,77162.90357142857,77374.28928571429,2026-04-29T09:30:00+00:00,77374.28928571429,2026-04-29T09:45:00+00:00,485.4535407500145,take_profit
BTCUSD,BUY,2.193657431792942,77644.0,77566.91428571429,77875.25714285714,2026-04-29T09:45:00+00:00,77875.25714285714,2026-04-29T10:25:00+00:00,507.29895008376525,take_profit
BTCUSD,BUY,1.398212835170299,77884.85,77758.46785714287,78263.99642857144,2026-04-29T10:25:00+00:00,77758.46785714287,2026-04-29T10:35:00+00:00,-176.70913427917822,stop_loss
BTCUSD,SELL,1.6195792647280727,76657.65,76765.12142857142,76335.2357142857,2026-04-29T13:30:00+00:00,76765.12142857142,2026-04-29T13:35:00+00:00,-174.05849726499054,stop_loss
BTCUSD,SELL,1.4630865729689655,76544.6,76661.78214285715,76193.05357142858,2026-04-29T13:40:00+00:00,76661.78214285715,2026-04-29T13:50:00+00:00,-171.44761980601567,stop_loss
BTCUSD,SELL,1.228316020950139,76301.6,76439.08571428573,75889.14285714286,2026-04-29T15:05:00+00:00,75889.14285714286,2026-04-29T15:45:00+00:00,506.62771652675843,take_profit
BTCUSD,SELL,1.1182721151449537,75750.65,75908.46071428571,75277.21785714284,2026-04-29T15:50:00+00:00,75908.46071428571,2026-04-29T16:00:00+00:00,-176.4753212568268,stop_loss
BTCUSD,BUY,2.5277534979295924,76174.5,76105.73214285714,76380.80357142858,2026-04-30T09:25:00+00:00,76105.73214285714,2026-04-30T09:40:00+00:00,-173.8281914379744,stop_loss
BTCUSD,SELL,2.0444270873600567,75962.55,76046.3,75711.3,2026-04-30T10:25:00+00:00,76046.3,2026-04-30T10:30:00+00:00,-171.22076856640476,stop_loss
BTCUSD,SELL,2.462336425623728,75904.45,75972.94285714286,75698.97142857143,2026-04-30T11:40:00+00:00,75972.94285714286,2026-04-30T11:45:00+00:00,-168.6524570379087,stop_loss
BTCUSD,BUY,1.9434422850780075,76331.3,76245.82142857143,76587.73571428572,2026-04-30T12:20:00+00:00,76245.82142857143,2026-04-30T12:40:00+00:00,-166.12267018234007,stop_loss
BTCUSD,BUY,1.6718347905962196,76601.15,76503.275,76894.77499999998,2026-04-30T13:40:00+00:00,76503.275,2026-04-30T13:45:00+00:00,-163.630830129605,stop_loss
BTCUSD,BUY,2.4463021980563697,77238.1,77172.21428571429,77435.75714285715,2026-05-01T08:10:00+00:00,77435.75714285715,2026-05-01T08:20:00+00:00,483.5291030329827,take_profit
BTCUSD,BUY,2.1599434451994868,77467.65,77389.67142857143,77701.58571428571,2026-05-01T08:20:00+00:00,77389.67142857143,2026-05-01T08:35:00+00:00,-168.42930422315564,stop_loss
BTCUSD,BUY,2.6740042657576186,77413.25,77351.20714285714,77599.37857142858,2026-05-01T11:15:00+00:00,77351.20714285714,2026-05-01T11:25:00+00:00,-165.90286465980833,stop_loss
BTCUSD,BUY,1.7094825552259405,77675.8,77580.20714285715,77962.57857142857,2026-05-01T12:15:00+00:00,77962.57857142857,2026-05-01T12:30:00+00:00,490.2429650697585,take_profit
BTCUSD,BUY,1.6040467820614135,77930.95,77824.48928571428,78250.33214285714,2026-05-01T12:30:00+00:00,78250.33214285714,2026-05-01T13:10:00+00:00,512.3038984978726,take_profit
BTCUSD,BUY,1.089715109156624,78344.85,78181.08928571429,78836.13214285715,2026-05-01T13:10:00+00:00,78181.08928571429,2026-05-01T13:40:00+00:00,-178.45252464342568,stop_loss
BTCUSD,BUY,0.9220849501022068,78783.45,78592.82142857142,79355.33571428571,2026-05-01T13:50:00+00:00,78592.82142857142,2026-05-01T14:15:00+00:00,-175.77573677377424,stop_loss
BTCUSD,SELL,7.155564310287002,78173.1,78197.29642857144,78100.51071428572,2026-05-02T11:10:00+00:00,78197.29642857144,2026-05-02T11:20:00+00:00,-173.13910072216763,stop_loss
BTCUSD,SELL,6.0869042675815646,78163.55,78191.56785714286,78079.49642857142,2026-05-02T11:35:00+00:00,78191.56785714286,2026-05-02T12:25:00+00:00,-170.5420142113351,stop_loss
BTCUSD,BUY,3.9242021958524225,78307.3,78264.49285714286,78435.72142857143,2026-05-02T13:00:00+00:00,78435.72142857143,2026-05-02T14:25:00+00:00,503.95165199449525,take_profit
BTCUSD,BUY,5.824396783724563,78478.65,78448.5107142857,78569.06785714286,2026-05-02T15:55:00+00:00,78569.06785714286,2026-05-02T16:15:00+00:00,526.6294763341629,take_profit
BTCUSD,BUY,4.031705514793296,78355.1,78309.6,78491.60000000002,2026-05-03T07:00:00+00:00,78491.60000000002,2026-05-03T09:25:00+00:00,550.3278027693435,take_profit
BTCUSD,BUY,5.576075735519646,78497.6,78463.22142857144,78600.7357142857,2026-05-03T09:25:00+00:00,78463.22142857144,2026-05-03T09:30:00+00:00,-191.69751796463513,stop_loss
BTCUSD,BUY,4.641806449047803,78593.25,78552.57142857143,78715.28571428571,2026-05-03T09:35:00+00:00,78552.57142857143,2026-05-03T09:40:00+00:00,-188.82205519516563,stop_loss
BTCUSD,BUY,4.073298617350913,78712.65,78666.98928571428,78849.63214285714,2026-05-03T11:40:00+00:00,78666.98928571428,2026-05-03T11:55:00+00:00,-185.98972436723815,stop_loss
BTCUSD,BUY,2.239900702173857,78851.05,78769.26071428572,79096.41785714286,2026-05-03T12:10:00+00:00,78769.26071428572,2026-05-03T12:25:00+00:00,-183.19987850172956,stop_loss
BTCUSD,BUY,3.274776491722086,78789.2,78734.09642857143,78954.51071428572,2026-05-03T15:00:00+00:00,78734.09642857143,2026-05-03T15:10:00+00:00,-180.45188032420361,stop_loss
BTCUSD,BUY,2.314712273541442,79905.2,79828.41071428571,80135.56785714286,2026-05-04T09:50:00+00:00,79828.41071428571,2026-05-04T09:55:00+00:00,-177.74510211934054,stop_loss
BTCUSD,SELL,1.102958627649649,78817.75,78976.4857142857,78341.54285714286,2026-05-04T10:05:00+00:00,78341.54285714286,2026-05-04T10:20:00+00:00,525.2367767626673,take_profit
BTCUSD,SELL,0.9086862073740349,78253.25,78454.59285714285,77649.22142857143,2026-05-04T10:20:00+00:00,78454.59285714285,2026-05-04T10:25:00+00:00,-182.95747723899044,stop_loss
BTCUSD,SELL,1.2072847215645623,78532.95,78682.22142857143,78085.1357142857,2026-05-04T14:05:00+00:00,78682.22142857143,2026-05-04T14:10:00+00:00,-180.21311508040563,stop_loss
BTCUSD,BUY,1.0625927768930707,79270.3,79103.24642857142,79771.46071428573,2026-05-04T14:20:00+00:00,79771.46071428573,2026-05-04T14:45:00+00:00,532.529755062583,take_profit
BTCUSD,BUY,0.8410149634126719,80031.65,79811.08571428571,80693.34285714285,2026-05-04T14:45:00+00:00,79811.08571428571,2026-05-04T15:15:00+00:00,-185.49786468013826,stop_loss
BTCUSD,BUY,3.0392865846123067,80847.95,80787.83214285714,81028.30357142857,2026-05-05T11:05:00+00:00,81028.30357142857,2026-05-05T11:35:00+00:00,548.1461901297645,take_profit
BTCUSD,BUY,2.3032278596127393,81029.7,80946.8,81278.4,2026-05-05T11:35:00+00:00,80946.8,2026-05-05T11:50:00+00:00,-190.93758956188267,stop_loss
BTCUSD,BUY,2.127958427331372,81233.1,81144.71785714287,81498.24642857144,2026-05-05T12:25:00+00:00,81498.24642857144,2026-05-05T13:00:00+00:00,564.2205771553942,take_profit
BTCUSD,BUY,2.0578234098131047,81485.85,81390.34285714287,81772.37142857142,2026-05-05T13:00:00+00:00,81390.34285714287,2026-05-05T13:30:00+00:00,-196.53683437578533,stop_loss
BTCUSD,BUY,2.639375708274884,81557.35,81484.00357142858,81777.3892857143,2026-05-06T07:05:00+00:00,81484.00357142858,2026-05-06T07:10:00+00:00,-193.58878186014857,stop_loss
BTCUSD,BUY,2.0630520107045047,81724.2,81631.77142857143,82001.48571428572,2026-05-06T08:30:00+00:00,81631.77142857143,2026-05-06T08:35:00+00:00,-190.68495013224634,stop_loss
BTCUSD,BUY,1.5078533530155247,81923.55,81798.98571428572,82297.24285714286,2026-05-06T08:50:00+00:00,81798.98571428572,2026-05-06T09:00:00+00:00,-187.82467588026265,stop_loss
BTCUSD,BUY,1.1476880008812782,82009.7,81848.5,82493.3,2026-05-06T09:35:00+00:00,81848.5,2026-05-06T09:45:00+00:00,-185.00730574205872,stop_loss
BTCUSD,BUY,1.5849231199497191,82134.65,82019.67142857143,82479.58571428571,2026-05-06T10:15:00+00:00,82479.58571428571,2026-05-06T11:15:00+00:00,546.6965884678065,take_profit
BTCUSD,BUY,1.5623869138309847,82526.35,82404.46428571429,82892.00714285715,2026-05-06T11:15:00+00:00,82404.46428571429,2026-05-06T12:00:00+00:00,-190.4326449829449,stop_loss
BTCUSD,SELL,1.008687001599734,81429.25,81615.21071428571,80871.36785714286,2026-05-06T14:00:00+00:00,81615.21071428571,2026-05-06T14:25:00+00:00,-187.5761553082007,stop_loss
BTCUSD,BUY,1.7791286757685831,81659.1,81555.25,81970.65000000001,2026-05-07T07:10:00+00:00,81555.25,2026-05-07T07:30:00+00:00,-184.76251297857772,stop_loss
BTCUSD,SELL,2.072201255723371,81260.25,81348.075,80996.775,2026-05-07T08:40:00+00:00,80996.775,2026-05-07T09:25:00+00:00,545.9732258517273,take_profit
BTCUSD,SELL,2.3580988675968837,81029.2,81109.84999999999,80787.25,2026-05-07T09:25:00+00:00,80787.25,2026-05-07T10:25:00+00:00,570.5420210150592,take_profit
BTCUSD,SELL,1.8864623064726138,80610.35,80715.70000000001,80294.30000000002,2026-05-07T10:25:00+00:00,80715.70000000001,2026-05-07T10:30:00+00:00,-198.73880398690085,stop_loss
BTCUSD,SELL,1.6441840039471205,80689.4,80808.46071428571,80332.21785714285,2026-05-07T13:35:00+00:00,80332.21785714285,2026-05-07T13:45:00+00:00,587.2731657812682,take_profit
BTCUSD,SELL,1.4074430409088732,80321.1,80466.44642857143,79885.06071428572,2026-05-07T13:45:00+00:00,80466.44642857143,2026-05-07T13:50:00+00:00,-204.56681941381635,stop_loss
BTCUSD,SELL,1.0553794271185337,80202.45,80393.375,79629.675,2026-05-07T14:30:00+00:00,79629.675,2026-05-07T17:25:00+00:00,604.4949513678121,take_profit
BTCUSD,SELL,2.6615388041746386,79426.9,79506.01428571428,79189.55714285714,2026-05-08T07:00:00+00:00,79506.01428571428,2026-05-08T07:35:00+00:00,-210.56574139312627,stop_loss
BTCUSD,BUY,2.636253641845843,80053.0,79974.325,80289.025,2026-05-08T10:35:00+00:00,80289.025,2026-05-08T11:00:00+00:00,622.2217658166497,take_profit
BTCUSD,SELL,1.914307075031668,79891.95,80005.17142857143,79552.28571428571,2026-05-08T13:05:00+00:00,79552.28571428571,2026-05-08T13:45:00+00:00,650.2217452784374,take_profit
BTCUSD,SELL,5.832639954273033,80175.4,80214.23214285714,80058.90357142856,2026-05-09T10:05:00+00:00,80214.23214285714,2026-05-09T10:15:00+00:00,-226.4939079386557,stop_loss
BTCUSD,BUY,7.175993085522446,80388.6,80357.51071428572,80481.86785714286,2026-05-09T12:20:00+00:00,80357.51071428572,2026-05-09T12:30:00+00:00,-223.09649931957588,stop_loss
BTCUSD,BUY,6.290126202446429,80417.3,80382.36428571428,80522.10714285716,2026-05-09T13:10:00+00:00,80382.36428571428,2026-05-09T13:20:00+00:00,-219.75005182978222,stop_loss
BTCUSD,BUY,3.9151850319546835,80437.95,80382.66428571429,80603.80714285714,2026-05-09T15:30:00+00:00,80603.80714285714,2026-05-09T16:10:00+00:00,649.3614031570635,take_profit
BTCUSD,BUY,3.5877404513632873,80635.95,80572.90357142857,80825.08928571429,2026-05-09T16:15:00+00:00,80825.08928571429,2026-05-09T17:30:00+00:00,678.5826662991266,take_profit
BTCUSD,BUY,7.2794137028562576,80817.85,80785.37857142858,80915.2642857143,2026-05-10T08:20:00+00:00,80785.37857142858,2026-05-10T09:35:00+00:00,-236.37296209417835,stop_loss
BTCUSD,BUY,4.395338655985294,80931.0,80878.02857142857,81089.91428571429,2026-05-10T11:00:00+00:00,80878.02857142857,2026-05-10T11:05:00+00:00,-232.8273676627657,stop_loss
BTCUSD,BUY,6.205429841650786,80959.55,80922.59285714287,81070.42142857143,2026-05-10T13:20:00+00:00,80922.59285714287,2026-05-10T14:05:00+00:00,-229.33495714782418,stop_loss
BTCUSD,BUY,3.7865529921793954,81040.15,80980.49285714285,81219.12142857142,2026-05-10T15:00:00+00:00,80980.49285714285,2026-05-10T15:05:00+00:00,-225.89493279060682,stop_loss
BTCUSD,BUY,2.6188239791360366,81131.2,81046.2357142857,81386.09285714285,2026-05-10T15:40:00+00:00,81386.09285714285,2026-05-10T15:50:00+00:00,667.519526396205,take_profit
BTCUSD,BUY,2.5217059599704905,81467.6,81375.39285714287,81744.22142857143,2026-05-10T16:10:00+00:00,81375.39285714287,2026-05-10T16:15:00+00:00,-232.51930169469082,stop_loss
BTCUSD,SELL,2.983429793319259,80734.05,80810.81785714286,80503.74642857144,2026-05-11T07:00:00+00:00,80810.81785714286,2026-05-11T07:15:00+00:00,-229.03151216927048,stop_loss
BTCUSD,SELL,3.111669510161812,80646.4,80718.9,80428.9,2026-05-11T08:05:00+00:00,80718.9,2026-05-11T08:10:00+00:00,-225.59603948673137,stop_loss
BTCUSD,BUY,3.4915481307767986,81120.4,81056.75714285714,81311.32857142856,2026-05-11T10:15:00+00:00,81056.75714285714,2026-05-11T10:35:00+00:00,-222.21209889443043,stop_loss
BTCUSD,BUY,2.9012543493222513,81297.15,81221.70714285714,81523.47857142857,2026-05-11T12:20:00+00:00,81221.70714285714,2026-05-11T12:35:00+00:00,-218.878917411014,stop_loss
BTCUSD,SELL,2.0297503588299146,80887.85,80994.06785714286,80569.19642857143,2026-05-11T13:30:00+00:00,80994.06785714286,2026-05-11T13:40:00+00:00,-215.59573364984877,stop_loss
BTCUSD,SELL,1.2658613105534604,80718.45,80886.21071428571,80215.16785714286,2026-05-11T14:25:00+00:00,80886.21071428571,2026-05-11T14:50:00+00:00,-212.361797645101,stop_loss
BTCUSD,BUY,1.1084498909994371,81316.15,81127.43928571428,81882.28214285713,2026-05-11T15:25:00+00:00,81882.28214285713,2026-05-11T16:30:00+00:00,627.5291120412736,take_profit
BTCUSD,BUY,1.4425276594096068,81887.7,81736.16785714285,82342.29642857143,2026-05-11T16:30:00+00:00,81736.16785714285,2026-05-11T16:40:00+00:00,-218.58930736104367,stop_loss
BTCUSD,SELL,3.50464660912518,80901.1,80962.53571428572,80716.79285714286,2026-05-12T07:00:00+00:00,80962.53571428572,2026-05-12T07:05:00+00:00,-215.31046775062796,stop_loss
BTCUSD,SELL,2.274063761560224,80855.05,80948.31071428572,80575.26785714286,2026-05-12T07:45:00+00:00,80575.26785714286,2026-05-12T11:05:00+00:00,636.2424322031056,take_profit
BTCUSD,SELL,2.7637663216888515,80510.9,80591.08928571428,80270.33214285714,2026-05-12T11:15:00+00:00,80591.08928571428,2026-05-12T11:25:00+00:00,-221.62444721741517,stop_loss
BTCUSD,SELL,1.961366401699445,80434.5,80545.8,80100.59999999999,2026-05-12T13:55:00+00:00,80545.8,2026-05-12T14:00:00+00:00,-218.30008050915393,stop_loss
BTCUSD,SELL,1.2077665437196803,80215.6,80393.63571428572,79681.49285714286,2026-05-12T15:20:00+00:00,80393.63571428572,2026-05-12T15:30:00+00:00,-215.02557930151664,stop_loss
BTCUSD,SELL,1.5731353061530466,79957.15,80091.78571428571,79553.24285714286,2026-05-12T16:45:00+00:00,80091.78571428571,2026-05-12T17:00:00+00:00,-211.80019561199387,stop_loss
BTCUSD,BUY,3.382621689141534,81127.7,81066.025,81312.72499999999,2026-05-13T08:40:00+00:00,81066.025,2026-05-13T10:25:00+00:00,-208.62319267781396,stop_loss
BTCUSD,SELL,3.1855983025437062,80822.1,80886.60714285714,80628.57857142857,2026-05-13T10:40:00+00:00,80628.57857142857,2026-05-13T11:05:00+00:00,616.4815343629865,take_profit
BTCUSD,SELL,2.933907435584315,80637.9,80711.09285714285,80418.32142857142,2026-05-13T11:05:00+00:00,80418.32142857142,2026-05-13T12:20:00+00:00,644.2232034092747,take_profit
BTCUSD,SELL,2.346362315216399,80246.2,80341.83928571429,79959.28214285713,2026-05-13T12:20:00+00:00,80341.83928571429,2026-05-13T12:25:00+00:00,-224.40441585423068,stop_loss
BTCUSD,SELL,1.9610499965967847,80094.8,80207.5142857143,79756.65714285715,2026-05-13T12:30:00+00:00,80207.5142857143,2026-05-13T12:45:00+00:00,-221.03834961641718,stop_loss
BTCUSD,SELL,1.5697792409992306,79622.3,79760.99642857144,79206.21071428571,2026-05-13T13:45:00+00:00,79760.99642857144,2026-05-13T14:20:00+00:00,-217.72277437217093,stop_loss
BTCUSD,SELL,1.8142468176883233,79407.75,79525.95714285714,79053.12857142856,2026-05-13T15:10:00+00:00,79053.12857142856,2026-05-13T15:50:00+00:00,643.3707982698179,take_profit
BTCUSD,SELL,1.8448314965772827,79069.3,79190.77857142857,78704.8642857143,2026-05-13T15:50:00+00:00,79190.77857142857,2026-05-13T17:00:00+00:00,-224.10749473063564,stop_loss
BTCUSD,SELL,3.0821206266437606,79634.25,79705.87142857142,79419.38571428572,2026-05-14T08:00:00+00:00,79705.87142857142,2026-05-14T08:05:00+00:00,-220.74588230967612,stop_loss
BTCUSD,SELL,3.044085717050699,79585.15,79656.57857142856,79370.86428571428,2026-05-14T09:35:00+00:00,79656.57857142856,2026-05-14T10:00:00+00:00,-217.43469407503096,stop_loss
BTCUSD,SELL,2.115663737022131,79415.5,79516.73214285714,79111.80357142857,2026-05-14T10:40:00+00:00,79516.73214285714,2026-05-14T10:50:00+00:00,-214.1731736639055,stop_loss
BTCUSD,SELL,2.304860359626401,79325.9,79417.42857142857,79051.31428571428,2026-05-14T11:25:00+00:00,79417.42857142857,2026-05-14T12:25:00+00:00,-210.96057605894688,stop_loss
BTCUSD,BUY,2.143254388221758,79655.45,79558.49642857142,79946.31071428572,2026-05-14T12:40:00+00:00,79946.31071428572,2026-05-14T13:20:00+00:00,623.3885022541882,take_profit
BTCUSD,BUY,1.8693094320397374,79995.4,79879.2357142857,80343.89285714286,2026-05-14T13:20:00+00:00,79879.2357142857,2026-05-14T13:25:00+00:00,-217.14699495187554,stop_loss
BTCUSD,BUY,1.0823012778120045,80204.95,80007.325,80797.825,2026-05-14T14:15:00+00:00,80797.825,2026-05-14T14:50:00+00:00,641.6693700827922,take_profit
BTCUSD,BUY,1.129372057422653,80832.7,80634.78928571429,81426.43214285713,2026-05-14T14:50:00+00:00,81426.43214285713,2026-05-14T16:00:00+00:00,670.5444917365178,take_profit
BTCUSD,BUY,2.3012927769228986,80898.45,80796.95357142857,81202.93928571428,2026-05-15T07:20:00+00:00,80796.95357142857,2026-05-15T07:30:00+00:00,-233.57299795488703,stop_loss
BTCUSD,SELL,2.725825448989048,80389.8,80474.20357142857,80136.58928571429,2026-05-15T09:50:00+00:00,80474.20357142857,2026-05-15T09:55:00+00:00,-230.06940298556378,stop_loss
BTCUSD,SELL,2.111936806238049,80352.9,80460.20357142856,80030.98928571428,2026-05-15T12:50:00+00:00,80030.98928571428,2026-05-15T13:25:00+00:00,679.8550858223717,take_profit
BTCUSD,SELL,2.2431844622418313,79997.05,80102.62142857144,79680.33571428573,2026-05-15T13:25:00+00:00,79680.33571428573,2026-05-15T13:30:00+00:00,710.4485646842824,take_profit
BTCUSD,SELL,2.004756876390058,79677.35,79800.79285714286,79307.02142857143,2026-05-15T13:30:00+00:00,79307.02142857143,2026-05-15T13:35:00+00:00,742.4187500951402,take_profit
BTCUSD,SELL,1.7475703010967785,79294.3,79442.28214285715,78850.35357142857,2026-05-15T13:35:00+00:00,78850.35357142857,2026-05-15T13:50:00+00:00,775.8275938494218,take_profit
BTCUSD,SELL,3.1417501067102105,78614.1,78700.11785714286,78356.04642857144,2026-05-16T07:00:00+00:00,78356.04642857144,2026-05-16T07:10:00+00:00,810.7398355726456,take_profit
BTCUSD,SELL,2.408521172961989,78217.15,78334.40357142857,77865.38928571428,2026-05-16T07:10:00+00:00,78334.40357142857,2026-05-16T07:20:00+00:00,-282.40770939113827,stop_loss
BTCUSD,SELL,3.2575510769585048,77934.9,78020.29285714285,77678.72142857143,2026-05-16T09:15:00+00:00,78020.29285714285,2026-05-16T09:20:00+00:00,-278.17159375027126,stop_loss
BTCUSD,SELL,2.148710980432042,77851.95,77979.46785714285,77469.39642857143,2026-05-16T10:05:00+00:00,77979.46785714285,2026-05-16T11:00:00+00:00,-273.9990198440172,stop_loss
BTCUSD,SELL,5.0524122265809,77867.45,77920.86785714286,77707.19642857142,2026-05-16T13:10:00+00:00,77920.86785714286,2026-05-16T13:15:00+00:00,-269.8890345463569,stop_loss
